t_s,rms_dbfs,f0_pyin_hz,voiced,voiced_prob,centroid_hz,f0_kamm_hz,rpm_a,rpm_b
0.000,-17.22,59.0,1,0.01,999,117.0,1404,2808
0.021,-12.65,49.3,1,0.01,838,117.0,1404,2808
0.043,-12.00,49.3,1,0.03,591,117.0,1404,2808
0.064,-12.69,49.0,1,0.07,447,116.0,1392,2784
0.085,-13.98,49.0,1,0.04,404,116.0,1392,2784
0.107,-16.76,49.0,1,0.01,2526,116.0,1392,2784
0.128,-17.81,59.0,1,0.01,4704,116.0,1392,2784
0.149,-17.87,58.6,1,0.01,4969,116.0,1392,2784
0.171,-16.71,58.6,1,0.01,3577,116.0,1392,2784
0.192,-15.59,58.6,1,0.01,2078,117.0,1404,2808
0.213,-16.11,59.0,1,0.01,1435,117.0,1404,2808
0.235,-16.46,59.0,1,0.04,1055,117.0,1404,2808
0.256,-16.27,58.6,1,0.06,918,117.0,1404,2808
0.277,-16.01,59.0,1,0.05,928,117.0,1404,2808
0.299,-16.28,,0,0.02,1082,117.0,1404,2808
0.320,-16.08,,0,0.01,1139,117.0,1404,2808
0.341,-16.00,,0,0.01,1215,117.0,1404,2808
0.363,-16.66,,0,0.01,1982,117.0,1404,2808
0.384,-16.91,,0,0.02,2403,117.0,1404,2808
0.405,-16.26,,0,0.02,1715,117.0,1404,2808
0.427,-16.29,,0,0.05,1250,116.0,1392,2784
0.448,-16.51,,0,0.28,1110,116.0,1392,2784
0.469,-16.89,,0,0.13,1107,116.0,1392,2784
0.491,-18.69,,0,0.01,1050,117.0,1404,2808
0.512,-16.27,,0,0.01,880,117.0,1404,2808
0.533,-15.08,,0,0.01,846,117.0,1404,2808
0.555,-16.39,,0,0.01,1001,117.0,1404,2808
0.576,-17.41,,0,0.01,1094,117.0,1404,2808
0.597,-18.85,,0,0.02,991,117.0,1404,2808
0.619,-20.86,,0,0.01,854,117.0,1404,2808
0.640,-21.26,,0,0.03,792,58.5,702,1404
0.661,-21.21,,0,0.01,1167,58.0,696,1392
0.683,-18.02,,0,0.01,1548,58.0,696,1392
0.704,-14.15,,0,0.01,1164,58.0,696,1392
0.725,-13.06,46.5,1,0.01,607,58.0,696,1392
0.747,-12.46,46.5,1,0.01,611,58.0,696,1392
0.768,-11.42,48.7,1,0.03,530,58.0,696,1392
0.789,-11.50,46.5,1,0.21,432,58.0,696,1392
0.811,-12.74,46.3,1,0.37,419,58.0,696,1392
0.832,-15.47,46.3,1,0.24,481,58.0,696,1392
0.853,-20.57,46.5,1,0.06,648,117.0,1404,2808
0.875,-25.34,46.5,1,0.01,1177,117.0,1404,2808
0.896,-26.45,58.6,1,0.01,2404,117.0,1404,2808
0.917,-27.43,58.6,1,0.01,3618,116.0,1392,2784
0.939,-28.54,58.6,1,0.01,3417,116.0,1392,2784
0.960,-29.48,58.3,1,0.01,1987,116.5,1398,2796
0.981,-29.37,58.6,1,0.01,1429,116.5,1398,2796
1.003,-29.54,58.6,1,0.01,2621,116.5,1398,2796
1.024,-22.93,,0,0.01,4522,116.5,1398,2796
1.045,-20.14,,0,0.01,4782,117.0,1404,2808
1.067,-19.96,,0,0.01,4606,117.0,1404,2808
1.088,-19.94,115.2,1,0.01,3281,117.0,1404,2808
1.109,-19.07,117.3,1,0.05,1492,117.0,1404,2808
1.131,-19.09,117.3,1,0.13,994,116.5,1398,2796
1.152,-20.13,117.3,1,0.37,792,117.0,1404,2808
1.173,-20.95,117.3,1,0.48,711,117.0,1404,2808
1.195,-21.45,117.3,1,0.37,751,117.0,1404,2808
1.216,-21.72,117.9,1,0.01,1439,117.0,1404,2808
1.237,-15.55,116.6,1,0.01,1351,58.5,702,1404
1.259,-12.16,96.9,1,0.01,984,58.5,702,1404
1.280,-13.18,96.4,1,0.01,2574,58.5,702,1404
1.301,-17.58,77.4,1,0.01,4248,58.5,702,1404
1.323,-19.74,,0,0.01,4817,58.5,702,1404
1.344,-20.10,,0,0.01,4303,98.0,1176,2352
1.365,-20.54,,0,0.01,3685,50.0,600,1200
1.387,-20.83,,0,0.01,3453,50.0,600,1200
1.408,-20.60,,0,0.01,3478,50.5,606,1212
1.429,-16.16,,0,0.01,3022,50.5,606,1212
1.451,-12.55,,0,0.01,2427,51.5,618,1236
1.472,-11.94,,0,0.01,2366,51.5,618,1236
1.493,-13.78,,0,0.01,2611,54.0,648,1296
1.515,-14.93,,0,0.01,2644,54.0,648,1296
1.536,-14.67,,0,0.01,2706,54.0,648,1296
1.557,-15.64,,0,0.01,2766,54.0,648,1296
1.579,-17.39,,0,0.01,3085,54.0,648,1296
1.600,-19.36,,0,0.01,4257,54.0,648,1296
1.621,-19.66,,0,0.01,5013,,,
1.643,-19.19,,0,0.01,4847,,,
1.664,-19.63,,0,0.01,4314,145.5,1746,3492
1.685,-19.94,,0,0.01,3911,145.5,1746,3492
1.707,-19.85,,0,0.01,3581,,,
1.728,-19.83,,0,0.01,3571,,,
1.749,-19.40,,0,0.01,3594,,,
1.771,-16.66,,0,0.01,3252,,,
1.792,-12.97,,0,0.01,2802,,,
1.813,-12.22,,0,0.01,3046,,,
1.835,-14.29,,0,0.01,3484,52.5,630,1260
1.856,-15.55,,0,0.01,3486,52.5,630,1260
1.877,-14.90,,0,0.01,3591,52.5,630,1260
1.899,-15.55,,0,0.01,3766,52.5,630,1260
1.920,-16.96,,0,0.01,3621,52.5,630,1260
1.941,-14.24,,0,0.01,3209,52.5,630,1260
1.963,-12.84,,0,0.01,3301,52.5,630,1260
1.984,-14.60,30.0,1,0.01,3514,56.0,672,1344
2.005,-15.93,30.2,1,0.01,3266,56.0,672,1344
2.027,-15.96,30.3,1,0.01,3266,56.0,672,1344
2.048,-16.76,30.5,1,0.01,3359,60.5,726,1452
2.069,-17.44,32.2,1,0.01,3480,60.0,720,1440
2.091,-16.56,30.7,1,0.01,3527,60.0,720,1440
2.112,-14.36,,0,0.01,3252,60.0,720,1440
2.133,-14.12,,0,0.01,3134,61.5,738,1476
2.155,-15.54,,0,0.01,3363,61.5,738,1476
2.176,-16.85,,0,0.01,3394,61.5,738,1476
2.197,-18.47,,0,0.01,3067,61.5,738,1476
2.219,-19.77,,0,0.01,2587,61.5,738,1476
2.240,-20.59,,0,0.01,2605,58.0,696,1392
2.261,-21.64,,0,0.01,3528,61.5,738,1476
2.283,-20.79,,0,0.01,3851,61.5,738,1476
2.304,-20.21,44.9,1,0.01,3661,61.0,732,1464
2.325,-20.16,45.5,1,0.01,3321,,,
2.347,-20.37,48.5,1,0.01,2916,243.0,2916,5832
2.368,-21.02,48.5,1,0.01,2675,242.5,2910,5820
2.389,-21.45,47.9,1,0.01,2502,242.5,2910,5820
2.411,-20.83,47.9,1,0.01,2470,242.5,2910,5820
2.432,-20.40,46.3,1,0.01,2415,242.5,2910,5820
2.453,-20.80,46.3,1,0.01,2614,97.5,1170,2340
2.475,-21.08,45.7,1,0.01,2711,98.0,1176,2352
2.496,-20.70,45.7,1,0.01,2677,98.0,1176,2352
2.517,-20.47,49.6,1,0.01,2593,97.0,1164,2328
2.539,-20.52,46.5,1,0.01,2490,167.5,2010,4020
2.560,-20.44,46.5,1,0.01,2437,84.0,1008,2016
2.581,-20.02,46.5,1,0.01,2871,98.5,1182,2364
2.603,-20.22,49.3,1,0.01,3705,98.5,1182,2364
2.624,-20.70,42.9,1,0.01,3882,98.5,1182,2364
2.645,-20.99,,0,0.01,3660,98.5,1182,2364
2.667,-21.21,,0,0.01,3093,164.0,1968,3936
2.688,-20.86,,0,0.01,2666,,,
2.709,-21.51,,0,0.01,2546,109.5,1314,2628
2.731,-20.90,,0,0.01,1960,54.5,654,1308
2.752,-19.03,,0,0.01,1759,54.5,654,1308
2.773,-17.99,,0,0.01,1969,54.5,654,1308
2.795,-17.93,,0,0.01,2104,54.5,654,1308
2.816,-18.74,,0,0.01,1717,55.0,660,1320
2.837,-19.77,,0,0.01,1751,55.0,660,1320
2.859,-20.85,,0,0.01,1926,54.5,654,1308
2.880,-21.68,,0,0.01,2249,54.5,654,1308
2.901,-21.56,,0,0.01,2373,54.5,654,1308
2.923,-18.07,,0,0.01,2418,54.5,654,1308
2.944,-16.10,,0,0.01,2441,56.0,672,1344
2.965,-17.55,,0,0.01,2627,55.5,666,1332
2.987,-19.17,,0,0.01,2837,55.5,666,1332
3.008,-18.67,,0,0.01,3251,55.5,666,1332
3.029,-19.73,,0,0.01,3641,55.5,666,1332
3.051,-20.81,,0,0.01,3801,54.5,654,1308
3.072,-21.42,,0,0.01,3423,54.5,654,1308
3.093,-22.41,,0,0.01,2901,54.5,654,1308
3.115,-21.66,,0,0.01,2644,54.5,654,1308
3.136,-21.12,,0,0.01,2477,54.5,654,1308
3.157,-20.76,,0,0.01,2675,53.5,642,1284
3.179,-20.85,,0,0.01,3126,51.5,618,1236
3.200,-20.45,,0,0.01,3872,51.5,618,1236
3.221,-20.39,,0,0.01,3842,51.5,618,1236
3.243,-19.52,,0,0.01,2977,51.0,612,1224
3.264,-16.67,,0,0.01,2410,51.0,612,1224
3.285,-16.19,,0,0.01,2432,50.0,600,1200
3.307,-17.77,,0,0.01,2501,50.0,600,1200
3.328,-19.12,,0,0.01,2390,57.5,690,1380
3.349,-20.16,,0,0.01,2281,57.5,690,1380
3.371,-21.40,,0,0.01,2301,53.0,636,1272
3.392,-21.63,,0,0.01,2307,53.0,636,1272
3.413,-22.01,,0,0.01,2293,55.0,660,1320
3.435,-23.10,,0,0.01,2543,60.5,726,1452
3.456,-21.94,,0,0.01,2926,60.5,726,1452
3.477,-19.95,,0,0.01,3350,60.5,726,1452
3.499,-20.32,,0,0.01,3833,55.5,666,1332
3.520,-22.49,,0,0.01,3159,61.5,738,1476
3.541,-24.63,,0,0.01,2509,124.0,1488,2976
3.563,-25.63,,0,0.01,2930,54.5,654,1308
3.584,-24.05,,0,0.01,3721,54.5,654,1308
3.605,-22.46,,0,0.01,3771,109.5,1314,2628
3.627,-22.35,,0,0.01,3645,110.0,1320,2640
3.648,-22.77,,0,0.01,3304,110.0,1320,2640
3.669,-22.58,,0,0.01,3018,117.5,1410,2820
3.691,-22.33,,0,0.01,2824,117.5,1410,2820
3.712,-21.21,,0,0.01,2606,117.5,1410,2820
3.733,-19.64,,0,0.01,2260,53.5,642,1284
3.755,-19.43,,0,0.01,1931,53.5,642,1284
3.776,-20.11,,0,0.01,1610,53.5,642,1284
3.797,-19.70,,0,0.02,1768,53.5,642,1284
3.819,-19.61,,0,0.01,1846,53.5,642,1284
3.840,-20.95,,0,0.02,1991,53.5,642,1284
3.861,-22.03,,0,0.01,1991,54.5,654,1308
3.883,-23.00,,0,0.01,2171,54.5,654,1308
3.904,-23.83,,0,0.01,3146,54.5,654,1308
3.925,-21.39,,0,0.01,3720,54.5,654,1308
3.947,-21.24,,0,0.01,3703,54.5,654,1308
3.968,-22.27,,0,0.01,3659,55.5,666,1332
3.989,-21.46,,0,0.01,3579,55.5,666,1332
4.011,-21.35,,0,0.01,3298,67.0,804,1608
4.032,-21.43,,0,0.01,2990,67.0,804,1608
4.053,-21.76,,0,0.01,3055,66.5,798,1596
4.075,-19.22,,0,0.01,2807,66.5,798,1596
4.096,-17.27,,0,0.01,2172,66.0,792,1584
4.117,-17.74,,0,0.01,2018,66.0,792,1584
4.139,-18.53,,0,0.01,2064,58.0,696,1392
4.160,-18.77,,0,0.01,2126,58.0,696,1392
4.181,-18.56,,0,0.01,2093,58.0,696,1392
4.203,-17.61,,0,0.01,2154,58.0,696,1392
4.224,-18.33,,0,0.01,2454,66.0,792,1584
4.245,-19.64,,0,0.01,3121,60.0,720,1440
4.267,-21.17,,0,0.01,3449,60.5,726,1452
4.288,-21.09,,0,0.01,3090,60.5,726,1452
4.309,-18.57,,0,0.01,2459,60.5,726,1452
4.331,-18.79,,0,0.03,2261,60.5,726,1452
4.352,-16.94,,0,0.15,1885,60.5,726,1452
4.373,-15.36,,0,0.21,1507,58.5,702,1404
4.395,-15.81,,0,0.18,1392,58.5,702,1404
4.416,-16.19,,0,0.09,1290,58.5,702,1404
4.437,-17.42,,0,0.02,1288,58.5,702,1404
4.459,-19.81,,0,0.01,1578,59.0,708,1416
4.480,-21.50,,0,0.01,2389,58.5,702,1404
4.501,-23.30,,0,0.01,3004,58.5,702,1404
4.523,-24.68,,0,0.01,3795,58.5,702,1404
4.544,-24.55,,0,0.01,3807,58.5,702,1404
4.565,-20.81,,0,0.01,2869,56.0,672,1344
4.587,-19.07,,0,0.01,2237,56.0,672,1344
4.608,-20.63,,0,0.01,2281,56.0,672,1344
4.629,-21.80,,0,0.01,2327,56.0,672,1344
4.651,-21.06,,0,0.01,2146,54.5,654,1308
4.672,-20.84,,0,0.01,2071,54.5,654,1308
4.693,-20.15,,0,0.01,2018,54.5,654,1308
4.715,-20.34,,0,0.01,2094,54.5,654,1308
4.736,-18.86,,0,0.01,2025,51.0,612,1224
4.757,-18.11,,0,0.01,1935,51.0,612,1224
4.779,-19.45,,0,0.01,2097,50.5,606,1212
4.800,-20.03,,0,0.01,2140,52.0,624,1248
4.821,-19.12,,0,0.01,2069,52.0,624,1248
4.843,-19.03,,0,0.01,1928,50.0,600,1200
4.864,-19.55,,0,0.01,2038,54.0,648,1296
4.885,-19.82,,0,0.01,2237,54.0,648,1296
4.907,-19.99,,0,0.01,2680,59.5,714,1428
4.928,-19.43,,0,0.01,2640,59.5,714,1428
4.949,-18.77,,0,0.01,2512,72.5,870,1740
4.971,-18.90,,0,0.01,2410,72.5,870,1740
4.992,-18.92,,0,0.01,2359,55.5,666,1332
5.013,-18.86,,0,0.01,2212,55.5,666,1332
5.035,-20.05,,0,0.01,2160,75.5,906,1812
5.056,-20.91,,0,0.01,2251,76.0,912,1824
5.077,-20.15,,0,0.01,2230,76.0,912,1824
5.099,-18.53,,0,0.01,2147,76.0,912,1824
5.120,-18.35,,0,0.01,2110,50.0,600,1200
5.141,-18.64,,0,0.01,2225,50.0,600,1200
5.163,-18.15,,0,0.01,2151,50.0,600,1200
5.184,-18.28,,0,0.01,2255,,,
5.205,-18.89,,0,0.01,2207,,,
5.227,-18.39,,0,0.01,2327,77.5,930,1860
5.248,-17.78,,0,0.01,2552,77.5,930,1860
5.269,-17.61,,0,0.01,2415,77.5,930,1860
5.291,-16.79,,0,0.02,2238,79.5,954,1908
5.312,-17.03,,0,0.02,2187,79.5,954,1908
5.333,-17.75,,0,0.01,2253,79.5,954,1908
5.355,-17.78,,0,0.01,2187,79.5,954,1908
5.376,-18.04,,0,0.01,2029,53.5,642,1284
5.397,-16.69,,0,0.02,1887,54.0,648,1296
5.419,-16.19,,0,0.03,1903,83.5,1002,2004
5.440,-17.43,,0,0.01,1889,83.5,1002,2004
5.461,-17.37,,0,0.02,1806,83.5,1002,2004
5.483,-16.70,,0,0.03,1804,83.5,1002,2004
5.504,-17.51,,0,0.03,1852,83.5,1002,2004
5.525,-17.32,,0,0.03,1756,83.5,1002,2004
5.547,-18.01,,0,0.01,1855,83.5,1002,2004
5.568,-19.40,,0,0.01,1968,83.5,1002,2004
5.589,-18.05,,0,0.01,1837,83.5,1002,2004
5.611,-18.03,,0,0.01,1825,83.5,1002,2004
5.632,-18.28,,0,0.01,1735,83.5,1002,2004
5.653,-18.38,,0,0.01,1710,89.0,1068,2136
5.675,-19.29,,0,0.01,1665,89.0,1068,2136
5.696,-19.55,,0,0.01,1745,89.0,1068,2136
5.717,-19.45,,0,0.01,1859,90.5,1086,2172
5.739,-19.85,,0,0.01,1828,90.5,1086,2172
5.760,-19.70,,0,0.01,1847,93.0,1116,2232
5.781,-18.61,,0,0.01,1836,93.0,1116,2232
5.803,-18.88,,0,0.01,1888,93.0,1116,2232
5.824,-18.21,,0,0.01,1849,,,
5.845,-17.41,,0,0.01,1812,351.5,4218,8436
5.867,-15.91,,0,0.01,2139,351.5,4218,8436
5.888,-14.46,351.4,1,0.03,2390,351.5,4218,8436
5.909,-14.64,351.4,1,0.15,2390,351.0,4212,8424
5.931,-15.33,351.4,1,0.21,2391,350.5,4206,8412
5.952,-16.11,351.4,1,0.15,2435,350.5,4206,8412
5.973,-15.86,351.4,1,0.18,2445,350.5,4206,8412
5.995,-15.79,351.4,1,0.21,2479,350.5,4206,8412
6.016,-16.43,351.4,1,0.21,2594,350.5,4206,8412
6.037,-16.54,351.4,1,0.21,2578,350.5,4206,8412
6.059,-16.37,351.4,1,0.15,2524,350.5,4206,8412
6.080,-16.26,351.4,1,0.18,2642,352.0,4224,8448
6.101,-16.74,351.4,1,0.13,2698,352.0,4224,8448
6.123,-17.50,351.4,1,0.13,2708,352.0,4224,8448
6.144,-17.76,351.4,1,0.09,2622,352.0,4224,8448
6.165,-17.64,351.4,1,0.11,2762,352.0,4224,8448
6.187,-16.84,351.4,1,0.08,2747,352.0,4224,8448
6.208,-16.45,351.4,1,0.07,2633,352.0,4224,8448
6.229,-16.66,351.4,1,0.06,2572,352.5,4230,8460
6.251,-17.12,351.4,1,0.04,2532,352.5,4230,8460
6.272,-17.41,353.4,1,0.04,2574,352.5,4230,8460
6.293,-17.45,353.4,1,0.03,2657,352.5,4230,8460
6.315,-17.12,353.4,1,0.02,2725,352.5,4230,8460
6.336,-16.98,353.4,1,0.02,2692,353.5,4242,8484
6.357,-17.42,353.4,1,0.02,2735,353.5,4242,8484
6.379,-17.13,355.5,1,0.02,2751,353.5,4242,8484
6.400,-16.55,355.5,1,0.03,2669,356.5,4278,8556
6.421,-16.02,355.5,1,0.03,2633,356.5,4278,8556
6.443,-16.36,357.5,1,0.03,2749,178.5,2142,4284
6.464,-16.91,,0,0.01,2806,178.5,2142,4284
6.485,-16.86,,0,0.01,2757,179.0,2148,4296
6.507,-16.73,,0,0.01,2762,179.0,2148,4296
6.528,-16.80,,0,0.01,2821,179.0,2148,4296
6.549,-17.43,,0,0.02,2841,179.0,2148,4296
6.571,-18.45,,0,0.01,2860,179.5,2154,4308
6.592,-18.37,,0,0.01,2772,179.5,2154,4308
6.613,-17.58,,0,0.01,2720,179.5,2154,4308
6.635,-17.55,,0,0.01,2825,361.0,4332,8664
6.656,-17.67,,0,0.01,2966,361.0,4332,8664
6.677,-17.25,363.8,1,0.01,2873,361.5,4338,8676
6.699,-16.69,363.8,1,0.03,2805,364.5,4374,8748
6.720,-16.43,363.8,1,0.13,2802,365.5,4386,8772
6.741,-16.22,365.9,1,0.21,2747,365.5,4386,8772
6.763,-15.98,365.9,1,0.24,2655,365.5,4386,8772
6.784,-15.81,365.9,1,0.28,2671,366.0,4392,8784
6.805,-16.35,368.0,1,0.32,2706,366.5,4398,8796
6.827,-16.86,368.0,1,0.28,2733,369.0,4428,8856
6.848,-16.51,368.0,1,0.21,2681,369.0,4428,8856
6.869,-16.26,370.1,1,0.21,2639,369.0,4428,8856
6.891,-16.48,370.1,1,0.18,2666,369.0,4428,8856
6.912,-16.37,370.1,1,0.15,2670,370.5,4446,8892
6.933,-15.97,370.1,1,0.15,2714,370.5,4446,8892
6.955,-15.98,372.3,1,0.18,2667,370.5,4446,8892
6.976,-16.14,372.3,1,0.21,2679,371.0,4452,8904
6.997,-16.39,372.3,1,0.18,2584,186.5,2238,4476
7.019,-16.55,374.4,1,0.15,2544,186.5,2238,4476
7.040,-17.48,,0,0.08,2579,187.5,2250,4500
7.061,-18.93,,0,0.03,2743,187.5,2250,4500
7.083,-18.31,,0,0.02,2823,187.5,2250,4500
7.104,-18.15,,0,0.02,2806,187.5,2250,4500
7.125,-19.01,,0,0.02,2839,188.5,2262,4524
7.147,-19.23,,0,0.02,2917,188.5,2262,4524
7.168,-18.52,,0,0.02,2886,189.5,2274,4548
7.189,-17.80,,0,0.02,2814,380.5,4566,9132
7.211,-18.22,,0,0.02,2897,383.5,4602,9204
7.232,-18.27,,0,0.01,2865,191.5,2298,4596
7.253,-17.04,,0,0.01,2761,192.0,2304,4608
7.275,-17.20,,0,0.01,2750,192.0,2304,4608
7.296,-18.45,,0,0.01,2984,192.0,2304,4608
7.317,-18.75,,0,0.01,2991,385.0,4620,9240
7.339,-18.64,,0,0.01,2967,385.0,4620,9240
7.360,-18.35,,0,0.01,3053,193.0,2316,4632
7.381,-17.60,,0,0.01,3003,385.5,4626,9252
7.403,-17.37,,0,0.01,2957,389.5,4674,9348
7.424,-17.50,,0,0.01,3033,389.5,4674,9348
7.445,-17.60,,0,0.01,3084,129.0,1548,3096
7.467,-17.75,,0,0.01,3076,129.0,1548,3096
7.488,-17.38,,0,0.01,3075,129.0,1548,3096
7.509,-18.23,,0,0.01,3050,98.5,1182,2364
7.531,-19.14,,0,0.01,3125,98.5,1182,2364
7.552,-18.46,33.1,1,0.01,3185,98.5,1182,2364
7.573,-17.82,33.1,1,0.01,3172,99.5,1194,2388
7.595,-17.85,33.1,1,0.01,3207,99.5,1194,2388
7.616,-18.94,33.3,1,0.01,3185,99.5,1194,2388
7.637,-18.70,33.3,1,0.01,3071,99.5,1194,2388
7.659,-18.13,33.5,1,0.01,2963,100.0,1200,2400
7.680,-18.51,33.5,1,0.01,3008,100.5,1206,2412
7.701,-18.05,33.7,1,0.01,3031,100.5,1206,2412
7.723,-18.04,33.7,1,0.01,3178,100.5,1206,2412
7.744,-17.79,33.7,1,0.01,3263,101.0,1212,2424
7.765,-16.93,33.9,1,0.01,3364,101.5,1218,2436
7.787,-17.80,33.9,1,0.01,3362,101.5,1218,2436
7.808,-19.32,33.9,1,0.01,3190,101.5,1218,2436
7.829,-18.91,34.1,1,0.01,3002,101.5,1218,2436
7.851,-18.08,34.1,1,0.01,2945,102.0,1224,2448
7.872,-17.76,34.3,1,0.01,2997,102.5,1230,2460
7.893,-18.20,,0,0.01,3082,102.5,1230,2460
7.915,-17.85,,0,0.01,3084,102.5,1230,2460
7.936,-17.33,,0,0.01,3108,103.0,1236,2472
7.957,-18.53,34.5,1,0.01,3181,103.0,1236,2472
7.979,-18.63,34.7,1,0.01,3176,207.0,2484,4968
8.000,-17.44,34.7,1,0.01,3031,207.5,2490,4980
8.021,-17.56,34.9,1,0.01,3046,104.5,1254,2508
8.043,-17.63,34.9,1,0.01,3061,104.5,1254,2508
8.064,-17.34,34.9,1,0.01,3176,104.5,1254,2508
8.085,-17.50,35.1,1,0.01,3211,104.5,1254,2508
8.107,-18.06,35.3,1,0.01,3098,105.0,1260,2520
8.128,-18.94,35.3,1,0.01,3204,104.5,1254,2508
8.149,-18.89,35.5,1,0.01,3214,423.0,5076,10152
8.171,-17.57,35.5,1,0.01,3150,106.0,1272,2544
8.192,-17.34,35.5,1,0.01,3200,106.0,1272,2544
8.213,-18.24,35.7,1,0.01,3183,106.5,1278,2556
8.235,-18.17,35.7,1,0.01,3158,107.0,1284,2568
8.256,-18.04,35.7,1,0.01,3130,107.0,1284,2568
8.277,-17.81,35.9,1,0.01,3270,107.0,1284,2568
8.299,-17.49,36.1,1,0.01,3304,107.5,1290,2580
8.320,-17.61,36.1,1,0.01,3299,108.0,1296,2592
8.341,-17.29,36.3,1,0.01,3213,108.0,1296,2592
8.363,-17.27,36.3,1,0.01,3247,108.0,1296,2592
8.384,-17.31,36.3,1,0.01,3364,108.5,1302,2604
8.405,-17.23,36.5,1,0.01,3447,109.0,1308,2616
8.427,-17.19,36.5,1,0.01,3489,109.0,1308,2616
8.448,-16.96,36.7,1,0.01,3421,109.0,1308,2616
8.469,-17.59,36.7,1,0.01,3472,110.0,1320,2640
8.491,-18.41,36.9,1,0.01,3565,110.5,1326,2652
8.512,-18.08,36.9,1,0.01,3557,111.0,1332,2664
8.533,-17.32,37.1,1,0.01,3506,111.0,1332,2664
8.555,-17.34,37.1,1,0.01,3424,111.0,1332,2664
8.576,-17.69,37.4,1,0.01,3385,112.0,1344,2688
8.597,-17.81,37.4,1,0.01,3416,112.0,1344,2688
8.619,-18.20,37.4,1,0.01,3504,112.0,1344,2688
8.640,-18.13,,0,0.00,3583,112.5,1350,2700
8.661,-18.27,,0,0.01,3547,112.5,1350,2700
8.683,-18.16,,0,0.01,3630,113.0,1356,2712
8.704,-17.43,,0,0.01,3658,113.0,1356,2712
8.725,-16.83,,0,0.01,3623,113.5,1362,2724
8.747,-16.77,,0,0.01,3579,113.5,1362,2724
8.768,-17.55,,0,0.01,3624,114.0,1368,2736
8.789,-17.95,,0,0.01,3710,115.0,1380,2760
8.811,-17.46,,0,0.01,3728,115.0,1380,2760
8.832,-16.72,,0,0.01,3669,115.5,1386,2772
8.853,-16.60,,0,0.01,3764,115.5,1386,2772
8.875,-17.08,,0,0.01,3723,115.5,1386,2772
8.896,-17.04,38.9,1,0.01,3737,117.0,1404,2808
8.917,-17.06,39.1,1,0.01,3665,117.0,1404,2808
8.939,-17.38,39.1,1,0.01,3658,117.0,1404,2808
8.960,-17.83,39.4,1,0.01,3676,117.5,1410,2820
8.981,-17.92,39.4,1,0.01,3706,118.0,1416,2832
9.003,-17.71,39.6,1,0.01,3674,118.0,1416,2832
9.024,-17.77,39.6,1,0.01,3745,118.5,1422,2844
9.045,-17.78,39.8,1,0.01,3942,119.0,1428,2856
9.067,-17.64,39.8,1,0.01,4084,119.0,1428,2856
9.088,-17.58,40.0,1,0.01,4166,119.5,1434,2868
9.109,-17.67,40.0,1,0.01,4059,120.0,1440,2880
9.131,-17.83,40.0,1,0.01,4059,120.0,1440,2880
9.152,-17.89,40.3,1,0.01,4082,120.0,1440,2880
9.173,-17.77,40.3,1,0.01,4052,120.5,1446,2892
9.195,-18.10,40.5,1,0.01,4037,121.0,1452,2904
9.216,-17.83,40.5,1,0.01,3867,121.0,1452,2904
9.237,-17.40,40.7,1,0.01,3912,122.0,1464,2928
9.259,-17.41,40.7,1,0.01,3980,122.0,1464,2928
9.280,-17.70,41.0,1,0.01,4026,122.5,1470,2940
9.301,-17.94,41.0,1,0.01,3937,122.5,1470,2940
9.323,-17.86,,0,0.00,3846,123.0,1476,2952
9.344,-18.15,41.2,1,0.01,4003,123.0,1476,2952
9.365,-18.12,41.5,1,0.01,4190,124.0,1488,2976
9.387,-17.91,41.5,1,0.01,4282,124.0,1488,2976
9.408,-17.47,41.7,1,0.01,4149,124.0,1488,2976
9.429,-17.34,41.7,1,0.01,4088,125.0,1500,3000
9.451,-17.41,41.9,1,0.01,3956,125.0,1500,3000
9.472,-17.27,41.9,1,0.01,3786,125.5,1506,3012
9.493,-17.67,42.2,1,0.01,3808,125.5,1506,3012
9.515,-17.72,42.2,1,0.01,3829,127.0,1524,3048
9.536,-17.60,,0,0.01,4061,127.0,1524,3048
9.557,-17.41,,0,0.01,4206,127.0,1524,3048
9.579,-16.97,,0,0.01,4221,127.0,1524,3048
9.600,-16.68,,0,0.01,4062,128.0,1536,3072
9.621,-16.72,,0,0.01,3952,128.0,1536,3072
9.643,-17.13,,0,0.01,3971,128.5,1542,3084
9.664,-17.31,,0,0.01,3946,128.5,1542,3084
9.685,-17.02,,0,0.01,3946,128.5,1542,3084
9.707,-16.99,,0,0.01,4019,129.0,1548,3096
9.728,-17.53,,0,0.01,4100,129.0,1548,3096
9.749,-17.83,,0,0.01,4101,129.0,1548,3096
9.771,-17.41,43.7,1,0.01,4178,129.0,1548,3096
9.792,-17.32,43.7,1,0.01,4102,262.5,3150,6300
9.813,-17.29,43.7,1,0.01,4159,262.5,3150,6300
9.835,-17.09,43.9,1,0.01,4266,262.5,3150,6300
9.856,-17.00,43.9,1,0.01,4242,262.5,3150,6300
9.877,-17.21,43.9,1,0.01,4172,262.5,3150,6300
9.899,-17.43,43.7,1,0.01,4057,129.5,1554,3108
9.920,-17.62,43.4,1,0.01,4007,129.5,1554,3108
9.941,-18.00,43.2,1,0.01,3907,86.0,1032,2064
9.963,-17.28,43.2,1,0.01,3702,85.5,1026,2052
9.984,-17.10,42.9,1,0.01,3640,128.5,1542,3084
10.005,-17.73,42.9,1,0.01,3734,128.5,1542,3084
10.027,-18.16,42.9,1,0.01,3916,128.5,1542,3084
10.048,-18.06,42.9,1,0.01,3772,128.5,1542,3084
10.069,-17.89,43.2,1,0.01,3750,85.5,1026,2052
10.091,-18.12,,0,0.00,3729,85.5,1026,2052
10.112,-18.43,,0,0.01,3501,127.5,1530,3060
10.133,-18.24,,0,0.01,3480,127.5,1530,3060
10.155,-18.20,,0,0.01,3414,127.5,1530,3060
10.176,-18.76,,0,0.01,3282,127.5,1530,3060
10.197,-18.42,,0,0.01,3234,127.5,1530,3060
10.219,-18.08,,0,0.01,3152,127.5,1530,3060
10.240,-16.98,,0,0.01,2935,127.5,1530,3060
10.261,-16.94,,0,0.01,2758,127.5,1530,3060
10.283,-17.36,,0,0.01,2720,127.5,1530,3060
10.304,-16.36,,0,0.01,2660,127.5,1530,3060
10.325,-16.87,,0,0.01,2719,127.5,1530,3060
10.347,-18.76,,0,0.01,3063,128.5,1542,3084
10.368,-18.72,,0,0.01,3082,,,
10.389,-17.07,,0,0.01,2693,,,
10.411,-17.25,,0,0.01,2573,137.0,1644,3288
10.432,-18.27,,0,0.01,2866,137.0,1644,3288
10.453,-18.25,,0,0.01,2994,137.0,1644,3288
10.475,-18.75,,0,0.01,3105,137.0,1644,3288
10.496,-19.12,,0,0.01,3299,137.0,1644,3288
10.517,-18.60,,0,0.01,3306,137.0,1644,3288
10.539,-18.62,,0,0.01,3325,137.5,1650,3300
10.560,-19.17,,0,0.01,3299,137.5,1650,3300
10.581,-19.22,,0,0.01,3220,134.0,1608,3216
10.603,-19.33,,0,0.01,3296,134.0,1608,3216
10.624,-17.03,,0,0.01,3038,134.0,1608,3216
10.645,-16.46,,0,0.01,2628,,,
10.667,-18.02,,0,0.01,2529,128.5,1542,3084
10.688,-18.28,,0,0.01,2477,128.5,1542,3084
10.709,-18.57,,0,0.01,2582,128.0,1536,3072
10.731,-18.10,,0,0.01,2535,128.5,1542,3084
10.752,-18.19,,0,0.01,2506,128.5,1542,3084
10.773,-19.92,,0,0.01,2789,128.5,1542,3084
10.795,-19.21,,0,0.01,2973,128.5,1542,3084
10.816,-18.50,,0,0.01,2920,159.0,1908,3816
10.837,-19.75,,0,0.01,3144,155.0,1860,3720
10.859,-18.89,,0,0.01,3204,155.0,1860,3720
10.880,-17.74,,0,0.01,3079,155.0,1860,3720
10.901,-19.06,,0,0.01,3068,117.0,1404,2808
10.923,-20.29,,0,0.01,3308,123.0,1476,2952
10.944,-20.13,,0,0.01,3235,123.0,1476,2952
10.965,-19.27,,0,0.01,3191,120.5,1446,2892
10.987,-17.71,,0,0.01,3192,120.5,1446,2892
11.008,-17.12,,0,0.01,3174,120.5,1446,2892
11.029,-15.71,,0,0.01,3062,119.5,1434,2868
11.051,-16.35,,0,0.01,3006,143.5,1722,3444
11.072,-20.03,,0,0.01,3149,143.5,1722,3444
11.093,-20.87,,0,0.01,3315,143.5,1722,3444
11.115,-20.24,,0,0.01,3336,143.5,1722,3444
11.136,-19.63,,0,0.01,3321,183.0,2196,4392
11.157,-19.12,,0,0.01,3308,286.5,3438,6876
11.179,-19.69,,0,0.01,3450,286.5,3438,6876
11.200,-20.16,,0,0.01,3618,286.5,3438,6876
11.221,-19.05,,0,0.01,3531,,,
11.243,-18.66,,0,0.01,3502,,,
11.264,-18.85,,0,0.01,3441,160.0,1920,3840
11.285,-17.96,,0,0.01,3416,160.0,1920,3840
11.307,-17.41,,0,0.01,3409,160.0,1920,3840
11.328,-17.77,,0,0.01,3378,160.0,1920,3840
11.349,-18.44,,0,0.01,3332,160.0,1920,3840
11.371,-18.76,,0,0.01,3441,,,
11.392,-18.40,,0,0.01,3418,,,
11.413,-18.07,,0,0.01,3413,,,
11.435,-17.38,,0,0.01,3421,,,
11.456,-17.03,,0,0.01,3353,,,
11.477,-17.74,,0,0.01,3319,,,
11.499,-18.99,,0,0.01,3436,,,
11.520,-18.94,,0,0.01,3392,185.0,2220,4440
11.541,-18.57,,0,0.01,3274,185.0,2220,4440
11.563,-18.55,,0,0.01,3270,129.5,1554,3108
11.584,-18.50,,0,0.01,3250,129.5,1554,3108
11.605,-19.18,,0,0.01,3340,129.5,1554,3108
11.627,-19.46,,0,0.01,3435,129.5,1554,3108
11.648,-18.63,,0,0.01,3276,129.5,1554,3108
11.669,-18.22,,0,0.01,3268,129.5,1554,3108
11.691,-17.40,,0,0.01,3227,129.5,1554,3108
11.712,-15.77,,0,0.01,3028,,,
11.733,-16.09,,0,0.01,2719,137.0,1644,3288
11.755,-17.12,,0,0.01,2377,137.0,1644,3288
11.776,-17.33,,0,0.01,2388,137.0,1644,3288
11.797,-17.57,,0,0.01,2379,,,
11.819,-17.53,,0,0.01,2569,,,
11.840,-18.30,,0,0.01,2856,127.0,1524,3048
11.861,-18.93,,0,0.01,2936,126.5,1518,3036
11.883,-18.39,,0,0.01,3017,126.5,1518,3036
11.904,-18.21,,0,0.01,3144,133.0,1596,3192
11.925,-19.57,,0,0.01,3154,126.0,1512,3024
11.947,-19.73,,0,0.01,3084,126.0,1512,3024
11.968,-18.49,,0,0.01,3074,126.0,1512,3024
11.989,-17.04,,0,0.01,2871,126.0,1512,3024
12.011,-16.22,,0,0.01,2824,126.0,1512,3024
12.032,-17.55,,0,0.01,3070,126.0,1512,3024
12.053,-19.67,,0,0.01,3176,126.0,1512,3024
12.075,-18.41,,0,0.01,3055,126.5,1518,3036
12.096,-16.99,,0,0.01,2907,128.5,1542,3084
12.117,-16.59,,0,0.01,2800,128.5,1542,3084
12.139,-15.93,,0,0.01,2672,128.5,1542,3084
12.160,-16.14,,0,0.01,2692,128.5,1542,3084
12.181,-17.29,,0,0.01,2648,128.5,1542,3084
12.203,-17.98,,0,0.01,2770,,,
12.224,-16.45,,0,0.01,3244,131.0,1572,3144
12.245,-15.89,,0,0.01,3130,,,
12.267,-16.87,,0,0.01,2349,,,
12.288,-17.21,,0,0.01,2280,,,
12.309,-17.31,,0,0.01,2345,,,
12.331,-18.28,,0,0.01,2419,,,
12.352,-19.56,,0,0.01,2717,,,
12.373,-19.31,,0,0.01,2808,,,
12.395,-19.85,,0,0.01,2883,184.0,2208,4416
12.416,-20.89,,0,0.01,3063,184.0,2208,4416
12.437,-21.13,,0,0.01,3434,184.0,2208,4416
12.459,-20.50,,0,0.01,3446,183.5,2202,4404
12.480,-20.53,,0,0.01,3403,183.5,2202,4404
12.501,-20.16,,0,0.01,3545,183.5,2202,4404
12.523,-19.69,,0,0.01,3574,183.5,2202,4404
12.544,-19.75,,0,0.01,3371,183.5,2202,4404
12.565,-19.93,,0,0.01,3280,,,
12.587,-20.56,,0,0.00,3284,,,
12.608,-19.09,,0,0.01,3252,59.0,708,1416
12.629,-18.07,,0,0.01,3350,59.0,708,1416
12.651,-16.98,,0,0.01,2899,59.0,708,1416
12.672,-14.92,,0,0.01,1974,59.0,708,1416
12.693,-15.75,,0,0.01,1377,59.0,708,1416
12.715,-18.81,,0,0.01,1305,59.0,708,1416
12.736,-18.30,,0,0.01,1364,59.0,708,1416
12.757,-16.69,,0,0.01,1382,65.5,786,1572
12.779,-15.70,,0,0.01,1382,58.0,696,1392
12.800,-14.63,,0,0.01,1364,66.0,792,1584
12.821,-14.00,,0,0.01,1340,66.0,792,1584
12.843,-14.15,,0,0.01,1368,66.0,792,1584
12.864,-14.28,,0,0.01,1489,66.0,792,1584
12.885,-15.94,,0,0.01,1302,65.5,786,1572
12.907,-17.59,,0,0.01,1035,65.5,786,1572
12.928,-16.15,,0,0.01,1097,65.5,786,1572
12.949,-16.67,,0,0.01,1228,64.5,774,1548
12.971,-15.91,,0,0.01,1287,67.5,810,1620
12.992,-15.10,,0,0.01,1220,67.5,810,1620
13.013,-15.93,,0,0.01,1336,68.0,816,1632
13.035,-16.92,,0,0.01,1437,68.0,816,1632
13.056,-17.93,,0,0.01,1523,68.0,816,1632
13.077,-16.77,,0,0.01,1428,69.0,828,1656
13.099,-17.01,,0,0.01,1417,69.0,828,1656
13.120,-18.29,,0,0.01,1516,69.0,828,1656
13.141,-18.16,,0,0.01,1566,69.0,828,1656
13.163,-18.68,,0,0.01,1565,69.0,828,1656
13.184,-19.79,,0,0.01,1632,69.0,828,1656
13.205,-19.66,,0,0.01,1729,69.0,828,1656
13.227,-18.54,,0,0.01,1696,68.0,816,1632
13.248,-18.40,,0,0.01,1713,68.0,816,1632
13.269,-17.94,,0,0.01,1794,68.0,816,1632
13.291,-16.87,,0,0.01,1764,68.0,816,1632
13.312,-17.70,,0,0.01,1691,68.5,822,1644
13.333,-18.45,,0,0.01,1708,68.5,822,1644
13.355,-17.88,,0,0.01,1746,80.0,960,1920
13.376,-17.55,,0,0.01,1761,80.0,960,1920
13.397,-16.87,,0,0.01,1738,,,
13.419,-16.69,,0,0.01,1730,68.5,822,1644
13.440,-17.28,,0,0.01,1762,68.5,822,1644
13.461,-17.79,,0,0.01,1795,68.0,816,1632
13.483,-17.52,,0,0.01,1771,68.0,816,1632
13.504,-18.02,,0,0.01,1789,68.0,816,1632
13.525,-18.17,,0,0.01,1761,68.0,816,1632
13.547,-18.41,,0,0.01,1831,68.5,822,1644
13.568,-18.70,,0,0.01,1791,68.5,822,1644
13.589,-17.74,,0,0.01,1788,68.5,822,1644
13.611,-16.24,,0,0.01,1667,68.5,822,1644
13.632,-15.28,,0,0.01,1629,68.5,822,1644
13.653,-15.16,,0,0.01,1571,68.5,822,1644
13.675,-13.69,,0,0.01,1120,68.5,822,1644
13.696,-13.45,,0,0.01,920,68.5,822,1644
13.717,-14.41,,0,0.02,1070,68.5,822,1644
13.739,-14.12,,0,0.18,1223,68.5,822,1644
13.760,-14.56,,0,0.18,1317,68.5,822,1644
13.781,-15.72,,0,0.09,1379,67.0,804,1608
13.803,-16.36,,0,0.03,1430,67.0,804,1608
13.824,-16.99,,0,0.01,1487,67.0,804,1608
13.845,-17.66,,0,0.01,1580,68.5,822,1644
13.867,-18.20,34.1,1,0.01,1667,68.5,822,1644
13.888,-18.07,34.3,1,0.01,1640,68.5,822,1644
13.909,-17.77,31.6,1,0.01,1653,66.5,798,1596
13.931,-17.34,31.4,1,0.01,1669,66.5,798,1596
13.952,-16.52,34.1,1,0.01,1647,66.5,798,1596
13.973,-15.98,34.1,1,0.01,1633,66.0,792,1584
13.995,-16.29,32.7,1,0.01,1623,66.0,792,1584
14.016,-16.71,32.7,1,0.01,1685,67.0,804,1608
14.037,-16.64,,0,0.01,1784,67.0,804,1608
14.059,-16.48,,0,0.01,1703,67.0,804,1608
14.080,-16.62,,0,0.01,1653,67.0,804,1608
14.101,-16.88,,0,0.01,1685,67.0,804,1608
14.123,-16.52,,0,0.01,1658,67.0,804,1608
14.144,-16.71,,0,0.01,1697,67.0,804,1608
14.165,-16.99,,0,0.01,1702,,,
14.187,-17.78,,0,0.01,1748,,,
14.208,-18.39,,0,0.01,1799,,,
14.229,-17.93,,0,0.01,1747,,,
14.251,-17.75,,0,0.01,1661,67.5,810,1620
14.272,-17.29,,0,0.01,1621,66.5,798,1596
14.293,-16.43,,0,0.01,1580,66.5,798,1596
14.315,-16.72,,0,0.01,1591,,,
14.336,-17.68,,0,0.01,1695,,,
14.357,-16.95,,0,0.01,1636,,,
14.379,-16.40,,0,0.01,1644,,,
14.400,-16.04,,0,0.01,1638,127.5,1530,3060
14.421,-16.15,,0,0.01,1659,127.5,1530,3060
14.443,-16.27,,0,0.01,1618,126.5,1518,3036
14.464,-15.88,,0,0.01,1616,126.5,1518,3036
14.485,-15.74,,0,0.01,1638,126.5,1518,3036
14.507,-16.08,,0,0.01,1640,126.5,1518,3036
14.528,-17.20,,0,0.01,1749,65.0,780,1560
14.549,-17.49,,0,0.01,1822,65.0,780,1560
14.571,-17.03,,0,0.01,1770,65.0,780,1560
14.592,-17.48,,0,0.01,1711,70.5,846,1692
14.613,-18.12,,0,0.01,1688,71.0,852,1704
14.635,-17.66,,0,0.01,1617,54.0,648,1296
14.656,-17.95,,0,0.01,1613,54.0,648,1296
14.677,-17.47,,0,0.01,1619,54.0,648,1296
14.699,-15.29,66.2,1,0.01,1391,67.0,804,1608
14.720,-15.22,66.2,1,0.01,1198,67.0,804,1608
14.741,-17.10,66.2,1,0.01,1432,67.0,804,1608
14.763,-17.85,64.7,1,0.01,1595,67.0,804,1608
14.784,-17.23,65.1,1,0.01,1550,63.0,756,1512
14.805,-16.02,72.2,1,0.01,1566,63.0,756,1512
14.827,-15.53,66.2,1,0.01,1492,64.0,768,1536
14.848,-15.96,67.7,1,0.01,1412,62.0,744,1488
14.869,-15.50,68.1,1,0.01,1442,62.0,744,1488
14.891,-15.26,65.8,1,0.01,1481,63.0,756,1512
14.912,-15.67,65.8,1,0.01,1472,63.0,756,1512
14.933,-15.94,65.8,1,0.01,1486,63.0,756,1512
14.955,-14.92,65.8,1,0.01,1495,63.0,756,1512
14.976,-14.02,62.8,1,0.02,1442,64.0,768,1536
14.997,-14.70,62.5,1,0.02,1463,64.0,768,1536
15.019,-15.46,65.4,1,0.02,1483,63.5,762,1524
15.040,-15.16,67.7,1,0.02,1439,64.0,768,1536
15.061,-14.45,67.7,1,0.02,1432,64.0,768,1536
15.083,-13.64,64.7,1,0.03,1459,64.0,768,1536
15.104,-13.45,65.1,1,0.03,1457,62.0,744,1488
15.125,-13.68,65.1,1,0.03,1389,62.5,750,1500
15.147,-13.93,65.1,1,0.03,1399,62.5,750,1500
15.168,-14.64,66.2,1,0.03,1474,62.5,750,1500
15.189,-15.37,64.7,1,0.02,1465,62.5,750,1500
15.211,-15.38,67.3,1,0.01,1436,63.0,756,1512
15.232,-15.09,67.3,1,0.01,1365,63.0,756,1512
15.253,-15.49,67.3,1,0.01,1388,63.0,756,1512
15.275,-15.51,67.0,1,0.01,1469,63.0,756,1512
15.296,-15.67,67.0,1,0.01,1518,63.0,756,1512
15.317,-16.67,67.0,1,0.01,1594,62.0,744,1488
15.339,-15.98,69.3,1,0.01,1588,62.0,744,1488
15.360,-15.50,67.7,1,0.01,1596,62.0,744,1488
15.381,-15.52,67.7,1,0.01,1599,62.0,744,1488
15.403,-15.42,62.5,1,0.01,1546,62.5,750,1500
15.424,-15.36,62.5,1,0.01,1479,62.5,750,1500
15.445,-15.26,62.5,1,0.01,1460,62.5,750,1500
15.467,-15.40,66.2,1,0.01,1455,62.5,750,1500
15.488,-16.44,68.5,1,0.01,1470,62.5,750,1500
15.509,-16.97,67.0,1,0.01,1506,62.5,750,1500
15.531,-16.29,67.0,1,0.01,1547,62.5,750,1500
15.552,-15.75,67.0,1,0.02,1558,62.5,750,1500
15.573,-14.39,65.4,1,0.02,1499,62.5,750,1500
15.595,-14.05,63.6,1,0.02,1400,62.5,750,1500
15.616,-14.49,62.1,1,0.02,1397,62.5,750,1500
15.637,-15.09,63.6,1,0.01,1436,59.0,708,1416
15.659,-15.58,63.9,1,0.01,1440,59.0,708,1416
15.680,-15.27,63.9,1,0.01,1408,59.0,708,1416
15.701,-15.37,63.6,1,0.01,1412,59.0,708,1416
15.723,-15.34,63.2,1,0.01,1394,62.0,744,1488
15.744,-14.99,63.2,1,0.02,1424,62.0,744,1488
15.765,-14.26,61.8,1,0.02,1440,62.0,744,1488
15.787,-14.13,62.8,1,0.03,1365,62.0,744,1488
15.808,-14.40,65.8,1,0.03,1377,61.5,738,1476
15.829,-13.84,65.4,1,0.03,1348,59.0,708,1416
15.851,-13.71,65.4,1,0.05,1317,59.0,708,1416
15.872,-14.38,65.1,1,0.07,1295,59.0,708,1416
15.893,-15.01,64.7,1,0.03,1377,59.0,708,1416
15.915,-15.49,64.7,1,0.03,1393,61.5,738,1476
15.936,-15.74,66.2,1,0.03,1349,61.5,738,1476
15.957,-15.27,60.0,1,0.03,1350,61.5,738,1476
15.979,-14.90,60.0,1,0.02,1394,61.5,738,1476
16.000,-15.17,60.0,1,0.02,1405,61.0,732,1464
16.021,-15.82,60.3,1,0.01,1392,61.0,732,1464
16.043,-16.70,60.0,1,0.01,1424,61.5,738,1476
16.064,-16.39,58.3,1,0.01,1311,61.5,738,1476
16.085,-15.98,58.3,1,0.01,1327,61.5,738,1476
16.107,-16.42,58.0,1,0.01,1399,61.0,732,1464
16.128,-17.00,58.6,1,0.01,1463,61.0,732,1464
16.149,-16.45,58.0,1,0.01,1451,60.5,726,1452
16.171,-15.18,59.3,1,0.01,1434,59.0,708,1416
16.192,-14.88,59.3,1,0.01,1440,59.0,708,1416
16.213,-15.87,60.7,1,0.01,1413,59.0,708,1416
16.235,-16.09,61.8,1,0.01,1388,59.0,708,1416
16.256,-15.65,62.1,1,0.01,1422,59.0,708,1416
16.277,-15.89,62.1,1,0.01,1438,59.0,708,1416
16.299,-15.68,61.8,1,0.01,1435,59.0,708,1416
16.320,-15.03,61.8,1,0.02,1405,59.0,708,1416
16.341,-14.66,61.8,1,0.02,1367,60.0,720,1440
16.363,-15.16,61.8,1,0.02,1361,60.5,726,1452
16.384,-14.86,61.0,1,0.01,1403,60.5,726,1452
16.405,-14.95,67.0,1,0.01,1351,60.5,726,1452
16.427,-16.03,56.3,1,0.01,1304,59.5,714,1428
16.448,-15.75,63.6,1,0.01,1299,59.5,714,1428
16.469,-15.00,56.0,1,0.01,1360,59.5,714,1428
16.491,-14.65,61.8,1,0.01,1398,59.5,714,1428
16.512,-14.97,61.4,1,0.02,1386,59.5,714,1428
16.533,-14.78,61.0,1,0.03,1362,60.0,720,1440
16.555,-14.19,60.0,1,0.02,1345,60.0,720,1440
16.576,-14.98,60.0,1,0.01,1386,60.0,720,1440
16.597,-15.11,60.0,1,0.01,1347,60.0,720,1440
16.619,-14.28,61.4,1,0.01,1308,58.0,696,1392
16.640,-14.44,63.2,1,0.01,1318,58.0,696,1392
16.661,-15.42,63.2,1,0.01,1320,57.5,690,1380
16.683,-15.30,63.6,1,0.01,1420,57.5,690,1380
16.704,-14.60,63.2,1,0.01,1399,57.5,690,1380
16.725,-14.63,62.8,1,0.01,1400,59.0,708,1416
16.747,-15.55,61.0,1,0.01,1394,59.0,708,1416
16.768,-16.40,61.4,1,0.01,1430,59.0,708,1416
16.789,-15.61,61.4,1,0.01,1466,59.0,708,1416
16.811,-15.18,63.2,1,0.01,1378,58.5,702,1404
16.832,-15.30,62.8,1,0.01,1260,58.5,702,1404
16.853,-14.94,61.8,1,0.01,1237,59.0,708,1416
16.875,-15.14,61.8,1,0.01,1282,59.0,708,1416
16.896,-15.74,61.8,1,0.01,1303,60.0,720,1440
16.917,-15.17,,0,0.01,1366,59.0,708,1416
16.939,-15.00,,0,0.01,1468,59.0,708,1416
16.960,-15.50,,0,0.01,1433,59.0,708,1416
16.981,-15.06,,0,0.01,1492,59.0,708,1416
17.003,-14.39,,0,0.01,1386,59.0,708,1416
17.024,-15.14,,0,0.01,1379,59.0,708,1416
17.045,-15.97,,0,0.01,1346,50.0,600,1200
17.067,-14.70,,0,0.01,1061,50.0,600,1200
17.088,-14.95,,0,0.01,1101,50.0,600,1200
17.109,-17.79,,0,0.01,1182,50.0,600,1200
17.131,-19.54,,0,0.01,1310,50.0,600,1200
17.152,-18.84,,0,0.01,1425,53.5,642,1284
17.173,-18.31,,0,0.01,1370,53.5,642,1284
17.195,-15.77,,0,0.01,1291,54.0,648,1296
17.216,-14.77,,0,0.01,1217,54.0,648,1296
17.237,-14.97,,0,0.01,1282,54.5,654,1308
17.259,-16.20,,0,0.01,1234,58.0,696,1392
17.280,-17.95,,0,0.01,1236,58.5,702,1404
17.301,-17.29,,0,0.01,1198,58.5,702,1404
17.323,-18.34,,0,0.01,1305,58.5,702,1404
17.344,-19.80,,0,0.01,1463,58.5,702,1404
17.365,-17.72,,0,0.01,1431,62.0,744,1488
17.387,-14.73,,0,0.01,1354,62.0,744,1488
17.408,-14.34,,0,0.01,1311,62.0,744,1488
17.429,-15.46,,0,0.01,1336,62.0,744,1488
17.451,-16.79,,0,0.01,1404,62.0,744,1488
17.472,-17.41,61.0,1,0.01,1376,62.0,744,1488
17.493,-16.28,61.0,1,0.01,1274,62.0,744,1488
17.515,-17.13,57.3,1,0.01,1312,61.0,732,1464
17.536,-18.25,53.8,1,0.01,1399,61.5,738,1476
17.557,-18.32,53.5,1,0.01,1466,61.5,738,1476
17.579,-17.67,53.5,1,0.01,1521,61.5,738,1476
17.600,-15.62,58.3,1,0.01,1355,61.5,738,1476
17.621,-15.23,60.3,1,0.01,1324,61.5,738,1476
17.643,-15.43,60.3,1,0.01,1409,54.5,654,1308
17.664,-15.50,60.0,1,0.01,1570,54.5,654,1308
17.685,-15.50,54.4,1,0.01,1494,54.5,654,1308
17.707,-14.77,58.6,1,0.01,1343,54.5,654,1308
17.728,-13.31,59.7,1,0.01,1285,61.5,738,1476
17.749,-13.48,63.9,1,0.01,1172,61.5,738,1476
17.771,-15.52,65.8,1,0.02,1112,61.5,738,1476
17.792,-16.61,65.8,1,0.01,1234,61.5,738,1476
17.813,-16.50,60.3,1,0.01,1283,61.5,738,1476
17.835,-15.24,59.3,1,0.01,1318,57.5,690,1380
17.856,-13.15,59.0,1,0.01,1210,57.5,690,1380
17.877,-13.77,59.3,1,0.01,1053,57.0,684,1368
17.899,-13.85,63.2,1,0.01,1086,57.0,684,1368
17.920,-13.02,63.6,1,0.02,1030,57.0,684,1368
17.941,-14.48,61.4,1,0.02,1094,59.0,708,1416
17.963,-14.46,61.0,1,0.01,1101,59.0,708,1416
17.984,-15.03,61.0,1,0.01,1115,59.0,708,1416
18.005,-14.45,62.1,1,0.01,1194,59.5,714,1428
18.027,-13.78,67.0,1,0.01,1123,59.5,714,1428
18.048,-14.33,66.6,1,0.03,1190,60.0,720,1440
18.069,-14.52,66.2,1,0.02,1205,60.0,720,1440
18.091,-15.78,66.6,1,0.01,1276,64.5,774,1548
18.112,-16.48,61.8,1,0.02,1310,64.5,774,1548
18.133,-16.50,62.5,1,0.01,1355,64.5,774,1548
18.155,-16.29,61.4,1,0.01,1393,55.5,666,1332
18.176,-16.06,61.4,1,0.01,1388,55.5,666,1332
18.197,-15.02,57.3,1,0.01,1296,61.5,738,1476
18.219,-15.54,58.3,1,0.01,1287,60.5,726,1452
18.240,-17.36,58.3,1,0.01,1244,59.0,708,1416
18.261,-15.75,58.6,1,0.01,1179,59.0,708,1416
18.283,-14.78,58.3,1,0.01,1283,59.0,708,1416
18.304,-15.68,58.0,1,0.01,1271,59.0,708,1416
18.325,-17.49,57.3,1,0.01,1249,59.0,708,1416
18.347,-15.83,58.6,1,0.01,1208,59.0,708,1416
18.368,-15.81,,0,0.01,1232,59.0,708,1416
18.389,-18.50,,0,0.01,1364,59.0,708,1416
18.411,-17.73,,0,0.01,1388,59.0,708,1416
18.432,-15.28,,0,0.01,1202,59.0,708,1416
18.453,-15.06,,0,0.01,1094,59.0,708,1416
18.475,-15.29,,0,0.01,1091,59.0,708,1416
18.496,-15.74,,0,0.01,1160,59.0,708,1416
18.517,-16.50,,0,0.01,1192,54.0,648,1296
18.539,-16.78,,0,0.01,1216,58.0,696,1392
18.560,-17.26,,0,0.01,1309,58.0,696,1392
18.581,-15.04,101.5,1,0.01,1252,58.0,696,1392
18.603,-15.93,101.5,1,0.01,1190,58.0,696,1392
18.624,-19.11,100.9,1,0.01,1288,58.0,696,1392
18.645,-17.57,100.9,1,0.01,1367,58.5,702,1404
18.667,-14.86,102.1,1,0.01,1328,50.0,600,1200
18.688,-13.54,102.7,1,0.05,1129,102.0,1224,2448
18.709,-13.90,103.9,1,0.11,1103,102.0,1224,2448
18.731,-14.22,104.5,1,0.32,1123,52.0,624,1248
18.752,-13.86,103.9,1,0.37,1084,52.0,624,1248
18.773,-14.26,103.3,1,0.24,1080,52.0,624,1248
18.795,-15.24,104.5,1,0.18,1168,52.0,624,1248
18.816,-16.02,103.3,1,0.05,1217,51.5,618,1236
18.837,-16.64,100.9,1,0.02,1268,50.5,606,1212
18.859,-14.21,99.7,1,0.03,1162,50.5,606,1212
18.880,-12.94,99.7,1,0.07,1078,50.5,606,1212
18.901,-13.83,100.9,1,0.21,1072,50.5,606,1212
18.923,-14.93,101.5,1,0.24,1125,101.0,1212,2424
18.944,-16.17,102.7,1,0.08,1228,50.5,606,1212
18.965,-16.60,102.1,1,0.06,1249,50.5,606,1212
18.987,-15.18,100.3,1,0.07,1176,100.0,1200,2400
19.008,-13.86,100.9,1,0.08,1177,100.5,1206,2412
19.029,-13.87,100.9,1,0.15,1164,99.5,1194,2388
19.051,-14.31,100.9,1,0.18,1145,99.5,1194,2388
19.072,-13.81,100.3,1,0.24,1121,99.5,1194,2388
19.093,-14.21,100.3,1,0.11,1026,50.0,600,1200
19.115,-17.51,100.9,1,0.01,1185,50.0,600,1200
19.136,-17.67,97.5,1,0.01,1247,50.0,600,1200
19.157,-14.18,94.7,1,0.03,1289,50.5,606,1212
19.179,-14.05,96.9,1,0.09,1212,50.5,606,1212
19.200,-14.72,99.7,1,0.11,1123,50.5,606,1212
19.221,-14.34,101.5,1,0.21,1032,50.5,606,1212
19.243,-14.62,102.1,1,0.11,1017,99.5,1194,2388
19.264,-16.21,102.1,1,0.02,1025,59.0,708,1416
19.285,-15.27,,0,0.01,963,59.0,708,1416
19.307,-14.56,,0,0.01,1024,59.0,708,1416
19.328,-14.01,,0,0.02,1001,59.0,708,1416
19.349,-13.36,52.5,1,0.03,988,59.0,708,1416
19.371,-14.95,52.8,1,0.02,997,59.0,708,1416
19.392,-15.42,52.5,1,0.02,1023,59.0,708,1416
19.413,-14.96,53.8,1,0.01,1088,103.0,1236,2472
19.435,-14.52,53.5,1,0.02,1108,61.0,732,1464
19.456,-14.43,53.5,1,0.02,1069,61.0,732,1464
19.477,-15.21,54.7,1,0.02,1040,61.0,732,1464
19.499,-15.62,54.7,1,0.02,1041,53.5,642,1284
19.520,-15.60,55.0,1,0.01,1067,53.5,642,1284
19.541,-15.25,55.3,1,0.01,1104,53.5,642,1284
19.563,-14.96,55.7,1,0.01,1078,53.5,642,1284
19.584,-14.80,57.3,1,0.02,1044,53.5,642,1284
19.605,-15.47,57.0,1,0.01,1054,53.5,642,1284
19.627,-16.27,56.6,1,0.01,1084,53.5,642,1284
19.648,-17.00,,0,0.01,1209,53.5,642,1284
19.669,-15.69,,0,0.01,1116,53.5,642,1284
19.691,-15.24,,0,0.01,1075,53.5,642,1284
19.712,-15.98,,0,0.01,1029,60.0,720,1440
19.733,-15.29,,0,0.02,1075,101.5,1218,2436
19.755,-16.25,,0,0.01,1109,101.0,1212,2424
19.776,-15.97,,0,0.01,1121,101.0,1212,2424
19.797,-15.44,,0,0.02,1106,101.0,1212,2424
19.819,-16.86,,0,0.02,1189,101.0,1212,2424
19.840,-17.76,,0,0.01,1304,57.5,690,1380
19.861,-17.07,,0,0.01,1361,102.5,1230,2460
19.883,-16.87,,0,0.01,1355,50.5,606,1212
19.904,-17.79,,0,0.01,1356,94.0,1128,2256
19.925,-18.30,,0,0.01,1494,60.0,720,1440
19.947,-17.08,,0,0.01,1411,58.5,702,1404
19.968,-15.53,,0,0.01,1348,58.5,702,1404
19.989,-16.30,32.5,1,0.01,1328,58.5,702,1404
20.011,-17.03,32.5,1,0.01,1372,58.5,702,1404
20.032,-16.88,31.6,1,0.01,1428,60.0,720,1440
20.053,-17.81,31.4,1,0.01,1395,91.0,1092,2184
20.075,-16.66,30.9,1,0.01,1379,91.0,1092,2184
20.096,-16.12,30.9,1,0.01,1412,58.0,696,1392
20.117,-16.89,30.5,1,0.01,1414,56.0,672,1344
20.139,-16.79,30.7,1,0.01,1498,56.0,672,1344
20.160,-16.37,30.7,1,0.01,1446,,,
20.181,-15.89,30.7,1,0.01,1341,63.0,756,1512
20.203,-15.08,30.9,1,0.01,1426,63.0,756,1512
20.224,-15.97,30.7,1,0.01,1530,63.0,756,1512
20.245,-15.55,,0,0.01,1421,63.0,756,1512
20.267,-16.03,,0,0.01,1258,63.0,756,1512
20.288,-15.40,,0,0.01,1262,63.0,756,1512
20.309,-14.26,,0,0.01,1283,56.5,678,1356
20.331,-15.67,,0,0.01,1529,56.5,678,1356
20.352,-16.34,,0,0.01,1482,56.5,678,1356
20.373,-16.65,,0,0.01,1385,56.5,678,1356
20.395,-15.93,,0,0.01,1541,71.0,852,1704
20.416,-15.11,,0,0.00,1486,57.0,684,1368
20.437,-15.98,,0,0.01,1465,59.0,708,1416
20.459,-14.62,,0,0.01,1101,59.0,708,1416
20.480,-14.15,32.7,1,0.01,1080,59.0,708,1416
20.501,-16.26,32.5,1,0.01,1074,62.5,750,1500
20.523,-15.51,31.8,1,0.01,1208,62.5,750,1500
20.544,-16.62,31.8,1,0.02,1297,62.5,750,1500
20.565,-17.71,31.6,1,0.01,1267,62.5,750,1500
20.587,-16.10,31.8,1,0.01,1279,62.5,750,1500
20.608,-16.88,31.8,1,0.01,1300,62.5,750,1500
20.629,-16.64,31.8,1,0.01,1411,,,
20.651,-16.36,31.8,1,0.01,1385,101.5,1218,2436
20.672,-17.21,32.2,1,0.01,1282,101.0,1212,2424
20.693,-16.56,32.7,1,0.01,1302,58.0,696,1392
20.715,-16.02,,0,0.01,1378,58.0,696,1392
20.736,-15.98,,0,0.01,1408,58.0,696,1392
20.757,-14.77,,0,0.01,1491,57.0,684,1368
20.779,-13.25,,0,0.01,1237,57.0,684,1368
20.800,-14.09,,0,0.01,1104,57.0,684,1368
20.821,-15.34,,0,0.01,1291,54.5,654,1308
20.843,-15.08,,0,0.01,1324,54.5,654,1308
20.864,-16.84,,0,0.01,1149,50.0,600,1200
20.885,-15.75,,0,0.01,1241,56.0,672,1344
20.907,-13.72,33.3,1,0.01,1323,50.0,600,1200
20.928,-13.92,33.3,1,0.01,1112,54.0,648,1296
20.949,-14.18,33.5,1,0.02,951,54.0,648,1296
20.971,-13.92,33.3,1,0.02,955,55.0,660,1320
20.992,-14.84,33.7,1,0.01,971,55.0,660,1320
21.013,-16.68,33.7,1,0.01,1098,55.0,660,1320
21.035,-17.16,35.1,1,0.01,1130,55.0,660,1320
21.056,-17.27,35.1,1,0.01,1207,55.0,660,1320
21.077,-18.41,,0,0.01,1292,57.5,690,1380
21.099,-17.80,,0,0.01,1431,57.5,690,1380
21.120,-16.35,,0,0.01,1876,57.5,690,1380
21.141,-15.47,,0,0.01,2256,57.5,690,1380
21.163,-15.62,,0,0.01,2472,57.5,690,1380
21.184,-16.33,,0,0.01,2451,83.5,1002,2004
21.205,-16.21,,0,0.01,2483,83.5,1002,2004
21.227,-16.20,,0,0.01,2577,84.0,1008,2016
21.248,-16.58,,0,0.01,2601,84.0,1008,2016
21.269,-17.17,,0,0.01,2646,84.0,1008,2016
21.291,-16.68,,0,0.01,2597,84.0,1008,2016
21.312,-16.32,,0,0.01,2532,84.0,1008,2016
21.333,-16.56,86.8,1,0.01,2568,84.5,1014,2028
21.355,-16.44,86.8,1,0.01,2618,84.5,1014,2028
21.376,-16.91,87.8,1,0.01,2693,84.5,1014,2028
21.397,-16.44,85.8,1,0.01,2648,84.5,1014,2028
21.419,-16.40,86.8,1,0.01,2701,87.0,1044,2088
21.440,-16.76,86.8,1,0.01,2725,87.0,1044,2088
21.461,-17.34,86.8,1,0.01,2743,87.0,1044,2088
21.483,-18.43,87.3,1,0.01,2754,87.0,1044,2088
21.504,-17.63,87.3,1,0.01,2593,87.0,1044,2088
21.525,-16.83,87.8,1,0.01,2601,87.5,1050,2100
21.547,-16.75,87.8,1,0.01,2646,84.5,1014,2028
21.568,-16.14,87.8,1,0.01,2650,84.5,1014,2028
21.589,-16.53,88.4,1,0.01,2628,84.5,1014,2028
21.611,-17.42,89.4,1,0.01,2609,84.5,1014,2028
21.632,-16.99,89.4,1,0.01,2647,88.0,1056,2112
21.653,-16.29,89.9,1,0.01,2610,134.0,1608,3216
21.675,-16.08,90.4,1,0.01,2648,134.0,1608,3216
21.696,-15.97,90.4,1,0.02,2675,134.0,1608,3216
21.717,-15.46,90.9,1,0.02,2495,83.5,1002,2004
21.739,-15.49,90.9,1,0.03,2551,68.0,816,1632
21.760,-15.46,90.9,1,0.02,2573,68.0,816,1632
21.781,-15.72,91.5,1,0.03,2688,68.0,816,1632
21.803,-15.91,92.0,1,0.02,2679,68.5,822,1644
21.824,-16.50,92.0,1,0.02,2687,68.5,822,1644
21.845,-17.35,,0,0.01,2689,68.5,822,1644
21.867,-17.74,,0,0.01,2726,140.0,1680,3360
21.888,-17.75,,0,0.01,2729,140.0,1680,3360
21.909,-17.48,,0,0.01,2746,140.0,1680,3360
21.931,-17.57,,0,0.01,2621,70.0,840,1680
21.952,-18.05,,0,0.01,2604,142.5,1710,3420
21.973,-17.55,,0,0.01,2650,142.5,1710,3420
21.995,-17.04,,0,0.01,2586,142.5,1710,3420
22.016,-16.85,,0,0.01,2562,142.5,1710,3420
22.037,-17.20,,0,0.01,2458,142.5,1710,3420
22.059,-17.13,,0,0.01,2429,142.5,1710,3420
22.080,-16.96,288.7,1,0.01,2367,142.5,1710,3420
22.101,-16.68,290.4,1,0.02,2378,142.5,1710,3420
22.123,-15.93,290.4,1,0.03,2328,147.0,1764,3528
22.144,-15.90,292.1,1,0.06,2255,147.0,1764,3528
22.165,-15.89,292.1,1,0.07,2266,147.0,1764,3528
22.187,-16.00,293.8,1,0.08,2311,147.0,1764,3528
22.208,-15.60,293.8,1,0.09,2327,147.0,1764,3528
22.229,-15.68,293.8,1,0.08,2309,147.0,1764,3528
22.251,-15.71,293.8,1,0.06,2350,149.0,1788,3576
22.272,-15.84,295.5,1,0.05,2424,149.0,1788,3576
22.293,-16.76,297.2,1,0.02,2459,149.0,1788,3576
22.315,-16.87,297.2,1,0.01,2395,149.5,1794,3588
22.336,-16.98,,0,0.01,2478,150.0,1800,3600
22.357,-17.88,,0,0.01,2545,151.5,1818,3636
22.379,-18.97,,0,0.01,2628,152.0,1824,3648
22.400,-17.65,,0,0.01,2568,152.0,1824,3648
22.421,-16.52,,0,0.01,2625,152.0,1824,3648
22.443,-16.41,,0,0.02,2662,153.5,1842,3684
22.464,-16.46,311.2,1,0.08,2528,153.5,1842,3684
22.485,-16.26,309.4,1,0.21,2458,153.5,1842,3684
22.507,-16.63,311.2,1,0.24,2422,154.5,1854,3708
22.528,-16.05,311.2,1,0.28,2466,154.5,1854,3708
22.549,-15.71,313.0,1,0.18,2476,77.5,930,1860
22.571,-16.21,314.9,1,0.15,2515,78.0,936,1872
22.592,-16.49,314.9,1,0.15,2602,78.5,942,1884
22.613,-16.46,316.7,1,0.09,2551,79.0,948,1896
22.635,-16.59,318.5,1,0.03,2708,79.0,948,1896
22.656,-17.29,,0,0.01,2849,160.5,1926,3852
22.677,-17.62,,0,0.01,2918,80.5,966,1932
22.699,-17.71,,0,0.01,2922,80.5,966,1932
22.720,-17.35,,0,0.01,2873,80.5,966,1932
22.741,-17.86,,0,0.01,2909,81.0,972,1944
22.763,-18.44,,0,0.01,2908,81.0,972,1944
22.784,-17.51,,0,0.01,2844,82.0,984,1968
22.805,-16.80,,0,0.01,2756,82.0,984,1968
22.827,-17.23,,0,0.01,2698,82.0,984,1968
22.848,-18.15,,0,0.01,2821,82.5,990,1980
22.869,-17.53,,0,0.01,2837,83.0,996,1992
22.891,-16.99,,0,0.01,2843,83.0,996,1992
22.912,-17.05,,0,0.01,2886,83.5,1002,2004
22.933,-16.30,,0,0.01,2810,169.5,2034,4068
22.955,-16.84,339.4,1,0.02,2758,169.5,2034,4068
22.976,-17.41,341.4,1,0.03,2816,342.0,4104,8208
22.997,-16.74,343.4,1,0.03,2831,342.0,4104,8208
23.019,-17.15,345.3,1,0.03,2739,342.0,4104,8208
23.040,-17.13,347.3,1,0.02,2809,342.0,4104,8208
23.061,-17.03,349.4,1,0.02,2815,342.0,4104,8208
23.083,-17.74,349.4,1,0.01,2824,342.0,4104,8208
23.104,-17.78,349.4,1,0.01,2976,347.5,4170,8340
23.125,-17.16,353.4,1,0.01,2987,350.0,4200,8400
23.147,-17.13,355.5,1,0.01,2964,356.5,4278,8556
23.168,-17.38,357.5,1,0.02,2924,356.5,4278,8556
23.189,-17.48,359.6,1,0.06,2975,362.0,4344,8688
23.211,-17.00,359.6,1,0.05,3000,362.0,4344,8688
23.232,-16.84,361.7,1,0.03,2939,362.0,4344,8688
23.253,-17.62,363.8,1,0.03,2963,362.0,4344,8688
23.275,-17.30,368.0,1,0.03,3055,365.5,4386,8772
23.296,-16.73,368.0,1,0.03,3110,365.5,4386,8772
23.317,-16.95,368.0,1,0.05,3007,365.5,4386,8772
23.339,-17.18,370.1,1,0.06,3027,369.0,4428,8856
23.360,-17.03,372.3,1,0.02,3091,373.5,4482,8964
23.381,-16.70,374.4,1,0.02,3189,373.5,4482,8964
23.403,-16.62,378.8,1,0.02,3165,373.0,4476,8952
23.424,-16.61,381.0,1,0.02,3035,373.0,4476,8952
23.445,-16.80,381.0,1,0.04,3046,95.5,1146,2292
23.467,-16.91,383.2,1,0.02,3025,95.5,1146,2292
23.488,-16.52,383.2,1,0.01,3044,95.5,1146,2292
23.509,-16.82,383.2,1,0.01,3089,98.0,1176,2352
23.531,-17.14,381.0,1,0.01,3118,98.0,1176,2352
23.552,-16.76,,0,0.01,3022,98.0,1176,2352
23.573,-16.99,,0,0.01,2970,98.0,1176,2352
23.595,-16.95,,0,0.01,3047,99.0,1188,2376
23.616,-16.97,,0,0.01,3079,99.5,1194,2388
23.637,-17.11,,0,0.01,3130,99.5,1194,2388
23.659,-17.36,,0,0.01,3159,99.5,1194,2388
23.680,-17.33,100.9,1,0.01,3273,102.5,1230,2460
23.701,-16.26,101.5,1,0.01,3178,102.5,1230,2460
23.723,-15.71,102.1,1,0.02,3049,102.5,1230,2460
23.744,-16.17,102.7,1,0.03,3096,102.5,1230,2460
23.765,-17.09,103.3,1,0.05,3189,102.5,1230,2460
23.787,-17.90,103.9,1,0.02,3278,103.0,1236,2472
23.808,-17.96,104.5,1,0.02,3240,103.0,1236,2472
23.829,-18.46,105.1,1,0.01,3313,105.0,1260,2520
23.851,-18.25,106.3,1,0.01,3627,105.0,1260,2520
23.872,-16.85,106.3,1,0.01,3574,105.0,1260,2520
23.893,-17.04,107.5,1,0.01,3437,107.5,1290,2580
23.915,-18.10,108.2,1,0.01,3516,107.5,1290,2580
23.936,-18.70,,0,0.01,3559,107.5,1290,2580
23.957,-18.90,,0,0.01,3557,107.5,1290,2580
23.979,-18.29,,0,0.01,3403,109.5,1314,2628
24.000,-17.59,,0,0.01,3412,109.5,1314,2628
24.021,-17.88,,0,0.01,3353,109.5,1314,2628
24.043,-18.17,,0,0.01,3450,113.0,1356,2712
24.064,-17.74,,0,0.01,3634,113.5,1362,2724
24.085,-18.03,,0,0.01,3642,113.5,1362,2724
24.107,-17.88,114.6,1,0.01,3609,115.5,1386,2772
24.128,-17.83,115.9,1,0.01,3545,116.5,1398,2796
24.149,-18.26,118.6,1,0.01,3619,116.5,1398,2796
24.171,-18.19,120.7,1,0.01,3694,116.5,1398,2796
24.192,-18.40,122.8,1,0.01,3738,116.5,1398,2796
24.213,-17.75,123.5,1,0.01,3932,124.0,1488,2976
24.235,-17.33,124.2,1,0.01,3849,124.5,1494,2988
24.256,-17.64,127.1,1,0.01,3739,124.5,1494,2988
24.277,-17.43,127.1,1,0.01,3736,128.0,1536,3072
24.299,-16.72,127.9,1,0.01,3848,130.0,1560,3120
24.320,-16.81,128.6,1,0.01,3956,130.0,1560,3120
24.341,-17.27,129.4,1,0.01,4172,130.0,1560,3120
24.363,-17.42,130.1,1,0.01,4187,130.5,1566,3132
24.384,-17.23,131.6,1,0.01,4112,130.5,1566,3132
24.405,-17.21,131.6,1,0.01,4010,131.0,1572,3144
24.427,-17.56,132.4,1,0.01,4104,131.0,1572,3144
24.448,-17.55,134.7,1,0.01,4072,131.0,1572,3144
24.469,-17.59,133.9,1,0.01,4054,133.0,1596,3192
24.491,-17.26,133.1,1,0.01,3900,133.0,1596,3192
24.512,-16.73,133.1,1,0.01,3861,133.0,1596,3192
24.533,-16.52,132.4,1,0.01,3768,133.0,1596,3192
24.555,-16.72,133.1,1,0.01,3746,133.0,1596,3192
24.576,-17.33,133.1,1,0.01,3864,133.0,1596,3192
24.597,-17.61,134.7,1,0.01,3900,133.0,1596,3192
24.619,-17.23,135.5,1,0.01,4018,136.0,1632,3264
24.640,-16.88,135.5,1,0.01,3993,136.0,1632,3264
24.661,-16.69,136.3,1,0.01,4145,136.0,1632,3264
24.683,-17.15,136.3,1,0.01,4189,136.5,1638,3276
24.704,-17.37,137.0,1,0.01,3967,137.0,1644,3288
24.725,-16.81,137.8,1,0.01,3921,137.0,1644,3288
24.747,-16.61,138.6,1,0.01,3843,137.0,1644,3288
24.768,-16.59,138.6,1,0.01,3739,138.0,1656,3312
24.789,-16.59,140.3,1,0.01,3804,142.0,1704,3408
24.811,-16.37,141.1,1,0.01,3738,142.0,1704,3408
24.832,-16.33,141.9,1,0.02,3624,142.0,1704,3408
24.853,-15.89,142.7,1,0.02,3590,142.0,1704,3408
24.875,-15.94,141.1,1,0.02,3701,142.0,1704,3408
24.896,-16.22,142.7,1,0.01,3752,142.0,1704,3408
24.917,-15.97,143.5,1,0.01,3633,142.0,1704,3408
24.939,-16.32,143.5,1,0.01,3661,142.0,1704,3408
24.960,-16.57,143.5,1,0.01,3935,142.5,1710,3420
24.981,-16.30,144.4,1,0.01,4051,292.5,3510,7020
25.003,-16.19,146.9,1,0.01,3851,293.0,3516,7032
25.024,-16.43,146.9,1,0.01,3867,293.5,3522,7044
25.045,-17.01,147.7,1,0.01,4126,293.5,3522,7044
25.067,-17.67,148.6,1,0.01,4177,152.0,1824,3648
25.088,-18.23,152.9,1,0.01,4177,152.0,1824,3648
25.109,-17.46,152.9,1,0.01,4095,152.0,1824,3648
25.131,-16.46,152.9,1,0.01,3959,152.0,1824,3648
25.152,-16.41,,0,0.01,3861,152.0,1824,3648
25.173,-16.60,,0,0.01,3946,101.5,1218,2436
25.195,-16.77,,0,0.01,4061,101.5,1218,2436
25.216,-16.59,,0,0.01,3839,101.5,1218,2436
25.237,-16.40,,0,0.01,3711,101.5,1218,2436
25.259,-16.09,,0,0.01,3790,101.5,1218,2436
25.280,-16.03,,0,0.01,3851,310.0,3720,7440
25.301,-16.32,,0,0.02,3871,310.0,3720,7440
25.323,-15.86,,0,0.02,3822,156.5,1878,3756
25.344,-15.63,,0,0.02,3844,160.0,1920,3840
25.365,-16.21,,0,0.01,3862,160.0,1920,3840
25.387,-16.55,,0,0.01,4005,160.0,1920,3840
25.408,-16.30,,0,0.01,4090,160.0,1920,3840
25.429,-16.30,,0,0.02,4044,323.5,3882,7764
25.451,-16.72,,0,0.01,3966,323.5,3882,7764
25.472,-17.21,,0,0.01,4121,162.0,1944,3888
25.493,-16.96,,0,0.01,4098,162.0,1944,3888
25.515,-16.57,,0,0.01,4131,162.0,1944,3888
25.536,-16.62,,0,0.01,4212,165.5,1986,3972
25.557,-16.58,,0,0.01,4172,165.5,1986,3972
25.579,-16.65,,0,0.01,4195,166.5,1998,3996
25.600,-16.66,,0,0.01,4201,166.5,1998,3996
25.621,-16.72,,0,0.01,4252,166.5,1998,3996
25.643,-16.90,,0,0.01,4299,168.5,2022,4044
25.664,-17.03,,0,0.01,4223,168.5,2022,4044
25.685,-16.84,,0,0.01,4143,168.5,2022,4044
25.707,-16.62,,0,0.01,4184,170.5,2046,4092
25.728,-16.49,,0,0.01,4197,172.0,2064,4128
25.749,-16.42,,0,0.01,4192,345.0,4140,8280
25.771,-16.47,,0,0.01,4041,345.0,4140,8280
25.792,-16.44,,0,0.01,4063,174.5,2094,4188
25.813,-16.28,,0,0.01,4384,174.5,2094,4188
25.835,-16.24,,0,0.01,4448,175.0,2100,4200
25.856,-16.80,,0,0.01,4541,176.5,2118,4236
25.877,-17.14,,0,0.01,4602,176.5,2118,4236
25.899,-16.97,,0,0.01,4505,176.5,2118,4236
25.920,-16.79,,0,0.01,4274,176.5,2118,4236
25.941,-16.62,,0,0.01,4396,177.0,2124,4248
25.963,-16.04,,0,0.01,4400,177.0,2124,4248
25.984,-15.64,,0,0.01,4537,177.0,2124,4248
26.005,-16.13,,0,0.01,4609,177.0,2124,4248
26.027,-16.58,,0,0.01,4582,361.0,4332,8664
26.048,-16.32,,0,0.01,4579,120.5,1446,2892
26.069,-16.58,,0,0.01,4289,120.5,1446,2892
26.091,-17.23,,0,0.01,4274,120.5,1446,2892
26.112,-17.03,,0,0.01,4321,370.0,4440,8880
26.133,-16.60,,0,0.01,4395,370.0,4440,8880
26.155,-16.23,,0,0.01,4505,185.5,2226,4452
26.176,-16.11,,0,0.01,4530,370.5,4446,8892
26.197,-16.04,,0,0.01,4440,370.5,4446,8892
26.219,-16.01,,0,0.01,4339,187.5,2250,4500
26.240,-16.21,,0,0.01,4344,188.0,2256,4512
26.261,-16.46,,0,0.01,4183,188.0,2256,4512
26.283,-16.66,,0,0.01,4042,188.0,2256,4512
26.304,-16.95,,0,0.01,4044,188.0,2256,4512
26.325,-16.97,,0,0.01,4025,188.0,2256,4512
26.347,-16.88,,0,0.01,3999,188.0,2256,4512
26.368,-16.47,,0,0.01,4208,188.0,2256,4512
26.389,-15.86,,0,0.01,4273,192.5,2310,4620
26.411,-15.62,,0,0.02,4492,192.5,2310,4620
26.432,-15.66,,0,0.02,4390,192.5,2310,4620
26.453,-16.21,,0,0.01,4164,192.5,2310,4620
26.475,-16.90,,0,0.01,4274,192.0,2304,4608
26.496,-16.84,,0,0.01,4324,195.0,2340,4680
26.517,-16.81,,0,0.01,4393,195.0,2340,4680
26.539,-17.20,,0,0.01,4421,195.0,2340,4680
26.560,-17.10,,0,0.01,4444,195.0,2340,4680
26.581,-16.96,,0,0.01,4658,390.0,4680,9360
26.603,-17.31,,0,0.01,4746,390.0,4680,9360
26.624,-17.41,,0,0.01,4679,199.5,2394,4788
26.645,-17.22,,0,0.01,4569,199.5,2394,4788
26.667,-17.22,,0,0.01,4645,199.5,2394,4788
26.688,-16.87,,0,0.01,4492,199.5,2394,4788
26.709,-16.59,,0,0.01,4456,199.5,2394,4788
26.731,-16.73,,0,0.01,4414,199.5,2394,4788
26.752,-16.65,,0,0.01,4549,268.5,3222,6444
26.773,-16.26,,0,0.01,4709,268.5,3222,6444
26.795,-16.32,,0,0.01,4729,268.5,3222,6444
26.816,-16.48,,0,0.02,4603,405.5,4866,9732
26.837,-16.22,,0,0.01,4551,409.5,4914,9828
26.859,-16.14,,0,0.01,4669,410.5,4926,9852
26.880,-16.39,,0,0.01,4556,414.5,4974,9948
26.901,-16.33,,0,0.01,4516,414.5,4974,9948
26.923,-16.28,,0,0.01,4547,414.5,4974,9948
26.944,-16.31,,0,0.01,4528,414.5,4974,9948
26.965,-16.57,,0,0.01,4508,207.5,2490,4980
26.987,-16.97,,0,0.01,4609,207.5,2490,4980
27.008,-17.13,,0,0.01,4777,209.0,2508,5016
27.029,-17.30,,0,0.01,4827,209.0,2508,5016
27.051,-16.89,,0,0.01,4781,209.0,2508,5016
27.072,-16.41,,0,0.02,4773,209.0,2508,5016
27.093,-16.06,,0,0.04,4970,209.0,2508,5016
27.115,-15.70,,0,0.05,4939,424.0,5088,10176
27.136,-15.76,,0,0.03,4870,424.0,5088,10176
27.157,-16.30,,0,0.01,4548,425.5,5106,10212
27.179,-16.65,,0,0.01,4420,430.5,5166,10332
27.200,-16.58,,0,0.01,4500,430.5,5166,10332
27.221,-16.48,,0,0.01,4648,430.5,5166,10332
27.243,-16.67,,0,0.01,4697,430.5,5166,10332
27.264,-17.46,,0,0.01,4546,430.5,5166,10332
27.285,-17.24,,0,0.01,4476,430.5,5166,10332
27.307,-16.61,,0,0.01,4514,430.5,5166,10332
27.328,-17.61,,0,0.01,4397,430.5,5166,10332
27.349,-19.05,,0,0.01,4238,215.0,2580,5160
27.371,-19.09,,0,0.01,4342,207.0,2484,4968
27.392,-17.94,,0,0.01,4510,207.0,2484,4968
27.413,-18.11,,0,0.01,4493,212.0,2544,5088
27.435,-19.41,,0,0.01,4235,212.0,2544,5088
27.456,-19.55,,0,0.01,4186,212.0,2544,5088
27.477,-19.73,,0,0.01,4250,136.0,1632,3264
27.499,-20.02,,0,0.01,4322,136.0,1632,3264
27.520,-20.05,,0,0.01,4464,136.0,1632,3264
27.541,-19.90,,0,0.01,4474,136.0,1632,3264
27.563,-19.85,,0,0.01,4485,135.5,1626,3252
27.584,-20.07,,0,0.01,4488,135.5,1626,3252
27.605,-20.37,,0,0.01,4677,135.5,1626,3252
27.627,-20.30,,0,0.01,4645,135.5,1626,3252
27.648,-20.36,,0,0.01,4536,134.0,1608,3216
27.669,-20.29,,0,0.01,4501,134.0,1608,3216
27.691,-20.23,,0,0.01,4724,134.0,1608,3216
27.712,-20.25,,0,0.01,4929,134.5,1614,3228
27.733,-20.25,,0,0.01,4779,134.5,1614,3228
27.755,-20.21,,0,0.01,4760,134.5,1614,3228
27.776,-19.69,,0,0.01,4677,134.0,1608,3216
27.797,-19.90,,0,0.01,4527,134.0,1608,3216
27.819,-19.92,,0,0.01,4599,134.0,1608,3216
27.840,-19.83,32.3,1,0.01,4548,334.0,4008,8016
27.861,-20.30,34.9,1,0.01,4547,334.0,4008,8016
27.883,-20.36,33.5,1,0.01,4491,200.0,2400,4800
27.904,-20.21,33.5,1,0.01,4512,133.0,1596,3192
27.925,-20.34,33.3,1,0.01,4487,133.0,1596,3192
27.947,-20.54,33.3,1,0.01,4570,400.0,4800,9600
27.968,-19.75,33.3,1,0.01,4445,400.0,4800,9600
27.989,-19.41,33.3,1,0.01,4244,199.5,2394,4788
28.011,-20.17,32.9,1,0.01,4331,396.0,4752,9504
28.032,-20.04,33.3,1,0.01,4436,198.0,2376,4752
28.053,-19.85,31.8,1,0.01,4416,198.0,2376,4752
28.075,-20.51,33.1,1,0.01,4357,198.0,2376,4752
28.096,-20.43,33.1,1,0.01,4301,131.0,1572,3144
28.117,-19.73,32.9,1,0.01,4301,131.0,1572,3144
28.139,-19.63,,0,0.01,4348,131.0,1572,3144
28.160,-20.17,,0,0.01,4398,131.0,1572,3144
28.181,-20.19,,0,0.01,4341,131.0,1572,3144
28.203,-19.41,,0,0.01,4349,130.0,1560,3120
28.224,-19.11,32.7,1,0.01,4391,129.5,1554,3108
28.245,-19.24,32.5,1,0.01,4334,129.5,1554,3108
28.267,-19.34,33.9,1,0.01,4351,129.0,1548,3096
28.288,-19.91,32.3,1,0.01,4328,128.5,1542,3084
28.309,-20.20,32.3,1,0.01,4169,128.5,1542,3084
28.331,-19.97,32.3,1,0.01,4076,128.5,1542,3084
28.352,-19.71,32.2,1,0.01,4092,128.5,1542,3084
28.373,-19.16,,0,0.01,4083,128.5,1542,3084
28.395,-18.88,32.2,1,0.01,4095,192.5,2310,4620
28.416,-18.58,32.0,1,0.01,4053,128.5,1542,3084
28.437,-18.72,32.0,1,0.01,4080,128.5,1542,3084
28.459,-19.56,31.8,1,0.01,4100,128.5,1542,3084
28.480,-19.27,33.3,1,0.01,4151,126.0,1512,3024
28.501,-18.87,31.6,1,0.01,4157,126.0,1512,3024
28.523,-19.46,31.4,1,0.01,4091,126.0,1512,3024
28.544,-19.57,,0,0.01,4097,125.5,1506,3012
28.565,-18.81,,0,0.01,4195,125.5,1506,3012
28.587,-18.56,,0,0.01,4149,375.5,4506,9012
28.608,-19.02,,0,0.01,4111,375.5,4506,9012
28.629,-19.67,,0,0.01,4093,124.5,1494,2988
28.651,-19.78,,0,0.01,4151,124.5,1494,2988
28.672,-19.68,,0,0.01,4238,124.0,1488,2976
28.693,-19.36,,0,0.01,4176,123.5,1482,2964
28.715,-19.10,,0,0.01,4198,123.5,1482,2964
28.736,-19.08,,0,0.01,4286,123.5,1482,2964
28.757,-19.41,30.7,1,0.01,4293,368.0,4416,8832
28.779,-19.87,30.7,1,0.01,4162,367.0,4404,8808
28.800,-19.70,30.5,1,0.01,4114,366.5,4398,8796
28.821,-19.10,30.5,1,0.01,4110,366.5,4398,8796
28.843,-18.43,30.3,1,0.01,4162,363.5,4362,8724
28.864,-18.48,30.2,1,0.01,4219,364.0,4368,8736
28.885,-18.64,33.1,1,0.01,4262,364.0,4368,8736
28.907,-19.22,30.0,1,0.01,4232,364.0,4368,8736
28.928,-19.30,32.9,1,0.01,4281,419.0,5028,10056
28.949,-19.26,32.9,1,0.01,4316,120.0,1440,2880
28.971,-20.07,32.9,1,0.01,4258,120.0,1440,2880
28.992,-20.24,31.4,1,0.01,4224,357.5,4290,8580
29.013,-19.56,,0,0.01,4117,357.5,4290,8580
29.035,-18.43,,0,0.01,4151,118.5,1422,2844
29.056,-18.31,,0,0.01,4137,118.0,1416,2832
29.077,-18.82,,0,0.01,4171,118.0,1416,2832
29.099,-18.24,,0,0.01,4298,118.0,1416,2832
29.120,-18.37,,0,0.01,4261,118.0,1416,2832
29.141,-19.07,,0,0.01,4121,118.0,1416,2832
29.163,-19.29,,0,0.01,4126,118.0,1416,2832
29.184,-19.15,58.6,1,0.01,4113,118.0,1416,2832
29.205,-18.58,58.6,1,0.01,4137,118.0,1416,2832
29.227,-18.67,58.3,1,0.01,3918,,,
29.248,-18.80,57.6,1,0.01,3561,114.5,1374,2748
29.269,-19.15,57.6,1,0.01,3654,114.5,1374,2748
29.291,-18.90,57.3,1,0.01,3918,171.0,2052,4104
29.312,-18.66,57.3,1,0.01,4024,171.0,2052,4104
29.333,-18.69,57.3,1,0.01,3934,114.0,1368,2736
29.355,-18.64,57.3,1,0.01,3922,285.5,3426,6852
29.376,-18.96,57.3,1,0.01,3962,169.5,2034,4068
29.397,-18.98,57.0,1,0.01,3986,171.0,2052,4104
29.419,-18.35,57.0,1,0.01,4040,170.0,2040,4080
29.440,-18.55,56.6,1,0.01,4038,169.5,2034,4068
29.461,-19.02,56.6,1,0.01,4015,169.5,2034,4068
29.483,-18.90,56.6,1,0.01,3936,169.5,2034,4068
29.504,-18.86,56.3,1,0.01,3889,169.0,2028,4056
29.525,-18.63,56.3,1,0.01,3904,169.0,2028,4056
29.547,-19.07,56.3,1,0.01,3897,168.0,2016,4032
29.568,-19.69,56.0,1,0.01,3854,168.0,2016,4032
29.589,-19.86,,0,0.01,3815,166.5,1998,3996
29.611,-19.29,,0,0.01,3733,166.5,1998,3996
29.632,-19.01,,0,0.01,3643,165.5,1986,3972
29.653,-18.47,,0,0.01,3439,165.5,1986,3972
29.675,-18.01,,0,0.01,3415,165.5,1986,3972
29.696,-18.19,,0,0.01,3591,164.5,1974,3948
29.717,-18.94,,0,0.01,3682,164.0,1968,3936
29.739,-19.25,,0,0.01,3734,164.0,1968,3936
29.760,-18.62,,0,0.01,3733,164.0,1968,3936
29.781,-18.47,,0,0.01,3757,162.5,1950,3900
29.803,-18.26,,0,0.01,3763,162.5,1950,3900
29.824,-18.45,,0,0.01,3668,322.0,3864,7728
29.845,-19.06,,0,0.01,3615,321.5,3858,7716
29.867,-19.31,,0,0.01,3657,321.5,3858,7716
29.888,-19.69,,0,0.01,3654,321.5,3858,7716
29.909,-19.74,,0,0.01,3749,321.5,3858,7716
29.931,-19.60,,0,0.01,3776,321.0,3852,7704
29.952,-19.55,,0,0.01,3926,314.5,3774,7548
29.973,-18.90,,0,0.01,3951,314.5,3774,7548
29.995,-18.36,,0,0.01,4037,315.5,3786,7572
30.016,-18.97,,0,0.01,3983,316.0,3792,7584
30.037,-19.32,,0,0.01,3855,316.0,3792,7584
30.059,-19.50,,0,0.01,3862,158.0,1896,3792
30.080,-19.84,,0,0.01,3848,311.5,3738,7476
30.101,-19.41,,0,0.01,3933,311.0,3732,7464
30.123,-19.11,,0,0.01,3915,311.0,3732,7464
30.144,-18.11,,0,0.01,3845,309.5,3714,7428
30.165,-17.84,,0,0.01,3791,309.5,3714,7428
30.187,-17.95,,0,0.01,3711,307.5,3690,7380
30.208,-17.99,,0,0.01,3772,307.5,3690,7380
30.229,-18.38,,0,0.01,3725,307.5,3690,7380
30.251,-19.47,,0,0.01,3702,306.5,3678,7356
30.272,-20.07,,0,0.01,3753,306.5,3678,7356
30.293,-19.16,,0,0.01,3789,101.5,1218,2436
30.315,-18.61,,0,0.01,3838,303.0,3636,7272
30.336,-18.14,,0,0.01,3824,,,
30.357,-18.86,,0,0.01,3728,300.0,3600,7200
30.379,-20.32,,0,0.01,3696,300.0,3600,7200
30.400,-20.57,,0,0.01,3830,301.0,3612,7224
30.421,-19.94,,0,0.01,3754,294.0,3528,7056
30.443,-20.23,,0,0.01,3740,294.0,3528,7056
30.464,-21.09,,0,0.01,3689,294.0,3528,7056
30.485,-20.39,,0,0.01,3689,294.0,3528,7056
30.507,-19.80,,0,0.01,3634,294.0,3528,7056
30.528,-19.75,,0,0.01,3544,294.0,3528,7056
30.549,-19.24,,0,0.01,3576,293.0,3516,7032
30.571,-19.00,,0,0.01,3621,291.0,3492,6984
30.592,-19.68,,0,0.01,3653,291.0,3492,6984
30.613,-20.00,,0,0.01,3679,289.0,3468,6936
30.635,-19.26,,0,0.01,3619,144.0,1728,3456
30.656,-18.58,,0,0.01,3682,144.0,1728,3456
30.677,-17.60,,0,0.01,3770,143.5,1722,3444
30.699,-16.89,,0,0.01,3695,143.5,1722,3444
30.720,-17.11,,0,0.01,3679,286.5,3438,6876
30.741,-18.32,,0,0.01,3694,143.0,1716,3432
30.763,-18.95,,0,0.01,3701,143.0,1716,3432
30.784,-18.29,,0,0.01,3709,143.0,1716,3432
30.805,-18.49,,0,0.01,3754,140.5,1686,3372
30.827,-18.96,,0,0.01,3744,140.5,1686,3372
30.848,-19.16,,0,0.01,3669,140.5,1686,3372
30.869,-18.91,,0,0.01,3569,140.5,1686,3372
30.891,-18.77,,0,0.01,3565,139.0,1668,3336
30.912,-18.98,,0,0.01,3639,139.0,1668,3336
30.933,-18.68,,0,0.01,3764,138.5,1662,3324
30.955,-18.05,,0,0.01,3708,138.5,1662,3324
30.976,-17.81,,0,0.01,3584,138.5,1662,3324
30.997,-18.14,,0,0.01,3588,272.0,3264,6528
31.019,-18.48,,0,0.01,3579,272.0,3264,6528
31.040,-18.18,,0,0.01,3519,272.0,3264,6528
31.061,-17.38,,0,0.01,3534,136.0,1632,3264
31.083,-17.52,,0,0.01,3510,136.0,1632,3264
31.104,-18.92,,0,0.01,3459,267.5,3210,6420
31.125,-19.27,,0,0.01,3446,267.5,3210,6420
31.147,-18.49,,0,0.01,3358,267.5,3210,6420
31.168,-18.46,,0,0.01,3474,132.0,1584,3168
31.189,-18.69,,0,0.01,3474,132.0,1584,3168
31.211,-18.23,,0,0.01,3355,132.0,1584,3168
31.232,-17.98,,0,0.01,3371,132.0,1584,3168
31.253,-18.41,,0,0.01,3486,107.0,1284,2568
31.275,-19.04,,0,0.01,3455,107.0,1284,2568
31.296,-18.95,,0,0.01,3296,107.0,1284,2568
31.317,-18.40,,0,0.01,3318,107.0,1284,2568
31.339,-18.00,,0,0.01,3341,107.5,1290,2580
31.360,-17.82,,0,0.01,3306,108.0,1296,2592
31.381,-17.70,,0,0.01,3237,108.0,1296,2592
31.403,-17.77,,0,0.01,3230,108.0,1296,2592
31.424,-18.09,,0,0.01,3265,108.5,1302,2604
31.445,-18.75,,0,0.01,3231,108.5,1302,2604
31.467,-19.12,,0,0.01,3327,109.5,1314,2628
31.488,-17.88,,0,0.01,3226,109.5,1314,2628
31.509,-17.32,,0,0.01,3210,109.5,1314,2628
31.531,-17.37,,0,0.01,3281,110.5,1326,2652
31.552,-17.99,36.7,1,0.01,3266,110.5,1326,2652
31.573,-18.91,37.1,1,0.01,3326,111.0,1332,2664
31.595,-18.22,37.4,1,0.01,3416,111.0,1332,2664
31.616,-17.75,37.4,1,0.01,3449,111.0,1332,2664
31.637,-18.01,37.4,1,0.01,3479,111.5,1338,2676
31.659,-18.04,45.2,1,0.01,3599,112.5,1350,2700
31.680,-18.18,37.4,1,0.01,3588,112.5,1350,2700
31.701,-17.79,37.4,1,0.01,3491,112.5,1350,2700
31.723,-18.21,37.8,1,0.01,3464,112.5,1350,2700
31.744,-19.10,37.8,1,0.01,3398,113.5,1362,2724
31.765,-18.25,37.8,1,0.01,3423,113.5,1362,2724
31.787,-18.38,37.8,1,0.01,3366,114.0,1368,2736
31.808,-18.04,38.0,1,0.01,3381,114.0,1368,2736
31.829,-17.67,38.0,1,0.01,3414,114.0,1368,2736
31.851,-18.60,38.2,1,0.01,3484,114.5,1374,2748
31.872,-18.92,38.5,1,0.01,3472,115.5,1386,2772
31.893,-18.98,,0,0.01,3502,115.5,1386,2772
31.915,-19.25,38.7,1,0.01,3485,115.5,1386,2772
31.936,-19.02,38.9,1,0.01,3485,116.5,1398,2796
31.957,-19.00,38.9,1,0.01,3503,116.5,1398,2796
31.979,-19.04,38.9,1,0.01,3577,117.0,1404,2808
32.000,-18.34,39.4,1,0.01,3641,117.0,1404,2808
32.021,-18.23,39.4,1,0.01,3633,117.5,1410,2820
32.043,-18.35,39.4,1,0.01,3647,117.5,1410,2820
32.064,-18.45,39.6,1,0.01,3600,117.5,1410,2820
32.085,-18.20,39.6,1,0.01,3548,117.5,1410,2820
32.107,-18.56,39.6,1,0.01,3552,118.5,1422,2844
32.128,-19.78,,0,0.01,3667,118.5,1422,2844
32.149,-18.97,,0,0.01,3639,119.0,1428,2856
32.171,-18.65,,0,0.00,3618,119.0,1428,2856
32.192,-19.06,,0,0.01,3713,119.0,1428,2856
32.213,-18.24,,0,0.01,3651,119.0,1428,2856
32.235,-18.12,,0,0.01,3612,121.5,1458,2916
32.256,-18.04,,0,0.01,3629,121.0,1452,2904
32.277,-17.86,,0,0.01,3681,121.0,1452,2904
32.299,-17.93,,0,0.01,3717,121.0,1452,2904
32.320,-18.06,,0,0.01,3788,121.0,1452,2904
32.341,-18.57,,0,0.01,3799,121.0,1452,2904
32.363,-18.34,,0,0.01,3711,81.5,978,1956
32.384,-18.49,,0,0.01,3703,82.0,984,1968
32.405,-19.10,,0,0.01,3762,124.5,1494,2988
32.427,-19.32,,0,0.01,3718,124.5,1494,2988
32.448,-18.76,,0,0.01,3576,124.5,1494,2988
32.469,-18.38,,0,0.01,3617,124.5,1494,2988
32.491,-18.60,,0,0.01,3635,124.5,1494,2988
32.512,-18.59,,0,0.01,3644,124.5,1494,2988
32.533,-18.59,,0,0.01,3678,125.0,1500,3000
32.555,-18.17,,0,0.01,3783,125.0,1500,3000
32.576,-17.88,42.4,1,0.01,3774,126.5,1518,3036
32.597,-18.00,42.4,1,0.01,3722,126.5,1518,3036
32.619,-18.26,42.4,1,0.01,3793,126.5,1518,3036
32.640,-18.61,42.7,1,0.01,3748,127.5,1530,3060
32.661,-17.77,42.7,1,0.01,3716,128.5,1542,3084
32.683,-17.13,42.9,1,0.01,3620,128.5,1542,3084
32.704,-17.57,42.9,1,0.01,3637,128.5,1542,3084
32.725,-17.86,43.2,1,0.01,3668,128.5,1542,3084
32.747,-17.95,43.2,1,0.01,3702,129.0,1548,3096
32.768,-18.11,43.4,1,0.01,3704,129.0,1548,3096
32.789,-18.17,43.4,1,0.01,3691,129.5,1554,3108
32.811,-18.69,43.4,1,0.01,3709,130.0,1560,3120
32.832,-18.57,43.4,1,0.01,3727,130.0,1560,3120
32.853,-18.30,43.9,1,0.01,3724,131.5,1578,3156
32.875,-18.52,44.2,1,0.01,3770,131.5,1578,3156
32.896,-18.61,44.2,1,0.01,3793,132.5,1590,3180
32.917,-18.53,,0,0.01,3809,132.5,1590,3180
32.939,-17.70,44.7,1,0.01,3796,132.5,1590,3180
32.960,-17.60,44.7,1,0.01,3800,134.0,1608,3216
32.981,-18.52,44.7,1,0.01,3832,134.0,1608,3216
33.003,-18.90,44.9,1,0.01,3894,134.0,1608,3216
33.024,-18.44,44.9,1,0.01,3866,135.0,1620,3240
33.045,-18.27,44.9,1,0.01,3887,135.5,1626,3252
33.067,-18.58,45.5,1,0.01,3798,136.0,1632,3264
33.088,-18.62,45.5,1,0.01,3930,136.0,1632,3264
33.109,-18.57,45.5,1,0.01,3956,136.0,1632,3264
33.131,-18.67,45.7,1,0.01,4021,136.0,1632,3264
33.152,-18.22,,0,0.01,4044,136.0,1632,3264
33.173,-17.36,,0,0.01,3891,136.0,1632,3264
33.195,-17.59,45.2,1,0.01,3905,136.0,1632,3264
33.216,-18.45,44.9,1,0.01,3906,136.0,1632,3264
33.237,-18.33,44.7,1,0.01,3963,135.0,1620,3240
33.259,-18.10,44.7,1,0.01,3847,134.5,1614,3228
33.280,-17.89,44.7,1,0.01,3736,89.0,1068,2136
33.301,-17.63,44.7,1,0.01,3678,89.0,1068,2136
33.323,-18.11,44.4,1,0.01,3594,89.0,1068,2136
33.344,-18.74,44.4,1,0.01,3583,89.0,1068,2136
33.365,-18.33,44.4,1,0.01,3601,88.5,1062,2124
33.387,-17.98,44.4,1,0.01,3739,88.5,1062,2124
33.408,-17.86,44.4,1,0.01,3689,88.5,1062,2124
33.429,-17.29,,0,0.01,3640,88.5,1062,2124
33.451,-17.69,,0,0.01,3460,88.5,1062,2124
33.472,-17.95,,0,0.01,3427,127.5,1530,3060
33.493,-17.41,,0,0.01,3348,132.0,1584,3168
33.515,-18.02,,0,0.01,3428,132.5,1590,3180
33.536,-17.66,,0,0.01,3360,132.5,1590,3180
33.557,-16.87,,0,0.01,3168,132.5,1590,3180
33.579,-16.58,,0,0.01,2980,132.5,1590,3180
33.600,-16.11,,0,0.01,2925,128.5,1542,3084
33.621,-16.79,,0,0.01,2807,128.5,1542,3084
33.643,-18.99,,0,0.01,3129,128.5,1542,3084
33.664,-19.95,,0,0.01,3370,131.0,1572,3144
33.685,-19.14,,0,0.01,3460,131.0,1572,3144
33.707,-19.00,,0,0.01,3555,131.0,1572,3144
33.728,-19.22,,0,0.01,3501,131.0,1572,3144
33.749,-17.39,,0,0.01,3564,131.0,1572,3144
33.771,-16.38,,0,0.01,3737,131.0,1572,3144
33.792,-16.93,,0,0.01,3481,166.5,1998,3996
33.813,-16.77,,0,0.01,3156,,,
33.835,-16.79,,0,0.01,3363,,,
33.856,-17.55,,0,0.01,3254,,,
33.877,-18.01,,0,0.00,3130,,,
33.899,-18.24,,0,0.00,3179,,,
33.920,-18.23,,0,0.00,3145,165.0,1980,3960
33.941,-18.57,,0,0.01,3205,165.0,1980,3960
33.963,-19.16,,0,0.01,3280,165.0,1980,3960
33.984,-19.24,,0,0.01,3204,,,
34.005,-19.72,,0,0.01,3158,,,
34.027,-20.20,,0,0.01,3148,442.5,5310,10620
34.048,-19.56,,0,0.01,3162,,,
34.069,-18.12,,0,0.01,3004,415.0,4980,9960
34.091,-18.07,,0,0.01,3069,415.0,4980,9960
34.112,-18.65,,0,0.01,3165,,,
34.133,-18.45,,0,0.01,3235,,,
34.155,-18.44,,0,0.01,3164,,,
34.176,-18.66,,0,0.01,3190,105.5,1266,2532
34.197,-18.79,,0,0.01,3219,,,
34.219,-17.26,,0,0.01,2903,,,
34.240,-15.79,,0,0.01,2474,,,
34.261,-16.33,,0,0.01,1954,,,
34.283,-16.88,,0,0.01,1902,,,
34.304,-17.23,,0,0.01,1984,,,
34.325,-18.75,,0,0.01,2212,,,
34.347,-18.68,,0,0.01,2395,,,
34.368,-19.26,,0,0.01,2568,,,
34.389,-20.90,,0,0.01,2919,,,
34.411,-20.78,,0,0.01,3061,,,
34.432,-19.89,,0,0.01,2993,,,
34.453,-19.30,,0,0.01,3051,167.0,2004,4008
34.475,-19.55,,0,0.01,3245,167.0,2004,4008
34.496,-19.32,,0,0.01,3293,,,
34.517,-19.53,,0,0.01,3398,,,
34.539,-19.48,,0,0.01,3529,165.0,1980,3960
34.560,-18.80,,0,0.01,3554,165.0,1980,3960
34.581,-18.20,,0,0.01,3636,165.0,1980,3960
34.603,-18.05,,0,0.01,3633,84.5,1014,2028
34.624,-18.52,,0,0.01,3627,84.5,1014,2028
34.645,-18.95,,0,0.01,3574,84.5,1014,2028
34.667,-19.92,,0,0.01,3673,84.5,1014,2028
34.688,-19.07,,0,0.01,3624,84.5,1014,2028
34.709,-18.51,,0,0.01,3688,84.5,1014,2028
34.731,-18.80,,0,0.01,3723,84.5,1014,2028
34.752,-18.53,,0,0.01,3667,84.5,1014,2028
34.773,-18.05,,0,0.01,3682,167.5,2010,4020
34.795,-18.16,,0,0.01,3728,85.5,1026,2052
34.816,-17.91,,0,0.01,3715,85.5,1026,2052
34.837,-17.97,,0,0.01,3721,85.5,1026,2052
34.859,-18.79,,0,0.01,3685,85.0,1020,2040
34.880,-18.08,,0,0.01,3529,85.0,1020,2040
34.901,-17.26,,0,0.01,3532,288.5,3462,6924
34.923,-17.79,,0,0.01,3546,87.5,1050,2100
34.944,-18.33,,0,0.01,3480,87.5,1050,2100
34.965,-18.25,,0,0.01,3554,102.5,1230,2460
34.987,-19.18,,0,0.01,3544,102.5,1230,2460
35.008,-18.51,,0,0.01,3352,102.5,1230,2460
35.029,-17.68,,0,0.01,3198,102.5,1230,2460
35.051,-16.34,,0,0.01,2628,,,
35.072,-16.07,,0,0.01,2097,,,
35.093,-16.49,,0,0.01,1954,,,
35.115,-16.63,,0,0.01,1836,,,
35.136,-17.52,,0,0.01,2015,,,
35.157,-18.69,,0,0.01,2301,,,
35.179,-17.99,,0,0.01,2441,,,
35.200,-18.16,,0,0.01,2545,,,
35.221,-18.40,,0,0.01,2619,,,
35.243,-17.21,,0,0.01,2385,,,
35.264,-18.57,,0,0.01,2698,,,
35.285,-19.25,,0,0.01,2878,,,
35.307,-19.25,,0,0.01,2913,143.5,1722,3444
35.328,-17.74,,0,0.01,2697,143.5,1722,3444
35.349,-17.17,,0,0.01,2527,143.5,1722,3444
35.371,-19.55,,0,0.01,2893,,,
35.392,-20.85,,0,0.01,3097,98.5,1182,2364
35.413,-20.17,,0,0.01,3207,97.0,1164,2328
35.435,-20.34,,0,0.01,3150,97.0,1164,2328
35.456,-21.07,,0,0.01,3223,97.0,1164,2328
35.477,-20.60,,0,0.01,3304,97.0,1164,2328
35.499,-19.49,,0,0.01,3168,97.0,1164,2328
35.520,-19.18,,0,0.01,3071,97.0,1164,2328
35.541,-19.23,,0,0.01,3118,96.5,1158,2316
35.563,-19.37,,0,0.01,3062,96.5,1158,2316
35.584,-18.67,,0,0.01,3013,96.5,1158,2316
35.605,-18.44,,0,0.01,2989,96.5,1158,2316
35.627,-18.69,,0,0.01,3051,96.5,1158,2316
35.648,-17.30,,0,0.01,3063,96.5,1158,2316
35.669,-16.64,,0,0.01,3056,96.0,1152,2304
35.691,-17.27,,0,0.01,3185,96.0,1152,2304
35.712,-17.46,,0,0.01,3317,96.0,1152,2304
35.733,-17.84,,0,0.01,3674,96.0,1152,2304
35.755,-16.68,,0,0.01,4360,97.0,1164,2328
35.776,-16.16,,0,0.01,4335,97.0,1164,2328
35.797,-16.76,,0,0.01,3705,97.0,1164,2328
35.819,-16.37,,0,0.01,3710,,,
35.840,-16.37,,0,0.01,3658,,,
35.861,-16.78,,0,0.01,3439,,,
35.883,-17.76,,0,0.01,3298,,,
35.904,-18.81,,0,0.01,3260,,,
35.925,-18.70,,0,0.01,3190,,,
35.947,-19.09,,0,0.01,3144,,,
35.968,-20.06,,0,0.01,3070,,,
35.989,-20.00,,0,0.01,3003,,,
36.011,-20.27,,0,0.01,3144,387.0,4644,9288
36.032,-20.53,,0,0.01,3217,387.0,4644,9288
36.053,-20.40,,0,0.01,3218,,,
36.075,-20.35,,0,0.01,3272,,,
36.096,-20.03,,0,0.01,3264,,,
36.117,-19.85,,0,0.01,3269,172.5,2070,4140
36.139,-19.89,,0,0.01,3332,174.5,2094,4188
36.160,-19.57,,0,0.01,3464,174.5,2094,4188
36.181,-19.51,,0,0.01,3502,174.5,2094,4188
36.203,-19.91,,0,0.01,3490,92.0,1104,2208
36.224,-19.76,,0,0.01,3466,85.5,1026,2052
36.245,-19.07,,0,0.01,3399,85.5,1026,2052
36.267,-19.13,,0,0.01,3212,85.0,1020,2040
36.288,-19.34,,0,0.01,3217,85.0,1020,2040
36.309,-19.25,,0,0.01,3261,85.0,1020,2040
36.331,-18.93,,0,0.01,3218,85.0,1020,2040
36.352,-18.80,,0,0.01,3324,302.5,3630,7260
36.373,-19.08,,0,0.01,3289,302.5,3630,7260
36.395,-18.16,,0,0.01,3058,303.0,3636,7272
36.416,-17.78,,0,0.01,3045,304.0,3648,7296
36.437,-17.82,,0,0.01,3032,304.0,3648,7296
36.459,-18.28,,0,0.01,3073,304.0,3648,7296
36.480,-18.48,,0,0.01,3207,305.0,3660,7320
36.501,-17.66,,0,0.01,3182,305.0,3660,7320
36.523,-17.15,,0,0.01,3117,305.0,3660,7320
36.544,-17.18,,0,0.03,3071,308.5,3702,7404
36.565,-17.42,,0,0.03,3134,308.5,3702,7404
36.587,-18.06,,0,0.02,3094,308.5,3702,7404
36.608,-18.23,,0,0.02,3055,155.0,1860,3720
36.629,-17.75,,0,0.02,3102,312.5,3750,7500
36.651,-17.49,,0,0.03,3090,312.5,3750,7500
36.672,-17.45,,0,0.04,3031,156.5,1878,3756
36.693,-17.64,,0,0.03,3003,156.5,1878,3756
36.715,-18.30,,0,0.01,3149,78.5,942,1884
36.736,-18.91,,0,0.01,3273,315.5,3786,7572
36.757,-18.25,,0,0.01,3352,158.5,1902,3804
36.779,-17.85,,0,0.01,3303,159.5,1914,3828
36.800,-17.94,,0,0.01,3246,80.0,960,1920
36.821,-18.33,,0,0.01,3300,80.0,960,1920
36.843,-18.39,,0,0.01,3409,80.0,960,1920
36.864,-18.07,,0,0.01,3457,81.0,972,1944
36.885,-18.15,,0,0.01,3407,81.0,972,1944
36.907,-18.25,,0,0.01,3357,81.0,972,1944
36.928,-18.13,,0,0.01,3434,81.0,972,1944
36.949,-17.77,,0,0.01,3395,81.0,972,1944
36.971,-17.59,,0,0.01,3201,81.0,972,1944
36.992,-18.28,,0,0.01,3164,81.5,978,1956
37.013,-18.62,,0,0.01,3252,166.0,1992,3984
37.035,-18.72,,0,0.01,3333,166.5,1998,3996
37.056,-18.90,,0,0.01,3329,166.5,1998,3996
37.077,-18.64,,0,0.01,3378,166.0,1992,3984
37.099,-17.91,,0,0.01,3471,167.0,2004,4008
37.120,-17.25,,0,0.01,3374,167.0,2004,4008
37.141,-17.81,,0,0.01,3276,167.0,2004,4008
37.163,-18.48,,0,0.01,3343,340.5,4086,8172
37.184,-18.30,,0,0.01,3322,341.0,4092,8184
37.205,-18.12,,0,0.01,3258,343.5,4122,8244
37.227,-17.90,,0,0.01,3210,343.5,4122,8244
37.248,-18.12,,0,0.01,3243,344.0,4128,8256
37.269,-18.68,,0,0.01,3321,344.0,4128,8256
37.291,-18.90,,0,0.01,3445,344.0,4128,8256
37.312,-19.04,,0,0.01,3454,347.5,4170,8340
37.333,-18.63,,0,0.01,3384,348.0,4176,8352
37.355,-18.04,,0,0.01,3318,348.0,4176,8352
37.376,-18.05,,0,0.01,3330,348.0,4176,8352
37.397,-18.70,,0,0.01,3420,348.0,4176,8352
37.419,-18.42,,0,0.01,3344,356.0,4272,8544
37.440,-17.71,,0,0.01,3374,356.0,4272,8544
37.461,-18.06,,0,0.01,3433,356.0,4272,8544
37.483,-17.84,,0,0.01,3476,356.0,4272,8544
37.504,-17.65,,0,0.01,3473,361.0,4332,8664
37.525,-17.78,,0,0.01,3427,361.0,4332,8664
37.547,-17.73,,0,0.01,3344,360.5,4326,8652
37.568,-17.43,,0,0.01,3300,360.5,4326,8652
37.589,-17.33,,0,0.01,3389,362.0,4344,8688
37.611,-18.08,,0,0.01,3485,362.0,4344,8688
37.632,-18.61,,0,0.01,3514,370.0,4440,8880
37.653,-17.78,,0,0.01,3582,370.0,4440,8880
37.675,-17.43,,0,0.01,3579,370.0,4440,8880
37.696,-17.63,,0,0.01,3445,370.0,4440,8880
37.717,-17.50,,0,0.02,3405,374.5,4494,8988
37.739,-17.58,,0,0.02,3481,374.5,4494,8988
37.760,-17.46,,0,0.02,3405,373.5,4482,8964
37.781,-16.88,,0,0.03,3280,373.5,4482,8964
37.803,-17.21,,0,0.02,3349,380.0,4560,9120
37.824,-17.72,,0,0.02,3384,381.0,4572,9144
37.845,-17.17,,0,0.02,3377,380.5,4566,9132
37.867,-17.03,,0,0.02,3420,380.5,4566,9132
37.888,-17.47,,0,0.01,3471,380.5,4566,9132
37.909,-17.96,,0,0.01,3511,382.0,4584,9168
37.931,-17.52,,0,0.01,3473,386.0,4632,9264
37.952,-17.95,,0,0.01,3453,386.5,4638,9276
37.973,-18.78,,0,0.01,3665,386.5,4638,9276
37.995,-18.50,,0,0.01,3740,386.5,4638,9276
38.016,-18.42,,0,0.01,3647,98.0,1176,2352
38.037,-18.04,,0,0.01,3560,98.0,1176,2352
38.059,-17.86,,0,0.01,3522,98.0,1176,2352
38.080,-18.06,,0,0.01,3567,98.5,1182,2364
38.101,-18.40,,0,0.01,3741,98.5,1182,2364
38.123,-18.29,,0,0.01,3861,100.5,1206,2412
38.144,-17.87,,0,0.01,3885,101.0,1212,2424
38.165,-18.06,,0,0.00,3868,101.0,1212,2424
38.187,-17.72,,0,0.01,3779,102.5,1230,2460
38.208,-17.99,,0,0.00,3751,102.5,1230,2460
38.229,-18.49,,0,0.01,3652,102.5,1230,2460
38.251,-17.99,,0,0.01,3673,103.0,1236,2472
38.272,-17.83,,0,0.01,3640,103.0,1236,2472
38.293,-17.82,,0,0.01,3668,104.0,1248,2496
38.315,-18.07,,0,0.01,3792,104.0,1248,2496
38.336,-18.16,,0,0.01,3756,106.0,1272,2544
38.357,-17.73,,0,0.01,3702,106.5,1278,2556
38.379,-17.30,,0,0.01,3727,106.5,1278,2556
38.400,-17.44,,0,0.01,3820,106.5,1278,2556
38.421,-17.74,,0,0.01,3811,106.5,1278,2556
38.443,-17.52,,0,0.01,3813,108.5,1302,2604
38.464,-17.53,,0,0.01,3877,108.5,1302,2604
38.485,-17.57,,0,0.01,3952,108.5,1302,2604
38.507,-17.39,,0,0.01,3937,111.0,1332,2664
38.528,-17.82,,0,0.01,3998,112.0,1344,2688
38.549,-18.28,,0,0.01,4052,112.0,1344,2688
38.571,-18.19,,0,0.01,4070,112.0,1344,2688
38.592,-18.03,,0,0.01,4136,112.5,1350,2700
38.613,-18.28,,0,0.01,4206,115.5,1386,2772
38.635,-18.31,,0,0.01,4188,115.5,1386,2772
38.656,-18.14,,0,0.01,4006,115.5,1386,2772
38.677,-18.19,,0,0.01,4009,115.5,1386,2772
38.699,-18.09,,0,0.01,3900,115.5,1386,2772
38.720,-17.76,,0,0.01,3814,115.5,1386,2772
38.741,-17.27,116.6,1,0.01,3885,115.5,1386,2772
38.763,-17.32,120.0,1,0.01,4140,120.0,1440,2880
38.784,-17.49,122.8,1,0.01,4194,120.0,1440,2880
38.805,-17.45,123.5,1,0.01,4240,127.5,1530,3060
38.827,-17.61,126.4,1,0.01,4197,127.5,1530,3060
38.848,-17.23,127.9,1,0.01,4323,127.5,1530,3060
38.869,-17.02,127.9,1,0.01,4267,127.5,1530,3060
38.891,-17.18,127.9,1,0.01,4209,127.5,1530,3060
38.912,-17.49,127.9,1,0.01,4215,127.5,1530,3060
38.933,-17.43,127.9,1,0.01,4173,127.5,1530,3060
38.955,-17.13,127.9,1,0.01,4338,127.5,1530,3060
38.976,-17.35,127.9,1,0.01,4240,126.0,1512,3024
38.997,-17.61,127.9,1,0.01,4079,126.0,1512,3024
39.019,-17.58,127.1,1,0.01,4102,126.0,1512,3024
39.040,-17.33,,0,0.01,4019,126.0,1512,3024
39.061,-17.12,,0,0.01,4065,126.0,1512,3024
39.083,-17.21,127.9,1,0.01,4224,126.0,1512,3024
39.104,-17.51,128.6,1,0.01,4314,127.0,1524,3048
39.125,-17.55,128.6,1,0.01,4392,127.0,1524,3048
39.147,-17.36,130.9,1,0.01,4434,130.0,1560,3120
39.168,-16.92,131.6,1,0.01,4339,131.5,1578,3156
39.189,-17.14,131.6,1,0.01,4468,131.5,1578,3156
39.211,-17.22,132.4,1,0.01,4430,131.5,1578,3156
39.232,-16.90,132.4,1,0.01,4346,131.5,1578,3156
39.253,-17.08,132.4,1,0.01,4409,131.5,1578,3156
39.275,-17.19,132.4,1,0.01,4298,132.0,1584,3168
39.296,-17.34,133.1,1,0.01,4359,132.0,1584,3168
39.317,-17.36,134.7,1,0.01,4432,132.0,1584,3168
39.339,-17.32,136.3,1,0.01,4378,271.5,3258,6516
39.360,-17.25,136.3,1,0.01,4484,275.0,3300,6600
39.381,-17.33,137.0,1,0.01,4571,275.0,3300,6600
39.403,-17.25,137.0,1,0.01,4574,275.0,3300,6600
39.424,-17.00,137.0,1,0.01,4531,275.0,3300,6600
39.445,-16.95,137.8,1,0.01,4609,275.5,3306,6612
39.467,-16.91,138.6,1,0.01,4775,275.5,3306,6612
39.488,-17.28,139.4,1,0.01,5016,277.5,3330,6660
39.509,-17.24,139.4,1,0.01,4963,277.5,3330,6660
39.531,-17.06,139.4,1,0.01,4864,139.0,1668,3336
39.552,-17.19,141.1,1,0.01,4892,141.5,1698,3396
39.573,-17.10,141.1,1,0.01,4753,142.0,1704,3408
39.595,-17.02,141.9,1,0.01,4663,142.0,1704,3408
39.616,-16.71,141.9,1,0.01,4417,142.0,1704,3408
39.637,-16.51,,0,0.01,4219,142.0,1704,3408
39.659,-16.79,,0,0.01,4145,142.0,1704,3408
39.680,-17.08,,0,0.01,4244,142.0,1704,3408
39.701,-16.92,,0,0.01,4454,142.5,1710,3420
39.723,-16.82,,0,0.01,4348,142.5,1710,3420
39.744,-17.16,,0,0.01,4363,144.5,1734,3468
39.765,-17.43,49.9,1,0.01,4464,144.5,1734,3468
39.787,-17.48,49.6,1,0.01,4367,148.5,1782,3564
39.808,-17.62,49.6,1,0.01,4458,148.5,1782,3564
39.829,-17.40,49.6,1,0.01,4512,148.5,1782,3564
39.851,-17.17,49.6,1,0.01,4436,148.5,1782,3564
39.872,-17.10,49.6,1,0.01,4495,148.5,1782,3564
39.893,-16.77,49.9,1,0.01,4340,148.5,1782,3564
39.915,-16.94,49.9,1,0.01,4349,148.0,1776,3552
39.936,-17.38,49.9,1,0.01,4451,148.0,1776,3552
39.957,-17.28,50.5,1,0.01,4615,299.0,3588,7176
39.979,-17.05,,0,0.01,4677,152.0,1824,3648
40.000,-17.24,,0,0.01,4621,152.0,1824,3648
40.021,-17.24,,0,0.01,4510,152.5,1830,3660
40.043,-17.03,,0,0.01,4387,152.5,1830,3660
40.064,-16.99,,0,0.01,4325,152.5,1830,3660
40.085,-16.69,,0,0.01,4245,152.5,1830,3660
40.107,-16.61,,0,0.01,4345,103.5,1242,2484
40.128,-16.94,,0,0.01,4493,103.5,1242,2484
40.149,-17.04,,0,0.01,4470,103.5,1242,2484
40.171,-16.68,,0,0.01,4471,103.5,1242,2484
40.192,-16.45,,0,0.01,4387,155.5,1866,3732
40.213,-16.62,,0,0.01,4327,155.5,1866,3732
40.235,-16.79,,0,0.01,4534,157.5,1890,3780
40.256,-17.01,,0,0.01,4740,319.0,3828,7656
40.277,-17.17,,0,0.01,4652,319.0,3828,7656
40.299,-16.97,53.1,1,0.01,4659,319.0,3828,7656
40.320,-17.12,53.5,1,0.01,4587,319.0,3828,7656
40.341,-17.31,53.5,1,0.01,4518,159.5,1914,3828
40.363,-17.40,53.5,1,0.01,4547,159.5,1914,3828
40.384,-17.74,53.5,1,0.01,4634,159.5,1914,3828
40.405,-17.62,54.1,1,0.01,4600,161.0,1932,3864
40.427,-17.42,54.1,1,0.01,4461,161.5,1938,3876
40.448,-17.52,54.4,1,0.01,4396,164.0,1968,3936
40.469,-17.73,54.7,1,0.01,4724,164.0,1968,3936
40.491,-17.43,54.7,1,0.01,4970,164.5,1974,3948
40.512,-17.00,54.7,1,0.01,4987,164.5,1974,3948
40.533,-17.03,55.0,1,0.01,4955,164.5,1974,3948
40.555,-17.10,55.3,1,0.01,4761,166.0,1992,3984
40.576,-17.30,55.0,1,0.01,4663,166.0,1992,3984
40.597,-17.52,55.3,1,0.01,4548,166.0,1992,3984
40.619,-17.97,55.7,1,0.01,4525,166.0,1992,3984
40.640,-17.60,56.0,1,0.01,4418,167.5,2010,4020
40.661,-16.66,56.0,1,0.01,4419,167.5,2010,4020
40.683,-16.69,56.0,1,0.01,4362,168.0,2016,4032
40.704,-16.94,56.3,1,0.01,4368,168.5,2022,4044
40.725,-16.70,56.6,1,0.01,4269,168.5,2022,4044
40.747,-16.41,56.6,1,0.01,4313,169.5,2034,4068
40.768,-16.51,56.6,1,0.01,4328,342.5,4110,8220
40.789,-16.82,57.0,1,0.01,4548,342.5,4110,8220
40.811,-16.96,57.3,1,0.01,4649,342.5,4110,8220
40.832,-16.59,57.6,1,0.01,4709,172.5,2070,4140
40.853,-16.31,57.6,1,0.01,4584,172.5,2070,4140
40.875,-16.77,57.6,1,0.01,4641,172.5,2070,4140
40.896,-17.16,57.6,1,0.01,4760,172.5,2070,4140
40.917,-16.75,58.0,1,0.01,4602,173.0,2076,4152
40.939,-16.68,58.0,1,0.01,4552,173.5,2082,4164
40.960,-16.78,,0,0.01,4593,175.5,2106,4212
40.981,-16.60,,0,0.01,4447,175.5,2106,4212
41.003,-16.34,,0,0.01,4417,175.5,2106,4212
41.024,-16.20,,0,0.01,4654,175.5,2106,4212
41.045,-16.19,,0,0.01,4729,352.5,4230,8460
41.067,-16.24,,0,0.01,4834,352.5,4230,8460
41.088,-16.70,,0,0.01,4774,352.5,4230,8460
41.109,-16.87,,0,0.01,4810,178.5,2142,4284
41.131,-16.80,,0,0.01,4601,357.5,4290,8580
41.152,-16.99,,0,0.01,4659,179.0,2148,4296
41.173,-17.24,,0,0.01,4877,179.5,2154,4308
41.195,-17.24,,0,0.01,4793,180.0,2160,4320
41.216,-17.34,,0,0.01,4664,180.0,2160,4320
41.237,-17.03,,0,0.01,4711,180.0,2160,4320
41.259,-16.64,,0,0.01,4761,181.0,2172,4344
41.280,-16.64,,0,0.01,4877,363.0,4356,8712
41.301,-16.57,,0,0.01,4841,363.0,4356,8712
41.323,-16.74,,0,0.01,4758,366.0,4392,8784
41.344,-16.48,,0,0.01,4807,368.0,4416,8832
41.365,-16.15,,0,0.01,4903,184.0,2208,4416
41.387,-16.20,,0,0.01,4968,184.0,2208,4416
41.408,-16.23,,0,0.01,4845,184.0,2208,4416
41.429,-16.21,,0,0.01,4759,184.0,2208,4416
41.451,-16.21,,0,0.01,4783,184.0,2208,4416
41.472,-16.11,,0,0.01,4698,371.5,4458,8916
41.493,-16.30,,0,0.01,4625,371.5,4458,8916
41.515,-16.63,,0,0.01,4564,371.5,4458,8916
41.536,-16.76,,0,0.01,4559,371.5,4458,8916
41.557,-16.85,,0,0.01,4675,371.5,4458,8916
41.579,-16.75,,0,0.01,4774,371.5,4458,8916
41.600,-16.47,,0,0.01,4698,383.0,4596,9192
41.621,-16.21,,0,0.01,4704,383.5,4602,9204
41.643,-16.18,,0,0.01,5107,383.5,4602,9204
41.664,-16.20,,0,0.01,5003,383.5,4602,9204
41.685,-16.22,,0,0.01,5048,383.5,4602,9204
41.707,-16.15,,0,0.01,5017,383.5,4602,9204
41.728,-16.23,,0,0.01,5028,384.0,4608,9216
41.749,-16.64,,0,0.01,5144,388.0,4656,9312
41.771,-17.02,,0,0.01,5274,388.0,4656,9312
41.792,-17.16,,0,0.01,5212,390.0,4680,9360
41.813,-16.99,,0,0.01,5178,195.0,2340,4680
41.835,-16.59,,0,0.01,5088,195.0,2340,4680
41.856,-16.43,,0,0.01,5041,195.0,2340,4680
41.877,-16.42,,0,0.01,5097,395.5,4746,9492
41.899,-16.19,,0,0.01,5275,197.5,2370,4740
41.920,-16.25,,0,0.01,5367,197.5,2370,4740
41.941,-16.85,,0,0.01,5153,197.5,2370,4740
41.963,-16.92,,0,0.01,5067,198.0,2376,4752
41.984,-16.46,,0,0.01,5189,198.0,2376,4752
42.005,-16.13,,0,0.01,5248,198.0,2376,4752
42.027,-16.17,,0,0.01,5161,198.0,2376,4752
42.048,-16.47,,0,0.01,5113,402.5,4830,9660
42.069,-16.62,,0,0.01,5061,402.5,4830,9660
42.091,-16.62,,0,0.01,4909,402.5,4830,9660
42.112,-16.61,,0,0.01,4980,402.0,4824,9648
42.133,-16.75,,0,0.01,5041,405.5,4866,9732
42.155,-16.92,,0,0.01,4969,405.5,4866,9732
42.176,-16.98,,0,0.01,4962,405.5,4866,9732
42.197,-16.96,,0,0.01,4911,405.5,4866,9732
42.219,-17.03,,0,0.01,5068,405.5,4866,9732
42.240,-16.94,,0,0.01,5183,203.5,2442,4884
42.261,-16.92,,0,0.01,5235,410.0,4920,9840
42.283,-17.25,,0,0.01,5240,410.0,4920,9840
42.304,-17.44,,0,0.01,5119,410.0,4920,9840
42.325,-17.57,,0,0.01,5044,206.0,2472,4944
42.347,-17.65,,0,0.01,4975,206.5,2478,4956
42.368,-17.43,,0,0.01,4978,207.0,2484,4968
42.389,-17.32,,0,0.01,4925,207.5,2490,4980
42.411,-17.19,,0,0.01,4975,207.5,2490,4980
42.432,-17.14,,0,0.01,5107,209.0,2508,5016
42.453,-16.76,,0,0.01,5126,209.0,2508,5016
42.475,-16.63,,0,0.01,5089,209.0,2508,5016
42.496,-16.90,,0,0.01,5071,209.0,2508,5016
42.517,-17.04,,0,0.01,5050,211.0,2532,5064
42.539,-16.98,,0,0.01,4967,211.0,2532,5064
42.560,-16.80,,0,0.01,4948,211.0,2532,5064
42.581,-17.11,,0,0.01,5044,211.0,2532,5064
42.603,-17.19,,0,0.01,4974,211.0,2532,5064
42.624,-16.75,,0,0.01,4982,212.0,2544,5088
42.645,-16.38,,0,0.01,5072,212.0,2544,5088
42.667,-16.16,,0,0.01,5146,214.5,2574,5148
42.688,-16.14,,0,0.01,5081,214.5,2574,5148
42.709,-16.66,,0,0.01,5164,215.0,2580,5160
42.731,-16.93,,0,0.01,5127,215.0,2580,5160
42.752,-16.55,,0,0.01,5034,287.0,3444,6888
42.773,-16.80,,0,0.01,5019,287.0,3444,6888
42.795,-17.58,,0,0.01,4981,287.0,3444,6888
42.816,-17.45,,0,0.01,4883,246.0,2952,5904
42.837,-17.43,38.0,1,0.01,4772,246.0,2952,5904
42.859,-17.57,38.0,1,0.01,4950,246.0,2952,5904
42.880,-17.04,36.1,1,0.01,4956,246.0,2952,5904
42.901,-16.89,30.9,1,0.01,4685,246.0,2952,5904
42.923,-16.99,30.2,1,0.01,4708,246.0,2952,5904
42.944,-16.89,36.3,1,0.01,4801,246.0,2952,5904
42.965,-16.91,39.1,1,0.01,4633,,,
42.987,-16.92,32.9,1,0.01,4406,,,
43.008,-16.85,30.2,1,0.01,4422,,,
43.029,-17.04,32.2,1,0.01,4391,,,
43.051,-17.19,32.2,1,0.01,4206,,,
43.072,-17.82,30.9,1,0.01,4152,,,
43.093,-18.56,31.2,1,0.01,4163,,,
43.115,-18.81,31.2,1,0.01,4235,,,
43.136,-19.28,32.0,1,0.01,4443,,,
43.157,-19.57,32.0,1,0.01,4566,,,
43.179,-19.51,32.0,1,0.01,4563,,,
43.200,-19.55,32.0,1,0.01,4588,378.0,4536,9072
43.221,-19.74,32.0,1,0.01,4868,133.5,1602,3204
43.243,-19.88,32.0,1,0.01,5012,133.5,1602,3204
43.264,-20.02,31.8,1,0.01,5072,133.5,1602,3204
43.285,-19.97,31.1,1,0.01,5066,133.0,1596,3192
43.307,-19.58,30.5,1,0.01,5106,133.0,1596,3192
43.328,-19.44,31.6,1,0.01,5097,133.0,1596,3192
43.349,-19.63,31.6,1,0.01,5095,133.0,1596,3192
43.371,-19.48,37.6,1,0.01,5064,132.0,1584,3168
43.392,-19.25,31.4,1,0.01,4988,132.0,1584,3168
43.413,-19.18,31.4,1,0.01,5051,131.5,1578,3156
43.435,-19.49,31.4,1,0.01,5016,131.5,1578,3156
43.456,-19.70,31.2,1,0.01,5035,131.0,1572,3144
43.477,-19.63,31.2,1,0.01,5027,131.0,1572,3144
43.499,-19.84,31.2,1,0.01,5016,131.0,1572,3144
43.520,-19.97,31.2,1,0.01,4843,131.0,1572,3144
43.541,-20.22,31.1,1,0.01,4872,,,
43.563,-20.38,31.1,1,0.01,4745,390.5,4686,9372
43.584,-20.47,31.1,1,0.01,4659,129.5,1554,3108
43.605,-20.89,31.1,1,0.01,4630,129.5,1554,3108
43.627,-21.16,30.9,1,0.01,4496,129.5,1554,3108
43.648,-20.89,30.9,1,0.01,4343,129.0,1548,3096
43.669,-20.85,30.7,1,0.01,4360,129.0,1548,3096
43.691,-20.71,30.7,1,0.01,4469,129.0,1548,3096
43.712,-20.50,32.3,1,0.01,4403,128.5,1542,3084
43.733,-20.31,31.1,1,0.01,4362,128.5,1542,3084
43.755,-20.41,30.5,1,0.01,4427,128.0,1536,3072
43.776,-20.61,32.2,1,0.01,4606,385.0,4620,9240
43.797,-20.63,30.5,1,0.01,4661,385.0,4620,9240
43.819,-20.50,,0,0.01,4698,385.0,4620,9240
43.840,-19.99,30.3,1,0.01,4704,385.0,4620,9240
43.861,-20.41,30.3,1,0.01,4830,126.5,1518,3036
43.883,-20.77,31.8,1,0.01,4762,189.5,2274,4548
43.904,-20.40,31.8,1,0.01,4545,189.5,2274,4548
43.925,-20.27,32.9,1,0.01,4508,189.5,2274,4548
43.947,-20.26,31.6,1,0.01,4516,126.0,1512,3024
43.968,-20.59,31.6,1,0.01,4627,189.0,2268,4536
43.989,-20.29,32.7,1,0.01,4642,125.5,1506,3012
44.011,-20.35,31.4,1,0.01,4692,125.5,1506,3012
44.032,-20.72,32.9,1,0.01,4807,312.0,3744,7488
44.053,-20.41,32.9,1,0.01,4851,312.0,3744,7488
44.075,-20.51,31.2,1,0.01,4902,312.0,3744,7488
44.096,-20.21,31.1,1,0.01,4944,308.0,3696,7392
44.117,-20.23,31.1,1,0.01,4852,308.0,3696,7392
44.139,-20.42,,0,0.01,4790,308.0,3696,7392
44.160,-20.54,30.9,1,0.01,4866,308.0,3696,7392
44.181,-20.60,30.9,1,0.01,4897,123.0,1476,2952
44.203,-20.26,32.2,1,0.01,4786,123.0,1476,2952
44.224,-20.56,30.7,1,0.01,4645,123.0,1476,2952
44.245,-20.74,30.7,1,0.01,4587,123.0,1476,2952
44.267,-19.94,30.5,1,0.01,4646,122.0,1464,2928
44.288,-19.61,30.7,1,0.01,4785,122.0,1464,2928
44.309,-20.29,30.5,1,0.01,4786,,,
44.331,-20.57,,0,0.00,4782,364.5,4374,8748
44.352,-20.46,,0,0.01,4799,121.5,1458,2916
44.373,-20.79,,0,0.01,4699,363.0,4356,8712
44.395,-20.95,,0,0.01,4687,361.5,4338,8676
44.416,-20.66,,0,0.01,4710,361.5,4338,8676
44.437,-20.43,,0,0.01,4702,361.5,4338,8676
44.459,-20.23,,0,0.01,4677,361.5,4338,8676
44.480,-19.97,,0,0.01,4689,,,
44.501,-20.33,,0,0.01,4630,,,
44.523,-20.53,,0,0.01,4616,,,
44.544,-19.98,,0,0.01,4640,,,
44.565,-19.68,,0,0.01,4723,,,
44.587,-20.10,,0,0.01,4828,,,
44.608,-20.44,,0,0.01,4882,118.5,1422,2844
44.629,-20.58,,0,0.01,4906,118.5,1422,2844
44.651,-20.49,,0,0.01,4962,118.0,1416,2832
44.672,-20.26,,0,0.01,4893,382.0,4584,9168
44.693,-20.53,,0,0.01,4807,118.0,1416,2832
44.715,-20.17,,0,0.01,4799,118.0,1416,2832
44.736,-19.89,,0,0.01,4695,116.5,1398,2796
44.757,-19.94,,0,0.01,4732,116.5,1398,2796
44.779,-20.26,,0,0.01,4810,116.5,1398,2796
44.800,-20.29,,0,0.01,4819,348.5,4182,8364
44.821,-20.01,,0,0.00,4709,348.5,4182,8364
44.843,-19.94,,0,0.00,4657,348.5,4182,8364
44.864,-19.98,,0,0.01,4645,115.0,1380,2760
44.885,-19.78,,0,0.01,4665,115.0,1380,2760
44.907,-19.41,,0,0.01,4597,115.0,1380,2760
44.928,-19.56,,0,0.01,4551,115.0,1380,2760
44.949,-20.12,,0,0.01,4502,115.0,1380,2760
44.971,-20.16,,0,0.01,4413,343.5,4122,8244
44.992,-19.38,,0,0.01,4319,114.0,1368,2736
45.013,-18.76,,0,0.01,4372,341.5,4098,8196
45.035,-18.49,,0,0.01,4453,341.5,4098,8196
45.056,-19.07,,0,0.01,4479,341.0,4092,8184
45.077,-19.62,,0,0.01,4437,169.5,2034,4068
45.099,-19.58,,0,0.01,4480,169.5,2034,4068
45.120,-19.10,,0,0.01,4370,169.5,2034,4068
45.141,-18.90,,0,0.01,4262,169.5,2034,4068
45.163,-20.05,,0,0.01,4388,169.0,2028,4056
45.184,-20.26,,0,0.01,4418,169.0,2028,4056
45.205,-20.07,,0,0.01,4350,334.0,4008,8016
45.227,-20.48,,0,0.01,4477,334.0,4008,8016
45.248,-20.29,,0,0.01,4427,334.0,4008,8016
45.269,-19.80,,0,0.01,4452,334.0,4008,8016
45.291,-19.50,,0,0.01,4446,334.5,4014,8028
45.312,-19.49,,0,0.01,4381,334.0,4008,8016
45.333,-19.84,,0,0.01,4314,334.0,4008,8016
45.355,-19.97,,0,0.01,4450,,,
45.376,-19.62,,0,0.01,4419,165.5,1986,3972
45.397,-19.90,,0,0.01,4368,165.0,1980,3960
45.419,-20.25,,0,0.01,4303,165.0,1980,3960
45.440,-19.92,,0,0.01,4355,165.0,1980,3960
45.461,-19.47,,0,0.01,4440,108.5,1302,2604
45.483,-19.69,,0,0.01,4494,108.5,1302,2604
45.504,-20.05,,0,0.01,4540,108.5,1302,2604
45.525,-19.76,,0,0.01,4407,325.5,3906,7812
45.547,-19.26,,0,0.01,4339,108.0,1296,2592
45.568,-19.36,,0,0.01,4403,108.0,1296,2592
45.589,-19.48,,0,0.01,4427,108.0,1296,2592
45.611,-19.63,,0,0.01,4398,107.5,1290,2580
45.632,-19.75,,0,0.01,4460,107.0,1284,2568
45.653,-19.79,,0,0.01,4504,107.0,1284,2568
45.675,-19.85,,0,0.01,4407,107.0,1284,2568
45.696,-19.81,,0,0.01,4455,107.0,1284,2568
45.717,-19.44,,0,0.01,4339,321.5,3858,7716
45.739,-19.69,,0,0.01,4338,,,
45.760,-20.13,,0,0.01,4390,315.0,3780,7560
45.781,-19.46,,0,0.01,4447,315.0,3780,7560
45.803,-18.47,,0,0.01,4450,315.0,3780,7560
45.824,-18.45,,0,0.01,4423,315.0,3780,7560
45.845,-18.67,,0,0.01,4511,105.0,1260,2520
45.867,-18.54,,0,0.01,4475,313.5,3762,7524
45.888,-19.21,,0,0.01,4309,313.5,3762,7524
45.909,-19.72,,0,0.01,4336,313.5,3762,7524
45.931,-19.22,,0,0.01,4344,104.0,1248,2496
45.952,-18.81,,0,0.01,4295,104.0,1248,2496
45.973,-18.91,,0,0.01,4199,104.0,1248,2496
45.995,-18.41,30.0,1,0.01,4187,310.0,3720,7440
46.016,-18.02,34.7,1,0.01,4199,310.0,3720,7440
46.037,-18.86,30.5,1,0.01,4257,310.0,3720,7440
46.059,-20.52,33.9,1,0.01,4208,155.0,1860,3720
46.080,-20.01,33.9,1,0.01,4372,308.0,3696,7392
46.101,-19.29,33.7,1,0.01,4418,,,
46.123,-19.01,33.7,1,0.01,4417,307.0,3684,7368
46.144,-19.32,30.9,1,0.01,4427,307.0,3684,7368
46.165,-20.01,,0,0.01,4328,305.0,3660,7320
46.187,-19.99,,0,0.01,4334,305.0,3660,7320
46.208,-20.13,,0,0.01,4291,304.5,3654,7308
46.229,-19.49,,0,0.01,4255,304.5,3654,7308
46.251,-19.36,,0,0.01,4264,304.5,3654,7308
46.272,-19.72,,0,0.01,4272,304.5,3654,7308
46.293,-19.56,,0,0.01,4115,301.0,3612,7224
46.315,-19.06,,0,0.01,4081,301.0,3612,7224
46.336,-19.38,,0,0.01,4059,298.0,3576,7152
46.357,-20.52,,0,0.01,4209,298.0,3576,7152
46.379,-20.48,,0,0.01,4202,295.5,3546,7092
46.400,-20.54,,0,0.01,4269,295.5,3546,7092
46.421,-21.08,,0,0.01,4400,295.5,3546,7092
46.443,-20.87,,0,0.01,4465,295.5,3546,7092
46.464,-20.19,,0,0.01,4448,295.5,3546,7092
46.485,-20.09,,0,0.01,4394,295.5,3546,7092
46.507,-20.45,,0,0.01,4389,292.5,3510,7020
46.528,-20.23,,0,0.01,4383,292.5,3510,7020
46.549,-19.97,,0,0.01,4280,292.5,3510,7020
46.571,-20.01,,0,0.01,4221,145.5,1746,3492
46.592,-19.67,,0,0.01,4184,145.5,1746,3492
46.613,-19.54,,0,0.01,4145,145.5,1746,3492
46.635,-20.14,,0,0.01,4148,96.0,1152,2304
46.656,-20.24,,0,0.01,4063,96.0,1152,2304
46.677,-18.19,,0,0.01,3558,,,
46.699,-17.17,,0,0.01,3043,,,
46.720,-17.27,,0,0.01,2806,,,
46.741,-16.66,,0,0.01,2822,137.5,1650,3300
46.763,-16.64,,0,0.01,2930,137.5,1650,3300
46.784,-17.76,,0,0.01,2982,137.5,1650,3300
46.805,-18.28,,0,0.01,3130,137.0,1644,3288
46.827,-18.59,,0,0.01,3327,139.0,1668,3336
46.848,-19.52,,0,0.01,3547,139.0,1668,3336
46.869,-19.59,,0,0.01,3677,139.0,1668,3336
46.891,-19.27,,0,0.01,3706,139.0,1668,3336
46.912,-19.21,,0,0.01,3750,139.0,1668,3336
46.933,-19.37,,0,0.01,3889,139.0,1668,3336
46.955,-19.33,,0,0.01,3882,139.0,1668,3336
46.976,-19.03,,0,0.01,3859,139.0,1668,3336
46.997,-18.89,,0,0.01,4000,139.0,1668,3336
47.019,-18.93,,0,0.01,4021,139.0,1668,3336
47.040,-19.16,,0,0.01,4010,276.5,3318,6636
47.061,-19.56,,0,0.01,4085,276.5,3318,6636
47.083,-19.68,,0,0.01,4055,275.5,3306,6612
47.104,-19.96,,0,0.01,4100,275.5,3306,6612
47.125,-19.63,,0,0.01,4100,275.5,3306,6612
47.147,-18.39,,0,0.01,3991,275.5,3306,6612
47.168,-18.11,,0,0.01,4038,275.5,3306,6612
47.189,-18.24,,0,0.01,4065,136.0,1632,3264
47.211,-18.83,,0,0.01,4043,136.0,1632,3264
47.232,-19.51,,0,0.01,4051,136.0,1632,3264
47.253,-19.97,,0,0.01,4145,136.0,1632,3264
47.275,-20.34,,0,0.01,4153,134.0,1608,3216
47.296,-19.70,,0,0.01,4207,133.5,1602,3204
47.317,-19.20,,0,0.01,4275,133.5,1602,3204
47.339,-18.53,,0,0.01,4332,133.5,1602,3204
47.360,-18.17,,0,0.01,4279,133.0,1596,3192
47.381,-19.11,,0,0.01,4258,133.0,1596,3192
47.403,-20.40,,0,0.01,4220,133.0,1596,3192
47.424,-20.18,,0,0.01,4040,132.5,1590,3180
47.445,-19.61,,0,0.01,4004,132.5,1590,3180
47.467,-18.87,,0,0.01,3943,131.5,1578,3156
47.488,-19.21,,0,0.01,3975,130.5,1566,3132
47.509,-19.85,,0,0.01,4018,130.5,1566,3132
47.531,-19.81,,0,0.01,4078,130.0,1560,3120
47.552,-19.81,,0,0.01,4084,130.0,1560,3120
47.573,-19.74,,0,0.01,4074,130.0,1560,3120
47.595,-20.06,,0,0.01,4004,129.5,1554,3108
47.616,-19.37,,0,0.01,3978,129.5,1554,3108
47.637,-18.66,,0,0.01,4009,129.5,1554,3108
47.659,-18.79,,0,0.01,4044,129.5,1554,3108
47.680,-18.89,,0,0.01,4066,128.0,1536,3072
47.701,-18.53,,0,0.01,4163,128.0,1536,3072
47.723,-18.52,,0,0.01,4075,254.0,3048,6096
47.744,-19.55,,0,0.01,4132,254.0,3048,6096
47.765,-20.13,,0,0.01,4166,254.0,3048,6096
47.787,-19.29,,0,0.01,4044,254.0,3048,6096
47.808,-19.18,,0,0.01,4026,254.0,3048,6096
47.829,-19.22,,0,0.01,3991,254.0,3048,6096
47.851,-18.98,,0,0.01,3927,250.5,3006,6012
47.872,-18.94,,0,0.01,3948,125.0,1500,3000
47.893,-18.90,,0,0.01,4083,124.5,1494,2988
47.915,-19.20,,0,0.01,4076,124.5,1494,2988
47.936,-20.33,,0,0.01,4047,124.5,1494,2988
47.957,-20.74,,0,0.01,3944,124.0,1488,2976
47.979,-19.79,,0,0.01,3905,123.5,1482,2964
48.000,-19.02,,0,0.01,3966,123.5,1482,2964
48.021,-18.53,,0,0.01,4027,123.5,1482,2964
48.043,-18.85,,0,0.01,4127,123.0,1476,2952
48.064,-19.48,,0,0.01,4315,123.0,1476,2952
48.085,-20.38,,0,0.01,4546,123.0,1476,2952
48.107,-20.39,,0,0.01,4494,,,
48.128,-19.78,,0,0.01,4542,120.5,1446,2892
48.149,-19.50,,0,0.01,4622,120.0,1440,2880
48.171,-19.31,,0,0.01,4531,120.0,1440,2880
48.192,-18.86,,0,0.01,4427,120.0,1440,2880
48.213,-18.17,,0,0.01,4395,120.0,1440,2880
48.235,-18.70,,0,0.01,4542,120.0,1440,2880
48.256,-19.93,,0,0.01,4537,120.0,1440,2880
48.277,-20.61,,0,0.01,4402,120.0,1440,2880
48.299,-20.13,,0,0.01,4226,120.0,1440,2880
48.320,-19.66,,0,0.01,4233,118.0,1416,2832
48.341,-19.50,,0,0.01,4220,116.5,1398,2796
48.363,-18.31,,0,0.01,4065,116.5,1398,2796
48.384,-17.99,,0,0.01,4045,116.5,1398,2796
48.405,-18.48,,0,0.01,4057,116.5,1398,2796
48.427,-19.04,,0,0.01,4020,116.5,1398,2796
48.448,-19.61,,0,0.01,3941,116.5,1398,2796
48.469,-19.54,,0,0.01,3901,116.5,1398,2796
48.491,-19.91,,0,0.01,3984,115.5,1386,2772
48.512,-20.15,,0,0.01,4123,115.0,1380,2760
48.533,-22.94,,0,0.01,4098,115.0,1380,2760
48.555,-39.56,,0,0.01,3704,,,
48.576,-38.89,186.1,1,0.01,1375,,,
48.597,-37.66,186.1,1,0.01,1278,,,
48.619,-36.38,185.1,1,0.01,1225,,,
48.640,-37.65,185.1,1,0.01,1326,,,
48.661,-39.22,185.1,1,0.02,1420,,,
48.683,-38.10,186.1,1,0.02,1428,,,
48.704,-38.64,185.1,1,0.03,1500,,,
48.725,-38.46,185.1,1,0.03,1527,,,
48.747,-37.56,185.1,1,0.02,1554,,,
48.768,-37.14,186.1,1,0.04,1346,,,
48.789,-35.34,186.1,1,0.07,1221,,,
48.811,-34.52,186.1,1,0.03,1279,,,
48.832,-35.39,185.1,1,0.03,1330,,,
48.853,-36.14,182.9,1,0.01,1382,,,
48.875,-36.09,184.0,1,0.01,1394,,,
48.896,-36.71,184.0,1,0.01,1452,,,
48.917,-38.36,184.0,1,0.01,1528,,,
48.939,-38.21,182.9,1,0.03,1592,,,
48.960,-34.79,181.9,1,0.07,1467,,,
48.981,-35.01,182.9,1,0.05,1511,,,
49.003,-36.28,182.9,1,0.04,1438,,,
49.024,-35.46,184.0,1,0.01,1312,,,
49.045,-35.26,,0,0.01,1298,,,
49.067,-33.60,,0,0.01,1334,,,
49.088,-34.11,,0,0.01,1282,,,
49.109,-35.79,,0,0.01,1302,,,
49.131,-34.19,,0,0.01,1342,,,
49.152,-33.18,,0,0.01,1259,,,
49.173,-33.77,,0,0.01,1327,,,
49.195,-34.63,,0,0.01,1368,,,
49.216,-33.68,,0,0.01,1320,,,
49.237,-33.63,,0,0.01,1334,,,
49.259,-34.10,,0,0.01,1325,,,
49.280,-34.35,,0,0.01,1332,,,
49.301,-35.09,,0,0.01,1420,,,
49.323,-35.27,,0,0.01,1450,,,
49.344,-35.11,,0,0.01,1454,,,
49.365,-35.74,,0,0.01,1598,,,
49.387,-37.14,,0,0.01,1661,,,
49.408,-36.90,,0,0.01,1687,,,
49.429,-34.42,,0,0.01,1574,,,
49.451,-31.71,,0,0.01,1317,,,
49.472,-29.42,,0,0.01,1159,,,
49.493,-29.06,,0,0.01,1156,,,
49.515,-30.38,,0,0.01,1275,,,
49.536,-29.75,,0,0.01,1255,,,
49.557,-29.57,,0,0.01,1294,,,
49.579,-29.83,,0,0.02,1283,,,
49.600,-28.63,,0,0.04,1251,,,
49.621,-29.76,,0,0.01,1300,,,
49.643,-30.79,,0,0.01,1222,,,
49.664,-27.93,,0,0.01,1100,,,
49.685,-25.50,,0,0.01,1059,,,
49.707,-25.97,,0,0.01,1002,,,
49.728,-29.27,,0,0.01,1181,,,
49.749,-31.59,,0,0.01,1371,,,
49.771,-33.07,,0,0.01,1454,,,
49.792,-31.42,,0,0.01,1448,,,
49.813,-30.34,,0,0.01,1347,,,
49.835,-26.96,,0,0.01,1136,,,
49.856,-24.54,,0,0.01,999,,,
49.877,-23.28,,0,0.01,1008,,,
49.899,-22.74,,0,0.01,970,,,
49.920,-24.05,,0,0.01,974,,,
49.941,-26.76,,0,0.01,1122,,,
49.963,-28.98,,0,0.01,1274,,,
49.984,-29.90,,0,0.01,1351,,,
50.005,-30.80,,0,0.01,1414,,,
50.027,-29.43,,0,0.01,1389,,,
50.048,-28.69,,0,0.01,1288,141.5,1698,3396
50.069,-27.04,,0,0.01,1119,186.0,2232,4464
50.091,-25.88,,0,0.01,1068,186.0,2232,4464
50.112,-24.86,,0,0.01,1051,186.0,2232,4464
50.133,-23.55,,0,0.01,1060,,,
50.155,-23.80,,0,0.01,1060,,,
50.176,-24.60,,0,0.01,1095,,,
50.197,-23.81,,0,0.01,1057,158.5,1902,3804
50.219,-22.85,,0,0.01,1026,158.5,1902,3804
50.240,-23.29,,0,0.01,1046,159.5,1914,3828
50.261,-24.43,,0,0.01,1089,159.5,1914,3828
50.283,-23.70,,0,0.01,1089,,,
50.304,-22.44,,0,0.01,1076,181.5,2178,4356
50.325,-20.61,,0,0.01,1032,181.5,2178,4356
50.347,-21.63,,0,0.03,1097,181.0,2172,4344
50.368,-25.48,,0,0.08,1243,181.0,2172,4344
50.389,-25.14,,0,0.01,1200,164.5,1974,3948
50.411,-22.21,,0,0.01,1103,164.5,1974,3948
50.432,-19.61,,0,0.01,1074,164.5,1974,3948
50.453,-20.02,,0,0.02,1075,,,
50.475,-22.37,,0,0.02,1150,,,
50.496,-22.78,,0,0.07,1194,,,
50.517,-21.61,,0,0.08,1205,,,
50.539,-21.49,,0,0.11,1215,,,
50.560,-21.30,,0,0.13,1206,142.0,1704,3408
50.581,-22.03,,0,0.07,1197,142.5,1710,3420
50.603,-23.36,,0,0.03,1260,142.5,1710,3420
50.624,-22.66,,0,0.01,1183,143.5,1722,3444
50.645,-21.67,,0,0.02,1093,143.5,1722,3444
50.667,-20.17,,0,0.04,1018,143.5,1722,3444
50.688,-20.04,,0,0.03,994,143.5,1722,3444
50.709,-20.77,,0,0.02,1053,143.5,1722,3444
50.731,-20.89,,0,0.02,1319,144.5,1734,3468
50.752,-20.43,,0,0.01,1315,144.5,1734,3468
50.773,-21.45,,0,0.01,1141,145.0,1740,3480
50.795,-22.11,,0,0.01,1127,145.0,1740,3480
50.816,-20.97,,0,0.01,1064,145.0,1740,3480
50.837,-19.88,,0,0.01,1055,143.0,1716,3432
50.859,-19.01,,0,0.01,1075,143.0,1716,3432
50.880,-19.90,,0,0.01,1089,136.0,1632,3264
50.901,-21.03,,0,0.01,1095,136.0,1632,3264
50.923,-21.18,,0,0.02,1154,,,
50.944,-21.41,,0,0.02,1288,,,
50.965,-21.48,,0,0.03,1375,,,
50.987,-22.88,,0,0.02,1293,280.0,3360,6720
51.008,-24.58,,0,0.02,1273,280.0,3360,6720
51.029,-24.21,,0,0.02,1296,279.5,3354,6708
51.051,-25.08,,0,0.02,1337,140.0,1680,3360
51.072,-25.60,,0,0.01,1353,,,
51.093,-26.88,,0,0.01,1476,,,
51.115,-27.79,,0,0.01,1524,,,
51.136,-28.68,,0,0.01,1609,,,
51.157,-23.91,,0,0.01,1400,185.0,2220,4440
51.179,-19.41,,0,0.01,1204,185.0,2220,4440
51.200,-18.24,,0,0.01,1101,184.5,2214,4428
51.221,-17.97,,0,0.07,1063,184.5,2214,4428
51.243,-16.76,,0,0.11,1007,184.5,2214,4428
51.264,-15.85,,0,0.37,989,184.5,2214,4428
51.285,-16.65,,0,0.37,948,184.5,2214,4428
51.307,-18.87,,0,0.24,987,184.5,2214,4428
51.328,-21.34,,0,0.02,1015,184.5,2214,4428
51.349,-21.99,,0,0.01,1069,,,
51.371,-22.20,,0,0.01,2010,,,
51.392,-22.07,,0,0.01,4028,,,
51.413,-19.95,,0,0.01,4245,55.0,660,1320
51.435,-18.37,,0,0.01,4126,55.0,660,1320
51.456,-18.46,,0,0.01,3858,57.5,690,1380
51.477,-19.19,,0,0.01,3664,75.5,906,1812
51.499,-18.26,,0,0.01,3593,127.0,1524,3048
51.520,-17.58,,0,0.01,3600,127.0,1524,3048
51.541,-17.87,,0,0.01,3587,127.0,1524,3048
51.563,-18.49,,0,0.01,3461,127.0,1524,3048
51.584,-18.37,,0,0.01,3531,127.0,1524,3048
51.605,-17.34,,0,0.01,3628,127.0,1524,3048
51.627,-16.61,,0,0.01,3683,127.5,1530,3060
51.648,-17.80,,0,0.01,3932,127.5,1530,3060
51.669,-18.85,,0,0.01,3876,127.5,1530,3060
51.691,-18.31,,0,0.01,3792,127.5,1530,3060
51.712,-18.08,,0,0.01,3694,127.5,1530,3060
51.733,-18.07,,0,0.01,3705,128.5,1542,3084
51.755,-18.36,,0,0.01,3629,128.5,1542,3084
51.776,-17.80,,0,0.01,3622,128.5,1542,3084
51.797,-17.47,,0,0.01,3649,128.5,1542,3084
51.819,-18.02,,0,0.01,3746,128.5,1542,3084
51.840,-18.19,,0,0.01,3881,128.5,1542,3084
51.861,-18.23,,0,0.01,3779,128.5,1542,3084
51.883,-18.48,,0,0.01,3751,129.5,1554,3108
51.904,-18.89,,0,0.01,3674,260.0,3120,6240
51.925,-18.92,,0,0.01,3740,260.0,3120,6240
51.947,-18.58,,0,0.01,3711,130.5,1566,3132
51.968,-18.66,,0,0.01,3661,130.5,1566,3132
51.989,-18.04,,0,0.01,3683,131.0,1572,3144
52.011,-18.45,,0,0.01,3664,131.0,1572,3144
52.032,-19.52,,0,0.01,3545,131.5,1578,3156
52.053,-18.78,,0,0.01,3528,131.5,1578,3156
52.075,-17.99,,0,0.01,3544,131.5,1578,3156
52.096,-18.11,,0,0.01,3616,132.0,1584,3168
52.117,-17.69,,0,0.01,3548,132.0,1584,3168
52.139,-17.84,,0,0.01,3427,132.5,1590,3180
52.160,-18.69,,0,0.01,3521,266.0,3192,6384
52.181,-18.41,,0,0.01,3651,266.0,3192,6384
52.203,-17.94,,0,0.01,3719,266.0,3192,6384
52.224,-17.49,,0,0.01,3551,266.0,3192,6384
52.245,-17.31,,0,0.01,3592,133.5,1602,3204
52.267,-17.52,,0,0.01,3663,134.0,1608,3216
52.288,-17.37,274.1,1,0.02,3548,134.0,1608,3216
52.309,-16.64,275.7,1,0.02,3436,134.5,1614,3228
52.331,-16.64,277.3,1,0.02,3410,134.5,1614,3228
52.352,-16.55,275.7,1,0.03,3393,134.5,1614,3228
52.373,-16.42,275.7,1,0.03,3258,134.5,1614,3228
52.395,-16.46,275.7,1,0.07,3139,135.0,1620,3240
52.416,-16.23,275.7,1,0.09,3087,136.0,1632,3264
52.437,-16.38,275.7,1,0.13,3074,136.0,1632,3264
52.459,-16.57,277.3,1,0.13,2983,136.0,1632,3264
52.480,-16.05,277.3,1,0.18,3060,136.5,1638,3276
52.501,-15.98,277.3,1,0.21,3017,136.5,1638,3276
52.523,-16.05,277.3,1,0.21,3060,137.0,1644,3288
52.544,-15.85,283.8,1,0.18,3081,137.0,1644,3288
52.565,-15.99,285.4,1,0.13,3283,137.5,1650,3300
52.587,-15.75,287.1,1,0.11,3316,137.5,1650,3300
52.608,-15.54,287.1,1,0.11,3256,138.5,1662,3324
52.629,-15.77,285.4,1,0.11,3074,139.0,1668,3336
52.651,-15.80,285.4,1,0.09,3177,139.0,1668,3336
52.672,-15.70,285.4,1,0.11,3085,139.0,1668,3336
52.693,-15.69,287.1,1,0.09,2992,139.0,1668,3336
52.715,-16.03,274.1,1,0.09,2916,139.0,1668,3336
52.736,-16.57,285.4,1,0.11,2954,139.0,1668,3336
52.757,-16.65,285.4,1,0.08,2995,140.0,1680,3360
52.779,-16.78,285.4,1,0.13,3110,140.5,1686,3372
52.800,-16.88,285.4,1,0.11,2999,140.5,1686,3372
52.821,-17.04,283.8,1,0.13,3038,140.5,1686,3372
52.843,-17.08,287.1,1,0.11,3087,140.5,1686,3372
52.864,-17.14,287.1,1,0.09,3120,141.0,1692,3384
52.885,-17.57,288.7,1,0.11,3118,141.0,1692,3384
52.907,-17.88,288.7,1,0.13,3208,283.5,3402,6804
52.928,-17.69,290.4,1,0.07,3142,283.5,3402,6804
52.949,-18.20,290.4,1,0.03,3233,284.0,3408,6816
52.971,-18.21,288.7,1,0.02,3350,285.5,3426,6852
52.992,-18.21,288.7,1,0.02,3443,285.5,3426,6852
53.013,-18.34,288.7,1,0.01,3313,285.5,3426,6852
53.035,-18.28,292.1,1,0.01,3336,285.5,3426,6852
53.056,-18.13,293.8,1,0.01,3455,285.5,3426,6852
53.077,-18.29,292.1,1,0.01,3741,286.0,3432,6864
53.099,-18.61,293.8,1,0.01,3662,144.0,1728,3456
53.120,-18.46,295.5,1,0.01,3550,,,
53.141,-18.59,297.2,1,0.01,3350,149.0,1788,3576
53.163,-16.25,298.9,1,0.02,3006,149.0,1788,3576
53.184,-15.41,300.6,1,0.13,2485,149.0,1788,3576
53.205,-16.19,298.9,1,0.32,2341,149.0,1788,3576
53.227,-16.21,298.9,1,0.43,2365,299.5,3594,7188
53.248,-15.31,298.9,1,0.48,2263,299.5,3594,7188
53.269,-14.92,300.6,1,0.48,2214,299.0,3588,7176
53.291,-15.54,300.6,1,0.48,2211,300.5,3606,7212
53.312,-15.97,302.4,1,0.43,2203,301.5,3618,7236
53.333,-15.99,302.4,1,0.43,2182,302.5,3630,7260
53.355,-15.92,302.4,1,0.43,2210,302.5,3630,7260
53.376,-16.08,302.4,1,0.43,2265,302.5,3630,7260
53.397,-16.18,304.1,1,0.32,2259,302.0,3624,7248
53.419,-16.12,305.9,1,0.32,2312,302.0,3624,7248
53.440,-16.48,305.9,1,0.43,2341,307.0,3684,7368
53.461,-15.99,307.7,1,0.43,2306,307.0,3684,7368
53.483,-15.88,307.7,1,0.48,2266,153.5,1842,3684
53.504,-16.20,307.7,1,0.32,2329,153.5,1842,3684
53.525,-16.39,307.7,1,0.15,2430,77.0,924,1848
53.547,-17.93,309.4,1,0.04,2524,77.5,930,1860
53.568,-18.32,,0,0.03,2612,78.0,936,1872
53.589,-18.01,,0,0.01,2606,78.5,942,1884
53.611,-18.58,,0,0.01,2782,78.5,942,1884
53.632,-19.29,,0,0.01,2824,79.0,948,1896
53.653,-18.99,,0,0.01,2938,79.0,948,1896
53.675,-18.20,,0,0.01,2852,79.5,954,1908
53.696,-17.45,,0,0.01,2712,79.5,954,1908
53.717,-16.39,,0,0.01,2683,80.0,960,1920
53.739,-16.50,,0,0.01,2603,81.0,972,1944
53.760,-16.74,,0,0.01,2640,81.0,972,1944
53.781,-16.96,,0,0.01,2627,81.0,972,1944
53.803,-17.91,,0,0.01,2726,81.0,972,1944
53.824,-18.02,,0,0.01,2645,81.5,978,1956
53.845,-18.10,,0,0.01,2564,82.0,984,1968
53.867,-18.80,,0,0.01,2681,165.0,1980,3960
53.888,-18.43,,0,0.01,2769,165.0,1980,3960
53.909,-17.60,,0,0.01,2773,165.0,1980,3960
53.931,-17.85,,0,0.01,2656,83.0,996,1992
53.952,-18.04,,0,0.01,2645,83.0,996,1992
53.973,-18.13,,0,0.01,2666,169.5,2034,4068
53.995,-17.64,,0,0.01,2642,169.5,2034,4068
54.016,-17.20,,0,0.01,2681,169.5,2034,4068
54.037,-16.99,341.4,1,0.01,2708,170.5,2046,4092
54.059,-16.87,343.4,1,0.01,2708,170.5,2046,4092
54.080,-17.51,343.4,1,0.02,2716,344.0,4128,8256
54.101,-16.99,347.3,1,0.03,2678,344.5,4134,8268
54.123,-16.36,347.3,1,0.06,2687,349.5,4194,8388
54.144,-16.47,349.4,1,0.11,2672,349.5,4194,8388
54.165,-16.67,351.4,1,0.11,2734,351.5,4218,8436
54.187,-17.39,351.4,1,0.11,2725,351.0,4212,8424
54.208,-17.68,353.4,1,0.09,2664,351.0,4212,8424
54.229,-17.40,355.5,1,0.11,2817,351.0,4212,8424
54.251,-17.33,357.5,1,0.15,2926,358.0,4296,8592
54.272,-17.18,357.5,1,0.11,2964,357.5,4290,8580
54.293,-17.48,359.6,1,0.05,3058,357.5,4290,8580
54.315,-17.21,359.6,1,0.04,2936,362.5,4350,8700
54.336,-17.00,361.7,1,0.04,2850,364.5,4374,8748
54.357,-17.13,363.8,1,0.08,2955,364.5,4374,8748
54.379,-16.97,365.9,1,0.09,2974,364.5,4374,8748
54.400,-17.12,368.0,1,0.09,2955,364.5,4374,8748
54.421,-17.50,370.1,1,0.08,3041,364.5,4374,8748
54.443,-17.89,372.3,1,0.02,3044,371.5,4458,8916
54.464,-18.03,372.3,1,0.01,3099,371.5,4458,8916
54.485,-18.26,374.4,1,0.01,3213,93.5,1122,2244
54.507,-17.95,374.4,1,0.01,3137,93.5,1122,2244
54.528,-17.38,376.6,1,0.02,3037,93.5,1122,2244
54.549,-17.51,376.6,1,0.02,3069,94.0,1128,2256
54.571,-17.19,376.6,1,0.02,3029,94.5,1134,2268
54.592,-16.65,378.8,1,0.02,2993,96.0,1152,2304
54.613,-17.25,381.0,1,0.01,3099,96.0,1152,2304
54.635,-17.69,,0,0.01,3157,96.5,1158,2316
54.656,-17.34,,0,0.01,3063,386.0,4632,9264
54.677,-17.59,,0,0.01,3088,195.5,2346,4692
54.699,-17.81,,0,0.01,3155,196.0,2352,4704
54.720,-17.99,,0,0.01,3248,196.0,2352,4704
54.741,-17.60,,0,0.01,3244,196.5,2358,4716
54.763,-17.29,,0,0.01,3304,198.5,2382,4764
54.784,-17.91,,0,0.01,3369,198.5,2382,4764
54.805,-18.25,,0,0.01,3461,199.0,2388,4776
54.827,-18.20,,0,0.01,3386,100.0,1200,2400
54.848,-18.84,,0,0.01,3446,100.0,1200,2400
54.869,-18.93,,0,0.01,3454,102.0,1224,2448
54.891,-18.50,,0,0.01,3438,102.0,1224,2448
54.912,-18.45,,0,0.01,3386,102.5,1230,2460
54.933,-18.75,,0,0.01,3313,102.5,1230,2460
54.955,-18.73,,0,0.01,3280,102.5,1230,2460
54.976,-18.39,,0,0.01,3336,102.5,1230,2460
54.997,-18.11,34.9,1,0.01,3346,104.5,1254,2508
55.019,-17.70,35.1,1,0.01,3390,104.5,1254,2508
55.040,-17.74,35.3,1,0.01,3460,104.5,1254,2508
55.061,-18.26,35.5,1,0.01,3443,106.0,1272,2544
55.083,-19.32,35.7,1,0.01,3523,106.5,1278,2556
55.104,-18.93,35.9,1,0.01,3436,106.5,1278,2556
55.125,-18.01,35.9,1,0.01,3440,107.0,1284,2568
55.147,-17.99,36.3,1,0.01,3431,107.0,1284,2568
55.168,-18.15,36.3,1,0.01,3539,107.0,1284,2568
55.189,-18.32,36.5,1,0.01,3637,108.5,1302,2604
55.211,-18.54,36.7,1,0.01,3534,110.0,1320,2640
55.232,-18.33,36.9,1,0.01,3538,111.0,1332,2664
55.253,-18.42,36.9,1,0.01,3585,111.0,1332,2664
55.275,-19.10,37.4,1,0.01,3635,111.0,1332,2664
55.296,-18.36,37.4,1,0.01,3664,113.0,1356,2712
55.317,-17.76,37.6,1,0.01,3701,113.0,1356,2712
55.339,-18.19,37.8,1,0.01,3738,113.0,1356,2712
55.360,-18.04,38.0,1,0.01,3776,113.0,1356,2712
55.381,-18.15,38.2,1,0.01,3803,113.5,1362,2724
55.403,-18.44,,0,0.01,3786,115.0,1380,2760
55.424,-17.64,,0,0.01,3769,115.0,1380,2760
55.445,-17.46,,0,0.01,3822,115.5,1386,2772
55.467,-17.37,,0,0.01,3835,115.5,1386,2772
55.488,-16.94,,0,0.01,3851,117.0,1404,2808
55.509,-17.58,,0,0.01,3750,117.0,1404,2808
55.531,-18.06,,0,0.01,3816,117.5,1410,2820
55.552,-17.53,,0,0.01,3844,117.5,1410,2820
55.573,-17.46,,0,0.01,3821,117.5,1410,2820
55.595,-17.90,,0,0.01,3877,117.5,1410,2820
55.616,-17.93,,0,0.01,4011,120.5,1446,2892
55.637,-17.19,,0,0.01,4034,120.5,1446,2892
55.659,-16.89,,0,0.01,3988,122.0,1464,2928
55.680,-17.07,,0,0.01,4063,122.0,1464,2928
55.701,-17.54,,0,0.01,4079,123.0,1476,2952
55.723,-17.53,,0,0.01,4070,123.0,1476,2952
55.744,-17.14,,0,0.01,4230,125.0,1500,3000
55.765,-16.99,,0,0.01,4343,131.0,1572,3144
55.787,-16.71,,0,0.01,4322,131.0,1572,3144
55.808,-16.55,,0,0.01,4311,131.5,1578,3156
55.829,-16.45,,0,0.01,4282,131.5,1578,3156
55.851,-16.56,,0,0.01,4208,131.5,1578,3156
55.872,-16.83,,0,0.01,4149,131.5,1578,3156
55.893,-17.02,,0,0.01,4097,131.5,1578,3156
55.915,-16.74,,0,0.01,4115,131.5,1578,3156
55.936,-16.47,,0,0.01,4220,131.5,1578,3156
55.957,-16.46,,0,0.01,4302,136.5,1638,3276
55.979,-16.64,,0,0.01,4287,138.5,1662,3324
56.000,-16.74,,0,0.01,4324,138.5,1662,3324
56.021,-16.61,,0,0.01,4218,138.5,1662,3324
56.043,-16.59,,0,0.01,4108,139.0,1668,3336
56.064,-16.54,,0,0.01,4119,139.0,1668,3336
56.085,-16.44,,0,0.01,4154,140.0,1680,3360
56.107,-16.28,,0,0.01,4107,140.0,1680,3360
56.128,-16.28,,0,0.01,4171,140.0,1680,3360
56.149,-16.51,,0,0.01,4365,140.0,1680,3360
56.171,-16.68,,0,0.01,4448,285.0,3420,6840
56.192,-16.58,,0,0.01,4414,285.0,3420,6840
56.213,-16.22,,0,0.01,4179,192.0,2304,4608
56.235,-16.14,,0,0.01,4344,147.0,1764,3528
56.256,-16.38,,0,0.01,4399,147.0,1764,3528
56.277,-16.36,,0,0.01,4143,147.0,1764,3528
56.299,-16.60,,0,0.01,4284,295.0,3540,7080
56.320,-17.42,,0,0.01,4477,295.0,3540,7080
56.341,-17.43,,0,0.01,4528,307.0,3684,7368
56.363,-17.18,,0,0.01,4509,307.0,3684,7368
56.384,-17.02,,0,0.01,4574,307.5,3690,7380
56.405,-16.77,,0,0.01,4451,307.5,3690,7380
56.427,-16.44,,0,0.01,4297,307.5,3690,7380
56.448,-16.29,,0,0.01,4345,308.0,3696,7392
56.469,-16.66,,0,0.01,4355,308.0,3696,7392
56.491,-16.75,,0,0.01,4148,308.0,3696,7392
56.512,-16.43,,0,0.01,4041,210.0,2520,5040
56.533,-16.45,,0,0.01,4065,210.0,2520,5040
56.555,-16.86,,0,0.01,4189,210.0,2520,5040
56.576,-16.90,,0,0.01,4516,210.0,2520,5040
56.597,-16.35,,0,0.01,4354,213.5,2562,5124
56.619,-16.05,,0,0.01,4259,324.5,3894,7788
56.640,-16.26,,0,0.01,4459,324.5,3894,7788
56.661,-16.33,,0,0.01,4495,216.5,2598,5196
56.683,-16.31,,0,0.01,4528,216.5,2598,5196
56.704,-16.39,,0,0.01,4510,216.5,2598,5196
56.725,-16.64,,0,0.01,4540,218.5,2622,5244
56.747,-16.74,,0,0.01,4678,218.5,2622,5244
56.768,-16.64,,0,0.01,4702,336.0,4032,8064
56.789,-16.56,,0,0.01,4665,336.0,4032,8064
56.811,-16.70,,0,0.01,4669,336.0,4032,8064
56.832,-16.71,,0,0.01,4480,336.0,4032,8064
56.853,-16.37,,0,0.01,4490,168.5,2022,4044
56.875,-16.34,,0,0.01,4706,168.5,2022,4044
56.896,-16.51,,0,0.01,4644,342.5,4110,8220
56.917,-16.50,,0,0.01,4566,342.5,4110,8220
56.939,-16.50,,0,0.01,4742,342.5,4110,8220
56.960,-16.65,,0,0.01,4713,342.0,4104,8208
56.981,-16.79,,0,0.01,4514,,,
57.003,-16.92,,0,0.01,4517,350.0,4200,8400
57.024,-16.69,,0,0.01,4701,350.0,4200,8400
57.045,-16.60,,0,0.01,4751,349.0,4188,8376
57.067,-16.62,,0,0.01,4550,355.5,4266,8532
57.088,-16.70,,0,0.01,4716,355.5,4266,8532
57.109,-16.68,,0,0.01,4678,356.0,4272,8544
57.131,-16.43,,0,0.01,4720,359.0,4308,8616
57.152,-16.33,,0,0.01,4776,359.0,4308,8616
57.173,-16.52,,0,0.01,4922,359.0,4308,8616
57.195,-17.20,,0,0.01,4869,359.0,4308,8616
57.216,-17.27,,0,0.01,4666,365.5,4386,8772
57.237,-17.01,,0,0.01,4638,366.0,4392,8784
57.259,-17.02,,0,0.01,4661,366.5,4398,8796
57.280,-16.76,,0,0.01,4592,366.5,4398,8796
57.301,-16.60,,0,0.01,4603,366.5,4398,8796
57.323,-16.90,,0,0.01,4667,373.0,4476,8952
57.344,-17.26,,0,0.01,4656,373.0,4476,8952
57.365,-17.20,,0,0.01,4563,375.5,4506,9012
57.387,-16.97,,0,0.01,4616,377.5,4530,9060
57.408,-16.54,,0,0.01,4650,377.5,4530,9060
57.429,-16.37,,0,0.01,4605,188.5,2262,4524
57.451,-16.66,,0,0.01,4596,378.5,4542,9084
57.472,-16.59,,0,0.01,4820,193.0,2316,4632
57.493,-16.98,,0,0.01,4880,193.0,2316,4632
57.515,-17.56,,0,0.01,4761,193.0,2316,4632
57.536,-17.19,,0,0.01,4622,193.5,2322,4644
57.557,-16.90,,0,0.01,4769,194.0,2328,4656
57.579,-17.04,,0,0.01,4804,194.5,2334,4668
57.600,-17.43,,0,0.01,4721,397.0,4764,9528
57.621,-17.57,,0,0.01,4833,199.0,2388,4776
57.643,-17.14,,0,0.01,4772,200.0,2400,4800
57.664,-16.71,,0,0.01,4803,200.0,2400,4800
57.685,-16.79,,0,0.01,4862,200.0,2400,4800
57.707,-17.12,,0,0.01,4860,200.0,2400,4800
57.728,-17.45,,0,0.01,4820,200.5,2406,4812
57.749,-17.40,,0,0.01,4900,202.0,2424,4848
57.771,-17.52,,0,0.01,4960,135.0,1620,3240
57.792,-17.75,,0,0.01,4999,135.0,1620,3240
57.813,-17.60,,0,0.01,4981,135.0,1620,3240
57.835,-17.55,,0,0.01,4939,135.0,1620,3240
57.856,-17.31,,0,0.01,4911,203.0,2436,4872
57.877,-17.22,,0,0.01,4992,418.5,5022,10044
57.899,-17.23,,0,0.01,4976,418.5,5022,10044
57.920,-17.15,,0,0.01,4973,418.5,5022,10044
57.941,-17.12,,0,0.01,4893,418.5,5022,10044
57.963,-17.08,,0,0.01,4678,418.5,5022,10044
57.984,-17.30,,0,0.01,4944,420.0,5040,10080
58.005,-17.37,,0,0.01,5093,215.0,2580,5160
58.027,-17.69,,0,0.01,4811,213.0,2556,5112
58.048,-17.65,,0,0.01,4423,213.0,2556,5112
58.069,-16.89,,0,0.01,4732,213.5,2562,5124
58.091,-17.09,,0,0.01,5004,121.0,1452,2904
58.112,-18.37,,0,0.01,4834,121.0,1452,2904
58.133,-19.17,,0,0.01,4498,120.5,1446,2892
58.155,-17.97,,0,0.01,4767,120.5,1446,2892
58.176,-17.14,,0,0.01,4845,120.5,1446,2892
58.197,-17.79,,0,0.01,4674,,,
58.219,-18.50,,0,0.01,4613,,,
58.240,-17.70,,0,0.01,5088,212.5,2550,5100
58.261,-17.03,,0,0.01,5005,212.5,2550,5100
58.283,-17.12,,0,0.01,4607,212.5,2550,5100
58.304,-17.62,,0,0.01,4147,212.0,2544,5088
58.325,-17.50,,0,0.01,4667,,,
58.347,-17.29,,0,0.01,4800,,,
58.368,-17.76,,0,0.01,4273,,,
58.389,-18.15,,0,0.01,4133,,,
58.411,-17.63,,0,0.01,4635,201.0,2412,4824
58.432,-17.76,,0,0.01,4965,,,
58.453,-18.89,,0,0.01,4560,,,
58.475,-19.49,,0,0.01,4056,,,
58.496,-20.05,,0,0.01,4261,134.5,1614,3228
58.517,-20.10,,0,0.01,4438,134.5,1614,3228
58.539,-20.22,,0,0.01,4693,134.5,1614,3228
58.560,-21.25,,0,0.01,4796,134.5,1614,3228
58.581,-21.23,30.9,1,0.01,4684,134.5,1614,3228
58.603,-20.29,31.8,1,0.01,4624,134.5,1614,3228
58.624,-19.83,34.5,1,0.01,4829,134.5,1614,3228
58.645,-19.43,31.8,1,0.01,4774,134.5,1614,3228
58.667,-19.29,32.7,1,0.01,4626,134.5,1614,3228
58.688,-19.40,32.7,1,0.01,4708,134.5,1614,3228
58.709,-19.69,30.7,1,0.01,4684,134.5,1614,3228
58.731,-20.18,33.5,1,0.01,4505,134.0,1608,3216
58.752,-20.34,42.9,1,0.01,4482,134.0,1608,3216
58.773,-20.24,,0,0.01,4251,134.0,1608,3216
58.795,-20.43,,0,0.01,4198,267.0,3204,6408
58.816,-20.57,,0,0.01,4182,133.0,1596,3192
58.837,-20.70,,0,0.01,4146,133.0,1596,3192
58.859,-20.64,66.6,1,0.01,3993,133.0,1596,3192
58.880,-20.72,66.6,1,0.01,3851,199.0,2388,4776
58.901,-20.71,66.6,1,0.01,3767,198.5,2382,4764
58.923,-20.17,66.6,1,0.01,3713,198.5,2382,4764
58.944,-20.33,66.2,1,0.01,3651,198.0,2376,4752
58.965,-20.18,66.2,1,0.01,3655,198.0,2376,4752
58.987,-20.06,65.8,1,0.01,3634,196.5,2358,4716
59.008,-20.47,65.8,1,0.01,3597,196.5,2358,4716
59.029,-20.39,65.8,1,0.01,3543,196.5,2358,4716
59.051,-20.40,65.4,1,0.01,3520,196.0,2352,4704
59.072,-19.45,65.4,1,0.01,3247,196.0,2352,4704
59.093,-19.66,65.4,1,0.01,3185,195.5,2346,4692
59.115,-20.39,65.1,1,0.01,3287,195.5,2346,4692
59.136,-19.84,65.1,1,0.01,3167,195.5,2346,4692
59.157,-20.69,65.1,1,0.01,3207,195.0,2340,4680
59.179,-20.61,64.7,1,0.01,3301,194.0,2328,4656
59.200,-19.32,64.7,1,0.01,3270,194.0,2328,4656
59.221,-19.48,64.7,1,0.01,3208,128.5,1542,3084
59.243,-19.51,64.3,1,0.02,3174,128.5,1542,3084
59.264,-19.32,64.3,1,0.02,3163,192.0,2304,4608
59.285,-18.78,63.9,1,0.02,3074,192.0,2304,4608
59.307,-18.42,63.9,1,0.02,2984,192.0,2304,4608
59.328,-19.35,63.9,1,0.03,3124,191.0,2292,4584
59.349,-19.02,63.6,1,0.03,3186,191.0,2292,4584
59.371,-18.58,63.6,1,0.03,3061,190.0,2280,4560
59.392,-18.96,63.6,1,0.04,3081,189.5,2274,4548
59.413,-18.44,63.2,1,0.05,3089,189.0,2268,4536
59.435,-17.90,63.2,1,0.04,3045,189.0,2268,4536
59.456,-18.14,62.8,1,0.04,2921,188.5,2262,4524
59.477,-18.39,62.8,1,0.03,2890,188.0,2256,4512
59.499,-18.31,62.8,1,0.04,2969,188.0,2256,4512
59.520,-18.59,62.5,1,0.04,2899,187.5,2250,4500
59.541,-18.46,62.5,1,0.03,2882,187.5,2250,4500
59.563,-18.60,62.1,1,0.03,2956,187.5,2250,4500
59.584,-19.62,62.1,1,0.02,3034,124.0,1488,2976
59.605,-19.73,61.8,1,0.02,3194,124.0,1488,2976
59.627,-19.36,61.8,1,0.01,3153,123.5,1482,2964
59.648,-18.78,61.8,1,0.02,3083,308.0,3696,7392
59.669,-18.62,61.4,1,0.03,3031,308.0,3696,7392
59.691,-18.78,61.4,1,0.02,3049,146.0,1752,3504
59.712,-18.77,61.4,1,0.03,3060,146.0,1752,3504
59.733,-18.68,61.0,1,0.02,3012,121.5,1458,2916
59.755,-18.50,61.0,1,0.02,3136,120.5,1446,2892
59.776,-18.31,60.7,1,0.02,3170,120.5,1446,2892
59.797,-18.44,60.7,1,0.03,3281,120.5,1446,2892
59.819,-18.67,60.7,1,0.03,3220,120.5,1446,2892
59.840,-18.91,60.3,1,0.02,3206,120.5,1446,2892
59.861,-19.28,60.3,1,0.02,3215,120.5,1446,2892
59.883,-19.11,60.0,1,0.02,3237,179.0,2148,4296
59.904,-19.22,60.0,1,0.01,3182,178.0,2136,4272
59.925,-18.74,59.7,1,0.01,3265,178.0,2136,4272
59.947,-18.20,59.7,1,0.02,3323,178.0,2136,4272
59.968,-17.99,59.3,1,0.02,3250,178.0,2136,4272
59.989,-17.99,59.3,1,0.03,3065,177.5,2130,4260
60.011,-18.51,59.3,1,0.03,3030,177.5,2130,4260
60.032,-18.79,59.0,1,0.02,3175,176.0,2112,4224
60.053,-18.38,59.0,1,0.02,3166,175.0,2100,4200
60.075,-17.95,58.6,1,0.01,3162,175.0,2100,4200
60.096,-17.62,58.6,1,0.01,3137,175.0,2100,4200
60.117,-17.34,58.3,1,0.02,3148,175.0,2100,4200
60.139,-16.92,58.3,1,0.02,3083,174.0,2088,4176
60.160,-17.30,58.0,1,0.03,3035,174.0,2088,4176
60.181,-18.34,58.0,1,0.02,3089,173.5,2082,4164
60.203,-18.32,57.6,1,0.02,3218,173.5,2082,4164
60.224,-18.21,57.6,1,0.01,3315,171.0,2052,4104
60.245,-18.19,57.6,1,0.02,3418,171.0,2052,4104
60.267,-17.57,57.3,1,0.02,3346,171.0,2052,4104
60.288,-17.29,57.3,1,0.02,3252,171.0,2052,4104
60.309,-17.14,,0,0.03,3040,171.0,2052,4104
60.331,-16.32,,0,0.03,3008,170.5,2046,4092
60.352,-16.75,,0,0.04,3127,169.5,2034,4068
60.373,-17.82,,0,0.03,3176,169.5,2034,4068
60.395,-18.09,,0,0.02,3183,168.0,2016,4032
60.416,-17.75,,0,0.03,3115,168.0,2016,4032
60.437,-16.82,,0,0.04,3043,168.0,2016,4032
60.459,-17.25,,0,0.02,3001,167.0,2004,4008
60.480,-17.55,,0,0.02,3061,167.0,2004,4008
60.501,-17.27,,0,0.03,3103,166.5,1998,3996
60.523,-17.37,,0,0.03,3110,166.5,1998,3996
60.544,-16.43,651.9,1,0.06,2926,110.0,1320,2640
60.565,-15.67,651.9,1,0.15,2883,330.5,3966,7932
60.587,-15.50,655.7,1,0.24,2949,330.5,3966,7932
60.608,-16.00,655.7,1,0.32,2996,164.5,1974,3948
60.629,-16.97,651.9,1,0.28,3112,327.5,3930,7860
60.651,-16.83,648.2,1,0.28,2994,327.5,3930,7860
60.672,-16.07,644.4,1,0.37,2892,162.0,1944,3888
60.693,-16.16,644.4,1,0.43,2783,162.0,1944,3888
60.715,-16.55,644.4,1,0.43,2780,162.0,1944,3888
60.736,-16.39,640.7,1,0.43,2866,162.0,1944,3888
60.757,-16.35,640.7,1,0.37,2886,321.0,3852,7704
60.779,-16.50,637.0,1,0.37,2844,321.0,3852,7704
60.800,-16.84,629.7,1,0.28,2890,321.0,3852,7704
60.821,-17.05,626.1,1,0.24,3038,107.0,1284,2568
60.843,-17.05,622.5,1,0.21,3079,106.0,1272,2544
60.864,-17.67,618.9,1,0.09,3207,106.0,1272,2544
60.885,-18.81,618.9,1,0.03,3302,105.0,1260,2520
60.907,-19.39,611.8,1,0.02,3280,105.0,1260,2520
60.928,-18.43,611.8,1,0.02,3259,105.0,1260,2520
60.949,-17.36,611.8,1,0.03,3158,104.0,1248,2496
60.971,-16.97,611.8,1,0.07,3186,156.0,1872,3744
60.992,-16.92,611.8,1,0.06,3242,156.0,1872,3744
61.013,-17.39,604.8,1,0.03,3320,155.0,1860,3720
61.035,-18.09,601.3,1,0.02,3351,155.0,1860,3720
61.056,-18.54,597.8,1,0.02,3499,155.0,1860,3720
61.077,-17.26,597.8,1,0.02,3515,155.0,1860,3720
61.099,-16.24,601.3,1,0.02,3462,101.5,1218,2436
61.120,-17.35,604.8,1,0.02,3531,101.5,1218,2436
61.141,-18.58,,0,0.01,3623,152.0,1824,3648
61.163,-18.87,,0,0.01,3682,152.0,1824,3648
61.184,-19.51,,0,0.01,3881,301.5,3618,7236
61.205,-19.06,,0,0.01,3840,301.5,3618,7236
61.227,-17.93,,0,0.01,3785,301.5,3618,7236
61.248,-16.81,,0,0.01,3610,150.5,1806,3612
61.269,-17.04,,0,0.01,3697,300.0,3600,7200
61.291,-17.45,,0,0.01,3895,149.0,1788,3576
61.312,-17.13,,0,0.02,3793,148.0,1776,3552
61.333,-16.95,,0,0.03,3782,147.0,1764,3528
61.355,-17.37,,0,0.02,3688,147.0,1764,3528
61.376,-17.79,,0,0.02,3625,146.5,1758,3516
61.397,-17.48,,0,0.02,3527,146.0,1752,3504
61.419,-17.91,,0,0.02,3508,146.0,1752,3504
61.440,-18.96,,0,0.01,3649,146.0,1752,3504
61.461,-18.55,,0,0.01,3535,145.5,1746,3492
61.483,-17.48,,0,0.01,3362,145.0,1740,3480
61.504,-17.69,,0,0.01,3415,144.5,1734,3468
61.525,-17.55,,0,0.01,3387,144.0,1728,3456
61.547,-18.19,,0,0.01,3451,144.0,1728,3456
61.568,-19.11,,0,0.01,3665,144.0,1728,3456
61.589,-17.49,,0,0.01,3225,,,
61.611,-15.95,,0,0.01,2984,,,
61.632,-16.15,,0,0.01,3021,,,
61.653,-16.40,,0,0.01,2309,,,
61.675,-15.93,,0,0.01,1849,,,
61.696,-16.12,,0,0.01,1808,,,
61.717,-16.55,,0,0.01,1810,,,
61.739,-16.89,,0,0.01,1910,,,
61.760,-16.87,,0,0.01,2035,,,
61.781,-16.51,,0,0.01,2042,,,
61.803,-16.66,,0,0.01,2236,,,
61.824,-17.59,,0,0.01,2604,,,
61.845,-17.73,,0,0.01,3149,,,
61.867,-16.92,,0,0.01,3420,,,
61.888,-17.46,,0,0.01,3440,133.5,1602,3204
61.909,-17.76,,0,0.01,3373,133.5,1602,3204
61.931,-16.99,,0,0.01,3317,133.5,1602,3204
61.952,-16.64,,0,0.01,3146,133.5,1602,3204
61.973,-16.75,,0,0.01,3132,134.5,1614,3228
61.995,-16.59,,0,0.01,3242,134.5,1614,3228
62.016,-16.10,,0,0.01,3248,134.5,1614,3228
62.037,-16.53,,0,0.01,3163,134.5,1614,3228
62.059,-17.10,,0,0.01,3043,134.5,1614,3228
62.080,-16.95,,0,0.01,3039,134.5,1614,3228
62.101,-16.72,,0,0.01,3122,136.0,1632,3264
62.123,-15.98,,0,0.01,3062,136.0,1632,3264
62.144,-16.10,,0,0.01,3065,136.0,1632,3264
62.165,-16.67,,0,0.01,3189,136.0,1632,3264
62.187,-16.51,,0,0.01,3217,136.5,1638,3276
62.208,-16.96,,0,0.01,3066,136.5,1638,3276
62.229,-17.86,,0,0.01,2971,138.5,1662,3324
62.251,-17.48,,0,0.01,2967,138.5,1662,3324
62.272,-17.87,,0,0.01,3033,138.5,1662,3324
62.293,-18.61,,0,0.01,3183,138.5,1662,3324
62.315,-17.46,,0,0.01,3064,138.0,1656,3312
62.336,-17.44,,0,0.01,3085,139.0,1668,3336
62.357,-17.96,,0,0.01,3039,139.0,1668,3336
62.379,-17.21,,0,0.01,3018,139.0,1668,3336
62.400,-16.42,,0,0.01,2787,140.5,1686,3372
62.421,-16.21,,0,0.01,2855,139.5,1674,3348
62.443,-16.87,,0,0.01,2856,141.0,1692,3384
62.464,-17.45,287.1,1,0.02,2961,141.5,1698,3396
62.485,-17.41,285.4,1,0.03,2844,141.5,1698,3396
62.507,-17.56,285.4,1,0.03,2768,141.5,1698,3396
62.528,-17.19,285.4,1,0.03,2704,142.0,1704,3408
62.549,-16.83,285.4,1,0.03,2765,142.0,1704,3408
62.571,-17.21,287.1,1,0.02,2763,142.0,1704,3408
62.592,-17.00,290.4,1,0.01,2821,144.0,1728,3456
62.613,-16.94,293.8,1,0.01,2742,144.0,1728,3456
62.635,-17.36,298.9,1,0.01,2655,144.0,1728,3456
62.656,-16.72,298.9,1,0.02,2433,146.0,1752,3504
62.677,-16.54,300.6,1,0.01,2223,149.0,1788,3576
62.699,-15.70,298.9,1,0.02,2134,149.0,1788,3576
62.720,-15.54,298.9,1,0.02,1979,149.0,1788,3576
62.741,-16.82,298.9,1,0.02,1859,149.0,1788,3576
62.763,-16.43,297.2,1,0.02,1839,149.0,1788,3576
62.784,-15.73,298.9,1,0.02,1903,149.0,1788,3576
62.805,-16.23,298.9,1,0.02,1814,149.0,1788,3576
62.827,-16.02,300.6,1,0.03,1739,150.5,1806,3612
62.848,-16.38,300.6,1,0.06,1746,150.5,1806,3612
62.869,-16.69,300.6,1,0.09,1741,150.5,1806,3612
62.891,-16.34,302.4,1,0.18,1762,150.5,1806,3612
62.912,-15.95,304.1,1,0.24,1752,151.0,1812,3624
62.933,-15.49,304.1,1,0.28,1783,151.0,1812,3624
62.955,-15.76,305.9,1,0.32,1776,75.5,906,1812
62.976,-15.85,307.7,1,0.11,1777,76.0,912,1824
62.997,-16.22,309.4,1,0.07,1722,154.5,1854,3708
63.019,-16.32,309.4,1,0.07,1790,77.0,924,1848
63.040,-16.03,309.4,1,0.08,1811,77.0,924,1848
63.061,-16.21,311.2,1,0.09,1827,78.0,936,1872
63.083,-16.23,311.2,1,0.11,1851,78.0,936,1872
63.104,-16.44,313.0,1,0.06,1840,79.0,948,1896
63.125,-16.78,314.9,1,0.03,1941,79.0,948,1896
63.147,-17.20,314.9,1,0.03,1959,79.0,948,1896
63.168,-17.29,316.7,1,0.02,1968,80.0,960,1920
63.189,-17.01,318.5,1,0.01,1991,80.0,960,1920
63.211,-16.58,,0,0.01,2013,80.0,960,1920
63.232,-16.84,,0,0.01,2049,80.0,960,1920
63.253,-17.18,,0,0.01,2104,160.0,1920,3840
63.275,-16.92,,0,0.01,2213,164.0,1968,3936
63.296,-17.34,322.2,1,0.01,2233,164.0,1968,3936
63.317,-17.28,324.1,1,0.01,2263,164.0,1968,3936
63.339,-17.43,324.1,1,0.01,2252,164.0,1968,3936
63.360,-17.57,327.8,1,0.01,2239,164.5,1974,3948
63.381,-17.00,329.7,1,0.01,2290,164.5,1974,3948
63.403,-17.73,329.7,1,0.01,2249,166.0,1992,3984
63.424,-17.94,333.6,1,0.01,2221,166.0,1992,3984
63.445,-16.84,333.6,1,0.02,2270,166.0,1992,3984
63.467,-16.41,335.5,1,0.03,2191,168.0,2016,4032
63.488,-16.10,337.5,1,0.04,2161,168.5,2022,4044
63.509,-16.20,339.4,1,0.07,2196,168.5,2022,4044
63.531,-16.14,341.4,1,0.06,2255,342.5,4110,8220
63.552,-16.79,343.4,1,0.03,2305,342.5,4110,8220
63.573,-18.39,343.4,1,0.01,2281,342.5,4110,8220
63.595,-17.93,345.3,1,0.01,2405,172.5,2070,4140
63.616,-17.24,347.3,1,0.01,2367,174.0,2088,4176
63.637,-16.98,347.3,1,0.01,2373,174.0,2088,4176
63.659,-17.10,351.4,1,0.01,2297,174.5,2094,4188
63.680,-17.42,351.4,1,0.02,2309,174.5,2094,4188
63.701,-17.56,351.4,1,0.01,2310,175.5,2106,4212
63.723,-17.49,353.4,1,0.01,2365,175.5,2106,4212
63.744,-17.23,355.5,1,0.01,2441,178.0,2136,4272
63.765,-17.41,357.5,1,0.01,2508,178.0,2136,4272
63.787,-17.35,359.6,1,0.02,2509,179.5,2154,4308
63.808,-16.40,361.7,1,0.04,2530,181.5,2178,4356
63.829,-15.89,363.8,1,0.05,2495,181.5,2178,4356
63.851,-16.38,363.8,1,0.03,2595,364.0,4368,8736
63.872,-16.97,365.9,1,0.03,2635,364.0,4368,8736
63.893,-17.18,368.0,1,0.03,2621,370.0,4440,8880
63.915,-17.10,370.1,1,0.07,2646,370.5,4446,8892
63.936,-16.67,370.1,1,0.11,2701,370.5,4446,8892
63.957,-16.53,370.1,1,0.11,2601,370.5,4446,8892
63.979,-16.72,372.3,1,0.08,2499,371.0,4452,8904
64.000,-17.14,376.6,1,0.05,2480,188.5,2262,4524
64.021,-17.14,376.6,1,0.07,2487,189.0,2268,4536
64.043,-16.42,378.8,1,0.07,2549,189.0,2268,4536
64.064,-16.16,381.0,1,0.08,2423,191.0,2292,4584
64.085,-16.52,383.2,1,0.09,2429,191.0,2292,4584
64.107,-16.85,385.4,1,0.13,2579,384.0,4608,9216
64.128,-16.76,385.4,1,0.11,2538,96.5,1158,2316
64.149,-17.05,387.6,1,0.06,2529,96.5,1158,2316
64.171,-17.64,387.6,1,0.03,2466,97.0,1164,2328
64.192,-17.74,389.9,1,0.02,2594,98.0,1176,2352
64.213,-17.16,392.1,1,0.02,2618,98.5,1182,2364
64.235,-17.09,392.1,1,0.01,2659,98.5,1182,2364
64.256,-17.41,394.4,1,0.01,2607,99.0,1188,2376
64.277,-17.40,,0,0.01,2540,99.5,1194,2388
64.299,-17.34,,0,0.01,2520,100.5,1206,2412
64.320,-17.05,,0,0.01,2529,100.5,1206,2412
64.341,-17.59,,0,0.01,2438,101.0,1212,2424
64.363,-17.82,,0,0.01,2451,101.0,1212,2424
64.384,-17.88,,0,0.01,2355,101.0,1212,2424
64.405,-18.97,,0,0.01,2407,101.0,1212,2424
64.427,-18.54,,0,0.01,2570,104.0,1248,2496
64.448,-18.03,105.1,1,0.01,2533,104.0,1248,2496
64.469,-17.42,105.1,1,0.01,2563,104.0,1248,2496
64.491,-17.53,105.7,1,0.01,2497,104.0,1248,2496
64.512,-18.30,105.7,1,0.01,2476,106.5,1278,2556
64.533,-17.12,106.9,1,0.01,2537,108.0,1296,2592
64.555,-16.45,107.5,1,0.01,2642,108.0,1296,2592
64.576,-16.81,108.2,1,0.01,2645,108.0,1296,2592
64.597,-17.47,108.2,1,0.01,2785,108.0,1296,2592
64.619,-17.11,108.8,1,0.01,2893,108.0,1296,2592
64.640,-16.68,109.4,1,0.01,2919,108.0,1296,2592
64.661,-17.17,109.4,1,0.01,3050,109.5,1314,2628
64.683,-17.30,110.0,1,0.01,3107,109.5,1314,2628
64.704,-17.29,110.7,1,0.01,3021,110.5,1326,2652
64.725,-16.57,112.0,1,0.01,3023,111.5,1338,2676
64.747,-16.13,112.6,1,0.01,3093,113.0,1356,2712
64.768,-16.07,113.3,1,0.02,3065,113.5,1362,2724
64.789,-16.12,113.3,1,0.02,3066,113.5,1362,2724
64.811,-16.35,113.9,1,0.01,2841,113.5,1362,2724
64.832,-16.32,115.9,1,0.01,2876,117.0,1404,2808
64.853,-16.41,116.6,1,0.01,3163,117.0,1404,2808
64.875,-16.87,,0,0.01,3223,117.0,1404,2808
64.896,-17.12,,0,0.01,3237,117.0,1404,2808
64.917,-16.98,,0,0.01,3296,117.0,1404,2808
64.939,-16.56,,0,0.01,3230,121.0,1452,2904
64.960,-16.41,,0,0.01,3221,121.0,1452,2904
64.981,-16.60,,0,0.01,3337,121.0,1452,2904
65.003,-16.70,,0,0.01,3311,126.0,1512,3024
65.024,-16.68,,0,0.01,3390,126.5,1518,3036
65.045,-16.17,,0,0.01,3395,126.5,1518,3036
65.067,-15.85,,0,0.01,3343,126.5,1518,3036
65.088,-16.27,,0,0.01,3457,126.5,1518,3036
65.109,-17.13,,0,0.01,3662,259.5,3114,6228
65.131,-17.03,,0,0.01,3610,259.5,3114,6228
65.152,-16.66,,0,0.01,3494,259.5,3114,6228
65.173,-16.03,,0,0.01,3442,259.5,3114,6228
65.195,-16.15,,0,0.01,3639,259.5,3114,6228
65.216,-16.73,,0,0.01,3890,179.5,2154,4308
65.237,-16.44,,0,0.01,3834,179.5,2154,4308
65.259,-16.36,,0,0.01,3771,134.5,1614,3228
65.280,-16.32,,0,0.01,3750,134.5,1614,3228
65.301,-16.31,,0,0.01,3688,134.5,1614,3228
65.323,-16.42,,0,0.01,3663,179.5,2154,4308
65.344,-16.43,,0,0.01,3780,179.5,2154,4308
65.365,-16.35,,0,0.01,3834,139.0,1668,3336
65.387,-16.12,,0,0.01,3665,139.0,1668,3336
65.408,-16.33,,0,0.01,3565,139.0,1668,3336
65.429,-16.55,,0,0.01,3565,141.5,1698,3396
65.451,-16.42,,0,0.01,3537,141.5,1698,3396
65.472,-16.47,,0,0.01,3621,141.5,1698,3396
65.493,-16.49,,0,0.01,3503,141.5,1698,3396
65.515,-16.41,,0,0.01,3597,285.0,3420,6840
65.536,-16.24,,0,0.01,3632,285.0,3420,6840
65.557,-16.31,48.5,1,0.01,3512,285.0,3420,6840
65.579,-16.44,48.7,1,0.01,3575,147.0,1764,3528
65.600,-16.55,49.0,1,0.01,3789,147.0,1764,3528
65.621,-16.59,49.3,1,0.01,3784,147.0,1764,3528
65.643,-16.57,49.6,1,0.01,3717,150.0,1800,3600
65.664,-16.74,49.9,1,0.01,3777,150.0,1800,3600
65.685,-16.68,50.5,1,0.01,3771,151.5,1818,3636
65.707,-16.57,50.7,1,0.01,3744,153.0,1836,3672
65.728,-16.61,50.7,1,0.01,3675,153.0,1836,3672
65.749,-16.81,51.0,1,0.01,3879,153.0,1836,3672
65.771,-17.22,51.3,1,0.01,3912,153.0,1836,3672
65.792,-17.22,51.6,1,0.01,3809,310.0,3720,7440
65.813,-16.71,51.9,1,0.01,3965,310.0,3720,7440
65.835,-16.57,51.9,1,0.01,4022,310.0,3720,7440
65.856,-16.96,52.2,1,0.01,4060,310.0,3720,7440
65.877,-16.87,52.5,1,0.01,4001,312.0,3744,7488
65.899,-16.69,52.8,1,0.01,3923,316.5,3798,7596
65.920,-16.65,53.1,1,0.01,3997,316.5,3798,7596
65.941,-16.67,53.1,1,0.01,4161,321.0,3852,7704
65.963,-16.74,,0,0.01,4222,321.0,3852,7704
65.984,-16.64,,0,0.01,4119,321.0,3852,7704
66.005,-16.60,,0,0.01,3885,325.0,3900,7800
66.027,-16.53,,0,0.01,4016,164.0,1968,3936
66.048,-16.63,,0,0.01,4133,164.0,1968,3936
66.069,-16.84,,0,0.01,4022,164.0,1968,3936
66.091,-16.84,,0,0.01,4134,164.0,1968,3936
66.112,-16.73,,0,0.01,4379,328.5,3942,7884
66.133,-16.76,,0,0.01,4345,339.0,4068,8136
66.155,-16.94,,0,0.01,4293,339.0,4068,8136
66.176,-16.70,,0,0.01,4303,339.0,4068,8136
66.197,-16.27,,0,0.01,4173,340.5,4086,8172
66.219,-16.41,,0,0.01,4002,340.5,4086,8172
66.240,-16.75,,0,0.01,4085,340.5,4086,8172
66.261,-16.65,,0,0.01,4105,340.5,4086,8172
66.283,-16.34,,0,0.01,4101,334.5,4014,8028
66.304,-16.05,,0,0.01,4231,334.5,4014,8028
66.325,-16.25,,0,0.01,4265,334.5,4014,8028
66.347,-16.41,,0,0.01,4167,334.5,4014,8028
66.368,-16.58,,0,0.01,4304,334.5,4014,8028
66.389,-16.98,,0,0.01,4009,111.0,1332,2664
66.411,-17.03,,0,0.01,3901,111.0,1332,2664
66.432,-17.09,,0,0.01,3630,111.0,1332,2664
66.453,-17.08,,0,0.01,3451,111.0,1332,2664
66.475,-17.39,,0,0.01,3501,110.5,1326,2652
66.496,-17.79,,0,0.01,3675,110.5,1326,2652
66.517,-17.56,,0,0.01,3902,110.5,1326,2652
66.539,-17.82,,0,0.01,4141,110.5,1326,2652
66.560,-18.22,,0,0.01,4280,110.0,1320,2640
66.581,-17.96,,0,0.01,4260,82.5,990,1980
66.603,-18.28,,0,0.01,4284,82.5,990,1980
66.624,-18.27,,0,0.01,4359,81.5,978,1956
66.645,-17.94,,0,0.01,4091,163.0,1956,3912
66.667,-17.98,,0,0.01,4022,163.0,1956,3912
66.688,-18.56,,0,0.01,3852,162.0,1944,3888
66.709,-18.87,,0,0.01,3926,162.0,1944,3888
66.731,-18.73,,0,0.01,3883,162.0,1944,3888
66.752,-18.46,,0,0.01,3732,161.5,1938,3876
66.773,-18.22,,0,0.01,3583,161.5,1938,3876
66.795,-18.58,,0,0.01,3559,160.5,1926,3852
66.816,-18.99,,0,0.01,3618,160.5,1926,3852
66.837,-19.28,,0,0.01,3521,160.5,1926,3852
66.859,-19.87,,0,0.01,3465,160.0,1920,3840
66.880,-20.29,53.5,1,0.01,3526,160.0,1920,3840
66.901,-19.44,53.5,1,0.01,3449,159.5,1914,3828
66.923,-19.04,53.1,1,0.01,3321,159.5,1914,3828
66.944,-19.28,53.1,1,0.01,3411,159.0,1908,3816
66.965,-19.35,53.1,1,0.01,3312,105.0,1260,2520
66.987,-19.49,52.8,1,0.01,3329,105.0,1260,2520
67.008,-19.28,52.8,1,0.01,3270,105.0,1260,2520
67.029,-19.23,52.8,1,0.01,3143,105.0,1260,2520
67.051,-19.17,52.5,1,0.01,3115,104.5,1254,2508
67.072,-18.37,52.5,1,0.01,2970,104.5,1254,2508
67.093,-18.54,52.2,1,0.01,3080,104.5,1254,2508
67.115,-19.18,51.9,1,0.01,3108,155.5,1866,3732
67.136,-18.13,51.9,1,0.01,2986,155.0,1860,3720
67.157,-18.43,51.9,1,0.01,2923,155.0,1860,3720
67.179,-19.99,51.6,1,0.01,2974,155.0,1860,3720
67.200,-20.62,51.6,1,0.01,2970,155.0,1860,3720
67.221,-21.20,51.3,1,0.01,2981,153.0,1836,3672
67.243,-21.37,51.3,1,0.01,3113,153.0,1836,3672
67.264,-20.28,51.0,1,0.01,2996,101.5,1218,2436
67.285,-18.54,50.7,1,0.01,2945,101.5,1218,2436
67.307,-18.36,50.7,1,0.01,2907,151.5,1818,3636
67.328,-18.39,50.7,1,0.01,2811,100.5,1206,2412
67.349,-18.19,50.5,1,0.01,2774,100.5,1206,2412
67.371,-18.93,50.5,1,0.01,2824,100.5,1206,2412
67.392,-19.47,50.2,1,0.01,2909,100.5,1206,2412
67.413,-19.25,50.2,1,0.01,2855,100.5,1206,2412
67.435,-18.88,49.9,1,0.01,2792,99.5,1194,2388
67.456,-18.99,49.9,1,0.01,2758,99.5,1194,2388
67.477,-18.99,49.6,1,0.01,2721,99.5,1194,2388
67.499,-19.07,49.6,1,0.01,2811,148.5,1782,3564
67.520,-17.71,49.6,1,0.01,2747,99.5,1194,2388
67.541,-17.21,,0,0.01,2342,99.0,1188,2376
67.563,-17.67,,0,0.01,2234,99.0,1188,2376
67.584,-17.31,,0,0.01,2444,,,
67.605,-17.59,,0,0.01,2066,,,
67.627,-17.47,,0,0.01,1940,,,
67.648,-17.88,,0,0.01,1930,,,
67.669,-18.25,,0,0.01,2023,,,
67.691,-17.62,,0,0.01,2043,,,
67.712,-17.07,,0,0.01,2118,,,
67.733,-17.08,,0,0.01,2082,,,
67.755,-18.39,,0,0.01,2075,,,
67.776,-17.33,,0,0.01,1897,,,
67.797,-17.10,,0,0.01,1868,,,
67.819,-17.86,,0,0.01,2062,138.0,1656,3312
67.840,-17.00,,0,0.01,2116,138.0,1656,3312
67.861,-17.47,,0,0.01,2246,139.0,1668,3336
67.883,-18.98,,0,0.01,2422,139.0,1668,3336
67.904,-18.63,,0,0.02,2556,139.0,1668,3336
67.925,-17.12,,0,0.03,2491,139.0,1668,3336
67.947,-16.42,,0,0.05,2438,138.0,1656,3312
67.968,-16.26,,0,0.07,2462,138.0,1656,3312
67.989,-16.76,,0,0.06,2564,138.0,1656,3312
68.011,-17.18,,0,0.03,2545,138.0,1656,3312
68.032,-17.74,,0,0.02,2647,138.0,1656,3312
68.053,-18.45,,0,0.02,2801,135.5,1626,3252
68.075,-18.61,,0,0.01,2841,135.5,1626,3252
68.096,-17.11,,0,0.01,3341,135.0,1620,3240
68.117,-16.54,,0,0.01,3660,135.0,1620,3240
68.139,-17.35,,0,0.01,3031,135.0,1620,3240
68.160,-17.30,,0,0.01,2678,,,
68.181,-16.76,,0,0.01,2565,,,
68.203,-16.84,,0,0.01,2559,,,
68.224,-17.38,,0,0.01,2442,111.5,1338,2676
68.245,-17.66,,0,0.01,2368,111.5,1338,2676
68.267,-18.25,,0,0.01,2360,110.0,1320,2640
68.288,-17.64,,0,0.01,2363,110.0,1320,2640
68.309,-16.74,,0,0.01,2350,,,
68.331,-16.67,,0,0.01,2083,,,
68.352,-16.69,,0,0.01,1916,,,
68.373,-17.05,,0,0.01,1966,,,
68.395,-17.21,,0,0.01,1795,,,
68.416,-18.15,,0,0.01,1853,,,
68.437,-18.38,,0,0.01,2078,,,
68.459,-17.42,,0,0.01,2144,,,
68.480,-17.23,,0,0.01,2084,,,
68.501,-16.95,,0,0.01,2158,,,
68.523,-18.12,,0,0.01,2330,,,
68.544,-19.97,,0,0.01,2501,,,
68.565,-20.85,,0,0.01,2642,,,
68.587,-21.20,,0,0.01,2878,100.5,1206,2412
68.608,-20.17,,0,0.01,2771,100.5,1206,2412
68.629,-18.95,,0,0.01,2837,100.5,1206,2412
68.651,-18.73,,0,0.01,2840,100.5,1206,2412
68.672,-18.46,,0,0.01,2925,101.0,1212,2424
68.693,-18.88,,0,0.01,2961,101.0,1212,2424
68.715,-18.34,,0,0.01,3007,103.0,1236,2472
68.736,-17.63,,0,0.01,2925,97.0,1164,2328
68.757,-18.73,,0,0.01,3153,97.0,1164,2328
68.779,-19.79,,0,0.01,3421,97.0,1164,2328
68.800,-17.90,,0,0.01,3109,97.0,1164,2328
68.821,-15.51,,0,0.01,2608,,,
68.843,-16.31,,0,0.01,2538,,,
68.864,-18.21,,0,0.01,2675,,,
68.885,-17.04,,0,0.01,2496,,,
68.907,-17.43,,0,0.01,2119,,,
68.928,-18.14,,0,0.01,2131,,,
68.949,-19.24,,0,0.01,2355,,,
68.971,-22.68,,0,0.01,2916,,,
68.992,-23.00,,0,0.01,3163,,,
69.013,-21.70,,0,0.01,3268,,,
69.035,-20.11,,0,0.01,3214,,,
69.056,-19.55,,0,0.01,3210,,,
69.077,-19.70,,0,0.01,3496,,,
69.099,-19.32,,0,0.01,3466,,,
69.120,-19.36,,0,0.01,3564,,,
69.141,-19.02,,0,0.01,3606,,,
69.163,-18.83,,0,0.01,3637,,,
69.184,-17.95,,0,0.01,3565,180.5,2166,4332
69.205,-17.34,,0,0.01,3493,180.5,2166,4332
69.227,-16.13,,0,0.01,3261,180.5,2166,4332
69.248,-15.32,,0,0.01,3243,,,
69.269,-15.43,,0,0.01,3356,108.0,1296,2592
69.291,-15.04,,0,0.01,3109,108.0,1296,2592
69.312,-15.90,,0,0.01,3189,108.0,1296,2592
69.333,-17.28,,0,0.01,3421,108.0,1296,2592
69.355,-17.74,,0,0.01,3463,108.0,1296,2592
69.376,-18.11,,0,0.01,3564,98.5,1182,2364
69.397,-17.40,,0,0.01,3515,98.5,1182,2364
69.419,-16.87,,0,0.01,3514,89.0,1068,2136
69.440,-18.01,,0,0.01,3607,91.5,1098,2196
69.461,-19.34,,0,0.01,3772,91.5,1098,2196
69.483,-18.94,,0,0.01,3774,91.5,1098,2196
69.504,-17.84,,0,0.01,3783,91.5,1098,2196
69.525,-17.19,,0,0.01,3717,91.5,1098,2196
69.547,-17.06,,0,0.01,3788,88.0,1056,2112
69.568,-16.67,,0,0.01,3713,89.0,1068,2136
69.589,-17.17,,0,0.01,3769,90.5,1086,2172
69.611,-17.80,,0,0.01,3601,90.5,1086,2172
69.632,-17.80,,0,0.01,3442,85.0,1020,2040
69.653,-18.34,,0,0.01,3649,85.5,1026,2052
69.675,-17.80,,0,0.01,3754,86.0,1032,2064
69.696,-17.22,,0,0.01,3783,86.0,1032,2064
69.717,-17.53,,0,0.01,3886,84.5,1014,2028
69.739,-17.62,,0,0.01,3862,169.5,2034,4068
69.760,-18.08,,0,0.01,3957,169.5,2034,4068
69.781,-17.61,,0,0.01,4015,169.5,2034,4068
69.803,-16.92,,0,0.01,3963,169.0,2028,4056
69.824,-17.26,,0,0.01,4081,169.0,2028,4056
69.845,-16.86,,0,0.01,3905,169.0,2028,4056
69.867,-16.65,,0,0.01,3891,169.0,2028,4056
69.888,-17.23,,0,0.01,4160,168.5,2022,4044
69.909,-17.17,,0,0.01,4202,169.0,2028,4056
69.931,-16.57,,0,0.01,3993,169.0,2028,4056
69.952,-17.03,,0,0.01,3989,169.0,2028,4056
69.973,-17.29,,0,0.01,3897,169.0,2028,4056
69.995,-17.25,,0,0.00,3758,169.0,2028,4056
70.016,-18.00,,0,0.01,3938,85.0,1020,2040
70.037,-17.97,,0,0.01,3881,94.5,1134,2268
70.059,-18.07,96.4,1,0.01,3873,98.5,1182,2364
70.080,-17.95,94.7,1,0.01,3895,98.5,1182,2364
70.101,-18.15,99.2,1,0.01,3885,98.5,1182,2364
70.123,-17.57,94.7,1,0.01,3900,98.5,1182,2364
70.144,-15.77,103.9,1,0.01,3836,100.5,1206,2412
70.165,-15.45,110.0,1,0.02,3545,100.5,1206,2412
70.187,-15.46,110.0,1,0.09,3171,,,
70.208,-15.63,112.6,1,0.07,3159,,,
70.229,-17.07,119.3,1,0.04,3165,133.0,1596,3192
70.251,-17.53,129.4,1,0.03,3266,133.0,1596,3192
70.272,-15.08,133.1,1,0.13,3094,133.0,1596,3192
70.293,-13.97,132.4,1,0.37,2886,134.5,1614,3228
70.315,-13.89,133.1,1,0.37,2684,134.5,1614,3228
70.336,-14.48,133.9,1,0.55,2725,134.5,1614,3228
70.357,-15.37,134.7,1,0.32,2647,134.5,1614,3228
70.379,-16.61,133.9,1,0.02,3204,134.5,1614,3228
70.400,-18.41,137.0,1,0.01,3718,134.5,1614,3228
70.421,-19.14,,0,0.01,3958,,,
70.443,-18.99,,0,0.01,4096,82.5,990,1980
70.464,-18.17,,0,0.01,3962,82.5,990,1980
70.485,-18.10,,0,0.01,4057,82.5,990,1980
70.507,-17.70,,0,0.01,3966,169.5,2034,4068
70.528,-17.67,,0,0.01,3862,161.5,1938,3876
70.549,-17.91,,0,0.01,4063,167.0,2004,4008
70.571,-17.48,,0,0.01,4186,169.5,2034,4068
70.592,-17.25,,0,0.01,4094,166.5,1998,3996
70.613,-17.68,,0,0.01,4054,166.5,1998,3996
70.635,-17.63,,0,0.01,3928,166.5,1998,3996
70.656,-17.30,,0,0.01,3733,169.0,2028,4056
70.677,-17.67,,0,0.01,3849,85.0,1020,2040
70.699,-18.39,,0,0.01,3856,90.5,1086,2172
70.720,-18.61,,0,0.01,3821,98.5,1182,2364
70.741,-18.11,94.7,1,0.01,3894,98.5,1182,2364
70.763,-18.34,94.2,1,0.01,3858,98.5,1182,2364
70.784,-18.03,98.0,1,0.01,3798,98.5,1182,2364
70.805,-16.31,103.9,1,0.01,3785,98.5,1182,2364
70.827,-15.65,108.8,1,0.01,3627,98.5,1182,2364
70.848,-15.78,108.2,1,0.04,3288,98.5,1182,2364
70.869,-16.23,111.3,1,0.08,3181,,,
70.891,-17.71,117.9,1,0.03,3228,133.0,1596,3192
70.912,-18.45,124.2,1,0.02,3274,133.0,1596,3192
70.933,-16.06,132.4,1,0.08,3193,133.0,1596,3192
70.955,-14.86,133.1,1,0.18,3034,133.0,1596,3192
70.976,-14.61,133.1,1,0.37,2852,133.0,1596,3192
70.997,-15.21,133.9,1,0.43,2764,135.0,1620,3240
71.019,-15.37,134.7,1,0.43,2652,135.0,1620,3240
71.040,-16.27,136.3,1,0.13,2740,136.0,1632,3264
71.061,-17.09,136.3,1,0.24,2873,136.0,1632,3264
71.083,-14.95,136.3,1,0.24,2650,135.5,1626,3252
71.104,-13.98,135.5,1,0.55,2553,135.5,1626,3252
71.125,-13.96,136.3,1,0.55,2447,135.5,1626,3252
71.147,-15.96,137.0,1,0.43,2647,137.5,1650,3300
71.168,-16.90,136.3,1,0.43,2847,137.5,1650,3300
71.189,-16.17,137.0,1,0.18,2748,137.5,1650,3300
71.211,-16.44,136.3,1,0.21,2831,137.5,1650,3300
71.232,-16.26,137.8,1,0.15,2865,,,
71.253,-15.54,140.3,1,0.03,2759,,,
71.275,-15.91,155.6,1,0.02,2753,,,
71.296,-15.33,163.0,1,0.06,2699,,,
71.317,-14.39,172.7,1,0.03,2569,,,
71.339,-16.72,181.9,1,0.02,2573,,,
71.360,-18.38,,0,0.01,2634,,,
71.381,-17.82,,0,0.01,2538,,,
71.403,-18.10,,0,0.01,2585,,,
71.424,-17.75,,0,0.01,2571,,,
71.445,-17.59,,0,0.01,2362,,,
71.467,-17.28,,0,0.01,2102,,,
71.488,-17.35,,0,0.01,1789,,,
71.509,-17.47,,0,0.01,1819,,,
71.531,-16.91,,0,0.01,1879,,,
71.552,-16.47,,0,0.01,1972,108.0,1296,2592
71.573,-16.55,,0,0.01,2073,108.0,1296,2592
71.595,-17.49,,0,0.01,1988,108.0,1296,2592
71.616,-18.38,,0,0.01,2146,108.0,1296,2592
71.637,-19.33,,0,0.01,2271,109.5,1314,2628
71.659,-19.56,,0,0.01,2428,109.5,1314,2628
71.680,-18.84,,0,0.01,2440,95.5,1146,2292
71.701,-18.84,,0,0.01,2660,95.5,1146,2292
71.723,-19.12,,0,0.01,2754,95.5,1146,2292
71.744,-19.34,,0,0.01,2926,95.5,1146,2292
71.765,-19.67,,0,0.01,3150,95.5,1146,2292
71.787,-19.94,,0,0.01,3163,95.5,1146,2292
71.808,-20.47,,0,0.01,3292,93.0,1116,2232
71.829,-20.97,,0,0.01,3440,,,
71.851,-18.05,,0,0.01,3091,,,
71.872,-16.47,,0,0.01,2602,,,
71.893,-16.14,,0,0.01,2055,,,
71.915,-17.18,,0,0.01,1867,,,
71.936,-18.45,,0,0.01,2170,,,
71.957,-18.89,,0,0.01,2574,,,
71.979,-20.43,,0,0.01,2932,,,
72.000,-19.68,,0,0.01,2982,97.5,1170,2340
72.021,-17.16,,0,0.01,2747,,,
72.043,-17.14,,0,0.01,2697,,,
72.064,-19.72,,0,0.01,2866,,,
72.085,-19.94,,0,0.01,3023,,,
72.107,-19.60,,0,0.01,3035,,,
72.128,-19.46,,0,0.01,3126,,,
72.149,-19.09,,0,0.01,2987,,,
72.171,-17.95,,0,0.01,2855,,,
72.192,-18.31,,0,0.01,2756,,,
72.213,-20.78,,0,0.01,3126,,,
72.235,-19.74,,0,0.01,3045,,,
72.256,-18.11,,0,0.01,2641,,,
72.277,-18.09,,0,0.01,2747,,,
72.299,-18.21,,0,0.01,3019,,,
72.320,-17.80,,0,0.01,3099,,,
72.341,-17.71,,0,0.01,3067,,,
72.363,-17.06,,0,0.01,2957,,,
72.384,-15.86,,0,0.01,2823,,,
72.405,-15.49,,0,0.01,2839,,,
72.427,-16.50,,0,0.01,2850,,,
72.448,-16.89,,0,0.01,2995,,,
72.469,-16.71,,0,0.01,2767,,,
72.491,-16.38,,0,0.01,2669,,,
72.512,-15.72,,0,0.01,2488,,,
72.533,-16.62,,0,0.01,2502,,,
72.555,-16.23,,0,0.01,2435,,,
72.576,-15.75,,0,0.01,2082,,,
72.597,-16.22,,0,0.01,1834,,,
72.619,-16.09,,0,0.01,1762,,,
72.640,-16.32,,0,0.01,1791,,,
72.661,-16.29,,0,0.01,1845,,,
72.683,-16.17,,0,0.01,2111,224.0,2688,5376
72.704,-16.18,,0,0.01,2269,224.0,2688,5376
72.725,-16.20,,0,0.01,2149,224.0,2688,5376
72.747,-16.34,,0,0.01,2207,224.0,2688,5376
72.768,-16.25,,0,0.01,2115,222.5,2670,5340
72.789,-16.42,,0,0.01,2254,222.5,2670,5340
72.811,-16.78,,0,0.01,2201,109.5,1314,2628
72.832,-17.01,,0,0.01,2043,111.0,1332,2664
72.853,-17.04,,0,0.01,1944,111.0,1332,2664
72.875,-16.33,,0,0.01,1910,111.0,1332,2664
72.896,-16.25,,0,0.01,1780,111.0,1332,2664
72.917,-16.73,,0,0.01,1828,111.0,1332,2664
72.939,-16.26,,0,0.01,1849,111.0,1332,2664
72.960,-15.75,,0,0.01,1767,109.0,1308,2616
72.981,-16.30,,0,0.01,1791,,,
73.003,-17.00,,0,0.01,1900,,,
73.024,-17.28,,0,0.01,2041,,,
73.045,-18.35,,0,0.01,2235,,,
73.067,-19.14,,0,0.01,2530,,,
73.088,-18.67,,0,0.01,2538,,,
73.109,-17.82,,0,0.01,2437,,,
73.131,-17.59,,0,0.01,2168,,,
73.152,-16.82,,0,0.01,2303,,,
73.173,-14.90,,0,0.01,2049,,,
73.195,-15.67,,0,0.01,1805,,,
73.216,-18.01,,0,0.01,2160,,,
73.237,-18.93,,0,0.01,2569,,,
73.259,-18.49,,0,0.01,2810,,,
73.280,-17.89,,0,0.01,2560,,,
73.301,-17.66,,0,0.01,2481,97.0,1164,2328
73.323,-17.22,,0,0.01,2541,97.0,1164,2328
73.344,-17.12,,0,0.01,2459,,,
73.365,-17.61,,0,0.01,2559,,,
73.387,-18.04,,0,0.01,2577,,,
73.408,-17.11,,0,0.01,2439,,,
73.429,-16.39,,0,0.01,2468,92.5,1110,2220
73.451,-17.33,,0,0.01,2617,92.0,1104,2208
73.472,-19.50,,0,0.01,2884,92.0,1104,2208
73.493,-19.32,,0,0.01,3030,,,
73.515,-18.91,,0,0.01,3210,,,
73.536,-17.58,,0,0.01,3138,,,
73.557,-16.27,,0,0.01,2842,114.5,1374,2748
73.579,-16.23,,0,0.01,2899,,,
73.600,-16.25,,0,0.01,2750,,,
73.621,-17.10,,0,0.01,2790,,,
73.643,-19.29,,0,0.01,3041,,,
73.664,-18.68,,0,0.01,3010,,,
73.685,-17.39,,0,0.01,3022,,,
73.707,-16.94,,0,0.01,3226,,,
73.728,-17.23,,0,0.01,3096,,,
73.749,-18.44,,0,0.01,3250,,,
73.771,-18.43,,0,0.01,3403,,,
73.792,-18.15,,0,0.01,3460,,,
73.813,-18.37,,0,0.01,3351,65.0,780,1560
73.835,-18.78,,0,0.01,3330,65.0,780,1560
73.856,-18.91,,0,0.01,3375,,,
73.877,-18.60,,0,0.01,3363,,,
73.899,-16.67,110.0,1,0.01,3188,,,
73.920,-15.77,110.0,1,0.01,3069,,,
73.941,-15.94,110.0,1,0.02,3028,103.0,1236,2472
73.963,-15.77,103.9,1,0.01,3096,103.0,1236,2472
73.984,-16.42,103.9,1,0.02,3200,54.5,654,1308
74.005,-17.58,102.7,1,0.01,3396,95.5,1146,2292
74.027,-17.97,103.3,1,0.01,3465,94.5,1134,2268
74.048,-18.26,96.9,1,0.01,3458,94.5,1134,2268
74.069,-19.11,97.5,1,0.01,3669,97.0,1164,2328
74.091,-18.89,102.7,1,0.01,3491,97.0,1164,2328
74.112,-17.99,,0,0.01,3378,97.0,1164,2328
74.133,-17.25,100.9,1,0.01,3359,99.5,1194,2388
74.155,-16.99,100.3,1,0.01,3273,99.5,1194,2388
74.176,-15.27,100.3,1,0.01,2905,,,
74.197,-13.25,106.3,1,0.04,2102,,,
74.219,-13.13,107.5,1,0.37,966,,,
74.240,-13.78,107.5,1,0.76,913,103.0,1236,2472
74.261,-13.85,108.2,1,0.69,871,103.0,1236,2472
74.283,-13.80,108.8,1,0.69,809,106.0,1272,2544
74.304,-13.60,111.3,1,0.69,827,106.0,1272,2544
74.325,-13.73,114.6,1,0.69,879,130.0,1560,3120
74.347,-14.59,120.0,1,0.37,961,130.0,1560,3120
74.368,-14.91,124.2,1,0.55,1051,130.0,1560,3120
74.389,-14.80,128.6,1,0.76,1029,125.5,1506,3012
74.411,-15.39,129.4,1,0.76,1057,125.5,1506,3012
74.432,-17.43,129.4,1,0.43,1068,,,
74.453,-20.53,126.4,1,0.11,1340,,,
74.475,-15.86,129.4,1,0.06,1471,,,
74.496,-14.66,134.7,1,0.02,1335,,,
74.517,-16.74,145.2,1,0.01,1689,,,
74.539,-18.05,160.2,1,0.01,1985,,,
74.560,-18.94,170.7,1,0.01,2279,,,
74.581,-19.33,,0,0.01,2564,,,
74.603,-18.61,,0,0.01,2475,,,
74.624,-18.17,,0,0.01,2430,,,
74.645,-18.87,,0,0.01,2430,,,
74.667,-17.51,,0,0.01,2332,,,
74.688,-16.76,,0,0.01,2165,,,
74.709,-17.51,,0,0.01,2368,,,
74.731,-17.58,,0,0.01,2506,,,
74.752,-17.36,,0,0.01,2589,,,
74.773,-17.92,,0,0.01,2579,,,
74.795,-16.88,,0,0.01,2488,201.0,2412,4824
74.816,-16.09,,0,0.01,2917,201.0,2412,4824
74.837,-16.72,,0,0.01,2652,201.0,2412,4824
74.859,-16.89,,0,0.01,2204,134.0,1608,3216
74.880,-16.52,,0,0.01,2208,134.0,1608,3216
74.901,-16.07,,0,0.01,2068,134.0,1608,3216
74.923,-16.72,,0,0.01,1991,134.0,1608,3216
74.944,-17.31,,0,0.01,1949,134.0,1608,3216
74.965,-17.07,,0,0.01,1807,125.0,1500,3000
74.987,-16.23,,0,0.01,1729,125.0,1500,3000
75.008,-16.06,,0,0.01,1618,125.0,1500,3000
75.029,-16.25,,0,0.02,1431,125.0,1500,3000
75.051,-15.94,,0,0.02,1400,125.5,1506,3012
75.072,-15.93,,0,0.01,1331,115.0,1380,2760
75.093,-16.16,,0,0.01,1378,116.0,1392,2784
75.115,-17.19,,0,0.01,1463,116.0,1392,2784
75.136,-17.65,,0,0.01,1603,,,
75.157,-18.98,,0,0.01,1695,,,
75.179,-18.77,133.9,1,0.01,1684,,,
75.200,-17.60,133.1,1,0.01,1545,,,
75.221,-18.14,108.2,1,0.01,1499,,,
75.243,-18.09,128.6,1,0.01,1554,99.5,1194,2388
75.264,-17.17,125.7,1,0.01,1520,99.5,1194,2388
75.285,-16.05,126.4,1,0.01,1337,,,
75.307,-17.49,141.9,1,0.01,1261,106.0,1272,2544
75.328,-17.88,141.9,1,0.01,1223,106.0,1272,2544
75.349,-17.13,141.1,1,0.01,1215,,,
75.371,-17.18,141.9,1,0.01,1286,,,
75.392,-18.42,135.5,1,0.01,1313,,,
75.413,-19.54,135.5,1,0.01,1402,104.0,1248,2496
75.435,-18.12,135.5,1,0.01,1404,104.0,1248,2496
75.456,-19.42,136.3,1,0.01,1553,,,
75.477,-21.23,124.2,1,0.01,1651,,,
75.499,-17.13,139.4,1,0.01,1395,,,
75.520,-16.75,123.5,1,0.01,1397,106.5,1278,2556
75.541,-17.75,122.8,1,0.02,1408,106.5,1278,2556
75.563,-16.51,120.7,1,0.03,1350,106.0,1272,2544
75.584,-16.70,120.0,1,0.09,1418,106.0,1272,2544
75.605,-15.73,122.1,1,0.11,1363,106.0,1272,2544
75.627,-13.77,122.1,1,0.24,1179,,,
75.648,-14.04,121.4,1,0.24,1132,,,
75.669,-16.25,122.1,1,0.18,1174,,,
75.691,-18.17,131.6,1,0.03,1391,,,
75.712,-20.07,152.1,1,0.01,1596,,,
75.733,-19.83,159.3,1,0.02,1584,,,
75.755,-19.88,157.4,1,0.02,1576,,,
75.776,-19.75,144.4,1,0.02,1548,,,
75.797,-17.36,140.3,1,0.07,1527,,,
75.819,-14.98,135.5,1,0.18,1475,,,
75.840,-15.33,133.1,1,0.13,1416,106.5,1278,2556
75.861,-15.45,130.1,1,0.11,1397,106.5,1278,2556
75.883,-14.51,125.7,1,0.02,1312,106.5,1278,2556
75.904,-17.10,120.0,1,0.02,1450,106.5,1278,2556
75.925,-16.45,112.6,1,0.03,1465,104.0,1248,2496
75.947,-14.54,106.9,1,0.09,1368,104.0,1248,2496
75.968,-16.22,109.4,1,0.03,1404,104.0,1248,2496
75.989,-18.10,117.3,1,0.01,1473,,,
76.011,-17.02,125.7,1,0.01,1433,,,
76.032,-16.08,127.1,1,0.01,1445,,,
76.053,-16.47,120.0,1,0.01,1449,94.0,1128,2256
76.075,-17.49,120.7,1,0.01,1526,94.0,1128,2256
76.096,-18.79,105.7,1,0.01,1655,94.0,1128,2256
76.117,-18.48,,0,0.01,1624,,,
76.139,-18.14,,0,0.01,1656,88.0,1056,2112
76.160,-17.71,,0,0.01,1613,88.0,1056,2112
76.181,-15.94,,0,0.01,1575,86.0,1032,2064
76.203,-16.22,,0,0.01,1563,86.0,1032,2064
76.224,-16.55,,0,0.01,1629,86.0,1032,2064
76.245,-15.72,,0,0.01,1572,86.0,1032,2064
76.267,-16.65,,0,0.01,1638,86.0,1032,2064
76.288,-17.11,85.3,1,0.01,1680,86.0,1032,2064
76.309,-16.27,87.3,1,0.01,1575,86.0,1032,2064
76.331,-15.55,87.3,1,0.02,1516,86.0,1032,2064
76.352,-14.91,87.3,1,0.03,1557,85.0,1020,2040
76.373,-15.68,86.8,1,0.02,1540,85.0,1020,2040
76.395,-16.85,85.8,1,0.05,1640,84.5,1014,2028
76.416,-16.25,85.3,1,0.05,1652,84.5,1014,2028
76.437,-16.29,85.3,1,0.06,1602,84.5,1014,2028
76.459,-16.39,85.3,1,0.02,1579,84.5,1014,2028
76.480,-16.20,87.8,1,0.02,1572,85.0,1020,2040
76.501,-16.17,87.8,1,0.02,1553,86.0,1032,2064
76.523,-16.43,87.8,1,0.02,1544,86.0,1032,2064
76.544,-16.88,86.8,1,0.02,1569,86.0,1032,2064
76.565,-16.28,86.3,1,0.03,1540,86.0,1032,2064
76.587,-15.57,86.3,1,0.05,1508,86.0,1032,2064
76.608,-16.14,86.3,1,0.01,1487,86.0,1032,2064
76.629,-16.16,85.3,1,0.01,1521,86.0,1032,2064
76.651,-16.46,88.4,1,0.01,1535,86.0,1032,2064
76.672,-17.24,85.3,1,0.02,1530,86.0,1032,2064
76.693,-16.62,87.3,1,0.02,1477,86.0,1032,2064
76.715,-16.74,87.3,1,0.03,1547,86.0,1032,2064
76.736,-16.64,87.8,1,0.03,1537,86.0,1032,2064
76.757,-16.75,87.3,1,0.02,1525,87.5,1050,2100
76.779,-17.15,86.8,1,0.01,1543,87.5,1050,2100
76.800,-16.92,86.8,1,0.01,1535,87.5,1050,2100
76.821,-17.52,89.4,1,0.01,1548,87.5,1050,2100
76.843,-17.57,89.4,1,0.01,1618,87.5,1050,2100
76.864,-17.00,89.9,1,0.01,1649,87.5,1050,2100
76.885,-16.37,89.4,1,0.01,1524,87.5,1050,2100
76.907,-15.72,89.9,1,0.01,1497,87.5,1050,2100
76.928,-16.58,93.6,1,0.01,1496,93.0,1116,2232
76.949,-19.07,93.6,1,0.01,1599,93.0,1116,2232
76.971,-18.58,93.1,1,0.01,1493,93.0,1116,2232
76.992,-18.03,98.6,1,0.01,1507,93.0,1116,2232
77.013,-17.86,92.0,1,0.01,1528,93.0,1116,2232
77.035,-16.70,98.0,1,0.01,1573,92.5,1110,2220
77.056,-14.95,97.5,1,0.01,1430,93.5,1122,2244
77.077,-15.14,97.5,1,0.01,1418,93.5,1122,2244
77.099,-15.94,97.5,1,0.01,1499,94.0,1128,2256
77.120,-16.04,96.9,1,0.01,1488,94.0,1128,2256
77.141,-16.82,96.4,1,0.02,1532,94.0,1128,2256
77.163,-17.02,95.8,1,0.02,1601,94.0,1128,2256
77.184,-16.86,95.2,1,0.03,1587,94.0,1128,2256
77.205,-17.18,95.2,1,0.01,1522,94.0,1128,2256
77.227,-16.63,100.9,1,0.02,1500,94.0,1128,2256
77.248,-16.04,100.9,1,0.03,1510,94.0,1128,2256
77.269,-16.39,100.9,1,0.03,1488,96.5,1158,2316
77.291,-16.37,100.3,1,0.04,1487,95.5,1146,2292
77.312,-15.90,100.3,1,0.07,1399,95.5,1146,2292
77.333,-15.74,99.7,1,0.01,1953,95.5,1146,2292
77.355,-18.03,100.9,1,0.01,3233,95.5,1146,2292
77.376,-18.73,,0,0.01,4110,136.0,1632,3264
77.397,-18.19,,0,0.01,4263,136.0,1632,3264
77.419,-18.17,,0,0.01,3980,136.0,1632,3264
77.440,-17.28,,0,0.01,3638,137.0,1644,3288
77.461,-17.49,,0,0.01,3778,137.0,1644,3288
77.483,-17.53,,0,0.01,3966,137.0,1644,3288
77.504,-17.53,,0,0.01,3955,137.0,1644,3288
77.525,-17.90,,0,0.01,3808,137.0,1644,3288
77.547,-18.16,,0,0.01,4012,137.0,1644,3288
77.568,-18.02,,0,0.01,4078,137.0,1644,3288
77.589,-17.60,,0,0.01,4198,138.5,1662,3324
77.611,-17.28,,0,0.01,4007,138.5,1662,3324
77.632,-17.81,,0,0.01,3925,138.5,1662,3324
77.653,-17.44,,0,0.01,4076,139.0,1668,3336
77.675,-17.11,,0,0.01,4178,139.0,1668,3336
77.696,-18.44,,0,0.01,4151,140.5,1686,3372
77.717,-19.04,,0,0.01,3971,140.5,1686,3372
77.739,-18.06,,0,0.01,3813,140.5,1686,3372
77.760,-17.79,,0,0.01,3763,140.5,1686,3372
77.781,-18.07,,0,0.01,3781,140.5,1686,3372
77.803,-17.96,,0,0.01,3748,141.0,1692,3384
77.824,-17.63,,0,0.01,3746,141.0,1692,3384
77.845,-18.02,,0,0.01,3763,141.5,1698,3396
77.867,-17.80,,0,0.01,3784,141.5,1698,3396
77.888,-17.00,,0,0.01,3692,142.0,1704,3408
77.909,-17.01,,0,0.01,3534,142.0,1704,3408
77.931,-16.99,,0,0.01,3746,142.0,1704,3408
77.952,-17.48,,0,0.01,3880,142.0,1704,3408
77.973,-17.70,,0,0.01,3572,142.0,1704,3408
77.995,-16.92,,0,0.01,3536,143.5,1722,3444
78.016,-16.91,,0,0.01,3503,143.5,1722,3444
78.037,-17.65,,0,0.01,3331,147.0,1764,3528
78.059,-16.58,73.4,1,0.01,3017,74.0,888,1776
78.080,-15.95,74.3,1,0.01,2834,74.0,888,1776
78.101,-15.86,74.7,1,0.01,2890,75.0,900,1800
78.123,-16.71,74.7,1,0.02,2782,75.0,900,1800
78.144,-17.24,75.2,1,0.03,2746,75.0,900,1800
78.165,-17.12,75.2,1,0.03,2550,75.0,900,1800
78.187,-17.06,75.2,1,0.06,2464,75.0,900,1800
78.208,-16.82,75.2,1,0.04,2515,75.0,900,1800
78.229,-17.17,75.6,1,0.04,2557,75.0,900,1800
78.251,-16.49,75.6,1,0.03,2554,75.0,900,1800
78.272,-15.86,76.0,1,0.06,2392,76.0,912,1824
78.293,-15.61,76.5,1,0.07,2499,76.0,912,1824
78.315,-15.99,76.5,1,0.06,2542,76.0,912,1824
78.336,-16.40,76.5,1,0.03,2560,77.0,924,1848
78.357,-16.73,76.9,1,0.02,2598,77.0,924,1848
78.379,-16.91,77.4,1,0.01,2841,77.0,924,1848
78.400,-16.78,77.8,1,0.02,2840,77.5,930,1860
78.421,-16.68,77.8,1,0.03,2755,77.5,930,1860
78.443,-16.66,78.3,1,0.04,2675,77.5,930,1860
78.464,-16.84,78.7,1,0.07,2700,78.0,936,1872
78.485,-16.15,78.7,1,0.06,2748,78.5,942,1884
78.507,-16.50,79.2,1,0.03,2862,78.5,942,1884
78.528,-17.27,79.2,1,0.02,3043,79.5,954,1908
78.549,-17.48,79.6,1,0.01,3073,79.5,954,1908
78.571,-17.26,80.1,1,0.01,3044,80.0,960,1920
78.592,-17.39,80.1,1,0.01,3123,80.0,960,1920
78.613,-17.39,81.0,1,0.01,3188,80.0,960,1920
78.635,-16.74,81.0,1,0.01,3130,80.5,966,1932
78.656,-17.11,81.5,1,0.01,3023,82.0,984,1968
78.677,-17.27,82.0,1,0.01,3080,82.0,984,1968
78.699,-17.99,82.4,1,0.01,3199,82.0,984,1968
78.720,-18.29,82.9,1,0.01,3140,82.5,990,1980
78.741,-17.77,82.9,1,0.01,2966,82.5,990,1980
78.763,-17.77,83.4,1,0.01,2951,83.0,996,1992
78.784,-17.54,83.4,1,0.01,2957,83.0,996,1992
78.805,-17.16,84.4,1,0.01,3012,83.5,1002,2004
78.827,-16.69,84.4,1,0.01,2908,83.5,1002,2004
78.848,-16.55,,0,0.01,2968,340.5,4086,8172
78.869,-16.44,,0,0.01,3008,340.5,4086,8172
78.891,-16.28,,0,0.03,2951,340.5,4086,8172
78.912,-16.07,,0,0.03,2861,170.0,2040,4080
78.933,-16.10,,0,0.04,2900,170.0,2040,4080
78.955,-16.61,,0,0.03,3099,348.5,4182,8364
78.976,-17.10,,0,0.02,3224,348.5,4182,8364
78.997,-17.27,,0,0.02,3206,349.0,4188,8376
79.019,-17.51,,0,0.02,3321,349.0,4188,8376
79.040,-17.60,,0,0.01,3567,349.0,4188,8376
79.061,-17.47,,0,0.01,3592,354.0,4248,8496
79.083,-17.45,,0,0.01,3546,354.0,4248,8496
79.104,-17.91,,0,0.01,3553,359.5,4314,8628
79.125,-18.25,,0,0.01,3537,359.5,4314,8628
79.147,-17.94,,0,0.01,3564,364.5,4374,8748
79.168,-17.83,,0,0.01,3587,364.5,4374,8748
79.189,-17.67,,0,0.01,3621,370.5,4446,8892
79.211,-17.22,,0,0.02,3635,370.0,4440,8880
79.232,-16.85,,0,0.02,3625,370.0,4440,8880
79.253,-16.98,,0,0.02,3700,370.0,4440,8880
79.275,-17.20,,0,0.01,3811,377.5,4530,9060
79.296,-17.39,,0,0.01,3762,377.5,4530,9060
79.317,-17.31,,0,0.01,3593,377.5,4530,9060
79.339,-17.31,,0,0.01,3650,377.5,4530,9060
79.360,-17.45,,0,0.01,3704,382.0,4584,9168
79.381,-17.42,,0,0.01,3734,382.0,4584,9168
79.403,-17.79,,0,0.01,3669,382.0,4584,9168
79.424,-17.90,,0,0.01,3712,97.5,1170,2340
79.445,-17.83,,0,0.01,3661,97.5,1170,2340
79.467,-18.13,,0,0.01,3678,97.5,1170,2340
79.488,-17.68,,0,0.01,3569,98.0,1176,2352
79.509,-17.73,,0,0.01,3459,98.0,1176,2352
79.531,-18.25,,0,0.01,3527,98.0,1176,2352
79.552,-17.94,,0,0.01,3462,100.5,1206,2412
79.573,-17.62,,0,0.01,3340,100.5,1206,2412
79.595,-17.81,,0,0.01,3350,100.5,1206,2412
79.616,-18.01,,0,0.01,3423,100.5,1206,2412
79.637,-17.68,,0,0.01,3549,102.0,1224,2448
79.659,-17.70,,0,0.01,3540,102.0,1224,2448
79.680,-17.92,,0,0.01,3639,103.0,1236,2472
79.701,-18.32,,0,0.01,3773,105.0,1260,2520
79.723,-18.35,,0,0.00,3616,105.0,1260,2520
79.744,-18.29,,0,0.00,3705,105.0,1260,2520
79.765,-18.11,,0,0.01,3905,105.5,1266,2532
79.787,-18.15,,0,0.01,3951,105.5,1266,2532
79.808,-18.10,,0,0.01,3771,107.5,1290,2580
79.829,-17.23,,0,0.01,3586,108.0,1296,2592
79.851,-17.43,,0,0.01,3728,108.0,1296,2592
79.872,-17.72,,0,0.01,3785,108.0,1296,2592
79.893,-17.44,,0,0.01,3659,108.5,1302,2604
79.915,-18.05,,0,0.01,3760,111.0,1332,2664
79.936,-18.10,,0,0.01,3787,111.0,1332,2664
79.957,-16.94,,0,0.01,3536,111.5,1338,2676
79.979,-16.54,,0,0.01,3728,113.5,1362,2724
80.000,-16.33,,0,0.01,3847,113.5,1362,2724
80.021,-16.16,,0,0.01,3959,116.0,1392,2784
80.043,-16.46,,0,0.01,3945,116.0,1392,2784
80.064,-16.60,,0,0.01,3907,116.5,1398,2796
80.085,-16.80,,0,0.01,4039,116.5,1398,2796
80.107,-16.86,,0,0.01,4137,116.5,1398,2796
80.128,-17.04,,0,0.01,4070,117.5,1410,2820
80.149,-17.45,,0,0.01,4069,117.5,1410,2820
80.171,-16.90,,0,0.01,4115,117.5,1410,2820
80.192,-16.60,,0,0.01,4284,117.5,1410,2820
80.213,-16.79,,0,0.01,4291,131.5,1578,3156
80.235,-16.73,,0,0.01,4415,131.5,1578,3156
80.256,-16.70,,0,0.01,4429,131.5,1578,3156
80.277,-16.75,,0,0.01,4567,131.5,1578,3156
80.299,-16.81,,0,0.01,4688,131.5,1578,3156
80.320,-16.71,,0,0.01,4826,131.5,1578,3156
80.341,-16.70,,0,0.01,4765,132.0,1584,3168
80.363,-16.88,,0,0.01,4700,132.0,1584,3168
80.384,-17.04,,0,0.01,4470,132.0,1584,3168
80.405,-16.79,,0,0.01,4410,132.0,1584,3168
80.427,-16.77,,0,0.01,4581,132.0,1584,3168
80.448,-16.78,,0,0.01,4451,275.0,3300,6600
80.469,-16.57,,0,0.01,4449,137.5,1650,3300
80.491,-16.63,,0,0.01,4569,137.5,1650,3300
80.512,-16.65,,0,0.01,4403,137.5,1650,3300
80.533,-16.48,,0,0.01,4400,137.5,1650,3300
80.555,-16.50,,0,0.01,4214,138.0,1656,3312
80.576,-16.53,,0,0.01,4280,138.5,1662,3324
80.597,-16.41,,0,0.01,4357,138.5,1662,3324
80.619,-16.61,,0,0.01,4327,283.0,3396,6792
80.640,-16.81,,0,0.01,4214,283.0,3396,6792
80.661,-17.13,,0,0.01,4322,283.0,3396,6792
80.683,-17.33,,0,0.01,4374,141.5,1698,3396
80.704,-17.15,,0,0.01,4463,141.5,1698,3396
80.725,-17.05,,0,0.01,4502,287.5,3450,6900
80.747,-16.73,,0,0.01,4428,145.0,1740,3480
80.768,-16.66,,0,0.01,4322,289.0,3468,6936
80.789,-16.74,,0,0.01,4474,101.0,1212,2424
80.811,-16.77,,0,0.01,4370,101.0,1212,2424
80.832,-16.91,,0,0.01,4289,304.0,3648,7296
80.853,-17.05,,0,0.01,4482,304.0,3648,7296
80.875,-16.99,,0,0.01,4377,304.5,3654,7308
80.896,-17.03,,0,0.01,4340,101.5,1218,2436
80.917,-17.23,,0,0.01,4384,310.5,3726,7452
80.939,-16.96,,0,0.01,4357,310.5,3726,7452
80.960,-16.68,,0,0.01,4457,310.5,3726,7452
80.981,-16.57,,0,0.01,4439,310.5,3726,7452
81.003,-16.74,,0,0.01,4451,310.5,3726,7452
81.024,-16.93,,0,0.01,4369,311.0,3732,7464
81.045,-16.92,,0,0.01,4249,320.5,3846,7692
81.067,-16.72,,0,0.01,4261,320.5,3846,7692
81.088,-17.17,,0,0.01,4400,321.0,3852,7704
81.109,-17.24,,0,0.01,4487,321.0,3852,7704
81.131,-16.86,,0,0.01,4416,321.0,3852,7704
81.152,-16.80,,0,0.01,4521,321.0,3852,7704
81.173,-16.72,,0,0.01,4565,321.0,3852,7704
81.195,-16.78,,0,0.01,4430,325.0,3900,7800
81.216,-16.71,,0,0.01,4531,326.0,3912,7824
81.237,-16.63,,0,0.01,4480,326.0,3912,7824
81.259,-16.55,,0,0.01,4459,333.0,3996,7992
81.280,-16.59,,0,0.01,4530,333.0,3996,7992
81.301,-16.71,,0,0.01,4734,333.0,3996,7992
81.323,-16.63,,0,0.01,4763,333.0,3996,7992
81.344,-16.76,,0,0.01,4681,333.0,3996,7992
81.365,-16.77,,0,0.01,4733,341.0,4092,8184
81.387,-16.46,,0,0.01,4799,341.0,4092,8184
81.408,-16.34,,0,0.02,4707,341.0,4092,8184
81.429,-16.22,,0,0.02,4729,341.0,4092,8184
81.451,-16.36,,0,0.01,4740,341.0,4092,8184
81.472,-16.74,,0,0.01,4815,340.5,4086,8172
81.493,-16.99,,0,0.01,4828,349.0,4188,8376
81.515,-16.87,,0,0.01,4980,349.0,4188,8376
81.536,-16.51,,0,0.01,4813,349.0,4188,8376
81.557,-16.31,,0,0.01,4629,353.0,4236,8472
81.579,-16.28,,0,0.01,4862,353.0,4236,8472
81.600,-16.57,,0,0.01,4929,353.0,4236,8472
81.621,-16.79,,0,0.01,4821,353.0,4236,8472
81.643,-16.79,,0,0.01,4739,356.0,4272,8544
81.664,-16.54,,0,0.01,4833,356.0,4272,8544
81.685,-16.55,,0,0.01,4842,361.0,4332,8664
81.707,-16.81,,0,0.01,4812,364.0,4368,8736
81.728,-16.72,,0,0.01,4789,364.0,4368,8736
81.749,-16.80,,0,0.01,5032,367.5,4410,8820
81.771,-16.75,,0,0.01,5117,367.5,4410,8820
81.792,-16.55,,0,0.01,4928,367.5,4410,8820
81.813,-16.48,,0,0.01,5010,367.5,4410,8820
81.835,-16.58,,0,0.01,4800,367.0,4404,8808
81.856,-16.59,,0,0.01,4810,367.0,4404,8808
81.877,-16.56,,0,0.01,4929,374.0,4488,8976
81.899,-16.69,,0,0.01,4852,374.0,4488,8976
81.920,-16.97,,0,0.01,4888,374.0,4488,8976
81.941,-16.90,,0,0.01,4922,381.5,4578,9156
81.963,-16.55,,0,0.01,5127,256.0,3072,6144
81.984,-16.72,,0,0.01,5203,256.0,3072,6144
82.005,-16.78,,0,0.01,4988,256.0,3072,6144
82.027,-16.70,,0,0.01,4758,256.0,3072,6144
82.048,-16.83,,0,0.01,4829,387.5,4650,9300
82.069,-17.01,,0,0.01,4840,387.5,4650,9300
82.091,-17.22,,0,0.01,4923,387.5,4650,9300
82.112,-17.14,,0,0.01,4834,395.0,4740,9480
82.133,-16.91,,0,0.01,4797,266.0,3192,6384
82.155,-16.82,,0,0.01,4800,401.5,4818,9636
82.176,-16.78,,0,0.01,4817,403.0,4836,9672
82.197,-16.74,,0,0.01,4920,403.0,4836,9672
82.219,-16.91,,0,0.01,5036,403.0,4836,9672
82.240,-17.11,,0,0.01,5066,403.0,4836,9672
82.261,-17.14,,0,0.01,4992,403.0,4836,9672
82.283,-16.94,,0,0.01,4988,403.0,4836,9672
82.304,-16.73,,0,0.01,4911,406.0,4872,9744
82.325,-16.71,,0,0.01,4954,406.0,4872,9744
82.347,-16.71,,0,0.01,4947,204.0,2448,4896
82.368,-16.95,,0,0.01,4942,204.0,2448,4896
82.389,-16.93,,0,0.01,4860,415.0,4980,9960
82.411,-16.72,,0,0.01,4974,415.0,4980,9960
82.432,-16.71,,0,0.01,4982,415.0,4980,9960
82.453,-16.71,,0,0.01,4876,416.0,4992,9984
82.475,-16.70,,0,0.01,4854,416.0,4992,9984
82.496,-16.55,,0,0.01,4938,428.5,5142,10284
82.517,-16.67,,0,0.01,5019,428.5,5142,10284
82.539,-16.82,,0,0.01,4812,428.5,5142,10284
82.560,-16.69,,0,0.01,4977,428.5,5142,10284
82.581,-16.87,,0,0.01,5215,431.0,5172,10344
82.603,-17.12,,0,0.01,4973,431.0,5172,10344
82.624,-16.95,,0,0.01,4943,431.0,5172,10344
82.645,-17.43,,0,0.01,4956,431.0,5172,10344
82.667,-17.65,,0,0.01,5280,431.0,5172,10344
82.688,-16.95,,0,0.01,5429,429.5,5154,10308
82.709,-17.25,,0,0.01,5344,429.5,5154,10308
82.731,-17.98,,0,0.01,5010,,,
82.752,-17.38,,0,0.01,5530,,,
82.773,-16.99,,0,0.01,5468,,,
82.795,-17.29,,0,0.01,5129,,,
82.816,-17.49,,0,0.01,4825,,,
82.837,-17.37,,0,0.01,5317,,,
82.859,-17.16,,0,0.01,5421,,,
82.880,-17.86,,0,0.01,4931,,,
82.901,-18.24,,0,0.01,4783,,,
82.923,-17.54,,0,0.01,5108,,,
82.944,-17.30,,0,0.01,5045,,,
82.965,-17.79,,0,0.01,4774,,,
82.987,-17.52,,0,0.01,5305,,,
83.008,-16.93,,0,0.01,5530,,,
83.029,-17.07,,0,0.01,5044,,,
83.051,-17.28,,0,0.01,4628,,,
83.072,-17.38,,0,0.01,4402,,,
83.093,-17.44,,0,0.01,4546,,,
83.115,-17.41,,0,0.01,4631,204.5,2454,4908
83.136,-17.61,,0,0.01,4209,204.5,2454,4908
83.157,-17.98,,0,0.01,4173,204.0,2448,4896
83.179,-17.93,,0,0.01,4413,204.5,2454,4908
83.200,-18.09,,0,0.01,4577,203.5,2442,4884
83.221,-18.31,,0,0.01,4775,203.5,2442,4884
83.243,-18.18,,0,0.01,4843,203.5,2442,4884
83.264,-18.53,,0,0.01,4766,203.5,2442,4884
83.285,-19.13,,0,0.01,4905,203.5,2442,4884
83.307,-19.38,,0,0.01,4886,203.5,2442,4884
83.328,-19.82,,0,0.01,4736,203.0,2436,4872
83.349,-19.82,,0,0.01,4439,202.0,2424,4848
83.371,-19.65,,0,0.01,4445,201.5,2418,4836
83.392,-19.73,,0,0.01,4428,201.5,2418,4836
83.413,-19.76,,0,0.01,4216,201.5,2418,4836
83.435,-20.08,,0,0.01,4273,201.5,2418,4836
83.456,-20.13,,0,0.01,4295,201.0,2412,4824
83.477,-19.83,,0,0.01,4266,201.0,2412,4824
83.499,-19.92,,0,0.01,4112,200.5,2406,4812
83.520,-19.96,,0,0.01,4013,133.5,1602,3204
83.541,-20.18,,0,0.01,3962,133.0,1596,3192
83.563,-20.40,,0,0.01,3981,133.0,1596,3192
83.584,-20.02,,0,0.01,3983,133.0,1596,3192
83.605,-20.14,,0,0.01,4016,132.0,1584,3168
83.627,-20.43,,0,0.01,3926,132.0,1584,3168
83.648,-20.57,,0,0.01,3848,132.0,1584,3168
83.669,-20.69,,0,0.01,3818,131.5,1578,3156
83.691,-20.47,,0,0.01,3809,131.5,1578,3156
83.712,-20.23,,0,0.01,3774,131.5,1578,3156
83.733,-20.49,,0,0.01,3768,131.5,1578,3156
83.755,-20.10,,0,0.01,3719,130.5,1566,3132
83.776,-19.41,,0,0.01,3633,196.0,2352,4704
83.797,-19.55,,0,0.01,3633,196.0,2352,4704
83.819,-19.09,,0,0.01,3533,196.0,2352,4704
83.840,-19.07,,0,0.01,3560,195.0,2340,4680
83.861,-19.40,,0,0.01,3650,128.5,1542,3084
83.883,-19.44,,0,0.01,3589,128.5,1542,3084
83.904,-19.76,,0,0.01,3824,128.5,1542,3084
83.925,-19.26,,0,0.01,3869,128.5,1542,3084
83.947,-18.49,,0,0.01,3789,128.0,1536,3072
83.968,-18.57,,0,0.01,3711,128.0,1536,3072
83.989,-19.20,,0,0.01,3638,128.0,1536,3072
84.011,-19.65,,0,0.01,3582,128.0,1536,3072
84.032,-19.88,,0,0.01,3601,128.0,1536,3072
84.053,-19.85,,0,0.01,3625,127.5,1530,3060
84.075,-19.51,,0,0.01,3545,189.0,2268,4536
84.096,-18.86,63.2,1,0.01,3433,125.5,1506,3012
84.117,-19.02,63.2,1,0.01,3342,125.5,1506,3012
84.139,-19.15,63.2,1,0.01,3374,125.5,1506,3012
84.160,-18.62,62.8,1,0.01,3293,125.0,1500,3000
84.181,-19.27,62.8,1,0.01,3334,125.0,1500,3000
84.203,-19.78,62.8,1,0.01,3415,125.0,1500,3000
84.224,-19.25,62.5,1,0.01,3362,125.0,1500,3000
84.245,-19.35,62.1,1,0.01,3391,187.0,2244,4488
84.267,-18.69,62.1,1,0.01,3298,123.5,1482,2964
84.288,-17.76,62.1,1,0.01,3229,123.5,1482,2964
84.309,-18.19,61.8,1,0.01,3238,123.5,1482,2964
84.331,-18.68,61.8,1,0.01,3225,123.5,1482,2964
84.352,-18.80,61.4,1,0.01,3273,123.0,1476,2952
84.373,-18.88,61.4,1,0.01,3277,122.0,1464,2928
84.395,-18.32,61.4,1,0.01,3289,122.0,1464,2928
84.416,-18.53,61.0,1,0.01,3298,122.0,1464,2928
84.437,-18.73,61.0,1,0.01,3321,122.0,1464,2928
84.459,-18.53,60.7,1,0.01,3342,121.5,1458,2916
84.480,-19.22,60.7,1,0.01,3430,121.0,1452,2904
84.501,-19.43,60.3,1,0.01,3400,121.0,1452,2904
84.523,-18.42,60.3,1,0.01,3347,121.0,1452,2904
84.544,-18.39,60.3,1,0.01,3397,119.5,1434,2868
84.565,-18.72,60.0,1,0.01,3463,119.5,1434,2868
84.587,-18.43,60.0,1,0.01,3361,119.5,1434,2868
84.608,-18.83,59.7,1,0.01,3319,119.5,1434,2868
84.629,-19.13,59.7,1,0.01,3415,119.5,1434,2868
84.651,-19.14,59.7,1,0.01,3482,119.5,1434,2868
84.672,-18.84,59.3,1,0.01,3557,118.5,1422,2844
84.693,-18.70,59.0,1,0.01,3643,118.0,1416,2832
84.715,-18.63,59.0,1,0.01,3535,118.0,1416,2832
84.736,-18.31,59.0,1,0.01,3535,117.0,1404,2808
84.757,-18.31,58.6,1,0.01,3529,117.0,1404,2808
84.779,-18.08,58.6,1,0.01,3560,116.5,1398,2796
84.800,-17.68,58.3,1,0.01,3647,116.5,1398,2796
84.821,-17.89,58.3,1,0.01,3685,116.5,1398,2796
84.843,-17.33,58.0,1,0.01,3625,116.5,1398,2796
84.864,-17.36,58.0,1,0.01,3518,116.0,1392,2784
84.885,-18.75,58.0,1,0.01,3621,172.5,2070,4140
84.907,-19.51,57.6,1,0.01,3571,172.5,2070,4140
84.928,-18.73,57.6,1,0.01,3588,172.0,2064,4128
84.949,-17.67,57.3,1,0.01,3559,171.5,2058,4116
84.971,-17.51,57.3,1,0.01,3507,171.0,2052,4104
84.992,-17.25,57.0,1,0.02,3555,171.0,2052,4104
85.013,-17.06,57.0,1,0.02,3611,113.5,1362,2724
85.035,-17.18,56.6,1,0.02,3612,113.5,1362,2724
85.056,-17.31,56.6,1,0.02,3543,113.5,1362,2724
85.077,-17.59,56.3,1,0.01,3472,168.5,2022,4044
85.099,-17.98,56.3,1,0.01,3519,168.5,2022,4044
85.120,-18.86,56.0,1,0.01,3586,167.5,2010,4020
85.141,-18.83,56.0,1,0.01,3677,167.5,2010,4020
85.163,-18.30,55.7,1,0.01,3606,167.5,2010,4020
85.184,-18.83,55.7,1,0.01,3616,167.5,2010,4020
85.205,-18.91,55.3,1,0.01,3522,165.0,1980,3960
85.227,-18.24,55.3,1,0.01,3586,165.0,1980,3960
85.248,-18.22,55.0,1,0.01,3748,165.0,1980,3960
85.269,-18.12,55.0,1,0.01,3758,164.5,1974,3948
85.291,-18.29,54.7,1,0.01,3681,164.0,1968,3936
85.312,-19.12,54.7,1,0.01,3589,164.0,1968,3936
85.333,-19.01,54.4,1,0.01,3686,163.5,1962,3924
85.355,-19.13,54.4,1,0.01,3764,163.5,1962,3924
85.376,-19.25,54.4,1,0.01,3751,162.5,1950,3900
85.397,-19.64,54.1,1,0.01,3791,161.5,1938,3876
85.419,-19.53,53.8,1,0.01,3660,161.5,1938,3876
85.440,-18.46,53.8,1,0.01,3495,107.0,1284,2568
85.461,-18.26,53.5,1,0.01,3560,107.0,1284,2568
85.483,-18.30,53.5,1,0.01,3659,106.5,1278,2556
85.504,-18.73,53.5,1,0.01,3692,105.5,1266,2532
85.525,-19.67,53.1,1,0.01,3877,105.5,1266,2532
85.547,-18.74,53.1,1,0.01,3894,105.0,1260,2520
85.568,-18.53,52.8,1,0.01,3801,105.0,1260,2520
85.589,-19.28,52.5,1,0.01,3963,105.0,1260,2520
85.611,-19.44,52.5,1,0.01,3782,156.0,1872,3744
85.632,-20.11,52.2,1,0.01,3666,156.0,1872,3744
85.653,-19.64,52.2,1,0.01,3592,155.5,1866,3732
85.675,-19.50,51.9,1,0.01,3647,155.0,1860,3720
85.696,-19.60,51.9,1,0.01,3855,155.0,1860,3720
85.717,-18.45,51.6,1,0.01,3990,155.0,1860,3720
85.739,-17.70,51.6,1,0.01,3925,154.5,1854,3708
85.760,-18.68,51.3,1,0.01,4074,154.5,1854,3708
85.781,-19.98,,0,0.01,4200,154.5,1854,3708
85.803,-19.64,51.0,1,0.01,4208,151.5,1818,3636
85.824,-19.55,50.7,1,0.01,4094,151.5,1818,3636
85.845,-19.10,50.7,1,0.01,4128,151.5,1818,3636
85.867,-17.93,50.5,1,0.01,3978,151.5,1818,3636
85.888,-17.11,50.5,1,0.01,3966,150.5,1806,3612
85.909,-16.75,50.2,1,0.01,4010,150.5,1806,3612
85.931,-16.62,50.2,1,0.01,3917,149.0,1788,3576
85.952,-17.08,50.2,1,0.01,3866,149.0,1788,3576
85.973,-18.13,49.9,1,0.01,4039,149.0,1788,3576
85.995,-19.05,49.6,1,0.01,3947,149.0,1788,3576
86.016,-19.16,49.3,1,0.01,4007,147.0,1764,3528
86.037,-18.69,49.0,1,0.01,4011,147.0,1764,3528
86.059,-18.11,49.0,1,0.01,3849,147.0,1764,3528
86.080,-17.32,49.0,1,0.01,3699,146.0,1752,3504
86.101,-17.45,48.7,1,0.01,3780,146.0,1752,3504
86.123,-18.03,48.7,1,0.01,3851,146.0,1752,3504
86.144,-18.18,48.5,1,0.01,3666,145.5,1746,3492
86.165,-18.43,48.5,1,0.01,3827,145.0,1740,3480
86.187,-18.28,48.2,1,0.01,3942,145.0,1740,3480
86.208,-18.94,48.2,1,0.01,3933,143.0,1716,3432
86.229,-19.79,47.9,1,0.01,3922,142.5,1710,3420
86.251,-19.66,47.9,1,0.01,3989,142.5,1710,3420
86.272,-18.67,,0,0.00,4081,142.5,1710,3420
86.293,-17.27,,0,0.01,4118,142.5,1710,3420
86.315,-16.55,,0,0.01,3956,142.5,1710,3420
86.336,-16.23,,0,0.01,3890,140.5,1686,3372
86.357,-16.63,,0,0.02,3901,140.5,1686,3372
86.379,-17.76,,0,0.01,3850,140.5,1686,3372
86.400,-18.44,,0,0.01,3968,140.5,1686,3372
86.421,-17.77,,0,0.01,4012,139.0,1668,3336
86.443,-17.11,,0,0.01,4047,139.0,1668,3336
86.464,-16.96,,0,0.01,3918,138.5,1662,3324
86.485,-17.80,,0,0.01,3998,137.0,1644,3288
86.507,-19.27,,0,0.01,4132,137.0,1644,3288
86.528,-18.18,,0,0.01,4143,137.0,1644,3288
86.549,-16.76,137.0,1,0.01,3935,137.0,1644,3288
86.571,-16.21,136.3,1,0.02,3743,135.5,1626,3252
86.592,-15.99,135.5,1,0.02,3688,135.5,1626,3252
86.613,-15.97,135.5,1,0.01,3747,135.5,1626,3252
86.635,-16.10,135.5,1,0.01,3819,135.5,1626,3252
86.656,-16.34,134.7,1,0.01,3692,135.5,1626,3252
86.677,-17.28,134.7,1,0.01,3824,133.5,1602,3204
86.699,-17.98,133.1,1,0.01,4040,133.5,1602,3204
86.720,-17.66,133.1,1,0.02,4071,132.0,1584,3168
86.741,-17.19,132.4,1,0.02,3914,132.0,1584,3168
86.763,-17.34,132.4,1,0.02,3995,132.0,1584,3168
86.784,-17.50,131.6,1,0.02,4111,131.5,1578,3156
86.805,-17.60,131.6,1,0.02,4126,131.0,1572,3144
86.827,-18.22,131.6,1,0.02,4223,131.0,1572,3144
86.848,-18.37,131.6,1,0.01,4278,131.0,1572,3144
86.869,-18.78,130.1,1,0.01,4382,131.0,1572,3144
86.891,-18.38,130.1,1,0.01,4330,128.5,1542,3084
86.912,-17.80,128.6,1,0.01,4356,128.5,1542,3084
86.933,-17.17,128.6,1,0.01,4242,128.0,1536,3072
86.955,-17.33,127.9,1,0.01,4081,128.0,1536,3072
86.976,-18.29,127.9,1,0.01,4100,128.0,1536,3072
86.997,-17.53,127.1,1,0.01,3936,128.0,1536,3072
87.019,-16.85,127.1,1,0.01,3906,126.5,1518,3036
87.040,-17.75,126.4,1,0.01,4053,125.5,1506,3012
87.061,-18.31,126.4,1,0.01,4091,125.5,1506,3012
87.083,-17.67,125.7,1,0.01,3949,125.5,1506,3012
87.104,-16.91,125.7,1,0.01,4066,125.5,1506,3012
87.125,-17.20,125.7,1,0.01,4127,123.5,1482,2964
87.147,-18.36,123.5,1,0.01,4248,123.5,1482,2964
87.168,-18.74,122.8,1,0.01,4350,123.5,1482,2964
87.189,-18.17,122.1,1,0.01,4148,123.5,1482,2964
87.211,-17.29,122.1,1,0.01,3818,121.5,1458,2916
87.232,-17.65,122.1,1,0.01,3964,121.5,1458,2916
87.253,-17.52,123.5,1,0.01,3921,121.0,1452,2904
87.275,-17.51,120.7,1,0.01,3803,120.5,1446,2892
87.296,-17.88,120.0,1,0.01,3879,120.5,1446,2892
87.317,-17.90,120.0,1,0.01,4000,120.0,1440,2880
87.339,-18.96,120.0,1,0.01,4029,120.0,1440,2880
87.360,-19.00,119.3,1,0.01,4168,120.0,1440,2880
87.381,-18.22,118.6,1,0.01,4177,119.0,1428,2856
87.403,-17.65,118.6,1,0.01,3985,117.5,1410,2820
87.424,-16.96,117.9,1,0.01,3942,117.5,1410,2820
87.445,-16.70,117.3,1,0.01,4083,116.0,1392,2784
87.467,-16.45,117.3,1,0.01,3829,116.0,1392,2784
87.488,-16.61,116.6,1,0.02,3602,116.0,1392,2784
87.509,-16.85,115.9,1,0.02,3650,116.0,1392,2784
87.531,-16.49,115.9,1,0.03,3736,116.0,1392,2784
87.552,-16.12,115.2,1,0.06,3749,114.5,1374,2748
87.573,-16.13,114.6,1,0.09,3589,114.0,1368,2736
87.595,-16.38,114.6,1,0.09,3760,113.0,1356,2712
87.616,-16.88,113.9,1,0.07,3848,113.0,1356,2712
87.637,-17.05,113.9,1,0.03,3803,113.5,1362,2724
87.659,-17.16,113.3,1,0.02,3811,113.5,1362,2724
87.680,-17.49,112.6,1,0.01,3905,111.5,1338,2676
87.701,-17.52,112.6,1,0.01,4042,111.0,1332,2664
87.723,-17.67,112.0,1,0.01,4212,110.5,1326,2652
87.744,-18.16,112.0,1,0.01,4322,110.0,1320,2640
87.765,-18.42,112.0,1,0.01,4364,110.0,1320,2640
87.787,-18.27,,0,0.01,4170,110.0,1320,2640
87.808,-17.71,,0,0.01,4096,110.0,1320,2640
87.829,-17.43,,0,0.01,4073,108.0,1296,2592
87.851,-18.16,,0,0.01,4078,107.5,1290,2580
87.872,-18.17,,0,0.01,4026,107.5,1290,2580
87.893,-17.91,,0,0.01,3855,107.5,1290,2580
87.915,-17.95,35.7,1,0.01,3937,107.5,1290,2580
87.936,-18.33,35.5,1,0.01,4003,107.5,1290,2580
87.957,-17.92,35.3,1,0.01,4045,106.0,1272,2544
87.979,-17.26,35.3,1,0.01,4118,106.0,1272,2544
88.000,-17.45,35.1,1,0.01,4186,105.0,1260,2520
88.021,-17.43,34.9,1,0.01,4326,105.0,1260,2520
88.043,-17.34,34.9,1,0.01,4279,104.0,1248,2496
88.064,-17.07,34.7,1,0.01,4210,104.0,1248,2496
88.085,-17.58,34.5,1,0.01,4244,104.0,1248,2496
88.107,-18.93,34.3,1,0.01,4374,102.5,1230,2460
88.128,-18.45,34.1,1,0.01,4506,100.5,1206,2412
88.149,-17.82,33.9,1,0.01,4474,100.5,1206,2412
88.171,-17.36,33.9,1,0.01,4625,100.5,1206,2412
88.192,-17.32,33.7,1,0.01,4652,100.5,1206,2412
88.213,-18.26,33.7,1,0.01,4745,100.5,1206,2412
88.235,-18.63,33.3,1,0.01,4868,99.5,1194,2388
88.256,-18.39,33.1,1,0.01,4585,99.5,1194,2388
88.277,-17.85,,0,0.00,4558,99.5,1194,2388
88.299,-17.43,33.1,1,0.01,4530,97.5,1170,2340
88.320,-17.40,32.7,1,0.01,4556,97.5,1170,2340
88.341,-18.09,32.5,1,0.01,4569,97.0,1164,2328
88.363,-18.45,32.3,1,0.01,4451,96.5,1158,2316
88.384,-17.47,32.2,1,0.01,4128,96.5,1158,2316
88.405,-17.11,32.2,1,0.01,4060,96.5,1158,2316
88.427,-18.26,32.2,1,0.01,4265,96.5,1158,2316
88.448,-19.07,31.6,1,0.01,4465,96.5,1158,2316
88.469,-18.45,,0,0.00,4572,96.5,1158,2316
88.491,-18.83,,0,0.01,4687,96.5,1158,2316
88.512,-18.62,,0,0.01,4660,124.5,1494,2988
88.533,-18.20,,0,0.01,4704,92.0,1104,2208
88.555,-18.44,,0,0.00,4917,92.0,1104,2208
88.576,-18.02,,0,0.00,4919,92.0,1104,2208
88.597,-18.03,,0,0.00,4824,92.0,1104,2208
88.619,-18.43,,0,0.01,4959,92.0,1104,2208
88.640,-18.03,,0,0.01,4942,88.5,1062,2124
88.661,-18.06,,0,0.01,4886,88.5,1062,2124
88.683,-18.11,,0,0.01,4861,88.5,1062,2124
88.704,-17.72,,0,0.01,4661,88.5,1062,2124
88.725,-18.01,,0,0.01,4707,88.5,1062,2124
88.747,-18.45,,0,0.01,4762,88.5,1062,2124
88.768,-18.71,,0,0.01,4805,86.0,1032,2064
88.789,-18.90,,0,0.00,4672,86.0,1032,2064
88.811,-19.01,,0,0.01,4666,86.0,1032,2064
88.832,-18.68,,0,0.01,4718,86.0,1032,2064
88.853,-17.94,,0,0.00,4817,86.0,1032,2064
88.875,-17.83,,0,0.01,4884,85.0,1020,2040
88.896,-18.02,,0,0.01,4951,85.0,1020,2040
88.917,-17.84,,0,0.01,4984,83.5,1002,2004
88.939,-18.28,,0,0.01,5084,83.5,1002,2004
88.960,-19.23,,0,0.01,4994,83.5,1002,2004
88.981,-19.48,,0,0.01,5031,83.0,996,1992
89.003,-19.68,,0,0.01,4834,83.0,996,1992
89.024,-19.92,,0,0.01,4646,163.5,1962,3924
89.045,-20.13,,0,0.01,4772,82.0,984,1968
89.067,-20.47,,0,0.01,4801,161.5,1938,3876
89.088,-20.40,,0,0.01,4965,161.5,1938,3876
89.109,-19.53,,0,0.01,5029,159.0,1908,3816
89.131,-19.18,,0,0.01,4748,159.0,1908,3816
89.152,-19.85,,0,0.00,4758,80.0,960,1920
89.173,-20.25,,0,0.01,4596,155.5,1866,3732
89.195,-19.54,,0,0.01,4639,155.5,1866,3732
89.216,-18.58,,0,0.01,4729,155.5,1866,3732
89.237,-18.91,,0,0.01,4743,118.0,1416,2832
89.259,-19.61,,0,0.01,4859,,,
89.280,-18.41,,0,0.01,4839,118.5,1422,2844
89.301,-16.97,122.8,1,0.01,4477,118.5,1422,2844
89.323,-16.24,122.8,1,0.01,4089,118.5,1422,2844
89.344,-15.91,123.5,1,0.01,3709,118.5,1422,2844
89.365,-16.79,123.5,1,0.02,3554,,,
89.387,-17.67,132.4,1,0.02,3751,,,
89.408,-18.91,153.8,1,0.01,4110,,,
89.429,-16.69,169.7,1,0.01,3499,,,
89.451,-14.62,175.7,1,0.05,2326,,,
89.472,-14.69,176.7,1,0.15,1362,88.5,1062,2124
89.493,-14.71,176.7,1,0.55,1426,88.5,1062,2124
89.515,-14.06,176.7,1,0.55,1426,177.0,2124,4248
89.536,-14.06,176.7,1,0.48,1536,177.0,2124,4248
89.557,-15.03,177.7,1,0.55,1580,177.0,2124,4248
89.579,-15.23,177.7,1,0.48,1421,177.0,2124,4248
89.600,-15.34,178.8,1,0.48,1378,177.5,2130,4260
89.621,-15.42,179.8,1,0.62,1361,177.5,2130,4260
89.643,-14.74,180.8,1,0.69,1510,177.5,2130,4260
89.664,-14.65,180.8,1,0.69,1467,181.5,2178,4356
89.685,-15.27,180.8,1,0.62,1396,179.5,2154,4308
89.707,-15.13,181.9,1,0.62,1441,90.5,1086,2172
89.728,-15.03,184.0,1,0.48,1313,90.5,1086,2172
89.749,-14.85,184.0,1,0.48,1286,90.5,1086,2172
89.771,-14.61,184.0,1,0.55,1304,182.0,2184,4368
89.792,-15.35,185.1,1,0.48,1439,91.5,1098,2196
89.813,-15.82,185.1,1,0.37,1505,91.5,1098,2196
89.835,-15.43,187.2,1,0.37,1444,91.5,1098,2196
89.856,-15.49,187.2,1,0.37,1401,91.5,1098,2196
89.877,-15.53,187.2,1,0.37,1398,92.5,1110,2220
89.899,-15.54,188.3,1,0.32,1387,93.0,1116,2232
89.920,-16.61,189.4,1,0.24,1416,94.0,1128,2256
89.941,-16.59,190.5,1,0.18,1402,94.0,1128,2256
89.963,-15.83,191.6,1,0.21,1324,95.0,1140,2280
89.984,-16.34,191.6,1,0.21,1407,95.5,1146,2292
90.005,-16.58,192.7,1,0.24,1507,95.5,1146,2292
90.027,-16.33,193.8,1,0.24,1543,95.5,1146,2292
90.048,-17.02,193.8,1,0.24,1640,194.5,2334,4668
90.069,-17.23,196.1,1,0.24,1759,194.5,2334,4668
90.091,-16.49,197.2,1,0.18,1751,194.5,2334,4668
90.112,-16.92,198.3,1,0.15,1782,194.5,2334,4668
90.133,-17.04,198.3,1,0.15,1872,194.5,2334,4668
90.155,-17.08,200.7,1,0.07,1951,194.5,2334,4668
90.176,-17.64,207.7,1,0.06,2033,194.5,2334,4668
90.197,-17.27,210.1,1,0.03,1928,212.5,2550,5100
90.219,-17.86,212.6,1,0.03,1852,212.5,2550,5100
90.240,-18.58,211.4,1,0.04,1926,213.5,2562,5124
90.261,-18.13,212.6,1,0.02,1955,213.5,2562,5124
90.283,-18.41,213.8,1,0.01,1848,213.5,2562,5124
90.304,-18.49,,0,0.01,1958,107.5,1290,2580
90.325,-18.04,,0,0.01,1949,108.5,1302,2604
90.347,-18.31,,0,0.01,1905,108.5,1302,2604
90.368,-18.98,,0,0.01,2050,112.0,1344,2688
90.389,-19.21,,0,0.01,2255,112.0,1344,2688
90.411,-18.24,,0,0.01,2195,112.0,1344,2688
90.432,-17.73,,0,0.01,2047,112.0,1344,2688
90.453,-18.82,,0,0.01,2136,113.5,1362,2724
90.475,-19.74,,0,0.01,2347,113.5,1362,2724
90.496,-19.00,,0,0.01,2596,113.5,1362,2724
90.517,-18.21,,0,0.01,2886,119.5,1434,2868
90.539,-18.26,,0,0.01,2544,119.5,1434,2868
90.560,-19.26,,0,0.01,2584,123.0,1476,2952
90.581,-19.64,,0,0.01,2395,123.0,1476,2952
90.603,-18.70,,0,0.01,2137,123.5,1482,2964
90.624,-17.84,,0,0.01,2124,123.5,1482,2964
90.645,-17.71,,0,0.01,2170,124.0,1488,2976
90.667,-18.24,,0,0.01,2159,124.0,1488,2976
90.688,-16.96,,0,0.02,2202,124.0,1488,2976
90.709,-15.89,,0,0.02,2185,124.0,1488,2976
90.731,-16.41,,0,0.03,2237,128.5,1542,3084
90.752,-16.93,,0,0.02,2239,128.5,1542,3084
90.773,-16.76,,0,0.01,2352,,,
90.795,-15.64,269.4,1,0.03,2360,,,
90.816,-15.26,274.1,1,0.06,2282,,,
90.837,-15.40,278.9,1,0.18,2129,,,
90.859,-15.05,282.1,1,0.32,2026,,,
90.880,-15.08,287.1,1,0.37,1948,95.0,1140,2280
90.901,-14.97,287.1,1,0.55,1842,142.5,1710,3420
90.923,-15.04,290.4,1,0.55,1720,142.5,1710,3420
90.944,-15.17,292.1,1,0.62,1655,142.5,1710,3420
90.965,-15.25,293.8,1,0.62,1661,145.0,1740,3480
90.987,-15.63,293.8,1,0.55,1574,147.0,1764,3528
91.008,-16.08,295.5,1,0.55,1581,147.0,1764,3528
91.029,-16.49,297.2,1,0.37,1539,147.5,1770,3540
91.051,-17.39,298.9,1,0.37,1641,,,
91.072,-17.53,302.4,1,0.32,1704,,,
91.093,-16.36,305.9,1,0.37,1899,,,
91.115,-15.74,307.7,1,0.48,1856,,,
91.136,-15.88,311.2,1,0.43,1826,,,
91.157,-17.19,316.7,1,0.28,1806,,,
91.179,-17.78,322.2,1,0.28,1888,,,
91.200,-17.30,326.0,1,0.24,2009,,,
91.221,-17.65,329.7,1,0.18,2038,,,
91.243,-18.16,333.6,1,0.08,1864,,,
91.264,-18.45,339.4,1,0.06,1756,,,
91.285,-18.12,341.4,1,0.04,1598,173.0,2076,4152
91.307,-18.03,345.3,1,0.03,1513,86.5,1038,2076
91.328,-18.36,349.4,1,0.06,1435,87.0,1044,2088
91.349,-17.75,353.4,1,0.08,1453,89.0,1068,2136
91.371,-17.76,355.5,1,0.18,1575,90.5,1086,2172
91.392,-17.04,359.6,1,0.15,1595,90.5,1086,2172
91.413,-16.11,363.8,1,0.13,1491,90.5,1086,2172
91.435,-16.09,368.0,1,0.18,1360,91.0,1092,2184
91.456,-15.51,372.3,1,0.18,1352,91.0,1092,2184
91.477,-15.12,376.6,1,0.18,1233,92.5,1110,2220
91.499,-15.04,381.0,1,0.18,1105,92.5,1110,2220
91.520,-15.11,387.6,1,0.13,1070,92.5,1110,2220
91.541,-15.27,394.4,1,0.11,1115,94.0,1128,2256
91.563,-15.61,399.0,1,0.24,1221,94.0,1128,2256
91.584,-16.59,406.0,1,0.15,1278,100.5,1206,2412
91.605,-16.73,413.1,1,0.07,1302,100.5,1206,2412
91.627,-16.29,425.2,1,0.02,1309,106.0,1272,2544
91.648,-15.92,427.6,1,0.02,1290,107.5,1290,2580
91.669,-16.43,,0,0.02,1276,107.5,1290,2580
91.691,-18.31,,0,0.02,1360,107.5,1290,2580
91.712,-18.55,,0,0.01,1438,107.5,1290,2580
91.733,-17.24,,0,0.01,1518,113.0,1356,2712
91.755,-16.06,,0,0.03,1534,113.0,1356,2712
91.776,-15.79,471.8,1,0.05,1438,113.0,1356,2712
91.797,-16.28,488.4,1,0.04,1375,115.0,1380,2760
91.819,-16.23,505.6,1,0.02,1480,115.5,1386,2772
91.840,-16.00,517.4,1,0.03,1485,,,
91.861,-15.96,529.5,1,0.03,1617,,,
91.883,-16.10,538.8,1,0.06,1748,,,
91.904,-16.25,548.2,1,0.11,1744,,,
91.925,-15.84,557.8,1,0.21,1721,,,
91.947,-15.44,567.5,1,0.37,1668,,,
91.968,-15.38,584.2,1,0.48,1659,,,
91.989,-15.40,597.8,1,0.62,1617,,,
92.011,-15.39,611.8,1,0.76,1657,,,
92.032,-15.71,622.5,1,0.62,1700,,,
92.053,-16.50,629.7,1,0.32,1721,,,
92.075,-17.69,644.4,1,0.11,1891,,,
92.096,-18.34,663.3,1,0.02,2045,,,
92.117,-17.88,,0,0.01,2144,,,
92.139,-18.60,,0,0.01,2448,,,
92.160,-18.15,,0,0.01,2302,,,
92.181,-16.91,,0,0.01,2129,,,
92.203,-17.94,,0,0.01,1940,,,
92.224,-18.49,,0,0.01,1779,,,
92.245,-18.72,,0,0.01,2084,129.0,1548,3096
92.267,-18.22,,0,0.01,2363,129.0,1548,3096
92.288,-16.66,,0,0.01,2183,129.0,1548,3096
92.309,-17.42,,0,0.01,2149,129.5,1554,3108
92.331,-19.00,,0,0.01,2496,129.0,1548,3096
92.352,-18.96,,0,0.01,2840,129.0,1548,3096
92.373,-17.42,,0,0.01,2921,129.0,1548,3096
92.395,-18.26,,0,0.01,2890,,,
92.416,-17.70,,0,0.01,2941,,,
92.437,-16.83,,0,0.01,2928,111.5,1338,2676
92.459,-17.74,,0,0.02,3058,148.5,1782,3564
92.480,-16.77,,0,0.03,2972,148.5,1782,3564
92.501,-17.80,,0,0.04,2847,148.5,1782,3564
92.523,-20.37,,0,0.01,3062,147.5,1770,3540
92.544,-21.75,,0,0.01,3307,134.5,1614,3228
92.565,-22.13,,0,0.01,3383,145.5,1746,3492
92.587,-21.34,,0,0.01,3160,145.5,1746,3492
92.608,-21.25,,0,0.01,3151,145.5,1746,3492
92.629,-21.77,,0,0.01,3224,145.5,1746,3492
92.651,-21.71,,0,0.01,3069,145.5,1746,3492
92.672,-20.10,,0,0.01,2889,121.5,1458,2916
92.693,-18.96,,0,0.01,2692,121.5,1458,2916
92.715,-18.29,,0,0.01,2721,145.5,1746,3492
92.736,-16.83,,0,0.01,2569,120.0,1440,2880
92.757,-15.52,,0,0.02,2442,120.0,1440,2880
92.779,-15.52,,0,0.02,2475,115.5,1386,2772
92.800,-16.52,,0,0.02,2508,111.5,1338,2676
92.821,-17.50,,0,0.01,2501,113.0,1356,2712
92.843,-17.46,,0,0.01,2511,,,
92.864,-16.93,,0,0.01,2433,110.0,1320,2640
92.885,-16.84,,0,0.01,2358,110.0,1320,2640
92.907,-17.37,,0,0.01,2266,110.0,1320,2640
92.928,-18.67,,0,0.01,2229,91.5,1098,2196
92.949,-19.62,,0,0.01,2268,95.0,1140,2280
92.971,-19.09,,0,0.01,2203,92.0,1104,2208
92.992,-19.25,,0,0.01,2167,92.0,1104,2208
93.013,-19.74,,0,0.01,2229,,,
93.035,-18.91,,0,0.01,2262,,,
93.056,-19.11,,0,0.01,2334,,,
93.077,-18.99,,0,0.01,2364,83.5,1002,2004
93.099,-18.32,,0,0.01,2351,83.5,1002,2004
93.120,-18.38,,0,0.01,2285,83.5,1002,2004
93.141,-18.09,,0,0.01,2338,97.0,1164,2328
93.163,-17.45,,0,0.01,2166,97.0,1164,2328
93.184,-16.95,,0,0.01,1987,97.0,1164,2328
93.205,-16.70,,0,0.01,2064,97.0,1164,2328
93.227,-17.23,,0,0.01,2199,97.0,1164,2328
93.248,-17.57,,0,0.01,2250,97.0,1164,2328
93.269,-18.41,,0,0.01,2321,97.0,1164,2328
93.291,-18.65,,0,0.01,2400,96.0,1152,2304
93.312,-17.25,,0,0.01,2313,,,
93.333,-17.20,,0,0.01,2192,,,
93.355,-17.40,,0,0.01,2119,,,
93.376,-17.63,,0,0.01,2231,105.5,1266,2532
93.397,-17.52,,0,0.01,2147,105.5,1266,2532
93.419,-17.02,,0,0.01,2178,141.0,1692,3384
93.440,-16.59,,0,0.01,2125,141.0,1692,3384
93.461,-16.47,,0,0.01,2137,141.5,1698,3396
93.483,-17.26,,0,0.01,2273,141.5,1698,3396
93.504,-17.96,,0,0.01,2278,141.5,1698,3396
93.525,-18.32,,0,0.01,2202,70.5,846,1692
93.547,-18.41,,0,0.01,2169,70.5,846,1692
93.568,-16.81,,0,0.01,2087,142.0,1704,3408
93.589,-16.27,,0,0.01,2041,142.0,1704,3408
93.611,-17.02,,0,0.01,2000,142.5,1710,3420
93.632,-17.74,,0,0.01,2020,142.5,1710,3420
93.653,-17.36,,0,0.01,1918,142.5,1710,3420
93.675,-17.15,,0,0.01,1809,143.5,1722,3444
93.696,-16.71,,0,0.01,1769,143.5,1722,3444
93.717,-16.44,,0,0.01,1801,115.5,1386,2772
93.739,-16.57,,0,0.01,1689,116.5,1398,2796
93.760,-16.59,,0,0.01,1664,116.5,1398,2796
93.781,-17.20,,0,0.01,1759,116.5,1398,2796
93.803,-17.04,,0,0.01,2023,146.0,1752,3504
93.824,-15.49,,0,0.01,2739,146.0,1752,3504
93.845,-15.92,,0,0.01,2604,,,
93.867,-20.04,,0,0.01,1755,,,
93.888,-22.24,,0,0.01,1788,,,
93.909,-19.59,125.0,1,0.01,1583,,,
93.931,-15.37,124.2,1,0.01,1671,,,
93.952,-14.40,127.1,1,0.01,1364,,,
93.973,-16.62,127.9,1,0.01,974,,,
93.995,-18.31,135.5,1,0.01,1013,,,
94.016,-19.03,135.5,1,0.01,1037,,,
94.037,-18.58,133.9,1,0.01,1140,,,
94.059,-18.66,134.7,1,0.01,1089,,,
94.080,-18.73,133.9,1,0.01,1004,,,
94.101,-18.98,127.1,1,0.01,992,,,
94.123,-17.39,127.9,1,0.01,940,,,
94.144,-15.64,126.4,1,0.01,789,,,
94.165,-18.22,127.1,1,0.01,851,,,
94.187,-21.44,127.1,1,0.04,1015,,,
94.208,-19.74,129.4,1,0.02,1019,,,
94.229,-19.11,129.4,1,0.02,990,,,
94.251,-19.40,127.9,1,0.02,1018,,,
94.272,-20.66,130.1,1,0.01,1070,,,
94.293,-21.75,128.6,1,0.02,1187,,,
94.315,-22.30,137.0,1,0.02,1291,,,
94.336,-22.03,141.1,1,0.01,1201,,,
94.357,-23.43,141.9,1,0.01,1209,,,
94.379,-21.49,131.6,1,0.01,1176,,,
94.400,-19.61,125.7,1,0.01,1059,,,
94.421,-20.59,123.5,1,0.01,1193,,,
94.443,-22.69,129.4,1,0.01,1330,,,
94.464,-23.28,132.4,1,0.01,1469,,,
94.485,-20.58,128.6,1,0.01,1325,,,
94.507,-20.58,,0,0.01,1315,,,
94.528,-22.34,,0,0.01,1462,,,
94.549,-18.85,155.6,1,0.01,1241,,,
94.571,-17.39,154.7,1,0.01,966,,,
94.592,-17.72,154.7,1,0.01,1030,,,
94.613,-18.42,122.8,1,0.01,1178,,,
94.635,-19.32,122.8,1,0.01,1430,,,
94.656,-17.93,122.1,1,0.01,1307,,,
94.677,-18.75,122.1,1,0.01,1202,,,
94.699,-19.77,119.3,1,0.01,1326,,,
94.720,-18.55,117.3,1,0.01,1229,,,
94.741,-20.16,116.6,1,0.01,1427,,,
94.763,-19.87,115.9,1,0.01,1508,82.0,984,1968
94.784,-18.71,137.0,1,0.01,1423,101.5,1218,2436
94.805,-17.45,130.1,1,0.01,1589,101.5,1218,2436
94.827,-17.11,124.2,1,0.01,1470,,,
94.848,-19.01,,0,0.01,1478,,,
94.869,-19.16,,0,0.01,1499,170.0,2040,4080
94.891,-18.98,169.7,1,0.01,1747,170.0,2040,4080
94.912,-18.09,169.7,1,0.01,2020,170.0,2040,4080
94.933,-17.46,169.7,1,0.09,2118,170.0,2040,4080
94.955,-18.27,170.7,1,0.21,2090,170.0,2040,4080
94.976,-18.64,170.7,1,0.18,2150,343.5,4122,8244
94.997,-19.02,171.7,1,0.15,2047,171.5,2058,4116
95.019,-18.83,171.7,1,0.15,2022,171.5,2058,4116
95.040,-18.24,171.7,1,0.21,2032,172.0,2064,4128
95.061,-18.18,171.7,1,0.21,2051,172.0,2064,4128
95.083,-18.01,171.7,1,0.28,2051,172.0,2064,4128
95.104,-18.15,172.7,1,0.24,2031,172.0,2064,4128
95.125,-18.11,172.7,1,0.21,1958,172.5,2070,4140
95.147,-17.55,173.7,1,0.18,1926,172.5,2070,4140
95.168,-17.66,173.7,1,0.18,1989,172.5,2070,4140
95.189,-18.08,174.7,1,0.18,2007,174.0,2088,4176
95.211,-18.21,174.7,1,0.18,2011,350.0,4200,8400
95.232,-18.60,175.7,1,0.13,1990,350.0,4200,8400
95.253,-18.61,175.7,1,0.11,1969,350.5,4206,8412
95.275,-18.59,175.7,1,0.15,1993,350.5,4206,8412
95.296,-18.68,175.7,1,0.15,1937,351.0,4212,8424
95.317,-18.27,175.7,1,0.18,1949,175.5,2106,4212
95.339,-18.22,176.7,1,0.24,1924,176.0,2112,4224
95.360,-18.67,176.7,1,0.18,1993,176.5,2118,4236
95.381,-19.06,,0,0.13,2064,176.5,2118,4236
95.403,-19.34,,0,0.11,1987,177.0,2124,4248
95.424,-19.04,,0,0.09,1950,177.0,2124,4248
95.445,-19.06,88.9,1,0.11,1950,177.0,2124,4248
95.467,-19.76,88.9,1,0.08,2031,177.5,2130,4260
95.488,-19.66,88.9,1,0.08,2017,177.5,2130,4260
95.509,-20.24,89.4,1,0.07,1991,178.0,2136,4272
95.531,-20.80,89.4,1,0.05,2030,178.0,2136,4272
95.552,-20.58,89.9,1,0.05,2042,178.5,2142,4284
95.573,-20.77,89.9,1,0.07,2017,179.0,2148,4296
95.595,-20.77,89.9,1,0.06,2018,180.0,2160,4320
95.616,-20.82,90.4,1,0.07,2006,180.0,2160,4320
95.637,-21.14,90.4,1,0.04,1998,180.0,2160,4320
95.659,-21.31,90.4,1,0.03,2009,180.0,2160,4320
95.680,-20.85,90.4,1,0.03,1965,180.5,2166,4332
95.701,-20.65,90.4,1,0.03,1919,180.5,2166,4332
95.723,-20.20,90.4,1,0.03,1955,180.5,2166,4332
95.744,-20.55,90.9,1,0.02,2001,181.0,2172,4344
95.765,-21.29,90.9,1,0.02,2029,181.0,2172,4344
95.787,-21.03,90.9,1,0.02,2073,181.5,2178,4356
95.808,-21.20,90.9,1,0.02,2071,181.5,2178,4356
95.829,-20.81,90.9,1,0.02,1989,181.5,2178,4356
95.851,-20.82,90.9,1,0.01,2041,182.0,2184,4368
95.872,-21.74,,0,0.01,2088,182.5,2190,4380
95.893,-21.62,,0,0.01,2075,182.5,2190,4380
95.915,-20.65,,0,0.01,1998,183.0,2196,4392
95.936,-20.72,,0,0.01,1969,183.5,2202,4404
95.957,-21.07,,0,0.02,2017,183.5,2202,4404
95.979,-21.19,,0,0.01,2020,183.5,2202,4404
96.000,-20.65,,0,0.02,2048,184.0,2208,4416
96.021,-20.48,,0,0.03,2048,184.5,2214,4428
96.043,-20.93,,0,0.02,2071,184.5,2214,4428
96.064,-20.24,,0,0.02,2035,184.5,2214,4428
96.085,-20.53,,0,0.02,1984,184.5,2214,4428
96.107,-21.08,,0,0.01,2075,184.5,2214,4428
96.128,-20.46,,0,0.01,2060,184.5,2214,4428
96.149,-20.33,,0,0.01,2069,184.5,2214,4428
96.171,-20.09,,0,0.01,1957,184.5,2214,4428
96.192,-19.49,,0,0.01,1967,186.0,2232,4464
96.213,-19.88,187.2,1,0.03,1917,186.0,2232,4464
96.235,-20.95,187.2,1,0.02,1897,186.5,2238,4476
96.256,-20.32,187.2,1,0.03,1997,186.5,2238,4476
96.277,-19.61,186.1,1,0.06,1989,187.0,2244,4488
96.299,-19.72,186.1,1,0.05,1951,187.0,2244,4488
96.320,-19.28,186.1,1,0.03,1945,187.5,2250,4500
96.341,-19.07,186.1,1,0.05,1887,187.5,2250,4500
96.363,-19.44,187.2,1,0.04,1860,187.5,2250,4500
96.384,-19.21,187.2,1,0.06,1935,187.5,2250,4500
96.405,-19.15,187.2,1,0.09,1901,187.5,2250,4500
96.427,-19.33,188.3,1,0.09,1912,187.5,2250,4500
96.448,-18.71,188.3,1,0.11,1950,187.5,2250,4500
96.469,-18.53,187.2,1,0.09,1936,187.5,2250,4500
96.491,-19.16,188.3,1,0.08,1917,187.5,2250,4500
96.512,-19.29,188.3,1,0.08,1959,187.5,2250,4500
96.533,-19.36,187.2,1,0.08,1959,187.5,2250,4500
96.555,-19.25,188.3,1,0.07,1896,188.0,2256,4512
96.576,-18.51,188.3,1,0.08,1814,188.0,2256,4512
96.597,-18.67,188.3,1,0.04,1830,188.0,2256,4512
96.619,-18.85,188.3,1,0.04,1821,188.0,2256,4512
96.640,-18.82,187.2,1,0.03,1861,188.0,2256,4512
96.661,-20.00,187.2,1,0.04,1849,188.0,2256,4512
96.683,-20.06,188.3,1,0.06,1857,188.0,2256,4512
96.704,-18.59,189.4,1,0.09,1840,188.5,2262,4524
96.725,-18.14,189.4,1,0.13,1805,189.5,2274,4548
96.747,-18.08,190.5,1,0.13,1814,189.5,2274,4548
96.768,-18.09,190.5,1,0.18,1805,189.5,2274,4548
96.789,-18.82,190.5,1,0.15,1818,189.5,2274,4548
96.811,-19.04,190.5,1,0.15,1910,189.5,2274,4548
96.832,-18.29,190.5,1,0.13,1865,189.5,2274,4548
96.853,-18.41,190.5,1,0.15,1797,189.5,2274,4548
96.875,-18.93,190.5,1,0.15,1812,190.0,2280,4560
96.896,-18.46,190.5,1,0.13,1848,190.0,2280,4560
96.917,-18.51,190.5,1,0.15,1732,190.0,2280,4560
96.939,-19.20,190.5,1,0.11,1742,190.0,2280,4560
96.960,-18.95,190.5,1,0.09,1768,190.0,2280,4560
96.981,-18.14,190.5,1,0.15,1723,190.0,2280,4560
97.003,-18.62,190.5,1,0.18,1736,190.5,2286,4572
97.024,-18.82,190.5,1,0.15,1759,190.5,2286,4572
97.045,-17.99,190.5,1,0.21,1748,190.5,2286,4572
97.067,-18.10,190.5,1,0.21,1776,190.5,2286,4572
97.088,-18.52,190.5,1,0.21,1767,190.5,2286,4572
97.109,-18.53,190.5,1,0.08,1700,191.0,2292,4584
97.131,-18.25,191.6,1,0.13,1657,191.0,2292,4584
97.152,-18.50,191.6,1,0.11,1649,191.0,2292,4584
97.173,-18.02,191.6,1,0.18,1710,191.5,2298,4596
97.195,-17.48,191.6,1,0.28,1644,191.5,2298,4596
97.216,-18.40,192.7,1,0.24,1623,191.5,2298,4596
97.237,-18.92,192.7,1,0.18,1664,192.0,2304,4608
97.259,-18.41,192.7,1,0.28,1651,192.0,2304,4608
97.280,-18.19,192.7,1,0.37,1625,192.0,2304,4608
97.301,-17.87,192.7,1,0.37,1678,192.5,2310,4620
97.323,-17.66,192.7,1,0.43,1672,192.5,2310,4620
97.344,-17.90,192.7,1,0.43,1689,192.5,2310,4620
97.365,-17.98,192.7,1,0.37,1694,192.5,2310,4620
97.387,-18.07,192.7,1,0.37,1676,192.5,2310,4620
97.408,-18.46,192.7,1,0.37,1650,192.5,2310,4620
97.429,-18.40,192.7,1,0.28,1623,192.5,2310,4620
97.451,-18.03,192.7,1,0.32,1658,192.5,2310,4620
97.472,-17.84,193.8,1,0.43,1654,193.0,2316,4632
97.493,-17.96,193.8,1,0.32,1639,193.0,2316,4632
97.515,-18.19,193.8,1,0.32,1549,193.0,2316,4632
97.536,-18.45,193.8,1,0.21,1577,193.0,2316,4632
97.557,-18.40,193.8,1,0.18,1609,193.0,2316,4632
97.579,-17.97,193.8,1,0.24,1559,193.0,2316,4632
97.600,-17.91,193.8,1,0.21,1571,193.5,2322,4644
97.621,-17.65,193.8,1,0.37,1599,194.0,2328,4656
97.643,-17.41,193.8,1,0.32,1654,194.0,2328,4656
97.664,-17.81,193.8,1,0.32,1659,194.0,2328,4656
97.685,-18.50,193.8,1,0.28,1661,194.0,2328,4656
97.707,-18.49,194.9,1,0.21,1697,194.5,2334,4668
97.728,-17.99,194.9,1,0.24,1672,194.5,2334,4668
97.749,-17.83,194.9,1,0.32,1734,194.5,2334,4668
97.771,-18.02,196.1,1,0.28,1738,196.0,2352,4704
97.792,-17.91,196.1,1,0.32,1713,196.0,2352,4704
97.813,-18.07,196.1,1,0.37,1754,196.0,2352,4704
97.835,-18.44,196.1,1,0.28,1758,196.0,2352,4704
97.856,-18.53,196.1,1,0.21,1845,196.0,2352,4704
97.877,-19.33,196.1,1,0.15,1922,196.5,2358,4716
97.899,-19.82,197.2,1,0.08,2086,196.5,2358,4716
97.920,-19.70,,0,0.03,2276,197.0,2364,4728
97.941,-19.50,,0,0.03,2281,99.5,1194,2388
97.963,-18.38,,0,0.03,2309,100.0,1200,2400
97.984,-18.01,99.7,1,0.06,2286,100.0,1200,2400
98.005,-18.16,100.3,1,0.08,2303,100.0,1200,2400
98.027,-17.93,100.3,1,0.08,2276,100.0,1200,2400
98.048,-18.04,100.3,1,0.09,2282,100.0,1200,2400
98.069,-17.91,100.3,1,0.08,2345,100.5,1206,2412
98.091,-17.53,100.9,1,0.08,2326,100.5,1206,2412
98.112,-17.60,100.9,1,0.13,2283,100.5,1206,2412
98.133,-17.68,100.9,1,0.21,2274,100.5,1206,2412
98.155,-18.11,100.9,1,0.13,2352,100.5,1206,2412
98.176,-17.83,100.9,1,0.15,2379,100.5,1206,2412
98.197,-17.51,100.9,1,0.13,2284,101.0,1212,2424
98.219,-17.73,101.5,1,0.13,2334,101.0,1212,2424
98.240,-17.77,101.5,1,0.09,2349,101.0,1212,2424
98.261,-18.54,102.1,1,0.07,2371,101.5,1218,2436
98.283,-19.08,102.1,1,0.07,2392,101.5,1218,2436
98.304,-18.69,102.7,1,0.06,2406,102.5,1230,2460
98.325,-18.39,102.7,1,0.06,2457,102.5,1230,2460
98.347,-18.48,102.7,1,0.07,2464,102.5,1230,2460
98.368,-19.19,103.3,1,0.07,2571,103.0,1236,2472
98.389,-19.66,103.3,1,0.04,2599,103.0,1236,2472
98.411,-18.94,103.3,1,0.04,2430,103.0,1236,2472
98.432,-18.93,103.3,1,0.03,2430,103.0,1236,2472
98.453,-19.46,103.9,1,0.03,2372,103.0,1236,2472
98.475,-19.70,103.9,1,0.03,2322,103.5,1242,2484
98.496,-20.16,104.5,1,0.02,2337,103.5,1242,2484
98.517,-20.40,105.1,1,0.02,2376,104.0,1248,2496
98.539,-19.96,104.5,1,0.02,2326,104.0,1248,2496
98.560,-19.42,104.5,1,0.02,2198,104.0,1248,2496
98.581,-19.20,105.1,1,0.03,2191,104.5,1254,2508
98.603,-19.18,105.1,1,0.04,2195,104.5,1254,2508
98.624,-19.38,105.1,1,0.05,2251,209.5,2514,5028
98.645,-19.20,105.1,1,0.07,2281,209.5,2514,5028
98.667,-18.69,105.1,1,0.07,2246,105.0,1260,2520
98.688,-18.79,105.1,1,0.07,2159,105.0,1260,2520
98.709,-18.87,105.7,1,0.07,2163,105.0,1260,2520
98.731,-19.02,105.7,1,0.05,2186,105.0,1260,2520
98.752,-19.24,106.3,1,0.03,2316,105.0,1260,2520
98.773,-19.44,106.3,1,0.04,2354,106.0,1272,2544
98.795,-19.56,106.9,1,0.05,2331,106.0,1272,2544
98.816,-19.74,106.9,1,0.04,2267,106.0,1272,2544
98.837,-19.89,106.9,1,0.03,2272,106.0,1272,2544
98.859,-19.02,106.9,1,0.03,2266,106.0,1272,2544
98.880,-19.10,106.3,1,0.03,2145,106.0,1272,2544
98.901,-19.17,106.3,1,0.02,2025,106.0,1272,2544
98.923,-18.03,106.3,1,0.01,1716,105.5,1266,2532
98.944,-18.08,,0,0.01,1582,140.5,1686,3372
98.965,-19.06,,0,0.02,1562,140.5,1686,3372
98.987,-18.52,,0,0.03,1515,140.5,1686,3372
99.008,-18.91,,0,0.02,1483,140.5,1686,3372
99.029,-19.22,,0,0.01,1447,69.5,834,1668
99.051,-18.17,,0,0.01,1346,69.5,834,1668
99.072,-18.00,,0,0.01,1311,69.5,834,1668
99.093,-17.59,,0,0.02,1326,69.5,834,1668
99.115,-18.79,,0,0.01,1289,69.5,834,1668
99.136,-22.18,,0,0.01,1413,137.5,1650,3300
99.157,-22.02,,0,0.01,1492,,,
99.179,-20.11,,0,0.01,1359,,,
99.200,-19.38,,0,0.01,1364,,,
99.221,-18.71,,0,0.01,1293,,,
99.243,-18.29,,0,0.01,1248,,,
99.264,-19.03,,0,0.01,1301,103.0,1236,2472
99.285,-19.72,,0,0.01,1339,103.0,1236,2472
99.307,-19.23,,0,0.01,1325,103.0,1236,2472
99.328,-19.04,,0,0.01,1406,103.0,1236,2472
99.349,-19.87,,0,0.01,1452,104.0,1248,2496
99.371,-20.55,,0,0.01,1614,104.0,1248,2496
99.392,-20.99,,0,0.01,1639,104.5,1254,2508
99.413,-20.69,,0,0.01,1670,104.0,1248,2496
99.435,-19.76,,0,0.01,1667,104.0,1248,2496
99.456,-19.60,,0,0.02,1656,104.0,1248,2496
99.477,-20.68,,0,0.01,1839,139.0,1668,3336
99.499,-14.51,,0,0.01,2144,139.0,1668,3336
99.520,-13.77,,0,0.01,2166,135.5,1626,3252
99.541,-17.11,,0,0.01,1822,135.5,1626,3252
99.563,-19.91,,0,0.01,1629,137.5,1650,3300
99.584,-30.49,,0,0.01,1460,,,
99.605,-31.56,,0,0.01,1541,,,
99.627,-20.37,,0,0.01,2272,136.5,1638,3276
99.648,-16.34,,0,0.01,2287,136.5,1638,3276
99.669,-15.93,,0,0.01,2210,138.0,1656,3312
99.691,-16.24,,0,0.01,1811,,,
99.712,-18.69,,0,0.01,1502,,,
99.733,-29.39,,0,0.01,1399,,,
99.755,-33.11,,0,0.01,1588,,,
99.776,-33.45,,0,0.01,1656,,,
99.797,-21.83,,0,0.01,2065,,,
99.819,-16.55,,0,0.01,2157,98.0,1176,2352
99.840,-16.84,,0,0.01,2099,98.0,1176,2352
99.861,-16.96,,0,0.01,2109,98.0,1176,2352
99.883,-17.93,,0,0.01,2067,98.0,1176,2352
99.904,-28.95,,0,0.01,1458,98.0,1176,2352
99.925,-30.79,,0,0.01,1371,,,
99.947,-31.39,33.3,1,0.01,1503,,,
99.968,-32.09,33.3,1,0.01,1523,,,
99.989,-31.80,33.5,1,0.01,1505,,,
100.011,-32.20,33.5,1,0.01,1548,,,
100.032,-31.77,33.5,1,0.01,1551,,,
100.053,-30.88,33.3,1,0.01,1483,,,
100.075,-30.05,33.3,1,0.01,1468,,,
100.096,-29.57,33.3,1,0.01,1486,99.5,1194,2388
100.117,-29.21,33.1,1,0.01,1497,99.5,1194,2388
100.139,-28.72,33.1,1,0.01,1460,99.0,1188,2376
100.160,-27.49,33.1,1,0.01,1529,99.0,1188,2376
100.181,-26.42,33.1,1,0.01,1483,99.0,1188,2376
100.203,-26.11,33.1,1,0.01,1497,99.0,1188,2376
100.224,-25.59,33.1,1,0.01,1555,99.0,1188,2376
100.245,-24.78,33.1,1,0.01,1470,99.0,1188,2376
100.267,-24.26,33.1,1,0.01,1477,99.0,1188,2376
100.288,-23.78,32.9,1,0.01,1545,98.5,1182,2364
100.309,-22.87,32.9,1,0.01,1549,98.0,1176,2352
100.331,-22.02,32.7,1,0.01,1534,98.0,1176,2352
100.352,-21.65,32.7,1,0.01,1518,98.0,1176,2352
100.373,-21.68,32.7,1,0.02,1486,98.0,1176,2352
100.395,-21.91,32.7,1,0.01,1528,98.0,1176,2352
100.416,-21.99,32.5,1,0.01,1580,98.0,1176,2352
100.437,-19.97,32.5,1,0.01,1553,98.0,1176,2352
100.459,-19.26,32.5,1,0.02,1482,97.0,1164,2328
100.480,-20.05,32.5,1,0.02,1558,97.0,1164,2328
100.501,-20.38,32.5,1,0.01,1568,97.0,1164,2328
100.523,-20.30,32.3,1,0.01,1541,97.0,1164,2328
100.544,-20.10,32.3,1,0.01,1535,96.5,1158,2316
100.565,-20.61,32.3,1,0.01,1505,96.5,1158,2316
100.587,-20.88,32.3,1,0.01,1535,96.5,1158,2316
100.608,-20.69,32.3,1,0.01,1565,96.5,1158,2316
100.629,-20.81,32.2,1,0.01,1578,96.5,1158,2316
100.651,-20.82,32.2,1,0.01,1622,96.5,1158,2316
100.672,-20.09,32.2,1,0.01,1563,96.0,1152,2304
100.693,-19.35,32.2,1,0.01,1531,96.0,1152,2304
100.715,-19.38,32.0,1,0.01,1573,96.0,1152,2304
100.736,-20.18,32.0,1,0.01,1541,96.0,1152,2304
100.757,-20.60,32.0,1,0.01,1483,96.0,1152,2304
100.779,-18.86,,0,0.01,1363,96.0,1152,2304
100.800,-18.53,,0,0.01,1282,95.5,1146,2292
100.821,-20.98,,0,0.02,1170,129.0,1548,3096
100.843,-21.92,,0,0.02,1124,129.0,1548,3096
100.864,-20.46,,0,0.02,1104,129.0,1548,3096
100.885,-20.58,,0,0.01,1105,128.5,1542,3084
100.907,-20.81,,0,0.01,1206,126.0,1512,3024
100.928,-20.44,,0,0.01,1169,126.0,1512,3024
100.949,-20.48,,0,0.02,1209,126.0,1512,3024
100.971,-20.17,,0,0.02,1215,126.0,1512,3024
100.992,-19.29,,0,0.02,1161,126.0,1512,3024
101.013,-19.72,,0,0.01,1154,126.0,1512,3024
101.035,-20.28,,0,0.01,1237,126.0,1512,3024
101.056,-19.25,,0,0.01,1230,95.0,1140,2280
101.077,-18.41,,0,0.01,1214,95.5,1146,2292
101.099,-17.73,,0,0.01,1147,95.5,1146,2292
101.120,-18.61,,0,0.01,1133,94.5,1134,2268
101.141,-21.41,,0,0.01,1269,94.5,1134,2268
101.163,-20.60,,0,0.01,1343,94.5,1134,2268
101.184,-20.01,,0,0.01,1303,94.5,1134,2268
101.205,-21.61,,0,0.01,1390,126.0,1512,3024
101.227,-19.31,,0,0.01,1278,126.0,1512,3024
101.248,-18.18,,0,0.01,1205,94.5,1134,2268
101.269,-18.08,,0,0.01,1129,94.5,1134,2268
101.291,-19.03,,0,0.01,1144,95.0,1140,2280
101.312,-21.58,,0,0.01,1333,95.5,1146,2292
101.333,-21.99,,0,0.01,1430,95.5,1146,2292
101.355,-21.67,,0,0.01,1406,191.0,2292,4584
101.376,-20.15,,0,0.01,1309,191.0,2292,4584
101.397,-19.40,,0,0.01,1385,191.0,2292,4584
101.419,-19.33,,0,0.01,1385,191.0,2292,4584
101.440,-19.35,,0,0.01,1287,190.5,2286,4572
101.461,-19.65,,0,0.01,1369,95.0,1140,2280
101.483,-18.08,,0,0.01,1213,95.0,1140,2280
101.504,-18.55,,0,0.01,1171,190.0,2280,4560
101.525,-21.37,,0,0.01,1337,190.0,2280,4560
101.547,-21.60,,0,0.01,1475,190.0,2280,4560
101.568,-20.87,,0,0.01,1393,190.0,2280,4560
101.589,-19.80,,0,0.01,1532,95.0,1140,2280
101.611,-20.42,,0,0.01,1563,,,
101.632,-19.59,,0,0.01,1379,,,
101.653,-18.61,,0,0.01,1353,,,
101.675,-20.22,,0,0.01,1408,95.0,1140,2280
101.696,-19.83,,0,0.01,1299,95.0,1140,2280
101.717,-19.46,,0,0.01,1279,95.0,1140,2280
101.739,-20.13,,0,0.01,1426,95.0,1140,2280
101.760,-19.41,,0,0.01,1410,95.0,1140,2280
101.781,-18.59,,0,0.01,1408,95.0,1140,2280
101.803,-17.65,,0,0.01,1443,96.0,1152,2304
101.824,-16.93,,0,0.01,1287,96.0,1152,2304
101.845,-17.50,,0,0.01,1278,96.0,1152,2304
101.867,-19.07,,0,0.01,1410,96.0,1152,2304
101.888,-19.93,,0,0.01,1557,96.0,1152,2304
101.909,-19.95,,0,0.01,1604,96.0,1152,2304
101.931,-19.29,,0,0.01,1463,187.0,2244,4488
101.952,-20.26,,0,0.01,1431,186.5,2238,4476
101.973,-20.94,,0,0.01,1598,186.5,2238,4476
101.995,-19.77,,0,0.01,1663,95.0,1140,2280
102.016,-18.60,,0,0.02,1570,95.0,1140,2280
102.037,-17.85,,0,0.02,1444,95.0,1140,2280
102.059,-17.68,,0,0.04,1436,95.0,1140,2280
102.080,-17.80,,0,0.11,1449,95.0,1140,2280
102.101,-17.87,,0,0.06,1502,95.0,1140,2280
102.123,-18.21,,0,0.02,1550,95.0,1140,2280
102.144,-18.42,,0,0.01,1547,94.0,1128,2256
102.165,-18.09,,0,0.01,1536,94.0,1128,2256
102.187,-18.70,,0,0.01,1480,94.0,1128,2256
102.208,-19.13,,0,0.01,1556,94.0,1128,2256
102.229,-19.06,,0,0.01,1561,94.0,1128,2256
102.251,-18.14,,0,0.01,1276,94.0,1128,2256
102.272,-17.71,,0,0.01,1179,94.0,1128,2256
102.293,-18.77,,0,0.01,1189,125.5,1506,3012
102.315,-19.32,,0,0.01,1185,125.5,1506,3012
102.336,-19.50,,0,0.01,1195,125.5,1506,3012
102.357,-19.79,,0,0.01,1199,,,
102.379,-20.83,,0,0.01,1217,,,
102.400,-21.81,30.0,1,0.01,1269,,,
102.421,-20.54,30.2,1,0.01,1273,,,
102.443,-20.73,30.3,1,0.01,1288,,,
102.464,-22.99,31.8,1,0.01,1353,,,
102.485,-21.35,31.8,1,0.01,1257,,,
102.507,-20.48,31.4,1,0.01,1150,,,
102.528,-21.53,31.2,1,0.01,1241,,,
102.549,-21.94,,0,0.01,1335,,,
102.571,-21.45,,0,0.01,1412,91.5,1098,2196
102.592,-22.03,,0,0.01,1433,91.5,1098,2196
102.613,-23.22,,0,0.01,1527,91.0,1092,2184
102.635,-21.16,,0,0.01,1508,91.0,1092,2184
102.656,-21.21,,0,0.01,1585,91.0,1092,2184
102.677,-21.59,,0,0.01,1553,91.0,1092,2184
102.699,-20.79,,0,0.01,1490,,,
102.720,-15.50,,0,0.01,1331,,,
102.741,-15.79,,0,0.01,1303,,,
102.763,-24.17,,0,0.01,1225,,,
102.784,-25.23,,0,0.01,1098,,,
102.805,-24.03,,0,0.02,1043,,,
102.827,-23.92,,0,0.03,1077,122.0,1464,2928
102.848,-24.46,,0,0.03,1122,122.0,1464,2928
102.869,-23.03,,0,0.04,1127,122.0,1464,2928
102.891,-22.85,,0,0.04,1153,122.0,1464,2928
102.912,-23.55,,0,0.02,1227,121.5,1458,2916
102.933,-22.89,,0,0.01,1229,121.5,1458,2916
102.955,-21.79,,0,0.02,1225,121.5,1458,2916
102.976,-21.65,,0,0.03,1228,121.5,1458,2916
102.997,-20.86,,0,0.02,1224,121.5,1458,2916
103.019,-20.43,30.5,1,0.01,1213,121.5,1458,2916
103.040,-20.43,30.5,1,0.01,1197,122.0,1464,2928
103.061,-20.33,30.7,1,0.01,1185,122.0,1464,2928
103.083,-20.21,30.7,1,0.01,1260,122.0,1464,2928
103.104,-19.20,30.7,1,0.01,1229,122.0,1464,2928
103.125,-18.81,30.5,1,0.02,1187,122.0,1464,2928
103.147,-18.98,30.5,1,0.02,1208,122.0,1464,2928
103.168,-19.53,30.3,1,0.01,1262,121.0,1452,2904
103.189,-19.86,30.3,1,0.01,1246,121.0,1452,2904
103.211,-21.12,30.3,1,0.01,1286,121.0,1452,2904
103.232,-21.87,30.3,1,0.01,1297,121.0,1452,2904
103.253,-20.76,30.3,1,0.01,1248,,,
103.275,-21.20,,0,0.01,1314,,,
103.296,-22.27,,0,0.01,1393,,,
103.317,-22.68,,0,0.01,1485,,,
103.339,-20.32,,0,0.01,1352,,,
103.360,-19.77,,0,0.01,1271,,,
103.381,-20.03,,0,0.01,1262,,,
103.403,-18.99,,0,0.01,1335,,,
103.424,-19.55,,0,0.01,1393,,,
103.445,-20.44,,0,0.01,1492,183.0,2196,4392
103.467,-20.22,,0,0.01,1491,183.0,2196,4392
103.488,-19.12,,0,0.01,1511,183.0,2196,4392
103.509,-19.94,,0,0.01,1404,183.0,2196,4392
103.531,-19.69,,0,0.01,1364,180.5,2166,4332
103.552,-18.74,,0,0.01,1280,180.5,2166,4332
103.573,-19.03,,0,0.01,1430,180.5,2166,4332
103.595,-18.89,,0,0.01,1448,180.5,2166,4332
103.616,-18.44,,0,0.01,1326,180.5,2166,4332
103.637,-17.45,,0,0.01,1383,180.5,2166,4332
103.659,-18.35,,0,0.01,1494,180.5,2166,4332
103.680,-19.75,,0,0.01,1598,180.5,2166,4332
103.701,-19.57,,0,0.01,1508,180.5,2166,4332
103.723,-18.75,,0,0.01,1374,91.5,1098,2196
103.744,-19.09,,0,0.01,1350,91.5,1098,2196
103.765,-20.66,,0,0.01,1425,91.0,1092,2184
103.787,-21.35,,0,0.01,1563,91.0,1092,2184
103.808,-22.24,,0,0.01,1619,91.0,1092,2184
103.829,-21.87,,0,0.01,1633,91.0,1092,2184
103.851,-19.25,,0,0.01,1621,181.0,2172,4344
103.872,-17.93,,0,0.02,1541,181.0,2172,4344
103.893,-17.63,,0,0.05,1468,181.0,2172,4344
103.915,-18.05,,0,0.02,1444,181.0,2172,4344
103.936,-18.62,,0,0.01,1302,181.0,2172,4344
103.957,-18.85,,0,0.01,1327,181.0,2172,4344
103.979,-20.52,,0,0.01,1514,181.5,2178,4356
104.000,-20.19,,0,0.01,1439,90.5,1086,2172
104.021,-17.86,,0,0.01,1220,,,
104.043,-18.32,,0,0.01,1173,,,
104.064,-19.39,,0,0.01,1211,,,
104.085,-19.37,,0,0.01,1215,,,
104.107,-19.60,,0,0.01,1206,,,
104.128,-20.52,,0,0.01,1180,,,
104.149,-20.65,,0,0.01,1210,,,
104.171,-20.77,,0,0.01,1134,,,
104.192,-22.33,,0,0.01,1236,,,
104.213,-22.75,,0,0.01,1305,,,
104.235,-22.48,,0,0.01,1323,,,
104.256,-20.34,,0,0.01,1225,,,
104.277,-19.65,,0,0.01,1219,,,
104.299,-21.08,,0,0.01,1308,,,
104.320,-20.68,,0,0.01,1295,,,
104.341,-20.12,,0,0.01,1257,88.5,1062,2124
104.363,-20.43,,0,0.01,1269,88.5,1062,2124
104.384,-19.84,,0,0.01,1203,88.0,1056,2112
104.405,-20.86,,0,0.01,1348,89.0,1068,2136
104.427,-22.55,,0,0.01,1453,89.0,1068,2136
104.448,-22.55,,0,0.01,1559,88.5,1062,2124
104.469,-20.94,,0,0.01,1498,88.5,1062,2124
104.491,-20.47,,0,0.01,1486,90.0,1080,2160
104.512,-22.14,,0,0.01,1595,90.0,1080,2160
104.533,-15.37,,0,0.01,1652,90.0,1080,2160
104.555,-15.50,,0,0.01,1654,,,
104.576,-17.23,,0,0.01,1759,,,
104.597,-16.92,,0,0.01,1878,,,
104.619,-23.53,,0,0.01,1713,,,
104.640,-26.19,,0,0.01,1220,95.0,1140,2280
104.661,-29.98,,0,0.01,1637,131.0,1572,3144
104.683,-16.09,,0,0.01,1693,131.0,1572,3144
104.704,-15.99,,0,0.01,1612,131.0,1572,3144
104.725,-29.68,,0,0.01,1418,131.0,1572,3144
104.747,-20.45,,0,0.01,1984,131.0,1572,3144
104.768,-17.20,,0,0.01,2023,,,
104.789,-18.07,,0,0.01,1816,,,
104.811,-16.55,,0,0.01,1809,,,
104.832,-17.49,,0,0.01,1843,,,
104.853,-29.11,,0,0.01,1644,,,
104.875,-34.29,,0,0.01,1460,,,
104.896,-33.57,,0,0.01,1443,,,
104.917,-33.34,,0,0.01,1980,,,
104.939,-17.75,,0,0.01,2026,,,
104.960,-17.22,,0,0.01,1899,,,
104.981,-25.51,,0,0.01,1239,,,
105.003,-30.82,,0,0.01,1360,,,
105.024,-29.54,,0,0.01,1398,,,
105.045,-28.34,,0,0.01,1348,,,
105.067,-28.98,,0,0.01,1378,,,
105.088,-28.69,,0,0.01,1362,84.5,1014,2028
105.109,-28.06,,0,0.01,1391,84.0,1008,2016
105.131,-26.18,,0,0.01,1326,84.0,1008,2016
105.152,-25.47,,0,0.01,1297,84.0,1008,2016
105.173,-27.09,,0,0.01,1393,,,
105.195,-27.56,113.3,1,0.01,1454,,,
105.216,-24.51,113.3,1,0.01,1334,,,
105.237,-22.46,114.6,1,0.01,1230,,,
105.259,-23.21,117.3,1,0.01,1165,,,
105.280,-22.35,133.9,1,0.01,1158,,,
105.301,-21.62,130.1,1,0.01,1169,,,
105.323,-22.51,132.4,1,0.01,1204,,,
105.344,-21.67,131.6,1,0.01,1140,,,
105.365,-20.61,131.6,1,0.01,1136,,,
105.387,-22.41,129.4,1,0.01,1165,,,
105.408,-25.40,127.9,1,0.01,1208,,,
105.429,-22.43,127.1,1,0.01,1148,,,
105.451,-22.62,128.6,1,0.01,1211,,,
105.472,-24.58,128.6,1,0.01,1364,,,
105.493,-22.01,129.4,1,0.01,1280,,,
105.515,-21.80,131.6,1,0.01,1182,,,
105.536,-22.76,140.3,1,0.01,1081,,,
105.557,-21.76,144.4,1,0.01,1093,,,
105.579,-20.71,,0,0.01,1115,,,
105.600,-20.06,,0,0.01,1160,,,
105.621,-21.05,,0,0.01,1210,,,
105.643,-19.97,,0,0.01,1034,,,
105.664,-20.17,,0,0.01,964,,,
105.685,-23.44,,0,0.01,1063,,,
105.707,-23.20,,0,0.01,1215,,,
105.728,-20.98,,0,0.01,1211,,,
105.749,-21.80,,0,0.01,1231,,,
105.771,-24.10,,0,0.01,1360,,,
105.792,-23.77,,0,0.01,1329,,,
105.813,-21.31,,0,0.01,1208,,,
105.835,-21.13,,0,0.01,1206,,,
105.856,-22.71,,0,0.01,1416,105.0,1260,2520
105.877,-21.30,161.1,1,0.01,1446,105.0,1260,2520
105.899,-21.66,160.2,1,0.01,1349,157.5,1890,3780
105.920,-22.26,159.3,1,0.01,1535,157.0,1884,3768
105.941,-20.89,158.3,1,0.01,1294,156.5,1878,3756
105.963,-19.64,157.4,1,0.01,1376,156.5,1878,3756
105.984,-19.27,157.4,1,0.03,1452,156.5,1878,3756
106.005,-18.91,156.5,1,0.06,1523,156.0,1872,3744
106.027,-19.00,156.5,1,0.05,1644,156.0,1872,3744
106.048,-18.51,156.5,1,0.06,1688,156.0,1872,3744
106.069,-18.09,156.5,1,0.04,1610,156.0,1872,3744
106.091,-18.11,156.5,1,0.03,1623,156.5,1878,3756
106.112,-18.05,156.5,1,0.03,1666,156.5,1878,3756
106.133,-18.05,157.4,1,0.03,1649,156.5,1878,3756
106.155,-18.17,157.4,1,0.05,1691,156.5,1878,3756
106.176,-18.87,157.4,1,0.04,1775,158.0,1896,3792
106.197,-18.88,158.3,1,0.07,1803,158.0,1896,3792
106.219,-18.64,158.3,1,0.08,1710,158.0,1896,3792
106.240,-18.37,159.3,1,0.09,1768,158.0,1896,3792
106.261,-18.73,159.3,1,0.08,1867,158.0,1896,3792
106.283,-18.82,159.3,1,0.11,1830,158.0,1896,3792
106.304,-18.71,158.3,1,0.08,1795,158.5,1902,3804
106.325,-19.16,157.4,1,0.03,1742,158.5,1902,3804
106.347,-19.65,155.6,1,0.02,1723,158.5,1902,3804
106.368,-19.55,154.7,1,0.02,1784,154.5,1854,3708
106.389,-18.90,154.7,1,0.04,1890,154.5,1854,3708
106.411,-19.20,154.7,1,0.03,1849,156.5,1878,3756
106.432,-18.25,155.6,1,0.06,1894,156.5,1878,3756
106.453,-18.39,156.5,1,0.03,1888,157.0,1884,3768
106.475,-18.86,157.4,1,0.06,1855,157.0,1884,3768
106.496,-18.59,157.4,1,0.04,1804,157.0,1884,3768
106.517,-19.36,157.4,1,0.04,1785,157.0,1884,3768
106.539,-19.84,158.3,1,0.04,1817,157.0,1884,3768
106.560,-19.51,157.4,1,0.03,1798,155.5,1866,3732
106.581,-18.87,156.5,1,0.02,1733,155.5,1866,3732
106.603,-18.91,155.6,1,0.04,1780,155.5,1866,3732
106.624,-18.31,155.6,1,0.06,1810,155.5,1866,3732
106.645,-18.77,155.6,1,0.03,1773,155.5,1866,3732
106.667,-18.89,156.5,1,0.06,1780,156.0,1872,3744
106.688,-18.36,157.4,1,0.07,1851,156.5,1878,3756
106.709,-18.51,157.4,1,0.08,1836,156.5,1878,3756
106.731,-18.67,157.4,1,0.09,1863,157.0,1884,3768
106.752,-19.03,157.4,1,0.06,1849,157.0,1884,3768
106.773,-18.71,157.4,1,0.07,1884,157.0,1884,3768
106.795,-19.46,157.4,1,0.03,1808,157.0,1884,3768
106.816,-19.45,156.5,1,0.03,1814,156.5,1878,3756
106.837,-19.10,156.5,1,0.04,1824,156.5,1878,3756
106.859,-19.18,156.5,1,0.06,1817,156.5,1878,3756
106.880,-19.29,156.5,1,0.08,1912,156.5,1878,3756
106.901,-19.08,156.5,1,0.06,1897,156.5,1878,3756
106.923,-19.08,156.5,1,0.06,1884,156.5,1878,3756
106.944,-19.45,156.5,1,0.03,1872,156.5,1878,3756
106.965,-18.77,156.5,1,0.03,1945,157.0,1884,3768
106.987,-19.49,157.4,1,0.02,1806,157.0,1884,3768
107.008,-19.40,158.3,1,0.03,1861,157.0,1884,3768
107.029,-19.19,158.3,1,0.03,1842,157.0,1884,3768
107.051,-19.61,158.3,1,0.05,1855,157.0,1884,3768
107.072,-19.81,158.3,1,0.05,1856,157.0,1884,3768
107.093,-19.52,158.3,1,0.03,1787,157.0,1884,3768
107.115,-19.38,157.4,1,0.05,1846,157.0,1884,3768
107.136,-20.05,158.3,1,0.03,1851,157.0,1884,3768
107.157,-19.18,158.3,1,0.06,1902,157.0,1884,3768
107.179,-19.06,158.3,1,0.04,1863,157.0,1884,3768
107.200,-19.22,,0,0.06,1983,157.5,1890,3780
107.221,-19.61,,0,0.03,1994,157.5,1890,3780
107.243,-19.55,,0,0.03,1885,157.5,1890,3780
107.264,-19.15,314.9,1,0.04,1808,158.0,1896,3792
107.285,-19.50,316.7,1,0.03,1783,158.0,1896,3792
107.307,-19.59,316.7,1,0.05,1821,158.0,1896,3792
107.328,-20.24,316.7,1,0.03,1823,158.0,1896,3792
107.349,-19.94,316.7,1,0.03,1956,158.0,1896,3792
107.371,-19.88,314.9,1,0.07,1898,158.0,1896,3792
107.392,-19.93,314.9,1,0.05,1882,158.0,1896,3792
107.413,-19.90,314.9,1,0.05,1908,157.5,1890,3780
107.435,-19.50,316.7,1,0.05,1882,157.5,1890,3780
107.456,-19.15,316.7,1,0.11,1885,157.5,1890,3780
107.477,-19.51,316.7,1,0.11,1932,157.5,1890,3780
107.499,-19.37,318.5,1,0.13,1986,157.5,1890,3780
107.520,-19.75,318.5,1,0.11,1976,318.5,3822,7644
107.541,-19.60,318.5,1,0.08,2077,318.5,3822,7644
107.563,-20.20,320.4,1,0.09,2049,318.5,3822,7644
107.584,-20.06,320.4,1,0.09,2036,318.5,3822,7644
107.605,-19.93,320.4,1,0.13,2000,159.0,1908,3816
107.627,-20.39,320.4,1,0.07,1968,159.5,1914,3828
107.648,-19.87,320.4,1,0.07,2049,159.5,1914,3828
107.669,-20.33,320.4,1,0.05,1941,159.5,1914,3828
107.691,-19.94,320.4,1,0.06,1973,159.5,1914,3828
107.712,-20.03,322.2,1,0.06,1888,159.5,1914,3828
107.733,-20.08,322.2,1,0.05,1995,159.5,1914,3828
107.755,-20.28,320.4,1,0.07,2044,159.5,1914,3828
107.776,-19.55,320.4,1,0.05,2016,159.5,1914,3828
107.797,-19.07,320.4,1,0.08,2063,159.5,1914,3828
107.819,-19.80,320.4,1,0.09,1896,160.0,1920,3840
107.840,-20.24,320.4,1,0.05,1904,160.0,1920,3840
107.861,-21.74,322.2,1,0.02,2109,160.0,1920,3840
107.883,-21.67,324.1,1,0.01,2265,161.0,1932,3864
107.904,-21.26,324.1,1,0.01,2248,161.0,1932,3864
107.925,-20.12,324.1,1,0.01,2161,161.0,1932,3864
107.947,-19.79,322.2,1,0.02,2187,160.5,1926,3852
107.968,-20.05,322.2,1,0.02,2155,160.5,1926,3852
107.989,-19.76,320.4,1,0.03,2157,160.5,1926,3852
108.011,-20.36,322.2,1,0.02,2122,160.5,1926,3852
108.032,-20.47,326.0,1,0.01,2313,160.5,1926,3852
108.053,-20.14,,0,0.01,2361,163.0,1956,3912
108.075,-20.24,,0,0.01,2283,163.0,1956,3912
108.096,-19.29,,0,0.01,2141,163.0,1956,3912
108.117,-19.01,,0,0.01,2190,163.0,1956,3912
108.139,-18.87,327.8,1,0.01,2191,163.0,1956,3912
108.160,-18.84,327.8,1,0.01,2262,163.0,1956,3912
108.181,-19.49,327.8,1,0.01,2241,163.0,1956,3912
108.203,-18.96,327.8,1,0.01,2277,163.0,1956,3912
108.224,-19.35,327.8,1,0.01,2237,163.0,1956,3912
108.245,-18.60,329.7,1,0.01,2093,163.0,1956,3912
108.267,-18.62,329.7,1,0.01,2076,163.5,1962,3924
108.288,-19.22,329.7,1,0.02,2096,164.0,1968,3936
108.309,-18.07,329.7,1,0.03,2185,164.0,1968,3936
108.331,-19.04,331.7,1,0.03,2143,164.0,1968,3936
108.352,-19.29,,0,0.03,2106,164.0,1968,3936
108.373,-19.33,,0,0.02,2119,164.0,1968,3936
108.395,-19.59,,0,0.02,2181,164.5,1974,3948
108.416,-17.96,667.2,1,0.06,2178,164.5,1974,3948
108.437,-17.41,667.2,1,0.09,2036,166.0,1992,3984
108.459,-16.95,667.2,1,0.15,1999,166.0,1992,3984
108.480,-17.25,671.0,1,0.24,1931,166.0,1992,3984
108.501,-17.30,667.2,1,0.28,2036,166.0,1992,3984
108.523,-16.94,667.2,1,0.28,1997,166.0,1992,3984
108.544,-17.24,671.0,1,0.32,1920,166.0,1992,3984
108.565,-17.49,667.2,1,0.24,2009,166.5,1998,3996
108.587,-18.33,671.0,1,0.24,1998,166.5,1998,3996
108.608,-17.50,671.0,1,0.24,1974,166.5,1998,3996
108.629,-17.22,671.0,1,0.24,1933,166.5,1998,3996
108.651,-17.66,671.0,1,0.43,1889,166.5,1998,3996
108.672,-16.80,671.0,1,0.37,1944,167.5,2010,4020
108.693,-16.77,671.0,1,0.43,1841,167.5,2010,4020
108.715,-16.78,674.9,1,0.43,1776,167.5,2010,4020
108.736,-17.09,674.9,1,0.37,1760,168.0,2016,4032
108.757,-17.53,674.9,1,0.43,1786,168.0,2016,4032
108.779,-16.68,674.9,1,0.37,1816,168.5,2022,4044
108.800,-16.67,678.8,1,0.43,1789,169.0,2028,4056
108.821,-16.68,678.8,1,0.55,1789,169.0,2028,4056
108.843,-16.42,678.8,1,0.62,1764,169.0,2028,4056
108.864,-16.69,674.9,1,0.69,1778,169.0,2028,4056
108.885,-16.68,674.9,1,0.62,1798,169.5,2034,4068
108.907,-17.04,674.9,1,0.48,1815,169.5,2034,4068
108.928,-16.94,678.8,1,0.55,1823,169.5,2034,4068
108.949,-16.61,678.8,1,0.55,1751,169.5,2034,4068
108.971,-16.42,678.8,1,0.62,1700,171.0,2052,4104
108.992,-15.95,678.8,1,0.62,1723,171.0,2052,4104
109.013,-16.32,678.8,1,0.69,1688,171.0,2052,4104
109.035,-16.70,682.8,1,0.62,1716,171.0,2052,4104
109.056,-16.98,682.8,1,0.69,1715,171.0,2052,4104
109.077,-17.31,682.8,1,0.62,1709,171.0,2052,4104
109.099,-16.51,,0,0.62,1694,171.0,2052,4104
109.120,-16.53,,0,0.69,1718,171.5,2058,4116
109.141,-16.95,,0,0.69,1719,171.5,2058,4116
109.163,-16.58,,0,0.69,1752,172.5,2070,4140
109.184,-16.50,,0,0.69,1739,172.5,2070,4140
109.205,-16.62,,0,0.69,1735,173.5,2082,4164
109.227,-16.62,173.7,1,0.76,1724,173.5,2082,4164
109.248,-16.62,173.7,1,0.76,1714,173.5,2082,4164
109.269,-16.72,173.7,1,0.76,1738,173.5,2082,4164
109.291,-17.10,173.7,1,0.76,1743,173.5,2082,4164
109.312,-17.23,173.7,1,0.69,1731,173.5,2082,4164
109.333,-17.05,173.7,1,0.69,1706,173.5,2082,4164
109.355,-17.14,174.7,1,0.62,1706,173.5,2082,4164
109.376,-16.82,174.7,1,0.62,1765,175.5,2106,4212
109.397,-16.51,175.7,1,0.69,1793,175.5,2106,4212
109.419,-16.67,176.7,1,0.76,1814,175.5,2106,4212
109.440,-16.60,176.7,1,0.76,1795,175.5,2106,4212
109.461,-16.86,176.7,1,0.76,1811,175.5,2106,4212
109.483,-17.10,176.7,1,0.69,1836,175.5,2106,4212
109.504,-16.80,175.7,1,0.69,1792,176.0,2112,4224
109.525,-16.96,175.7,1,0.69,1737,176.0,2112,4224
109.547,-17.21,175.7,1,0.62,1726,176.0,2112,4224
109.568,-17.43,176.7,1,0.62,1747,176.0,2112,4224
109.589,-17.34,177.7,1,0.62,1803,176.0,2112,4224
109.611,-17.14,177.7,1,0.62,1832,177.5,2130,4260
109.632,-16.99,177.7,1,0.62,1856,178.0,2136,4272
109.653,-16.94,178.8,1,0.62,1849,178.0,2136,4272
109.675,-17.08,178.8,1,0.62,1845,178.5,2142,4284
109.696,-17.42,178.8,1,0.55,1841,178.5,2142,4284
109.717,-17.75,178.8,1,0.55,1820,178.5,2142,4284
109.739,-17.83,179.8,1,0.48,1828,179.0,2148,4296
109.760,-17.85,179.8,1,0.43,1805,179.0,2148,4296
109.781,-17.82,179.8,1,0.37,1772,179.5,2154,4308
109.803,-17.93,179.8,1,0.37,1771,179.5,2154,4308
109.824,-17.99,179.8,1,0.32,1791,179.5,2154,4308
109.845,-18.18,179.8,1,0.28,1829,180.0,2160,4320
109.867,-18.34,179.8,1,0.32,1861,180.0,2160,4320
109.888,-18.24,180.8,1,0.24,1843,180.0,2160,4320
109.909,-18.53,180.8,1,0.21,1825,180.0,2160,4320
109.931,-19.37,180.8,1,0.18,1874,180.5,2166,4332
109.952,-19.90,,0,0.15,1945,181.5,2178,4356
109.973,-19.64,,0,0.11,1972,181.5,2178,4356
109.995,-19.25,,0,0.13,1929,181.5,2178,4356
110.016,-19.44,90.9,1,0.11,1841,181.5,2178,4356
110.037,-19.84,90.9,1,0.11,1837,182.0,2184,4368
110.059,-20.03,90.9,1,0.11,1887,182.0,2184,4368
110.080,-19.91,91.5,1,0.07,1901,182.0,2184,4368
110.101,-19.57,91.5,1,0.08,1906,182.0,2184,4368
110.123,-19.91,92.0,1,0.08,1905,183.5,2202,4404
110.144,-20.33,92.0,1,0.07,1968,183.5,2202,4404
110.165,-20.05,92.0,1,0.07,1989,184.5,2214,4428
110.187,-20.04,92.0,1,0.06,1955,184.5,2214,4428
110.208,-19.80,92.5,1,0.07,2053,184.5,2214,4428
110.229,-19.48,92.5,1,0.06,2052,184.5,2214,4428
110.251,-19.50,92.5,1,0.05,2161,185.0,2220,4440
110.272,-19.15,92.5,1,0.08,2227,185.0,2220,4440
110.293,-18.96,93.1,1,0.06,2157,185.0,2220,4440
110.315,-18.83,93.1,1,0.04,2052,185.5,2226,4452
110.336,-18.53,93.6,1,0.04,2058,187.0,2244,4488
110.357,-18.35,94.2,1,0.08,2065,188.0,2256,4512
110.379,-18.27,94.2,1,0.11,2136,188.0,2256,4512
110.400,-18.43,94.2,1,0.15,2114,188.0,2256,4512
110.421,-18.42,94.2,1,0.21,2084,188.5,2262,4524
110.443,-18.26,94.2,1,0.13,2128,188.5,2262,4524
110.464,-17.61,94.2,1,0.21,2175,188.5,2262,4524
110.485,-17.01,94.7,1,0.32,2086,188.5,2262,4524
110.507,-17.36,94.7,1,0.21,2066,188.5,2262,4524
110.528,-17.68,94.7,1,0.15,2123,189.0,2268,4536
110.549,-17.25,95.2,1,0.24,2164,189.5,2274,4548
110.571,-17.21,95.8,1,0.21,2162,191.5,2298,4596
110.592,-17.17,95.8,1,0.21,2249,192.0,2304,4608
110.613,-16.90,96.4,1,0.28,2226,192.5,2310,4620
110.635,-17.38,96.4,1,0.28,2241,192.5,2310,4620
110.656,-17.79,96.4,1,0.21,2204,193.0,2316,4632
110.677,-17.22,96.4,1,0.21,2206,193.0,2316,4632
110.699,-17.35,96.9,1,0.28,2223,193.0,2316,4632
110.720,-18.05,96.9,1,0.21,2202,193.0,2316,4632
110.741,-17.81,96.9,1,0.18,2243,193.5,2322,4644
110.763,-17.58,97.5,1,0.24,2213,194.0,2328,4656
110.784,-17.81,97.5,1,0.21,2208,194.5,2334,4668
110.805,-17.86,97.5,1,0.21,2334,194.5,2334,4668
110.827,-17.76,97.5,1,0.24,2337,194.5,2334,4668
110.848,-18.22,98.0,1,0.15,2287,195.0,2340,4680
110.869,-18.77,98.6,1,0.08,2343,98.0,1176,2352
110.891,-18.58,98.6,1,0.08,2461,99.0,1188,2376
110.912,-18.72,99.2,1,0.11,2429,99.0,1188,2376
110.933,-19.47,99.2,1,0.08,2518,99.0,1188,2376
110.955,-19.71,99.2,1,0.05,2611,99.0,1188,2376
110.976,-19.21,99.2,1,0.05,2559,99.5,1194,2388
110.997,-19.39,99.7,1,0.03,2596,99.5,1194,2388
111.019,-19.56,99.2,1,0.03,2595,99.5,1194,2388
111.040,-19.47,99.7,1,0.03,2534,99.5,1194,2388
111.061,-19.52,100.3,1,0.03,2567,99.5,1194,2388
111.083,-19.84,100.3,1,0.02,2532,99.5,1194,2388
111.104,-20.53,100.9,1,0.02,2491,101.0,1212,2424
111.125,-20.65,101.5,1,0.02,2569,101.0,1212,2424
111.147,-20.74,102.1,1,0.02,2609,101.5,1218,2436
111.168,-21.08,,0,0.02,2638,101.5,1218,2436
111.189,-20.84,,0,0.02,2660,101.5,1218,2436
111.211,-20.28,,0,0.02,2617,101.5,1218,2436
111.232,-20.37,,0,0.02,2650,101.5,1218,2436
111.253,-20.39,,0,0.02,2587,101.5,1218,2436
111.275,-20.33,,0,0.02,2524,102.0,1224,2448
111.296,-20.77,34.3,1,0.01,2553,102.0,1224,2448
111.317,-21.15,34.3,1,0.01,2646,102.0,1224,2448
111.339,-21.15,34.5,1,0.01,2546,103.0,1236,2472
111.360,-20.74,34.5,1,0.01,2566,103.0,1236,2472
111.381,-21.22,34.5,1,0.01,2728,103.5,1242,2484
111.403,-21.51,34.7,1,0.01,2790,104.0,1248,2496
111.424,-20.70,34.7,1,0.01,2707,104.0,1248,2496
111.445,-20.68,34.9,1,0.01,2572,104.0,1248,2496
111.467,-20.16,34.9,1,0.01,2489,104.5,1254,2508
111.488,-19.88,34.9,1,0.02,2528,104.5,1254,2508
111.509,-20.58,35.1,1,0.03,2590,104.5,1254,2508
111.531,-21.25,35.1,1,0.02,2652,104.5,1254,2508
111.552,-21.36,35.1,1,0.02,2801,105.0,1260,2520
111.573,-20.11,35.3,1,0.01,2796,105.0,1260,2520
111.595,-18.87,35.3,1,0.01,2672,105.0,1260,2520
111.616,-18.93,35.3,1,0.02,2594,105.5,1266,2532
111.637,-19.03,35.5,1,0.02,2699,105.5,1266,2532
111.659,-19.20,35.5,1,0.02,2648,106.0,1272,2544
111.680,-19.79,35.5,1,0.01,2788,106.0,1272,2544
111.701,-19.44,35.7,1,0.01,2811,107.0,1284,2568
111.723,-18.95,,0,0.01,2755,107.5,1290,2580
111.744,-19.18,,0,0.01,2768,107.5,1290,2580
111.765,-19.02,,0,0.02,2864,108.0,1296,2592
111.787,-18.35,,0,0.02,2887,108.0,1296,2592
111.808,-18.53,,0,0.02,2901,108.0,1296,2592
111.829,-19.38,,0,0.01,2956,108.0,1296,2592
111.851,-18.59,,0,0.01,2943,108.0,1296,2592
111.872,-17.36,,0,0.01,2906,108.0,1296,2592
111.893,-16.86,,0,0.01,2812,114.0,1368,2736
111.915,-16.98,,0,0.01,2825,114.0,1368,2736
111.936,-18.15,,0,0.01,2771,114.0,1368,2736
111.957,-18.63,,0,0.01,2877,114.0,1368,2736
111.979,-17.71,,0,0.01,3086,106.5,1278,2556
112.000,-17.44,,0,0.01,3054,106.5,1278,2556
112.021,-17.65,,0,0.01,2915,106.5,1278,2556
112.043,-17.36,,0,0.01,2892,119.5,1434,2868
112.064,-17.49,,0,0.01,3145,118.5,1422,2844
112.085,-18.01,,0,0.01,3498,118.5,1422,2844
112.107,-18.31,,0,0.01,3566,118.5,1422,2844
112.128,-18.82,,0,0.01,3369,118.5,1422,2844
112.149,-18.58,,0,0.01,3459,111.0,1332,2664
112.171,-17.78,,0,0.01,3586,111.0,1332,2664
112.192,-17.36,,0,0.01,3506,111.0,1332,2664
112.213,-17.11,,0,0.01,3435,111.0,1332,2664
112.235,-17.16,,0,0.01,3312,119.5,1434,2868
112.256,-17.19,,0,0.01,3297,119.5,1434,2868
112.277,-17.25,,0,0.01,3535,119.5,1434,2868
112.299,-17.80,,0,0.01,3615,115.5,1386,2772
112.320,-17.84,,0,0.01,3575,115.5,1386,2772
112.341,-17.36,,0,0.01,3520,116.0,1392,2784
112.363,-17.32,,0,0.01,3686,116.0,1392,2784
112.384,-17.32,,0,0.01,3695,116.0,1392,2784
112.405,-17.49,,0,0.01,3693,116.0,1392,2784
112.427,-17.25,,0,0.01,3610,115.5,1386,2772
112.448,-16.84,,0,0.01,3885,124.0,1488,2976
112.469,-16.82,,0,0.01,4099,124.5,1494,2988
112.491,-16.91,,0,0.01,4090,124.5,1494,2988
112.512,-17.84,,0,0.01,3925,121.0,1452,2904
112.533,-18.53,,0,0.01,3935,121.0,1452,2904
112.555,-18.17,,0,0.01,4058,120.5,1446,2892
112.576,-17.79,,0,0.01,4148,120.5,1446,2892
112.597,-17.18,,0,0.01,4026,120.5,1446,2892
112.619,-16.39,127.1,1,0.01,3987,128.5,1542,3084
112.640,-16.04,128.6,1,0.01,4060,128.5,1542,3084
112.661,-16.53,129.4,1,0.02,4126,128.5,1542,3084
112.683,-16.96,128.6,1,0.02,4100,128.5,1542,3084
112.704,-16.80,127.9,1,0.02,3982,128.5,1542,3084
112.725,-16.71,127.9,1,0.03,3975,128.0,1536,3072
112.747,-16.47,128.6,1,0.02,3974,128.0,1536,3072
112.768,-16.41,129.4,1,0.02,4051,128.0,1536,3072
112.789,-16.42,130.9,1,0.01,4103,128.0,1536,3072
112.811,-15.88,133.1,1,0.03,4046,131.0,1572,3144
112.832,-15.32,133.9,1,0.05,4135,134.5,1614,3228
112.853,-15.02,134.7,1,0.09,4355,134.5,1614,3228
112.875,-15.18,135.5,1,0.11,4502,134.5,1614,3228
112.896,-15.54,135.5,1,0.09,4560,134.5,1614,3228
112.917,-15.68,134.7,1,0.06,4532,134.5,1614,3228
112.939,-15.94,133.9,1,0.03,4492,134.5,1614,3228
112.960,-16.07,133.9,1,0.02,4457,134.5,1614,3228
112.981,-15.63,135.5,1,0.02,4380,134.0,1608,3216
113.003,-15.24,137.0,1,0.03,4376,134.0,1608,3216
113.024,-14.91,139.4,1,0.04,4496,134.0,1608,3216
113.045,-14.70,141.9,1,0.09,4455,142.5,1710,3420
113.067,-14.48,142.7,1,0.11,4407,142.5,1710,3420
113.088,-14.63,143.5,1,0.15,4388,142.5,1710,3420
113.109,-15.10,143.5,1,0.18,4272,142.5,1710,3420
113.131,-15.17,142.7,1,0.15,4397,143.0,1716,3432
113.152,-15.20,142.7,1,0.11,4537,143.0,1716,3432
113.173,-15.52,142.7,1,0.06,4560,143.0,1716,3432
113.195,-15.65,,0,0.02,4673,143.0,1716,3432
113.216,-15.50,,0,0.01,4787,148.0,1776,3552
113.237,-15.40,,0,0.01,4695,148.0,1776,3552
113.259,-15.53,,0,0.02,4804,148.0,1776,3552
113.280,-15.79,,0,0.02,4720,148.0,1776,3552
113.301,-15.60,,0,0.01,4642,148.0,1776,3552
113.323,-15.62,,0,0.01,4748,148.0,1776,3552
113.344,-15.68,,0,0.01,4633,155.0,1860,3720
113.365,-16.08,,0,0.01,4563,155.0,1860,3720
113.387,-16.35,,0,0.01,4709,155.0,1860,3720
113.408,-16.09,,0,0.01,4652,155.0,1860,3720
113.429,-16.17,,0,0.01,4589,154.5,1854,3708
113.451,-15.87,,0,0.01,4480,154.0,1848,3696
113.472,-17.16,,0,0.01,4387,154.0,1848,3696
113.493,-22.46,,0,0.01,4552,153.5,1842,3684
113.515,-15.54,,0,0.01,4952,153.5,1842,3684
113.536,-15.05,,0,0.01,4834,154.0,1848,3696
113.557,-23.00,,0,0.01,4497,,,
113.579,-26.37,,0,0.01,3930,129.5,1554,3108
113.600,-21.55,,0,0.01,3685,130.0,1560,3120
113.621,-19.85,,0,0.01,3750,130.0,1560,3120
113.643,-22.29,,0,0.01,3932,126.0,1512,3024
113.664,-25.59,,0,0.01,4028,,,
113.685,-25.78,,0,0.01,3675,,,
113.707,-27.85,,0,0.01,3959,,,
113.728,-24.46,,0,0.01,3966,114.5,1374,2748
113.749,-20.99,,0,0.01,3597,,,
113.771,-20.95,,0,0.01,3793,,,
113.792,-21.40,,0,0.01,3642,,,
113.813,-17.09,,0,0.01,3094,,,
113.835,-17.55,,0,0.01,3020,,,
113.856,-25.11,,0,0.01,3860,,,
113.877,-25.60,,0,0.01,4094,,,
113.899,-26.20,,0,0.01,3917,,,
113.920,-27.79,,0,0.01,3944,,,
113.941,-26.78,,0,0.01,3731,115.0,1380,2760
113.963,-26.63,,0,0.01,3634,115.0,1380,2760
113.984,-26.16,,0,0.01,3537,114.5,1374,2748
114.005,-25.36,,0,0.01,3493,121.5,1458,2916
114.027,-25.06,,0,0.01,3461,121.0,1452,2904
114.048,-23.01,,0,0.01,3326,121.0,1452,2904
114.069,-21.12,,0,0.01,3032,121.0,1452,2904
114.091,-19.50,,0,0.01,2567,121.0,1452,2904
114.112,-18.81,,0,0.01,2378,113.5,1362,2724
114.133,-21.45,,0,0.01,2412,113.5,1362,2724
114.155,-27.41,,0,0.01,2940,121.0,1452,2904
114.176,-25.16,,0,0.01,2913,121.0,1452,2904
114.197,-22.93,,0,0.01,2689,121.0,1452,2904
114.219,-22.72,,0,0.01,2508,119.0,1428,2856
114.240,-24.05,,0,0.01,2469,122.0,1464,2928
114.261,-25.67,,0,0.01,2609,122.0,1464,2928
114.283,-15.53,,0,0.01,2420,122.0,1464,2928
114.304,-14.57,,0,0.01,2369,122.0,1464,2928
114.325,-20.73,,0,0.01,2353,122.0,1464,2928
114.347,-31.90,,0,0.01,2518,,,
114.368,-32.34,,0,0.01,2566,,,
114.389,-31.99,,0,0.01,2368,,,
114.411,-31.51,,0,0.01,2290,,,
114.432,-30.17,,0,0.01,2110,,,
114.453,-30.59,,0,0.01,2152,,,
114.475,-31.37,,0,0.01,2153,,,
114.496,-29.59,,0,0.01,2017,114.5,1374,2748
114.517,-25.91,,0,0.01,1754,114.5,1374,2748
114.539,-25.82,,0,0.01,1727,116.5,1398,2796
114.560,-28.58,,0,0.01,1899,116.5,1398,2796
114.581,-28.19,115.9,1,0.01,1910,116.5,1398,2796
114.603,-28.21,116.6,1,0.03,2008,115.5,1386,2772
114.624,-28.90,116.6,1,0.13,2080,230.5,2766,5532
114.645,-29.20,115.9,1,0.08,2122,230.5,2766,5532
114.667,-29.78,115.9,1,0.06,2100,230.5,2766,5532
114.688,-29.07,115.2,1,0.03,1974,230.5,2766,5532
114.709,-28.60,115.9,1,0.03,1874,230.5,2766,5532
114.731,-27.83,115.9,1,0.05,1902,230.5,2766,5532
114.752,-26.52,115.9,1,0.09,1864,230.5,2766,5532
114.773,-25.71,115.2,1,0.09,1855,115.0,1380,2760
114.795,-24.73,113.9,1,0.03,1779,113.5,1362,2724
114.816,-24.31,113.3,1,0.01,1716,113.5,1362,2724
114.837,-24.19,112.6,1,0.01,1715,113.5,1362,2724
114.859,-22.85,112.0,1,0.01,1637,113.5,1362,2724
114.880,-22.27,112.6,1,0.01,1728,227.0,2724,5448
114.901,-21.47,113.3,1,0.02,1722,113.0,1356,2712
114.923,-20.53,113.3,1,0.02,1701,112.0,1344,2688
114.944,-21.06,113.3,1,0.02,1679,112.0,1344,2688
114.965,-21.39,,0,0.01,1643,112.0,1344,2688
114.987,-21.16,,0,0.01,1692,112.0,1344,2688
115.008,-21.41,,0,0.01,1812,112.0,1344,2688
115.029,-20.46,,0,0.01,1794,112.0,1344,2688
115.051,-20.38,,0,0.01,1797,112.0,1344,2688
115.072,-20.69,,0,0.01,1919,112.0,1344,2688
115.093,-19.81,,0,0.01,1924,112.0,1344,2688
115.115,-19.75,,0,0.01,1924,171.5,2058,4116
115.136,-20.50,,0,0.01,1926,171.5,2058,4116
115.157,-20.79,,0,0.01,2032,109.5,1314,2628
115.179,-19.51,90.9,1,0.01,1953,183.5,2202,4404
115.200,-18.67,91.5,1,0.01,1895,184.0,2208,4416
115.221,-19.31,92.0,1,0.01,1972,184.0,2208,4416
115.243,-19.55,92.0,1,0.01,2079,184.0,2208,4416
115.264,-18.30,92.0,1,0.01,2159,183.0,2196,4392
115.285,-18.78,91.5,1,0.01,2161,180.5,2166,4332
115.307,-19.31,90.4,1,0.01,2129,181.0,2172,4344
115.328,-18.21,90.4,1,0.02,2138,181.0,2172,4344
115.349,-18.71,,0,0.01,2164,180.5,2166,4332
115.371,-18.86,,0,0.01,2207,180.5,2166,4332
115.392,-18.16,,0,0.01,2325,180.5,2166,4332
115.413,-18.27,185.1,1,0.02,2358,185.0,2220,4440
115.435,-18.53,187.2,1,0.02,2353,94.5,1134,2268
115.456,-18.00,189.4,1,0.02,2380,94.5,1134,2268
115.477,-18.30,190.5,1,0.02,2405,95.0,1140,2280
115.499,-19.74,190.5,1,0.02,2421,94.5,1134,2268
115.520,-19.61,190.5,1,0.02,2585,94.5,1134,2268
115.541,-19.08,188.3,1,0.03,2545,94.5,1134,2268
115.563,-19.05,188.3,1,0.03,2531,94.5,1134,2268
115.584,-18.12,188.3,1,0.02,2479,94.5,1134,2268
115.605,-18.33,189.4,1,0.02,2504,94.5,1134,2268
115.627,-19.13,191.6,1,0.02,2394,95.0,1140,2280
115.648,-18.45,193.8,1,0.02,2395,98.5,1182,2364
115.669,-18.40,196.1,1,0.02,2390,98.5,1182,2364
115.691,-17.84,197.2,1,0.03,2401,98.5,1182,2364
115.712,-17.20,197.2,1,0.07,2352,98.5,1182,2364
115.733,-17.40,198.3,1,0.08,2302,98.5,1182,2364
115.755,-18.09,196.1,1,0.05,2298,98.5,1182,2364
115.776,-18.41,194.9,1,0.03,2267,98.5,1182,2364
115.797,-18.11,194.9,1,0.03,2414,98.0,1176,2352
115.819,-18.10,197.2,1,0.03,2424,98.0,1176,2352
115.840,-18.09,199.5,1,0.04,2474,98.0,1176,2352
115.861,-17.61,200.7,1,0.03,2498,98.0,1176,2352
115.883,-17.59,203.0,1,0.03,2628,103.5,1242,2484
115.904,-18.34,205.3,1,0.04,2721,103.5,1242,2484
115.925,-18.46,205.3,1,0.03,2727,103.5,1242,2484
115.947,-17.84,206.5,1,0.02,2651,103.5,1242,2484
115.968,-17.73,205.3,1,0.03,2660,103.5,1242,2484
115.989,-17.81,205.3,1,0.03,2741,103.5,1242,2484
116.011,-17.72,206.5,1,0.04,2793,103.5,1242,2484
116.032,-17.73,207.7,1,0.02,2795,103.5,1242,2484
116.053,-18.22,,0,0.01,2780,103.5,1242,2484
116.075,-18.78,,0,0.01,2834,104.0,1248,2496
116.096,-18.64,,0,0.01,2904,105.5,1266,2532
116.117,-18.62,,0,0.01,2927,105.5,1266,2532
116.139,-18.99,,0,0.01,2962,,,
116.160,-18.80,,0,0.01,2964,109.5,1314,2628
116.181,-18.86,,0,0.01,3066,110.0,1320,2640
116.203,-18.20,,0,0.01,3130,110.0,1320,2640
116.224,-17.72,,0,0.01,3116,110.0,1320,2640
116.245,-18.10,,0,0.01,3237,111.0,1332,2664
116.267,-17.86,,0,0.01,3158,111.5,1338,2676
116.288,-17.49,,0,0.01,3215,113.5,1362,2724
116.309,-17.18,,0,0.01,3217,114.0,1368,2736
116.331,-17.68,,0,0.01,3320,114.0,1368,2736
116.352,-18.28,,0,0.01,3411,114.0,1368,2736
116.373,-18.09,,0,0.01,3692,114.5,1374,2748
116.395,-18.02,,0,0.01,3716,115.0,1380,2760
116.416,-18.23,,0,0.01,3701,115.0,1380,2760
116.437,-18.28,,0,0.01,3827,115.0,1380,2760
116.459,-17.88,,0,0.01,3891,115.5,1386,2772
116.480,-18.18,,0,0.01,3805,116.5,1398,2796
116.501,-18.04,,0,0.01,3789,116.5,1398,2796
116.523,-17.18,,0,0.01,3816,116.5,1398,2796
116.544,-16.97,,0,0.01,3826,123.0,1476,2952
116.565,-17.39,,0,0.01,3872,123.5,1482,2964
116.587,-17.45,,0,0.02,3822,123.5,1482,2964
116.608,-17.50,,0,0.03,3707,123.0,1476,2952
116.629,-18.36,,0,0.02,3822,123.0,1476,2952
116.651,-18.30,,0,0.02,3738,123.0,1476,2952
116.672,-17.63,,0,0.03,3716,123.0,1476,2952
116.693,-17.70,,0,0.02,3584,123.0,1476,2952
116.715,-17.52,538.8,1,0.01,3497,123.0,1476,2952
116.736,-17.18,538.8,1,0.02,3577,123.0,1476,2952
116.757,-16.82,529.5,1,0.03,3630,123.5,1482,2964
116.779,-16.39,526.5,1,0.07,3689,129.5,1554,3108
116.800,-15.98,526.5,1,0.18,3665,130.0,1560,3120
116.821,-15.65,526.5,1,0.18,3610,130.5,1566,3132
116.843,-15.88,529.5,1,0.21,3583,130.5,1566,3132
116.864,-16.23,529.5,1,0.18,3607,130.5,1566,3132
116.885,-16.29,529.5,1,0.21,3659,130.5,1566,3132
116.907,-16.04,529.5,1,0.21,3745,130.5,1566,3132
116.928,-15.92,532.6,1,0.28,3680,130.5,1566,3132
116.949,-15.81,535.7,1,0.32,3491,131.0,1572,3144
116.971,-15.50,538.8,1,0.37,3447,131.0,1572,3144
116.992,-15.13,545.0,1,0.55,3400,133.0,1596,3192
117.013,-14.60,548.2,1,0.62,3429,137.5,1650,3300
117.035,-14.34,551.4,1,0.62,3538,137.5,1650,3300
117.056,-14.43,554.6,1,0.62,3477,137.5,1650,3300
117.077,-14.51,554.6,1,0.62,3368,137.5,1650,3300
117.099,-14.77,554.6,1,0.62,3340,137.5,1650,3300
117.120,-14.88,557.8,1,0.69,3363,137.5,1650,3300
117.141,-14.69,557.8,1,0.69,3303,138.0,1656,3312
117.163,-14.42,561.0,1,0.76,3233,138.5,1662,3324
117.184,-13.94,564.3,1,0.83,3084,143.0,1716,3432
117.205,-13.54,570.8,1,0.83,3022,143.0,1716,3432
117.227,-13.46,574.1,1,0.89,2946,143.0,1716,3432
117.248,-13.51,577.5,1,0.89,2811,144.5,1734,3468
117.269,-13.44,580.8,1,0.89,2864,145.0,1740,3480
117.291,-13.51,584.2,1,0.89,2842,146.0,1752,3504
117.312,-13.45,584.2,1,0.89,2720,146.0,1752,3504
117.333,-13.31,587.5,1,0.89,2734,146.0,1752,3504
117.355,-13.33,587.5,1,0.89,2757,146.0,1752,3504
117.376,-13.49,590.9,1,0.89,2807,146.5,1758,3516
117.397,-13.57,594.4,1,0.89,2846,147.5,1770,3540
117.419,-13.39,597.8,1,0.89,2808,149.0,1788,3576
117.440,-13.36,597.8,1,0.89,2739,149.0,1788,3576
117.461,-13.43,601.3,1,0.95,2792,149.5,1794,3588
117.483,-13.53,604.8,1,0.95,2767,150.5,1806,3612
117.504,-13.77,608.3,1,0.95,2846,151.0,1812,3624
117.525,-14.20,608.3,1,0.95,2886,152.0,1824,3648
117.547,-14.57,611.8,1,0.89,2997,152.0,1824,3648
117.568,-14.69,611.8,1,0.83,3010,152.0,1824,3648
117.589,-15.05,611.8,1,0.76,2871,152.0,1824,3648
117.611,-15.31,608.3,1,0.69,2831,152.0,1824,3648
117.632,-16.22,604.8,1,0.37,2774,150.5,1806,3612
117.653,-18.60,597.8,1,0.32,2831,150.5,1806,3612
117.675,-17.91,597.8,1,0.37,2535,150.5,1806,3612
117.696,-15.74,604.8,1,0.62,2341,150.5,1806,3612
117.717,-14.76,611.8,1,0.76,2330,150.0,1800,3600
117.739,-14.12,622.5,1,0.89,2441,157.0,1884,3768
117.760,-13.58,629.7,1,0.95,2631,314.5,3774,7548
117.781,-13.11,629.7,1,0.95,2802,314.5,3774,7548
117.803,-12.86,629.7,1,0.95,2796,314.5,3774,7548
117.824,-12.93,626.1,1,0.95,2725,314.5,3774,7548
117.845,-13.72,622.5,1,0.89,2724,154.0,1848,3696
117.867,-14.88,615.3,1,0.83,2762,154.0,1848,3696
117.888,-15.71,608.3,1,0.83,2714,151.5,1818,3636
117.909,-18.04,604.8,1,0.69,2619,151.0,1812,3624
117.931,-23.38,604.8,1,0.48,2829,151.0,1812,3624
117.952,-29.31,608.3,1,0.03,3159,151.0,1812,3624
117.973,-30.83,622.5,1,0.01,3024,,,
117.995,-30.59,674.9,1,0.01,2786,,,
118.016,-18.97,671.0,1,0.01,2780,,,
118.037,-18.65,674.9,1,0.01,2890,,,
118.059,-25.72,674.9,1,0.01,2852,,,
118.080,-23.69,667.2,1,0.01,2448,,,
118.101,-22.73,674.9,1,0.01,2335,,,
118.123,-23.19,671.0,1,0.01,2351,,,
118.144,-23.71,655.7,1,0.01,2427,,,
118.165,-25.53,,0,0.01,2493,,,
118.187,-28.13,,0,0.01,2527,,,
118.208,-30.39,,0,0.01,2931,,,
118.229,-30.97,,0,0.01,3088,,,
118.251,-30.76,,0,0.01,3014,,,
118.272,-30.70,,0,0.01,3079,,,
118.293,-31.11,,0,0.01,3050,,,
118.315,-30.13,,0,0.01,2785,,,
118.336,-29.10,,0,0.01,2536,118.0,1416,2832
118.357,-27.35,,0,0.01,2437,118.5,1422,2844
118.379,-26.39,,0,0.01,2466,118.5,1422,2844
118.400,-27.78,,0,0.01,2457,118.5,1422,2844
118.421,-29.43,,0,0.01,2541,,,
118.443,-29.14,,0,0.01,2545,,,
118.464,-26.54,,0,0.01,2229,73.5,882,1764
118.485,-25.68,,0,0.01,1998,74.0,888,1776
118.507,-26.63,,0,0.01,1943,74.0,888,1776
118.528,-26.08,,0,0.01,1871,74.0,888,1776
118.549,-24.43,,0,0.01,1699,74.0,888,1776
118.571,-25.11,,0,0.01,1780,74.0,888,1776
118.592,-26.31,,0,0.01,1755,74.0,888,1776
118.613,-25.54,,0,0.01,1757,74.5,894,1788
118.635,-25.57,,0,0.01,1773,,,
118.656,-24.87,,0,0.01,1655,,,
118.677,-24.63,,0,0.01,1556,,,
118.699,-22.98,,0,0.01,1498,,,
118.720,-23.95,,0,0.01,1495,,,
118.741,-28.86,,0,0.01,1618,73.0,876,1752
118.763,-28.30,,0,0.01,1653,73.0,876,1752
118.784,-27.86,,0,0.01,1639,109.5,1314,2628
118.805,-26.80,,0,0.01,1549,109.5,1314,2628
118.827,-25.13,,0,0.01,1483,109.5,1314,2628
118.848,-24.67,,0,0.01,1498,109.5,1314,2628
118.869,-25.39,,0,0.01,1513,109.5,1314,2628
118.891,-23.82,,0,0.01,1358,109.0,1308,2616
118.912,-23.65,,0,0.01,1325,109.0,1308,2616
118.933,-26.44,,0,0.01,1451,109.0,1308,2616
118.955,-26.27,,0,0.01,1424,108.5,1302,2604
118.976,-25.85,,0,0.01,1401,73.5,882,1764
118.997,-25.41,,0,0.02,1364,73.5,882,1764
119.019,-24.42,,0,0.02,1314,73.0,876,1752
119.040,-24.09,,0,0.02,1296,73.0,876,1752
119.061,-25.29,,0,0.01,1386,73.0,876,1752
119.083,-26.78,,0,0.01,1509,72.5,870,1740
119.104,-24.75,,0,0.01,1384,72.5,870,1740
119.125,-24.40,,0,0.01,1423,72.5,870,1740
119.147,-24.68,36.3,1,0.01,1404,72.5,870,1740
119.168,-24.97,36.5,1,0.01,1309,72.5,870,1740
119.189,-24.51,36.9,1,0.01,1401,111.0,1332,2664
119.211,-23.67,37.1,1,0.02,1337,111.0,1332,2664
119.232,-24.14,37.4,1,0.05,1366,111.5,1338,2676
119.253,-24.97,37.4,1,0.01,1409,111.5,1338,2676
119.275,-24.58,37.1,1,0.01,1495,111.5,1338,2676
119.296,-24.73,39.8,1,0.01,1566,111.5,1338,2676
119.317,-25.62,,0,0.01,1753,109.0,1308,2616
119.339,-24.98,,0,0.01,1811,109.0,1308,2616
119.360,-24.18,,0,0.01,1910,110.5,1326,2652
119.381,-23.10,,0,0.01,1958,110.5,1326,2652
119.403,-22.39,36.9,1,0.01,2006,110.5,1326,2652
119.424,-22.39,37.1,1,0.01,2096,110.5,1326,2652
119.445,-22.23,37.1,1,0.02,2166,110.5,1326,2652
119.467,-22.77,37.1,1,0.01,2191,110.5,1326,2652
119.488,-22.94,36.9,1,0.01,2257,110.5,1326,2652
119.509,-22.65,36.7,1,0.02,2347,110.5,1326,2652
119.531,-22.60,36.9,1,0.01,2463,110.5,1326,2652
119.552,-21.79,36.9,1,0.01,2536,110.5,1326,2652
119.573,-21.74,37.1,1,0.01,2519,110.5,1326,2652
119.595,-22.62,37.4,1,0.01,2490,112.0,1344,2688
119.616,-22.85,37.6,1,0.01,2531,112.0,1344,2688
119.637,-21.83,37.6,1,0.01,2354,112.0,1344,2688
119.659,-21.19,37.4,1,0.01,2209,112.0,1344,2688
119.680,-21.43,37.4,1,0.01,2205,112.0,1344,2688
119.701,-22.18,37.4,1,0.01,2406,111.5,1338,2676
119.723,-22.05,37.4,1,0.01,2543,111.5,1338,2676
119.744,-20.78,37.4,1,0.01,2406,111.5,1338,2676
119.765,-20.58,37.6,1,0.01,2444,113.5,1362,2724
119.787,-21.21,37.6,1,0.01,2492,113.5,1362,2724
119.808,-20.48,37.8,1,0.02,2376,113.5,1362,2724
119.829,-20.23,37.8,1,0.02,2358,113.5,1362,2724
119.851,-20.60,38.0,1,0.02,2420,113.5,1362,2724
119.872,-20.68,38.0,1,0.03,2389,113.5,1362,2724
119.893,-21.21,38.0,1,0.01,2457,113.5,1362,2724
119.915,-20.61,38.0,1,0.01,2342,113.5,1362,2724
119.936,-20.72,38.0,1,0.01,2318,114.0,1368,2736
119.957,-21.30,38.2,1,0.01,2356,114.0,1368,2736
119.979,-20.35,38.2,1,0.01,2355,114.0,1368,2736
120.000,-19.75,38.2,1,0.01,2434,114.0,1368,2736
120.021,-19.86,38.2,1,0.01,2450,114.5,1374,2748
120.043,-20.59,38.2,1,0.01,2498,114.5,1374,2748
120.064,-20.44,38.2,1,0.01,2576,114.5,1374,2748
120.085,-20.09,38.2,1,0.01,2645,114.5,1374,2748
120.107,-20.06,38.2,1,0.01,2670,114.5,1374,2748
120.128,-19.55,38.5,1,0.01,2700,114.5,1374,2748
120.149,-19.14,38.9,1,0.01,2638,117.0,1404,2808
120.171,-19.64,39.1,1,0.01,2559,117.0,1404,2808
120.192,-19.95,39.4,1,0.03,2565,117.0,1404,2808
120.213,-19.62,39.4,1,0.04,2705,117.0,1404,2808
120.235,-19.94,39.4,1,0.02,2775,117.0,1404,2808
120.256,-19.82,39.1,1,0.01,2806,116.5,1398,2796
120.277,-19.45,38.7,1,0.01,2775,116.5,1398,2796
120.299,-19.51,38.7,1,0.01,2629,116.5,1398,2796
120.320,-19.50,38.7,1,0.01,2613,116.5,1398,2796
120.341,-19.05,38.9,1,0.01,2780,116.5,1398,2796
120.363,-18.75,39.1,1,0.01,2781,116.5,1398,2796
120.384,-18.78,,0,0.01,2831,118.0,1416,2832
120.405,-18.01,,0,0.01,2869,118.0,1416,2832
120.427,-18.02,,0,0.02,2980,121.0,1452,2904
120.448,-18.43,,0,0.03,2978,121.0,1452,2904
120.469,-18.45,,0,0.01,2939,121.0,1452,2904
120.491,-18.92,,0,0.01,2846,118.0,1416,2832
120.512,-19.55,,0,0.01,2704,117.0,1404,2808
120.533,-19.75,,0,0.01,2743,117.0,1404,2808
120.555,-18.54,,0,0.01,2741,117.0,1404,2808
120.576,-17.92,,0,0.01,2685,117.0,1404,2808
120.597,-17.03,,0,0.01,2774,251.5,3018,6036
120.619,-16.30,,0,0.02,3102,125.5,1506,3012
120.640,-16.69,523.4,1,0.02,3307,125.5,1506,3012
120.661,-17.30,523.4,1,0.02,3222,125.5,1506,3012
120.683,-18.26,523.4,1,0.01,3148,119.5,1434,2868
120.704,-19.17,529.5,1,0.01,3091,119.5,1434,2868
120.725,-19.23,532.6,1,0.01,3166,119.5,1434,2868
120.747,-18.90,535.7,1,0.01,3360,119.5,1434,2868
120.768,-17.33,532.6,1,0.01,3295,119.5,1434,2868
120.789,-16.32,529.5,1,0.03,3411,128.5,1542,3084
120.811,-15.91,523.4,1,0.08,3724,128.5,1542,3084
120.832,-15.58,523.4,1,0.08,3712,128.5,1542,3084
120.853,-16.03,523.4,1,0.06,3525,128.5,1542,3084
120.875,-17.78,526.5,1,0.02,3513,123.5,1482,2964
120.896,-19.76,529.5,1,0.01,3699,123.5,1482,2964
120.917,-19.48,532.6,1,0.01,3676,122.5,1470,2940
120.939,-18.62,517.4,1,0.01,3574,122.5,1470,2940
120.960,-17.32,545.0,1,0.05,3595,132.5,1590,3180
120.981,-15.50,526.5,1,0.09,3631,132.5,1590,3180
121.003,-14.66,532.6,1,0.18,3569,131.5,1578,3156
121.024,-14.94,532.6,1,0.28,3578,131.5,1578,3156
121.045,-15.90,532.6,1,0.18,3594,131.5,1578,3156
121.067,-17.69,529.5,1,0.11,3543,131.5,1578,3156
121.088,-19.05,523.4,1,0.05,3479,126.0,1512,3024
121.109,-19.13,526.5,1,0.03,3412,126.0,1512,3024
121.131,-18.00,532.6,1,0.03,3487,126.0,1512,3024
121.152,-16.52,538.8,1,0.07,3494,126.5,1518,3036
121.173,-15.61,545.0,1,0.18,3664,134.5,1614,3228
121.195,-14.75,548.2,1,0.28,3721,134.5,1614,3228
121.216,-14.67,548.2,1,0.37,3741,134.5,1614,3228
121.237,-15.48,545.0,1,0.43,3577,130.5,1566,3132
121.259,-16.30,538.8,1,0.32,3686,130.5,1566,3132
121.280,-16.74,535.7,1,0.24,3815,130.5,1566,3132
121.301,-16.71,535.7,1,0.21,3872,131.0,1572,3144
121.323,-16.56,541.9,1,0.18,3864,131.0,1572,3144
121.344,-15.67,545.0,1,0.28,3793,131.0,1572,3144
121.365,-14.73,551.4,1,0.37,3792,137.0,1644,3288
121.387,-14.26,554.6,1,0.48,3614,137.5,1650,3300
121.408,-14.23,554.6,1,0.62,3457,137.5,1650,3300
121.429,-14.75,554.6,1,0.55,3485,137.5,1650,3300
121.451,-14.93,554.6,1,0.48,3504,136.0,1632,3264
121.472,-15.21,551.4,1,0.43,3581,136.0,1632,3264
121.493,-15.55,551.4,1,0.32,3783,136.0,1632,3264
121.515,-15.29,554.6,1,0.32,3733,136.0,1632,3264
121.536,-14.97,557.8,1,0.37,3598,136.0,1632,3264
121.557,-14.55,561.0,1,0.43,3397,139.5,1674,3348
121.579,-14.36,564.3,1,0.55,3374,283.5,3402,6804
121.600,-14.24,567.5,1,0.55,3489,283.5,3402,6804
121.621,-14.10,570.8,1,0.62,3397,141.5,1698,3396
121.643,-14.04,570.8,1,0.69,3394,141.5,1698,3396
121.664,-14.14,570.8,1,0.69,3486,141.5,1698,3396
121.685,-14.38,570.8,1,0.76,3447,141.5,1698,3396
121.707,-14.40,570.8,1,0.69,3366,141.5,1698,3396
121.728,-14.35,574.1,1,0.69,3370,142.0,1704,3408
121.749,-14.15,574.1,1,0.69,3331,142.0,1704,3408
121.771,-13.89,577.5,1,0.69,3424,143.5,1722,3444
121.792,-13.97,580.8,1,0.69,3497,145.0,1740,3480
121.813,-13.96,584.2,1,0.69,3552,145.5,1746,3492
121.835,-13.84,587.5,1,0.76,3556,146.0,1752,3504
121.856,-13.78,590.9,1,0.76,3362,148.0,1776,3552
121.877,-13.94,594.4,1,0.69,3429,148.5,1782,3564
121.899,-14.17,597.8,1,0.69,3580,148.5,1782,3564
121.920,-14.23,597.8,1,0.62,3570,149.0,1788,3576
121.941,-14.02,601.3,1,0.62,3557,149.0,1788,3576
121.963,-13.89,601.3,1,0.62,3606,149.0,1788,3576
121.984,-14.08,601.3,1,0.62,3515,149.0,1788,3576
122.005,-14.15,601.3,1,0.62,3502,149.5,1794,3588
122.027,-14.31,604.8,1,0.62,3416,149.5,1794,3588
122.048,-14.39,604.8,1,0.55,3601,149.5,1794,3588
122.069,-14.61,608.3,1,0.55,3615,150.5,1806,3612
122.091,-14.71,611.8,1,0.48,3657,152.0,1824,3648
122.112,-14.72,615.3,1,0.48,3631,152.0,1824,3648
122.133,-14.98,615.3,1,0.48,3529,153.5,1842,3684
122.155,-15.17,618.9,1,0.48,3664,153.5,1842,3684
122.176,-15.40,618.9,1,0.43,3775,153.0,1836,3672
122.197,-15.91,618.9,1,0.24,3549,153.0,1836,3672
122.219,-16.78,611.8,1,0.43,3224,154.5,1854,3708
122.240,-15.05,611.8,1,0.55,3089,154.5,1854,3708
122.261,-13.14,618.9,1,0.69,3003,155.0,1860,3720
122.283,-12.80,626.1,1,0.55,3177,157.5,1890,3780
122.304,-13.39,633.4,1,0.28,3781,157.5,1890,3780
122.325,-14.39,637.0,1,0.07,3971,157.5,1890,3780
122.347,-16.07,629.7,1,0.01,4036,158.0,1896,3792
122.368,-17.31,601.3,1,0.01,4193,158.0,1896,3792
122.389,-16.73,,0,0.01,4159,147.5,1770,3540
122.411,-18.28,,0,0.01,3903,147.5,1770,3540
122.432,-22.28,,0,0.01,3740,143.0,1716,3432
122.453,-23.11,,0,0.01,3868,143.0,1716,3432
122.475,-22.76,,0,0.01,3859,143.0,1716,3432
122.496,-22.19,,0,0.01,3870,143.0,1716,3432
122.517,-21.02,,0,0.01,3815,143.0,1716,3432
122.539,-22.13,,0,0.01,3990,143.0,1716,3432
122.560,-25.30,,0,0.01,4251,,,
122.581,-26.40,,0,0.01,4334,,,
122.603,-26.45,,0,0.01,4266,,,
122.624,-24.19,,0,0.01,3833,,,
122.645,-22.23,,0,0.01,3343,,,
122.667,-22.27,,0,0.01,2952,,,
122.688,-24.04,,0,0.01,3016,,,
122.709,-25.99,,0,0.01,3143,,,
122.731,-26.85,,0,0.01,3517,,,
122.752,-26.44,,0,0.01,3419,108.0,1296,2592
122.773,-24.32,,0,0.01,3040,108.0,1296,2592
122.795,-24.66,,0,0.01,3232,,,
122.816,-26.25,,0,0.01,3427,99.5,1194,2388
122.837,-25.67,,0,0.01,3347,123.5,1482,2964
122.859,-25.58,,0,0.01,3297,123.5,1482,2964
122.880,-24.04,,0,0.01,3023,123.5,1482,2964
122.901,-24.21,,0,0.01,3017,122.5,1470,2940
122.923,-25.57,122.1,1,0.01,3088,122.5,1470,2940
122.944,-23.26,122.1,1,0.01,2848,122.5,1470,2940
122.965,-22.37,120.7,1,0.01,2679,122.5,1470,2940
122.987,-23.34,121.4,1,0.02,2592,121.0,1452,2904
123.008,-23.42,120.0,1,0.02,2513,121.0,1452,2904
123.029,-23.25,123.5,1,0.01,2470,119.5,1434,2868
123.051,-22.77,127.1,1,0.01,2283,119.5,1434,2868
123.072,-23.37,125.0,1,0.01,2164,,,
123.093,-21.15,130.1,1,0.01,2052,,,
123.115,-17.84,130.1,1,0.01,2033,,,
123.136,-19.53,,0,0.01,2067,,,
123.157,-28.70,,0,0.01,2082,,,
123.179,-29.38,,0,0.01,2150,,,
123.200,-30.09,,0,0.01,2130,,,
123.221,-28.92,,0,0.01,1945,119.5,1434,2868
123.243,-27.03,,0,0.01,1818,119.5,1434,2868
123.264,-25.67,,0,0.01,1726,121.0,1452,2904
123.285,-25.23,120.7,1,0.02,1773,121.0,1452,2904
123.307,-24.68,121.4,1,0.06,1807,120.5,1446,2892
123.328,-24.07,122.1,1,0.08,1764,120.5,1446,2892
123.349,-23.62,120.7,1,0.07,1743,120.5,1446,2892
123.371,-23.88,122.1,1,0.04,1711,120.5,1446,2892
123.392,-24.13,122.1,1,0.01,1611,120.0,1440,2880
123.413,-21.16,,0,0.01,1485,118.0,1416,2832
123.435,-16.70,,0,0.01,1526,119.0,1428,2856
123.456,-16.27,,0,0.01,1662,119.0,1428,2856
123.477,-20.77,,0,0.01,1829,,,
123.499,-29.83,113.3,1,0.01,1779,,,
123.520,-29.93,117.9,1,0.03,1790,,,
123.541,-28.09,117.9,1,0.07,1670,117.0,1404,2808
123.563,-28.60,117.9,1,0.04,1692,117.0,1404,2808
123.584,-28.26,117.9,1,0.08,1691,117.0,1404,2808
123.605,-27.22,118.6,1,0.05,1570,,,
123.627,-27.68,119.3,1,0.07,1667,,,
123.648,-26.61,120.7,1,0.01,1624,,,
123.669,-22.12,,0,0.01,1756,,,
123.691,-15.10,,0,0.01,2011,,,
123.712,-15.46,,0,0.01,2211,,,
123.733,-24.44,,0,0.01,2144,,,
123.755,-25.96,,0,0.01,1391,,,
123.776,-26.45,,0,0.01,1390,,,
123.797,-25.62,,0,0.01,1352,,,
123.819,-25.56,,0,0.01,1420,,,
123.840,-26.16,,0,0.01,1582,,,
123.861,-26.58,,0,0.01,1735,,,
123.883,-27.38,,0,0.01,1559,,,
123.904,-27.35,,0,0.01,1433,,,
123.925,-27.98,,0,0.01,1444,151.5,1818,3636
123.947,-27.85,38.7,1,0.02,1575,116.0,1392,2784
123.968,-26.66,38.7,1,0.03,1581,154.0,1848,3696
123.989,-25.96,38.7,1,0.06,1495,154.0,1848,3696
124.011,-26.12,38.7,1,0.07,1480,115.0,1380,2760
124.032,-26.44,38.5,1,0.03,1534,114.0,1368,2736
124.053,-25.90,38.2,1,0.03,1473,114.0,1368,2736
124.075,-25.65,38.2,1,0.03,1494,114.0,1368,2736
124.096,-25.54,38.0,1,0.02,1529,114.0,1368,2736
124.117,-25.21,38.0,1,0.01,1540,114.0,1368,2736
124.139,-24.81,,0,0.01,1590,114.0,1368,2736
124.160,-24.40,,0,0.01,1582,114.0,1368,2736
124.181,-23.76,57.0,1,0.01,1530,114.0,1368,2736
124.203,-23.17,57.0,1,0.01,1529,113.5,1362,2724
124.224,-22.86,56.6,1,0.02,1548,113.0,1356,2712
124.245,-23.02,56.6,1,0.02,1574,113.0,1356,2712
124.267,-23.12,56.3,1,0.03,1636,113.0,1356,2712
124.288,-22.50,56.3,1,0.03,1595,112.5,1350,2700
124.309,-22.08,56.3,1,0.05,1598,112.5,1350,2700
124.331,-21.82,56.3,1,0.05,1586,112.5,1350,2700
124.352,-21.53,56.3,1,0.09,1542,112.5,1350,2700
124.373,-21.72,56.3,1,0.05,1563,112.5,1350,2700
124.395,-22.14,56.0,1,0.02,1630,110.5,1326,2652
124.416,-22.00,55.7,1,0.02,1612,110.5,1326,2652
124.437,-22.07,55.3,1,0.01,1547,220.0,2640,5280
124.459,-22.19,55.3,1,0.01,1514,220.0,2640,5280
124.480,-21.58,55.0,1,0.01,1495,220.0,2640,5280
124.501,-21.68,55.0,1,0.01,1529,220.0,2640,5280
124.523,-22.21,55.0,1,0.01,1550,220.0,2640,5280
124.544,-22.27,,0,0.01,1559,220.0,2640,5280
124.565,-22.17,,0,0.01,1529,220.0,2640,5280
124.587,-21.62,,0,0.01,1525,109.5,1314,2628
124.608,-21.90,,0,0.01,1603,109.5,1314,2628
124.629,-22.09,,0,0.01,1588,109.5,1314,2628
124.651,-22.07,,0,0.01,1633,108.0,1296,2592
124.672,-22.70,,0,0.01,1625,108.0,1296,2592
124.693,-22.09,,0,0.01,1555,108.0,1296,2592
124.715,-21.87,,0,0.01,1609,216.0,2592,5184
124.736,-21.89,,0,0.01,1710,216.0,2592,5184
124.757,-21.52,,0,0.01,1747,216.0,2592,5184
124.779,-21.39,108.2,1,0.01,1742,216.0,2592,5184
124.800,-21.79,108.2,1,0.01,1673,106.5,1278,2556
124.821,-22.24,106.9,1,0.01,1649,106.0,1272,2544
124.843,-22.30,106.3,1,0.01,1754,106.0,1272,2544
124.864,-22.07,105.7,1,0.01,1734,105.5,1266,2532
124.885,-22.06,105.7,1,0.01,1714,105.0,1260,2520
124.907,-22.19,105.7,1,0.01,1683,105.0,1260,2520
124.928,-21.71,105.1,1,0.01,1683,105.0,1260,2520
124.949,-22.33,104.5,1,0.01,1779,105.0,1260,2520
124.971,-22.17,104.5,1,0.01,1761,104.5,1254,2508
124.992,-20.88,103.9,1,0.01,1695,104.5,1254,2508
125.013,-21.25,104.5,1,0.01,1712,104.5,1254,2508
125.035,-22.00,103.9,1,0.01,1798,104.5,1254,2508
125.056,-21.51,103.9,1,0.02,1750,104.5,1254,2508
125.077,-21.76,103.9,1,0.01,1714,103.0,1236,2472
125.099,-22.60,103.3,1,0.01,1826,103.0,1236,2472
125.120,-22.25,103.9,1,0.01,1828,103.0,1236,2472
125.141,-21.03,103.9,1,0.01,1798,103.0,1236,2472
125.163,-20.99,105.7,1,0.01,1898,103.0,1236,2472
125.184,-21.53,,0,0.01,1888,103.0,1236,2472
125.205,-21.25,,0,0.01,1870,109.5,1314,2628
125.227,-21.42,,0,0.01,1792,110.5,1326,2652
125.248,-21.53,,0,0.01,1815,101.5,1218,2436
125.269,-20.68,,0,0.01,1786,101.5,1218,2436
125.291,-20.25,,0,0.01,1766,101.5,1218,2436
125.312,-20.97,,0,0.01,1814,101.5,1218,2436
125.333,-21.90,,0,0.01,1963,101.5,1218,2436
125.355,-21.66,,0,0.01,2021,113.5,1362,2724
125.376,-21.00,,0,0.01,1943,113.5,1362,2724
125.397,-20.83,,0,0.01,1820,113.5,1362,2724
125.419,-20.96,,0,0.01,1863,119.0,1428,2856
125.440,-20.95,,0,0.01,1849,98.5,1182,2364
125.461,-19.70,,0,0.01,1742,98.5,1182,2364
125.483,-19.28,,0,0.01,1797,98.5,1182,2364
125.504,-19.87,,0,0.01,1794,98.5,1182,2364
125.525,-20.03,,0,0.01,1844,98.5,1182,2364
125.547,-19.28,,0,0.01,1879,98.5,1182,2364
125.568,-18.54,,0,0.01,1869,99.0,1188,2376
125.589,-18.79,,0,0.01,1843,99.0,1188,2376
125.611,-18.73,,0,0.01,1824,99.0,1188,2376
125.632,-19.44,,0,0.01,1908,99.5,1194,2388
125.653,-19.76,125.7,1,0.02,1891,124.0,1488,2976
125.675,-18.40,125.7,1,0.01,1777,124.0,1488,2976
125.696,-18.47,126.4,1,0.02,1873,128.5,1542,3084
125.717,-18.60,126.4,1,0.02,1868,128.5,1542,3084
125.739,-18.68,127.1,1,0.03,1828,128.0,1536,3072
125.760,-17.77,127.9,1,0.07,1781,128.0,1536,3072
125.781,-17.79,128.6,1,0.05,1813,128.0,1536,3072
125.803,-18.43,129.4,1,0.09,1853,128.0,1536,3072
125.824,-18.99,130.9,1,0.02,1779,96.0,1152,2304
125.845,-19.52,131.6,1,0.02,1816,96.0,1152,2304
125.867,-19.79,133.1,1,0.01,1743,96.5,1158,2316
125.888,-22.23,133.1,1,0.01,1930,96.5,1158,2316
125.909,-22.56,134.7,1,0.01,2039,96.0,1152,2304
125.931,-21.83,,0,0.01,2113,92.0,1104,2208
125.952,-20.16,,0,0.01,2166,92.5,1110,2220
125.973,-19.95,,0,0.01,2098,92.5,1110,2220
125.995,-19.99,,0,0.01,2220,92.5,1110,2220
126.016,-19.14,,0,0.01,2144,92.5,1110,2220
126.037,-18.93,,0,0.01,2208,92.5,1110,2220
126.059,-18.91,,0,0.01,2187,93.0,1116,2232
126.080,-18.22,,0,0.01,2234,93.5,1122,2244
126.101,-18.36,,0,0.01,2080,93.5,1122,2244
126.123,-18.63,,0,0.02,2216,93.5,1122,2244
126.144,-18.01,,0,0.02,2216,93.0,1116,2232
126.165,-18.47,,0,0.03,2446,93.0,1116,2232
126.187,-18.27,,0,0.03,2360,93.0,1116,2232
126.208,-18.14,,0,0.02,2445,145.0,1740,3480
126.229,-19.64,,0,0.01,2353,147.5,1770,3540
126.251,-19.33,148.6,1,0.01,2359,148.0,1776,3552
126.272,-18.24,149.5,1,0.01,2157,149.0,1788,3576
126.293,-18.34,150.3,1,0.02,2027,151.5,1818,3636
126.315,-18.26,152.1,1,0.06,2038,152.0,1824,3648
126.336,-18.29,152.9,1,0.13,1867,155.0,1860,3720
126.357,-17.30,153.8,1,0.21,1814,155.0,1860,3720
126.379,-17.10,155.6,1,0.28,1771,155.0,1860,3720
126.400,-17.32,155.6,1,0.48,1866,156.0,1872,3744
126.421,-17.12,156.5,1,0.37,1943,156.5,1878,3756
126.443,-17.18,157.4,1,0.37,1979,157.0,1884,3768
126.464,-17.20,157.4,1,0.37,2070,157.0,1884,3768
126.485,-17.30,158.3,1,0.37,2142,157.5,1890,3780
126.507,-17.01,159.3,1,0.37,2223,157.5,1890,3780
126.528,-17.04,160.2,1,0.32,2293,159.0,1908,3816
126.549,-17.35,161.1,1,0.24,2269,159.5,1914,3828
126.571,-17.69,162.0,1,0.13,2258,160.0,1920,3840
126.592,-17.55,163.0,1,0.13,2068,160.5,1926,3852
126.613,-18.21,164.9,1,0.06,2007,161.5,1938,3876
126.635,-19.31,166.8,1,0.03,1993,166.0,1992,3984
126.656,-19.19,168.7,1,0.03,1879,166.0,1992,3984
126.677,-20.67,169.7,1,0.02,1915,167.5,2010,4020
126.699,-21.44,171.7,1,0.03,1902,167.5,2010,4020
126.720,-20.58,173.7,1,0.04,1894,175.0,2100,4200
126.741,-20.98,175.7,1,0.05,1929,175.0,2100,4200
126.763,-20.51,176.7,1,0.06,1893,176.5,2118,4236
126.784,-20.10,177.7,1,0.09,1910,176.5,2118,4236
126.805,-20.70,178.8,1,0.11,1796,177.5,2130,4260
126.827,-20.53,179.8,1,0.18,1828,179.5,2154,4308
126.848,-20.40,180.8,1,0.21,1807,179.5,2154,4308
126.869,-20.02,181.9,1,0.28,1745,181.0,2172,4344
126.891,-19.40,182.9,1,0.28,1719,181.0,2172,4344
126.912,-19.44,184.0,1,0.24,1787,181.0,2172,4344
126.933,-19.57,185.1,1,0.24,1766,183.5,2202,4404
126.955,-20.06,186.1,1,0.24,1836,184.0,2208,4416
126.976,-19.65,187.2,1,0.28,1864,184.0,2208,4416
126.997,-19.60,189.4,1,0.24,1850,184.0,2208,4416
127.019,-19.78,190.5,1,0.21,1916,189.0,2268,4536
127.040,-19.29,191.6,1,0.18,1936,195.0,2340,4680
127.061,-19.32,192.7,1,0.11,2036,196.5,2358,4716
127.083,-19.43,194.9,1,0.07,2050,198.0,2376,4752
127.104,-19.54,196.1,1,0.06,2108,198.0,2376,4752
127.125,-20.34,197.2,1,0.03,2142,198.0,2376,4752
127.147,-20.08,197.2,1,0.02,2106,199.0,2388,4776
127.168,-19.40,,0,0.02,2104,199.5,2394,4788
127.189,-20.36,,0,0.01,2097,199.5,2394,4788
127.211,-21.84,,0,0.02,2011,200.5,2406,4812
127.232,-22.04,,0,0.01,2149,200.5,2406,4812
127.253,-21.80,,0,0.01,2201,101.0,1212,2424
127.275,-21.49,,0,0.01,2219,102.0,1224,2448
127.296,-20.42,,0,0.01,2193,102.0,1224,2448
127.317,-19.88,,0,0.01,2203,105.0,1260,2520
127.339,-19.63,,0,0.01,2193,105.0,1260,2520
127.360,-18.79,,0,0.01,2131,106.0,1272,2544
127.381,-18.58,,0,0.01,2211,108.0,1296,2592
127.403,-18.66,,0,0.01,2271,108.0,1296,2592
127.424,-18.58,,0,0.01,2179,108.0,1296,2592
127.445,-18.81,,0,0.01,2120,108.0,1296,2592
127.467,-19.00,,0,0.01,2203,109.0,1308,2616
127.488,-19.56,,0,0.01,2228,109.5,1314,2628
127.509,-18.95,,0,0.01,2211,109.5,1314,2628
127.531,-18.84,,0,0.01,2190,111.0,1332,2664
127.552,-18.75,,0,0.01,2206,111.0,1332,2664
127.573,-17.52,494.1,1,0.01,2131,113.0,1356,2712
127.595,-17.50,496.9,1,0.01,2142,113.0,1356,2712
127.616,-17.12,494.1,1,0.01,2229,113.0,1356,2712
127.637,-17.39,496.9,1,0.02,2223,115.0,1380,2760
127.659,-17.79,496.9,1,0.03,2245,116.5,1398,2796
127.680,-17.31,499.8,1,0.06,2247,118.5,1422,2844
127.701,-17.33,502.7,1,0.13,2220,119.5,1434,2868
127.723,-16.82,502.7,1,0.15,2165,119.5,1434,2868
127.744,-16.37,502.7,1,0.15,2150,120.0,1440,2880
127.765,-16.55,505.6,1,0.24,2107,120.0,1440,2880
127.787,-16.89,505.6,1,0.24,2108,121.5,1458,2916
127.808,-16.76,502.7,1,0.24,2165,122.0,1464,2928
127.829,-16.63,502.7,1,0.28,2168,123.0,1476,2952
127.851,-16.39,505.6,1,0.32,2163,249.5,2994,5988
127.872,-15.96,508.5,1,0.37,2155,249.5,2994,5988
127.893,-15.68,511.5,1,0.37,2117,249.5,2994,5988
127.915,-15.71,514.5,1,0.37,2109,255.0,3060,6120
127.936,-15.76,514.5,1,0.43,2179,255.0,3060,6120
127.957,-15.49,517.4,1,0.43,2187,257.0,3084,6168
127.979,-15.30,520.4,1,0.55,2119,257.0,3084,6168
128.000,-15.43,523.4,1,0.62,2159,257.0,3084,6168
128.021,-15.38,526.5,1,0.69,2110,260.0,3120,6240
128.043,-14.92,529.5,1,0.76,2166,260.0,3120,6240
128.064,-14.67,532.6,1,0.83,2187,262.0,3144,6288
128.085,-14.38,535.7,1,0.89,2196,132.5,1590,3180
128.107,-14.13,538.8,1,0.89,2157,134.5,1614,3228
128.128,-13.98,541.9,1,0.89,2119,134.5,1614,3228
128.149,-13.85,545.0,1,0.89,2097,135.5,1626,3252
128.171,-13.87,548.2,1,0.95,2031,137.0,1644,3288
128.192,-13.87,551.4,1,0.95,2000,137.0,1644,3288
128.213,-13.64,554.6,1,0.95,1932,137.0,1644,3288
128.235,-13.58,557.8,1,0.95,1881,138.0,1656,3312
128.256,-13.79,561.0,1,0.95,1783,139.0,1668,3336
128.277,-13.83,564.3,1,0.95,1764,143.5,1722,3444
128.299,-13.87,570.8,1,0.95,1798,143.5,1722,3444
128.320,-13.68,574.1,1,0.95,1811,143.5,1722,3444
128.341,-13.39,574.1,1,0.95,1872,143.5,1722,3444
128.363,-13.29,577.5,1,0.95,1935,143.5,1722,3444
128.384,-13.19,574.1,1,0.95,2044,143.5,1722,3444
128.405,-13.04,574.1,1,0.95,2216,143.5,1722,3444
128.427,-13.15,574.1,1,0.95,2422,143.5,1722,3444
128.448,-13.36,570.8,1,0.95,2516,143.5,1722,3444
128.469,-13.75,567.5,1,0.95,2689,142.5,1710,3420
128.491,-14.92,564.3,1,0.89,2694,141.5,1698,3396
128.512,-16.66,561.0,1,0.83,2500,141.5,1698,3396
128.533,-18.42,557.8,1,0.62,2279,139.0,1668,3336
128.555,-21.54,557.8,1,0.32,1928,138.5,1662,3324
128.576,-27.85,561.0,1,0.07,2026,138.5,1662,3324
128.597,-29.62,604.8,1,0.01,2003,138.5,1662,3324
128.619,-29.77,604.8,1,0.01,1812,,,
128.640,-29.66,,0,0.01,1832,,,
128.661,-29.82,,0,0.01,1832,,,
128.683,-29.89,,0,0.01,1803,,,
128.704,-29.21,,0,0.01,1754,,,
128.725,-29.65,,0,0.01,1859,,,
128.747,-30.65,,0,0.01,1931,,,
128.768,-29.73,,0,0.01,1787,,,
128.789,-28.08,,0,0.01,1722,,,
128.811,-21.69,,0,0.01,2092,,,
128.832,-21.26,,0,0.01,2296,,,
128.853,-26.16,,0,0.01,2188,,,
128.875,-28.30,,0,0.01,1633,,,
128.896,-29.66,,0,0.02,1774,,,
128.917,-30.12,207.7,1,0.06,1907,,,
128.939,-29.06,207.7,1,0.06,1887,207.5,2490,4980
128.960,-28.64,205.3,1,0.04,1929,207.5,2490,4980
128.981,-28.10,203.0,1,0.03,1886,,,
129.003,-27.11,199.5,1,0.03,1752,,,
129.024,-26.82,196.1,1,0.03,1797,,,
129.045,-26.29,192.7,1,0.03,1772,183.5,2202,4404
129.067,-25.47,188.3,1,0.08,1781,182.0,2184,4368
129.088,-25.41,185.1,1,0.21,1805,181.5,2178,4356
129.109,-26.31,182.9,1,0.21,1900,181.5,2178,4356
129.131,-26.33,181.9,1,0.21,1872,181.5,2178,4356
129.152,-25.60,182.9,1,0.21,1782,181.5,2178,4356
129.173,-25.07,184.0,1,0.18,1801,181.5,2178,4356
129.195,-24.28,185.1,1,0.24,1774,186.0,2232,4464
129.216,-23.96,187.2,1,0.21,1716,185.5,2226,4452
129.237,-23.68,189.4,1,0.13,1717,185.5,2226,4452
129.259,-23.65,191.6,1,0.13,1753,185.5,2226,4452
129.280,-24.08,193.8,1,0.09,1879,188.0,2256,4512
129.301,-24.21,196.1,1,0.06,2001,197.0,2364,4728
129.323,-24.05,197.2,1,0.07,1959,197.0,2364,4728
129.344,-23.30,196.1,1,0.06,1983,197.0,2364,4728
129.365,-22.59,194.9,1,0.11,1946,191.5,2298,4596
129.387,-22.54,193.8,1,0.11,1882,191.5,2298,4596
129.408,-22.52,192.7,1,0.15,1888,191.5,2298,4596
129.429,-23.09,191.6,1,0.24,1961,191.5,2298,4596
129.451,-23.74,191.6,1,0.13,2022,191.0,2292,4584
129.472,-23.79,192.7,1,0.07,2131,191.0,2292,4584
129.493,-24.52,193.8,1,0.02,2144,191.0,2292,4584
129.515,-24.72,194.9,1,0.01,2182,191.0,2292,4584
129.536,-24.56,196.1,1,0.01,2172,200.5,2406,4812
129.557,-25.14,,0,0.01,2333,200.5,2406,4812
129.579,-24.94,,0,0.01,2348,200.0,2400,4800
129.600,-24.25,,0,0.02,2223,200.0,2400,4800
129.621,-23.82,,0,0.02,2132,200.0,2400,4800
129.643,-23.80,,0,0.02,2219,200.0,2400,4800
129.664,-23.61,,0,0.02,2157,199.5,2394,4788
129.685,-24.24,,0,0.01,2281,199.5,2394,4788
129.707,-24.69,,0,0.01,2387,199.5,2394,4788
129.728,-24.65,,0,0.01,2377,199.5,2394,4788
129.749,-25.42,34.3,1,0.01,2387,104.0,1248,2496
129.771,-23.89,34.7,1,0.01,2319,104.0,1248,2496
129.792,-23.62,34.7,1,0.01,2345,104.0,1248,2496
129.813,-23.75,34.9,1,0.01,2414,104.0,1248,2496
129.835,-22.86,34.9,1,0.01,2335,104.0,1248,2496
129.856,-22.68,34.7,1,0.01,2355,104.0,1248,2496
129.877,-22.95,34.7,1,0.01,2414,104.0,1248,2496
129.899,-22.80,34.7,1,0.01,2451,104.0,1248,2496
129.920,-22.71,34.7,1,0.01,2479,104.0,1248,2496
129.941,-22.36,34.9,1,0.01,2547,104.0,1248,2496
129.963,-22.08,35.1,1,0.01,2491,104.0,1248,2496
129.984,-22.41,35.3,1,0.01,2567,104.5,1254,2508
130.005,-22.10,35.5,1,0.01,2465,105.0,1260,2520
130.027,-22.49,35.7,1,0.01,2464,106.5,1278,2556
130.048,-22.23,35.7,1,0.01,2476,107.0,1284,2568
130.069,-21.94,35.9,1,0.01,2448,107.0,1284,2568
130.091,-21.98,35.9,1,0.01,2386,107.5,1290,2580
130.112,-21.11,35.9,1,0.01,2386,107.5,1290,2580
130.133,-21.05,35.9,1,0.01,2422,107.5,1290,2580
130.155,-21.28,36.1,1,0.01,2472,107.5,1290,2580
130.176,-21.37,36.3,1,0.01,2392,109.0,1308,2616
130.197,-21.35,36.5,1,0.01,2384,109.0,1308,2616
130.219,-21.18,36.5,1,0.02,2318,109.5,1314,2628
130.240,-21.58,36.7,1,0.01,2352,110.0,1320,2640
130.261,-21.85,36.7,1,0.02,2401,110.0,1320,2640
130.283,-21.67,36.9,1,0.02,2279,110.0,1320,2640
130.304,-22.51,36.9,1,0.01,2339,110.0,1320,2640
130.325,-22.22,,0,0.01,2947,,,
130.347,-22.91,,0,0.01,3113,,,
130.368,-24.77,,0,0.01,1921,,,
130.389,-22.79,,0,0.01,1432,,,
130.411,-21.65,,0,0.01,1461,,,
130.432,-20.13,,0,0.01,1496,,,
130.453,-18.95,,0,0.01,1514,117.5,1410,2820
130.475,-18.71,,0,0.01,1472,117.5,1410,2820
130.496,-18.40,,0,0.01,1385,118.5,1422,2844
130.517,-16.87,,0,0.01,1643,118.5,1422,2844
130.539,-18.07,,0,0.01,1870,118.5,1422,2844
130.560,-17.00,,0,0.01,2171,118.5,1422,2844
130.581,-16.40,,0,0.01,2120,,,
130.603,-17.98,,0,0.01,1480,,,
130.624,-18.89,,0,0.01,1514,,,
130.645,-18.82,,0,0.01,1862,,,
130.667,-16.48,,0,0.01,1871,176.0,2112,4224
130.688,-18.62,,0,0.01,1713,176.0,2112,4224
130.709,-24.72,,0,0.01,1540,176.0,2112,4224
130.731,-25.34,115.9,1,0.01,1446,,,
130.752,-24.75,115.2,1,0.11,1507,115.0,1380,2760
130.773,-23.66,115.2,1,0.24,1441,114.5,1374,2748
130.795,-23.24,115.2,1,0.28,1459,114.5,1374,2748
130.816,-23.18,114.6,1,0.18,1460,112.5,1350,2700
130.837,-22.72,113.3,1,0.18,1500,112.5,1350,2700
130.859,-22.29,112.6,1,0.18,1499,112.0,1344,2688
130.880,-21.77,112.6,1,0.18,1511,112.0,1344,2688
130.901,-20.76,112.0,1,0.28,1450,112.5,1350,2700
130.923,-20.16,112.0,1,0.24,1443,112.5,1350,2700
130.944,-19.33,112.6,1,0.28,1410,112.5,1350,2700
130.965,-18.81,113.3,1,0.28,1389,113.0,1356,2712
130.987,-18.59,113.3,1,0.32,1371,113.0,1356,2712
131.008,-18.19,113.9,1,0.37,1397,113.5,1362,2724
131.029,-18.48,113.3,1,0.37,1381,113.5,1362,2724
131.051,-18.89,113.3,1,0.28,1375,113.5,1362,2724
131.072,-19.87,,0,0.01,2127,113.5,1362,2724
131.093,-13.05,,0,0.01,3532,113.5,1362,2724
131.115,-13.09,,0,0.01,3498,113.0,1356,2712
131.136,-24.32,,0,0.01,3130,,,
131.157,-32.67,,0,0.01,1740,,,
131.179,-35.12,,0,0.01,1617,,,
131.200,-35.51,108.8,1,0.01,1698,,,
131.221,-32.69,110.0,1,0.03,1593,,,
131.243,-32.00,110.0,1,0.11,1494,,,
131.264,-32.24,110.7,1,0.24,1465,,,
131.285,-32.44,110.7,1,0.24,1532,,,
131.307,-32.38,111.3,1,0.32,1543,,,
131.328,-32.25,110.7,1,0.37,1513,,,
131.349,-32.42,110.0,1,0.28,1509,,,
131.371,-32.37,109.4,1,0.18,1483,,,
131.392,-32.56,108.8,1,0.13,1490,,,
131.413,-32.77,108.2,1,0.15,1494,,,
131.435,-33.27,107.5,1,0.15,1523,,,
131.456,-32.94,106.9,1,0.21,1556,,,
131.477,-31.71,106.9,1,0.15,1538,,,
131.499,-31.18,107.5,1,0.21,1567,,,
131.520,-31.52,107.5,1,0.11,1547,,,
131.541,-30.26,108.2,1,0.15,1497,,,
131.563,-28.93,108.2,1,0.11,1472,107.5,1290,2580
131.584,-28.90,108.2,1,0.18,1533,107.5,1290,2580
131.605,-28.91,107.5,1,0.21,1580,107.5,1290,2580
131.627,-28.30,107.5,1,0.15,1552,107.0,1284,2568
131.648,-27.45,106.9,1,0.11,1538,106.5,1278,2556
131.669,-27.35,106.3,1,0.13,1531,105.0,1260,2520
131.691,-26.72,105.7,1,0.15,1571,105.0,1260,2520
131.712,-25.79,105.7,1,0.18,1575,105.0,1260,2520
131.733,-25.26,105.1,1,0.24,1623,105.0,1260,2520
131.755,-24.55,105.1,1,0.21,1622,105.0,1260,2520
131.776,-24.00,105.1,1,0.15,1626,105.0,1260,2520
131.797,-23.18,105.7,1,0.11,1647,105.0,1260,2520
131.819,-22.18,105.7,1,0.11,1615,105.0,1260,2520
131.840,-21.96,105.7,1,0.13,1565,105.0,1260,2520
131.861,-22.06,105.1,1,0.15,1579,105.0,1260,2520
131.883,-21.92,105.1,1,0.11,1633,104.5,1254,2508
131.904,-21.94,104.5,1,0.09,1676,104.0,1248,2496
131.925,-22.72,104.5,1,0.05,1625,104.0,1248,2496
131.947,-22.45,103.9,1,0.04,1636,103.5,1242,2484
131.968,-21.72,103.9,1,0.03,1666,103.5,1242,2484
131.989,-21.71,103.3,1,0.03,1672,103.0,1236,2472
132.011,-21.90,103.3,1,0.03,1622,103.0,1236,2472
132.032,-22.06,103.3,1,0.04,1655,103.0,1236,2472
132.053,-21.33,103.3,1,0.05,1672,103.0,1236,2472
132.075,-21.09,103.3,1,0.07,1585,103.0,1236,2472
132.096,-21.54,103.3,1,0.07,1599,103.0,1236,2472
132.117,-21.80,103.3,1,0.02,1674,103.0,1236,2472
132.139,-20.84,,0,0.01,1624,103.0,1236,2472
132.160,-20.13,,0,0.01,1430,103.0,1236,2472
132.181,-20.26,,0,0.01,1260,69.0,828,1656
132.203,-21.23,,0,0.01,1180,68.5,822,1644
132.224,-21.51,,0,0.01,1216,68.5,822,1644
132.245,-21.23,34.7,1,0.03,1176,68.5,822,1644
132.267,-20.89,34.7,1,0.03,1155,68.5,822,1644
132.288,-21.10,34.3,1,0.01,1175,68.5,822,1644
132.309,-20.50,34.3,1,0.01,1126,67.5,810,1620
132.331,-20.43,34.1,1,0.01,1130,135.0,1620,3240
132.352,-20.86,33.9,1,0.01,1185,135.0,1620,3240
132.373,-20.38,33.7,1,0.03,1239,135.0,1620,3240
132.395,-20.75,33.7,1,0.02,1240,135.0,1620,3240
132.416,-20.49,33.9,1,0.01,1227,135.0,1620,3240
132.437,-20.31,34.1,1,0.02,1246,67.5,810,1620
132.459,-20.21,34.1,1,0.01,1266,67.5,810,1620
132.480,-20.97,34.3,1,0.01,1286,67.5,810,1620
132.501,-21.18,34.5,1,0.01,1298,103.0,1236,2472
132.523,-21.14,34.5,1,0.02,1285,103.5,1242,2484
132.544,-22.48,34.5,1,0.01,1349,103.5,1242,2484
132.565,-22.72,,0,0.01,1522,103.5,1242,2484
132.587,-22.41,,0,0.01,1554,103.5,1242,2484
132.608,-21.98,,0,0.01,1527,103.5,1242,2484
132.629,-21.43,,0,0.01,1510,103.5,1242,2484
132.651,-20.95,,0,0.01,1479,101.5,1218,2436
132.672,-20.22,,0,0.01,1472,101.0,1212,2424
132.693,-20.08,,0,0.01,1475,202.0,2424,4848
132.715,-20.42,,0,0.01,1552,202.0,2424,4848
132.736,-20.21,,0,0.02,1552,202.0,2424,4848
132.757,-20.16,33.7,1,0.02,1487,202.0,2424,4848
132.779,-20.70,33.7,1,0.02,1537,202.0,2424,4848
132.800,-21.25,33.7,1,0.01,1564,202.0,2424,4848
132.821,-20.38,33.7,1,0.01,1480,202.0,2424,4848
132.843,-19.66,33.7,1,0.01,1479,202.0,2424,4848
132.864,-19.26,33.7,1,0.01,1413,202.0,2424,4848
132.885,-19.78,33.7,1,0.01,1482,202.0,2424,4848
132.907,-20.60,,0,0.01,1490,100.5,1206,2412
132.928,-19.62,,0,0.01,1393,,,
132.949,-20.76,,0,0.01,1391,,,
132.971,-21.79,,0,0.01,1315,,,
132.992,-19.87,,0,0.01,1244,,,
133.013,-20.17,,0,0.01,1434,,,
133.035,-21.09,,0,0.01,1532,,,
133.056,-21.47,,0,0.01,1518,,,
133.077,-20.83,,0,0.01,1575,,,
133.099,-20.42,,0,0.01,1716,,,
133.120,-21.24,,0,0.01,1824,,,
133.141,-20.98,,0,0.01,1947,105.5,1266,2532
133.163,-20.45,35.5,1,0.01,2098,105.5,1266,2532
133.184,-20.09,35.5,1,0.01,2190,105.5,1266,2532
133.205,-19.28,35.3,1,0.01,2324,,,
133.227,-18.64,35.1,1,0.01,2355,104.0,1248,2496
133.248,-18.31,34.7,1,0.01,2395,104.0,1248,2496
133.269,-17.92,34.7,1,0.01,2472,104.0,1248,2496
133.291,-18.08,34.7,1,0.01,2676,104.0,1248,2496
133.312,-19.37,34.7,1,0.01,2689,104.0,1248,2496
133.333,-20.48,34.9,1,0.01,2710,104.0,1248,2496
133.355,-19.13,35.1,1,0.01,2534,104.0,1248,2496
133.376,-17.97,35.5,1,0.01,2510,104.0,1248,2496
133.397,-17.85,35.5,1,0.01,2507,106.0,1272,2544
133.419,-18.85,35.7,1,0.01,2586,106.5,1278,2556
133.440,-18.74,35.9,1,0.01,2583,107.5,1290,2580
133.461,-18.83,35.9,1,0.01,2545,107.5,1290,2580
133.483,-19.61,35.9,1,0.01,2526,107.5,1290,2580
133.504,-19.28,35.9,1,0.01,2539,107.5,1290,2580
133.525,-19.03,35.9,1,0.01,2674,107.5,1290,2580
133.547,-18.30,35.9,1,0.01,2625,107.5,1290,2580
133.568,-18.50,35.9,1,0.01,2450,215.5,2586,5172
133.589,-18.72,,0,0.01,2451,215.5,2586,5172
133.611,-18.42,,0,0.01,2514,215.5,2586,5172
133.632,-18.45,,0,0.01,2537,108.0,1296,2592
133.653,-18.28,,0,0.01,2555,108.5,1302,2604
133.675,-17.96,36.7,1,0.01,2456,111.0,1332,2664
133.696,-18.40,37.1,1,0.01,2421,111.0,1332,2664
133.717,-19.55,37.4,1,0.01,2492,111.5,1338,2676
133.739,-19.72,37.4,1,0.02,2659,112.0,1344,2688
133.760,-19.09,37.4,1,0.02,2664,112.0,1344,2688
133.781,-18.98,37.4,1,0.01,2624,112.0,1344,2688
133.803,-18.52,37.4,1,0.01,2578,112.0,1344,2688
133.824,-18.59,37.4,1,0.02,2572,112.0,1344,2688
133.845,-19.06,37.4,1,0.01,2600,112.5,1350,2700
133.867,-17.80,37.6,1,0.01,2494,112.5,1350,2700
133.888,-17.91,37.6,1,0.01,2369,112.5,1350,2700
133.909,-18.83,37.8,1,0.01,2429,112.5,1350,2700
133.931,-18.94,,0,0.01,2562,113.0,1356,2712
133.952,-18.27,,0,0.01,2530,115.0,1380,2760
133.973,-17.67,,0,0.01,2595,115.0,1380,2760
133.995,-17.90,,0,0.02,2578,117.0,1404,2808
134.016,-17.99,,0,0.02,2627,117.0,1404,2808
134.037,-17.64,,0,0.03,2615,117.0,1404,2808
134.059,-18.17,,0,0.06,2487,117.0,1404,2808
134.080,-18.88,,0,0.06,2544,117.0,1404,2808
134.101,-18.37,,0,0.04,2535,117.0,1404,2808
134.123,-17.94,,0,0.03,2515,117.0,1404,2808
134.144,-17.72,,0,0.02,2481,117.0,1404,2808
134.165,-17.63,,0,0.02,2435,117.0,1404,2808
134.187,-18.04,511.5,1,0.02,2458,117.5,1410,2820
134.208,-17.80,511.5,1,0.03,2423,119.0,1428,2856
134.229,-16.89,511.5,1,0.05,2398,119.0,1428,2856
134.251,-16.73,511.5,1,0.11,2476,121.5,1458,2916
134.272,-16.68,511.5,1,0.13,2543,121.5,1458,2916
134.293,-16.52,508.5,1,0.11,2540,122.0,1464,2928
134.315,-16.54,508.5,1,0.13,2454,122.0,1464,2928
134.336,-17.40,511.5,1,0.11,2426,122.0,1464,2928
134.357,-17.63,511.5,1,0.11,2441,122.0,1464,2928
134.379,-16.99,511.5,1,0.11,2444,122.0,1464,2928
134.400,-16.98,511.5,1,0.11,2311,122.0,1464,2928
134.421,-17.31,508.5,1,0.15,2294,122.5,1470,2940
134.443,-17.09,508.5,1,0.21,2312,122.5,1470,2940
134.464,-16.68,508.5,1,0.24,2251,122.5,1470,2940
134.485,-16.63,508.5,1,0.28,2204,250.0,3000,6000
134.507,-16.72,508.5,1,0.28,2099,250.0,3000,6000
134.528,-16.78,508.5,1,0.28,2092,124.5,1494,2988
134.549,-17.05,514.5,1,0.15,1970,125.0,1500,3000
134.571,-17.60,517.4,1,0.08,1700,125.0,1500,3000
134.592,-18.37,532.6,1,0.02,1683,125.0,1500,3000
134.613,-18.61,545.0,1,0.01,1597,161.0,1932,3864
134.635,-18.12,,0,0.01,1484,161.0,1932,3864
134.656,-17.76,,0,0.02,1455,80.0,960,1920
134.677,-17.38,,0,0.02,1449,80.0,960,1920
134.699,-18.15,,0,0.02,1415,79.5,954,1908
134.720,-20.34,,0,0.01,1462,79.5,954,1908
134.741,-22.72,,0,0.01,1576,,,
134.763,-20.55,,0,0.01,1528,,,
134.784,-18.83,,0,0.01,1460,,,
134.805,-18.02,,0,0.01,1508,,,
134.827,-17.24,,0,0.01,1486,,,
134.848,-19.01,,0,0.01,1545,125.5,1506,3012
134.869,-20.47,,0,0.01,1408,125.5,1506,3012
134.891,-15.78,,0,0.01,1858,125.5,1506,3012
134.912,-15.72,,0,0.01,1980,125.5,1506,3012
134.933,-18.81,,0,0.01,1653,122.0,1464,2928
134.955,-16.78,,0,0.01,1472,121.5,1458,2916
134.976,-17.59,,0,0.01,1531,121.5,1458,2916
134.997,-16.42,,0,0.01,2597,121.5,1458,2916
135.019,-16.65,,0,0.01,2709,121.5,1458,2916
135.040,-21.92,,0,0.01,2142,121.5,1458,2916
135.061,-15.04,,0,0.01,2018,,,
135.083,-13.95,,0,0.01,1912,101.5,1218,2436
135.104,-17.09,,0,0.01,1804,101.5,1218,2436
135.125,-21.27,,0,0.01,1828,101.5,1218,2436
135.147,-26.98,,0,0.01,1800,101.5,1218,2436
135.168,-27.86,,0,0.01,1694,,,
135.189,-28.08,,0,0.08,1704,,,
135.211,-27.98,,0,0.04,1692,,,
135.232,-27.96,,0,0.03,1649,,,
135.253,-28.05,,0,0.03,1615,,,
135.275,-29.40,,0,0.02,1694,109.0,1308,2616
135.296,-30.29,,0,0.01,1701,,,
135.317,-30.39,,0,0.01,1603,,,
135.339,-25.56,,0,0.01,1693,,,
135.360,-24.31,,0,0.01,1680,95.5,1146,2292
135.381,-23.53,,0,0.01,1375,95.5,1146,2292
135.403,-21.36,,0,0.01,1316,95.5,1146,2292
135.424,-21.80,,0,0.01,1436,95.0,1140,2280
135.445,-22.21,,0,0.01,1403,90.0,1080,2160
135.467,-20.56,,0,0.01,1398,90.0,1080,2160
135.488,-20.47,,0,0.01,1354,90.0,1080,2160
135.509,-21.78,,0,0.01,1412,95.5,1146,2292
135.531,-24.19,,0,0.01,1585,95.5,1146,2292
135.552,-26.45,,0,0.01,1834,96.0,1152,2304
135.573,-23.83,,0,0.01,1780,96.0,1152,2304
135.595,-23.50,,0,0.01,1810,127.5,1530,3060
135.616,-23.48,,0,0.01,2032,127.5,1530,3060
135.637,-22.32,,0,0.01,2020,127.5,1530,3060
135.659,-21.44,,0,0.01,2098,127.5,1530,3060
135.680,-22.32,,0,0.01,2209,127.5,1530,3060
135.701,-22.22,,0,0.01,2339,,,
135.723,-21.47,,0,0.01,2425,,,
135.744,-21.74,,0,0.01,2564,,,
135.765,-19.43,,0,0.01,2438,,,
135.787,-18.63,564.3,1,0.01,2345,,,
135.808,-18.26,564.3,1,0.02,2593,,,
135.829,-17.73,561.0,1,0.09,2612,,,
135.851,-17.18,564.3,1,0.09,2807,109.5,1314,2628
135.872,-16.41,564.3,1,0.18,2733,138.5,1662,3324
135.893,-16.19,567.5,1,0.21,2729,138.5,1662,3324
135.915,-16.57,567.5,1,0.15,2945,138.5,1662,3324
135.936,-16.61,567.5,1,0.21,2858,139.0,1668,3336
135.957,-15.77,567.5,1,0.24,2714,139.0,1668,3336
135.979,-15.80,567.5,1,0.28,2823,140.5,1686,3372
136.000,-16.05,567.5,1,0.37,2775,140.5,1686,3372
136.021,-15.85,570.8,1,0.37,2779,94.5,1134,2268
136.043,-15.75,570.8,1,0.37,2710,94.5,1134,2268
136.064,-15.36,574.1,1,0.43,2733,141.5,1698,3396
136.085,-15.21,577.5,1,0.48,2719,141.5,1698,3396
136.107,-15.21,580.8,1,0.55,2840,145.5,1746,3492
136.128,-14.86,584.2,1,0.69,2813,145.5,1746,3492
136.149,-14.72,584.2,1,0.69,2738,146.0,1752,3504
136.171,-14.69,584.2,1,0.76,2812,146.0,1752,3504
136.192,-14.79,587.5,1,0.76,2746,146.0,1752,3504
136.213,-14.86,587.5,1,0.76,2684,146.0,1752,3504
136.235,-14.70,587.5,1,0.76,2638,146.0,1752,3504
136.256,-14.72,590.9,1,0.76,2601,146.0,1752,3504
136.277,-14.80,590.9,1,0.83,2667,146.5,1758,3516
136.299,-14.61,594.4,1,0.76,2687,146.5,1758,3516
136.320,-14.38,597.8,1,0.83,2682,148.0,1776,3552
136.341,-14.35,604.8,1,0.83,2706,150.5,1806,3612
136.363,-14.12,608.3,1,0.83,2730,152.0,1824,3648
136.384,-13.90,611.8,1,0.89,2698,152.0,1824,3648
136.405,-13.97,611.8,1,0.89,2800,152.5,1830,3660
136.427,-14.23,615.3,1,0.89,2793,152.5,1830,3660
136.448,-14.28,615.3,1,0.89,2776,153.0,1836,3672
136.469,-14.33,615.3,1,0.89,2746,153.0,1836,3672
136.491,-14.53,615.3,1,0.89,2729,153.0,1836,3672
136.512,-14.30,618.9,1,0.89,2769,153.0,1836,3672
136.533,-14.03,622.5,1,0.89,2737,153.5,1842,3684
136.555,-14.11,626.1,1,0.89,2766,156.5,1878,3756
136.576,-14.30,629.7,1,0.89,2858,156.5,1878,3756
136.597,-14.24,633.4,1,0.89,2926,157.5,1890,3780
136.619,-14.15,633.4,1,0.89,2990,157.5,1890,3780
136.640,-14.32,633.4,1,0.89,3001,157.5,1890,3780
136.661,-14.21,633.4,1,0.89,2918,157.5,1890,3780
136.683,-13.91,633.4,1,0.89,2849,157.5,1890,3780
136.704,-13.77,633.4,1,0.89,2881,157.5,1890,3780
136.725,-13.73,633.4,1,0.89,2880,157.5,1890,3780
136.747,-13.55,629.7,1,0.89,2839,157.5,1890,3780
136.768,-13.33,629.7,1,0.89,2806,157.5,1890,3780
136.789,-13.37,629.7,1,0.89,2839,157.0,1884,3768
136.811,-13.60,629.7,1,0.89,2920,157.0,1884,3768
136.832,-13.50,629.7,1,0.89,2970,157.0,1884,3768
136.853,-13.53,629.7,1,0.89,3053,157.0,1884,3768
136.875,-14.46,626.1,1,0.89,3114,157.0,1884,3768
136.896,-15.66,626.1,1,0.83,3196,154.0,1848,3696
136.917,-16.28,618.9,1,0.76,3244,154.0,1848,3696
136.939,-16.51,618.9,1,0.69,3093,154.0,1848,3696
136.960,-17.43,622.5,1,0.62,2658,154.0,1848,3696
136.981,-20.96,622.5,1,0.37,2685,154.0,1848,3696
137.003,-28.47,629.7,1,0.05,3437,154.0,1848,3696
137.024,-27.98,663.3,1,0.01,3333,154.0,1848,3696
137.045,-27.84,,0,0.01,3245,152.5,1830,3660
137.067,-28.36,,0,0.01,3189,,,
137.088,-26.25,,0,0.01,2901,,,
137.109,-23.26,,0,0.01,2613,,,
137.131,-21.84,,0,0.01,2458,,,
137.152,-21.45,,0,0.01,2337,,,
137.173,-23.63,,0,0.01,2538,,,
137.195,-26.11,,0,0.01,2747,,,
137.216,-25.93,,0,0.01,2777,,,
137.237,-28.12,,0,0.01,2909,118.0,1416,2832
137.259,-27.47,,0,0.01,2838,118.0,1416,2832
137.280,-28.04,,0,0.01,2671,118.0,1416,2832
137.301,-29.23,,0,0.01,2767,118.0,1416,2832
137.323,-27.78,,0,0.01,2567,117.0,1404,2808
137.344,-28.04,,0,0.01,2560,110.0,1320,2640
137.365,-30.03,,0,0.01,2898,,,
137.387,-30.68,,0,0.01,2810,,,
137.408,-29.47,,0,0.01,2687,109.5,1314,2628
137.429,-26.69,,0,0.01,2429,109.0,1308,2616
137.451,-25.24,,0,0.01,2383,109.0,1308,2616
137.472,-23.32,,0,0.01,2353,109.0,1308,2616
137.493,-23.71,,0,0.01,2163,113.0,1356,2712
137.515,-28.37,,0,0.01,2365,113.0,1356,2712
137.536,-30.80,,0,0.01,2678,,,
137.557,-30.76,,0,0.01,2667,,,
137.579,-31.63,,0,0.01,2807,,,
137.600,-28.93,,0,0.01,2485,114.0,1368,2736
137.621,-27.47,,0,0.01,2277,114.0,1368,2736
137.643,-27.41,,0,0.01,2371,114.0,1368,2736
137.664,-26.37,,0,0.01,2339,114.0,1368,2736
137.685,-25.72,,0,0.01,2326,114.0,1368,2736
137.707,-26.11,,0,0.01,2312,114.0,1368,2736
137.728,-27.46,,0,0.01,2444,114.0,1368,2736
137.749,-28.08,,0,0.01,2485,114.0,1368,2736
137.771,-27.03,,0,0.01,2369,114.0,1368,2736
137.792,-27.50,,0,0.01,2570,,,
137.813,-26.67,,0,0.01,4730,,,
137.835,-14.89,,0,0.01,4904,,,
137.856,-14.95,,0,0.01,4681,,,
137.877,-18.74,,0,0.01,2788,,,
137.899,-18.72,,0,0.01,2717,,,
137.920,-28.60,,0,0.01,1822,,,
137.941,-31.48,,0,0.01,1697,,,
137.963,-30.33,,0,0.01,1717,,,
137.984,-29.48,,0,0.01,1636,,,
138.005,-29.17,,0,0.01,1638,114.0,1368,2736
138.027,-30.44,,0,0.01,1744,,,
138.048,-31.40,,0,0.01,1592,,,
138.069,-28.74,,0,0.01,1496,114.0,1368,2736
138.091,-27.76,,0,0.01,1383,112.0,1344,2688
138.112,-28.55,,0,0.01,1435,112.0,1344,2688
138.133,-27.68,,0,0.01,1376,111.5,1338,2676
138.155,-26.69,,0,0.01,1368,111.5,1338,2676
138.176,-25.94,,0,0.02,1385,111.5,1338,2676
138.197,-24.55,,0,0.02,1338,111.0,1332,2664
138.219,-25.28,,0,0.01,1324,111.0,1332,2664
138.240,-25.87,,0,0.02,1348,110.5,1326,2652
138.261,-25.09,,0,0.01,1279,110.5,1326,2652
138.283,-20.96,,0,0.01,1250,110.5,1326,2652
138.304,-20.88,,0,0.01,1279,110.5,1326,2652
138.325,-19.27,,0,0.01,1358,110.5,1326,2652
138.347,-18.64,,0,0.01,1486,110.0,1320,2640
138.368,-23.88,,0,0.02,1576,110.0,1320,2640
138.389,-30.28,,0,0.01,1438,,,
138.411,-32.00,,0,0.01,1607,,,
138.432,-32.01,,0,0.03,1682,,,
138.453,-31.53,,0,0.05,1632,,,
138.475,-31.31,,0,0.01,1572,,,
138.496,-17.35,,0,0.01,2796,,,
138.517,-13.18,,0,0.01,2780,,,
138.539,-14.74,,0,0.01,2583,,,
138.560,-23.48,,0,0.01,2095,,,
138.581,-27.42,,0,0.01,1496,,,
138.603,-22.91,,0,0.01,2054,148.0,1776,3552
138.624,-22.84,,0,0.01,2088,108.5,1302,2604
138.645,-20.46,,0,0.01,2071,108.5,1302,2604
138.667,-19.13,,0,0.01,1970,,,
138.688,-22.71,,0,0.01,1575,105.5,1266,2532
138.709,-22.76,,0,0.01,1779,,,
138.731,-19.67,,0,0.01,1884,,,
138.752,-20.95,,0,0.01,1749,,,
138.773,-27.22,,0,0.01,1371,,,
138.795,-30.50,,0,0.01,1338,,,
138.816,-32.71,,0,0.01,1564,,,
138.837,-34.55,,0,0.01,1677,,,
138.859,-34.78,,0,0.01,1675,,,
138.880,-34.33,,0,0.01,1613,,,
138.901,-33.49,,0,0.01,1625,,,
138.923,-33.02,,0,0.01,1618,,,
138.944,-31.84,,0,0.01,1553,,,
138.965,-30.61,,0,0.01,1538,,,
138.987,-30.30,,0,0.01,1545,,,
139.008,-30.74,,0,0.01,1628,,,
139.029,-30.40,,0,0.01,1592,,,
139.051,-30.04,,0,0.01,1612,,,
139.072,-29.51,,0,0.01,1589,101.0,1212,2424
139.093,-28.45,,0,0.01,1595,101.0,1212,2424
139.115,-27.50,,0,0.01,1639,101.0,1212,2424
139.136,-26.91,,0,0.01,1592,101.0,1212,2424
139.157,-26.71,,0,0.01,1569,101.0,1212,2424
139.179,-25.70,,0,0.01,1628,101.0,1212,2424
139.200,-24.13,,0,0.01,1597,101.0,1212,2424
139.221,-22.75,,0,0.01,1496,101.0,1212,2424
139.243,-21.89,,0,0.01,1431,99.5,1194,2388
139.264,-22.03,,0,0.01,1427,98.0,1176,2352
139.285,-24.02,,0,0.01,1505,98.0,1176,2352
139.307,-25.22,,0,0.01,1630,98.0,1176,2352
139.328,-22.99,,0,0.01,1573,98.0,1176,2352
139.349,-22.60,,0,0.01,1552,98.0,1176,2352
139.371,-22.18,,0,0.01,1605,97.5,1170,2340
139.392,-20.77,,0,0.01,1558,97.5,1170,2340
139.413,-20.91,,0,0.01,1585,97.5,1170,2340
139.435,-21.41,,0,0.01,1595,97.5,1170,2340
139.456,-20.84,,0,0.01,1562,96.5,1158,2316
139.477,-20.87,,0,0.01,1525,96.5,1158,2316
139.499,-21.71,,0,0.01,1595,96.5,1158,2316
139.520,-21.79,,0,0.01,1674,96.5,1158,2316
139.541,-22.39,,0,0.01,2110,96.5,1158,2316
139.563,-26.63,,0,0.01,2917,96.5,1158,2316
139.584,-52.07,,0,0.01,3914,,,
139.605,-53.09,,0,0.01,1114,,,
139.627,-49.98,,0,0.01,1099,,,
139.648,-48.36,,0,0.01,1081,,,
139.669,-46.87,,0,0.01,1089,,,
139.691,-45.70,,0,0.01,1138,,,
139.712,-43.31,,0,0.01,1014,,,
139.733,-41.52,,0,0.01,946,,,
139.755,-41.05,,0,0.01,972,,,
139.776,-41.13,,0,0.01,1101,,,
139.797,-39.66,,0,0.01,1079,,,
139.819,-38.68,,0,0.01,1063,,,
139.840,-37.64,,0,0.01,1068,,,
139.861,-37.25,,0,0.01,1052,,,
139.883,-37.23,,0,0.01,1111,,,
139.904,-35.61,,0,0.01,1088,,,
139.925,-34.24,,0,0.01,1028,,,
139.947,-33.91,,0,0.01,1039,,,
139.968,-34.33,,0,0.01,1047,,,
139.989,-34.47,,0,0.01,1089,,,
140.011,-33.58,,0,0.01,1150,,,
140.032,-32.84,,0,0.01,1165,,,
140.053,-31.55,,0,0.01,1122,,,
140.075,-31.05,,0,0.01,1049,,,
140.096,-31.21,,0,0.01,1017,,,
140.117,-29.74,,0,0.01,1044,,,
140.139,-30.49,,0,0.01,1048,,,
140.160,-32.59,,0,0.01,1173,,,
140.181,-30.22,,0,0.01,1127,,,
140.203,-29.27,,0,0.01,1104,,,
140.224,-29.65,,0,0.01,1178,,,
140.245,-27.36,,0,0.01,1141,,,
140.267,-26.53,,0,0.01,1038,,,
140.288,-27.59,,0,0.01,1106,,,
140.309,-26.49,,0,0.01,1137,,,
140.331,-26.46,,0,0.01,1055,,,
140.352,-27.34,,0,0.01,1083,,,
140.373,-26.16,,0,0.01,1115,,,
140.395,-25.80,,0,0.01,1110,,,
140.416,-25.53,,0,0.01,1091,,,
140.437,-24.56,,0,0.01,1041,,,
140.459,-24.99,,0,0.01,1071,,,
140.480,-25.46,,0,0.01,1078,,,
140.501,-24.71,,0,0.01,1067,,,
140.523,-23.54,,0,0.01,1031,,,
140.544,-23.65,,0,0.01,1081,,,
140.565,-24.42,,0,0.01,1231,,,
140.587,-22.58,,0,0.01,1129,,,
140.608,-22.58,,0,0.01,1098,106.0,1272,2544
140.629,-23.63,,0,0.01,1140,106.0,1272,2544
140.651,-22.83,,0,0.01,1102,106.0,1272,2544
140.672,-21.45,,0,0.01,1087,105.5,1266,2532
140.693,-20.47,,0,0.01,1020,105.5,1266,2532
140.715,-20.89,,0,0.01,1008,105.5,1266,2532
140.736,-21.97,,0,0.01,1070,105.5,1266,2532
140.757,-21.48,,0,0.01,1078,106.5,1278,2556
140.779,-20.60,,0,0.01,1100,106.5,1278,2556
140.800,-19.47,,0,0.01,1051,,,
140.821,-19.71,,0,0.01,974,,,
140.843,-21.42,,0,0.01,1082,,,
140.864,-20.68,,0,0.01,1153,,,
140.885,-20.18,,0,0.01,1138,,,
140.907,-19.66,,0,0.01,1091,,,
140.928,-19.38,,0,0.01,1043,,,
140.949,-20.30,,0,0.01,1075,,,
140.971,-20.43,,0,0.01,1110,,,
140.992,-18.99,,0,0.01,1087,,,
141.013,-19.02,,0,0.01,1038,,,
141.035,-19.71,,0,0.01,1084,,,
141.056,-18.63,,0,0.01,1059,,,
141.077,-18.85,,0,0.01,1078,,,
141.099,-19.66,,0,0.01,1080,,,
141.120,-19.42,,0,0.01,1053,,,
141.141,-20.02,,0,0.01,1105,,,
141.163,-20.04,,0,0.01,1156,,,
141.184,-19.61,,0,0.01,1065,,,
141.205,-19.52,,0,0.01,1080,,,
141.227,-19.62,,0,0.01,1046,,,
141.248,-19.59,,0,0.01,1119,,,
141.269,-18.73,,0,0.01,1077,,,
141.291,-19.41,,0,0.01,1153,,,
141.312,-20.31,,0,0.01,1189,,,
141.333,-20.90,,0,0.01,1152,,,
141.355,-20.92,,0,0.01,1147,,,
141.376,-19.77,,0,0.01,1123,,,
141.397,-20.29,,0,0.01,1061,,,
141.419,-20.51,,0,0.01,1134,,,
141.440,-19.45,,0,0.01,1108,,,
141.461,-19.32,,0,0.01,1108,,,
141.483,-20.00,,0,0.01,1202,,,
141.504,-19.68,,0,0.01,1158,,,
141.525,-19.64,,0,0.01,1197,,,
141.547,-18.89,,0,0.01,1164,,,
141.568,-17.91,,0,0.01,1075,,,
141.589,-18.67,,0,0.01,1067,,,
141.611,-19.20,,0,0.01,1112,,,
141.632,-19.81,,0,0.01,1153,,,
141.653,-20.29,,0,0.01,1218,,,
141.675,-19.09,,0,0.01,1154,,,
141.696,-18.78,,0,0.01,1075,,,
141.717,-19.71,,0,0.01,1082,,,
141.739,-19.92,,0,0.01,1111,,,
141.760,-19.41,,0,0.01,1125,,,
141.781,-19.69,,0,0.01,1241,,,
141.803,-20.33,,0,0.01,1224,,,
141.824,-19.41,,0,0.01,1209,,,
141.845,-19.29,,0,0.01,1205,,,
141.867,-19.64,,0,0.01,1187,,,
141.888,-18.89,,0,0.01,1142,,,
141.909,-17.80,,0,0.01,1070,,,
141.931,-18.08,548.2,1,0.01,1073,,,
141.952,-17.94,545.0,1,0.04,1148,,,
141.973,-16.96,545.0,1,0.03,1157,,,
141.995,-18.76,548.2,1,0.07,1173,,,
142.016,-18.17,554.6,1,0.07,1225,,,
142.037,-16.61,557.8,1,0.09,1155,,,
142.059,-16.93,557.8,1,0.18,1141,,,
142.080,-17.06,561.0,1,0.32,1180,,,
142.101,-16.34,561.0,1,0.48,1265,139.5,1674,3348
142.123,-15.88,564.3,1,0.62,1400,,,
142.144,-16.59,567.5,1,0.69,1328,,,
142.165,-17.15,570.8,1,0.62,1189,,,
142.187,-16.68,574.1,1,0.48,1237,142.5,1710,3420
142.208,-16.47,580.8,1,0.48,1295,142.5,1710,3420
142.229,-17.19,587.5,1,0.32,1334,142.5,1710,3420
142.251,-18.33,594.4,1,0.24,1346,,,
142.272,-18.69,611.8,1,0.13,1318,,,
142.293,-19.16,622.5,1,0.08,1319,,,
142.315,-19.13,618.9,1,0.18,1373,,,
142.336,-17.20,618.9,1,0.18,1422,,,
142.357,-17.53,615.3,1,0.09,1593,,,
142.379,-19.32,611.8,1,0.06,1527,,,
142.400,-17.45,611.8,1,0.03,1442,,,
142.421,-17.14,611.8,1,0.02,1428,,,
142.443,-19.36,611.8,1,0.02,1487,,,
142.464,-21.21,618.9,1,0.01,1539,,,
142.485,-19.82,,0,0.01,1521,,,
142.507,-18.42,,0,0.01,1497,,,
142.528,-18.64,,0,0.01,1563,,,
142.549,-19.00,,0,0.01,1625,,,
142.571,-18.96,,0,0.01,1644,,,
142.592,-18.54,,0,0.01,1666,,,
142.613,-19.07,,0,0.01,1629,,,
142.635,-19.62,,0,0.01,1566,,,
142.656,-18.76,,0,0.01,1567,,,
142.677,-18.95,,0,0.01,1586,,,
142.699,-19.93,,0,0.01,1647,,,
142.720,-20.07,,0,0.01,1593,,,
142.741,-19.29,,0,0.01,1545,,,
142.763,-19.23,,0,0.01,1555,,,
142.784,-19.83,,0,0.01,1601,,,
142.805,-19.91,,0,0.01,1644,,,
142.827,-20.13,,0,0.01,1771,,,
142.848,-19.98,,0,0.01,1791,,,
142.869,-19.72,,0,0.01,1792,,,
142.891,-19.50,,0,0.01,1820,,,
142.912,-18.83,,0,0.01,1821,,,
142.933,-18.60,,0,0.01,1908,193.5,2322,4644
142.955,-18.81,,0,0.01,2138,193.5,2322,4644
142.976,-18.52,,0,0.01,2132,193.0,2316,4632
142.997,-18.80,,0,0.01,2143,193.0,2316,4632
143.019,-18.73,,0,0.01,2245,193.0,2316,4632
143.040,-18.77,,0,0.01,2301,193.0,2316,4632
143.061,-18.37,,0,0.01,2384,383.5,4602,9204
143.083,-18.05,,0,0.01,2327,383.5,4602,9204
143.104,-18.12,,0,0.01,2262,383.5,4602,9204
143.125,-17.73,,0,0.01,2178,,,
143.147,-18.55,,0,0.01,2208,208.0,2496,4992
143.168,-19.63,,0,0.01,2381,208.0,2496,4992
143.189,-19.82,,0,0.01,2507,133.0,1596,3192
143.211,-19.86,,0,0.01,2553,133.0,1596,3192
143.232,-19.16,,0,0.01,2546,,,
143.253,-17.95,,0,0.01,2670,,,
143.275,-17.83,,0,0.01,2751,,,
143.296,-18.20,,0,0.01,2852,,,
143.317,-18.10,,0,0.01,3111,192.5,2310,4620
143.339,-17.94,,0,0.01,3358,192.5,2310,4620
143.360,-17.59,,0,0.01,3494,192.5,2310,4620
143.381,-17.52,,0,0.01,3723,192.5,2310,4620
143.403,-18.01,,0,0.01,4251,193.0,2316,4632
143.424,-18.42,,0,0.01,5318,386.0,4632,9264
143.445,-18.42,,0,0.00,6092,,,
143.467,-18.28,,0,0.00,6254,,,
143.488,-18.00,,0,0.01,6093,,,
143.509,-18.03,,0,0.00,5982,,,
143.531,-18.61,,0,0.01,5957,,,
143.552,-17.97,,0,0.01,5541,,,
143.573,-17.87,,0,0.01,5519,,,
143.595,-18.95,,0,0.01,5659,,,
143.616,-19.89,,0,0.01,5810,,,
143.637,-20.20,,0,0.00,5578,,,
143.659,-20.44,,0,0.01,5246,,,
143.680,-20.47,,0,0.01,5056,,,
143.701,-20.37,,0,0.01,4791,,,
143.723,-21.27,,0,0.01,4554,,,
143.744,-21.66,,0,0.00,4318,,,
143.765,-21.87,,0,0.01,4171,,,
143.787,-21.74,,0,0.01,3833,,,
143.808,-21.33,,0,0.00,3532,,,
143.829,-21.44,,0,0.01,3212,,,
143.851,-20.28,,0,0.01,2955,,,
143.872,-19.25,,0,0.01,2788,,,
143.893,-19.74,,0,0.01,2893,,,
143.915,-20.34,,0,0.01,2901,141.0,1692,3384
143.936,-20.87,,0,0.01,2898,141.0,1692,3384
143.957,-19.88,,0,0.01,2823,141.0,1692,3384
143.979,-18.83,,0,0.01,2733,141.0,1692,3384
144.000,-18.77,,0,0.01,2803,143.5,1722,3444
144.021,-18.89,,0,0.01,2844,143.5,1722,3444
144.043,-18.91,,0,0.01,2889,143.5,1722,3444
144.064,-18.46,,0,0.01,2758,143.0,1716,3432
144.085,-18.66,,0,0.01,2673,143.0,1716,3432
144.107,-18.91,,0,0.01,2724,143.0,1716,3432
144.128,-18.46,,0,0.01,2787,143.5,1722,3444
144.149,-18.50,,0,0.01,2642,,,
144.171,-18.75,,0,0.01,2790,,,
144.192,-18.76,,0,0.01,2927,,,
144.213,-18.79,,0,0.01,3059,,,
144.235,-18.19,,0,0.01,2874,,,
144.256,-17.86,,0,0.01,2889,,,
144.277,-17.97,,0,0.01,2926,,,
144.299,-18.13,,0,0.01,2973,,,
144.320,-17.88,,0,0.01,3023,,,
144.341,-17.73,309.4,1,0.01,3074,,,
144.363,-18.16,309.4,1,0.01,2898,,,
144.384,-18.46,314.9,1,0.01,2967,,,
144.405,-18.09,320.4,1,0.01,3218,,,
144.427,-18.53,326.0,1,0.01,2897,,,
144.448,-19.35,331.7,1,0.01,2816,,,
144.469,-18.78,335.5,1,0.01,2763,,,
144.491,-18.50,335.5,1,0.01,2821,,,
144.512,-17.68,335.5,1,0.01,2922,,,
144.533,-17.86,335.5,1,0.01,2885,,,
144.555,-18.28,335.5,1,0.01,2759,165.0,1980,3960
144.576,-18.49,331.7,1,0.01,2626,165.0,1980,3960
144.597,-19.05,324.1,1,0.01,2664,165.0,1980,3960
144.619,-17.80,324.1,1,0.01,2707,165.0,1980,3960
144.640,-17.83,331.7,1,0.01,2772,164.5,1974,3948
144.661,-18.40,335.5,1,0.01,2844,,,
144.683,-18.31,337.5,1,0.01,2918,,,
144.704,-18.61,339.4,1,0.01,2867,,,
144.725,-18.51,343.4,1,0.01,2842,,,
144.747,-18.67,347.3,1,0.01,2850,,,
144.768,-18.52,349.4,1,0.01,2836,,,
144.789,-17.62,353.4,1,0.01,2799,,,
144.811,-17.59,357.5,1,0.01,2715,,,
144.832,-18.12,357.5,1,0.01,2789,,,
144.853,-17.92,357.5,1,0.01,2865,,,
144.875,-17.80,355.5,1,0.01,2846,,,
144.896,-17.75,349.4,1,0.01,2707,,,
144.917,-17.94,347.3,1,0.01,2779,,,
144.939,-18.41,345.3,1,0.01,2856,,,
144.960,-18.18,339.4,1,0.01,2750,,,
144.981,-17.76,341.4,1,0.01,2739,,,
145.003,-17.75,339.4,1,0.01,2765,,,
145.024,-17.94,,0,0.01,3013,,,
145.045,-17.72,,0,0.01,3264,,,
145.067,-17.38,,0,0.01,3275,,,
145.088,-17.69,,0,0.01,3426,,,
145.109,-18.38,,0,0.01,3327,,,
145.131,-17.73,,0,0.01,3270,,,
145.152,-17.38,,0,0.01,3260,,,
145.173,-18.08,,0,0.01,3024,,,
145.195,-18.12,,0,0.01,2961,,,
145.216,-17.81,,0,0.01,2939,,,
145.237,-18.36,,0,0.01,2806,,,
145.259,-19.36,,0,0.01,2744,339.0,4068,8136
145.280,-19.85,,0,0.01,2768,339.0,4068,8136
145.301,-19.82,,0,0.01,2713,339.0,4068,8136
145.323,-19.40,,0,0.01,2609,339.0,4068,8136
145.344,-19.43,,0,0.01,2483,,,
145.365,-19.28,,0,0.01,2476,,,
145.387,-18.82,,0,0.01,2483,,,
145.408,-18.91,,0,0.01,2388,,,
145.429,-18.79,,0,0.01,2206,,,
145.451,-19.07,,0,0.01,2184,172.5,2070,4140
145.472,-19.89,,0,0.01,2191,172.5,2070,4140
145.493,-20.07,,0,0.01,2159,,,
145.515,-19.98,,0,0.01,2228,,,
145.536,-19.97,,0,0.01,2116,,,
145.557,-20.10,,0,0.01,2083,,,
145.579,-20.35,,0,0.01,2075,,,
145.600,-20.55,,0,0.01,1930,,,
145.621,-20.14,,0,0.01,1834,,,
145.643,-20.44,,0,0.01,1817,,,
145.664,-20.99,,0,0.01,1836,,,
145.685,-21.39,,0,0.01,1806,,,
145.707,-21.13,,0,0.01,1685,,,
145.728,-20.74,,0,0.01,1605,,,
145.749,-21.51,,0,0.01,1616,,,
145.771,-21.79,,0,0.01,1626,,,
145.792,-21.08,,0,0.01,1632,,,
145.813,-22.15,,0,0.01,1704,,,
145.835,-22.46,,0,0.01,1595,,,
145.856,-21.32,,0,0.01,1433,,,
145.877,-21.38,,0,0.01,1458,,,
145.899,-21.04,,0,0.01,1464,,,
145.920,-21.38,,0,0.01,1384,,,
145.941,-21.73,,0,0.01,1361,,,
145.963,-21.50,,0,0.01,1390,,,
145.984,-21.18,,0,0.01,1398,,,
146.005,-21.00,,0,0.01,1344,,,
146.027,-21.05,,0,0.01,1321,,,
146.048,-20.30,,0,0.01,1361,,,
146.069,-20.61,,0,0.01,1363,,,
146.091,-21.03,,0,0.01,1263,,,
146.112,-20.64,,0,0.01,1258,,,
146.133,-21.35,,0,0.01,1329,,,
146.155,-21.54,,0,0.01,1384,,,
146.176,-20.80,,0,0.01,1280,,,
146.197,-21.39,,0,0.01,1201,,,
146.219,-22.48,,0,0.01,1284,,,
146.240,-22.34,,0,0.01,1290,,,
146.261,-22.14,,0,0.01,1255,,,
146.283,-22.11,,0,0.01,1269,,,
146.304,-21.97,,0,0.01,1253,,,
146.325,-22.68,,0,0.01,1229,,,
146.347,-24.88,,0,0.01,1241,,,
146.368,-25.10,,0,0.01,1233,,,
146.389,-24.84,,0,0.01,1239,,,
146.411,-24.55,,0,0.01,1250,,,
146.432,-23.55,,0,0.01,1234,,,
146.453,-24.14,,0,0.01,1247,,,
146.475,-26.06,,0,0.01,1245,,,
146.496,-26.93,,0,0.01,1300,,,
146.517,-27.00,,0,0.01,1305,,,
146.539,-26.95,,0,0.01,1212,,,
146.560,-27.41,,0,0.01,1208,,,
146.581,-29.12,,0,0.01,1251,,,
146.603,-30.17,,0,0.01,1299,,,
146.624,-29.88,,0,0.01,1244,,,
146.645,-29.49,,0,0.01,1220,,,
146.667,-29.96,,0,0.01,1272,,,
146.688,-30.80,,0,0.01,1297,,,
146.709,-31.67,,0,0.01,1295,,,
146.731,-33.11,,0,0.01,1251,,,
146.752,-34.49,,0,0.01,1296,,,
146.773,-34.87,,0,0.01,1358,,,
146.795,-35.24,,0,0.01,1780,,,
146.816,-37.46,,0,0.01,2355,,,
146.837,-37.27,,0,0.01,1808,,,
146.859,-35.80,,0,0.01,1311,,,
146.880,-35.26,,0,0.01,1304,,,
146.901,-34.39,,0,0.01,1342,,,
146.923,-34.63,,0,0.01,1429,,,
146.944,-35.29,,0,0.01,1617,,,
146.965,-33.76,,0,0.01,1598,,,
146.987,-30.43,,0,0.01,1449,,,
147.008,-28.14,,0,0.01,1417,85.5,1026,2052
147.029,-29.01,,0,0.01,1382,85.5,1026,2052
147.051,-28.50,,0,0.01,1373,85.5,1026,2052
147.072,-27.76,,0,0.01,1389,86.0,1032,2064
147.093,-27.33,,0,0.01,1761,86.0,1032,2064
147.115,-25.65,,0,0.01,1755,86.0,1032,2064
147.136,-24.51,,0,0.01,1424,91.5,1098,2196
147.157,-23.86,,0,0.01,1367,91.0,1092,2184
147.179,-23.41,,0,0.01,1444,91.0,1092,2184
147.200,-23.18,,0,0.01,1474,91.0,1092,2184
147.221,-23.36,,0,0.01,1485,91.0,1092,2184
147.243,-22.97,,0,0.01,1509,91.0,1092,2184
147.264,-22.14,,0,0.01,1465,90.0,1080,2160
147.285,-21.50,,0,0.01,1451,90.0,1080,2160
147.307,-21.47,,0,0.01,1488,90.0,1080,2160
147.328,-20.96,,0,0.01,1476,89.5,1074,2148
147.349,-19.73,,0,0.01,1439,89.5,1074,2148
147.371,-19.31,,0,0.01,1451,89.5,1074,2148
147.392,-18.64,95.2,1,0.01,1411,101.0,1212,2424
147.413,-18.80,97.5,1,0.01,1525,101.0,1212,2424
147.435,-18.62,100.9,1,0.01,1524,101.0,1212,2424
147.456,-17.12,102.1,1,0.02,1346,101.5,1218,2436
147.477,-16.77,102.1,1,0.05,1325,100.5,1206,2412
147.499,-17.12,102.1,1,0.09,1301,100.5,1206,2412
147.520,-17.34,101.5,1,0.03,1309,100.5,1206,2412
147.541,-17.67,100.9,1,0.03,1320,100.5,1206,2412
147.563,-18.07,100.3,1,0.02,1288,100.5,1206,2412
147.584,-18.13,99.7,1,0.03,1316,100.0,1200,2400
147.605,-17.76,100.3,1,0.03,1297,100.0,1200,2400
147.627,-18.12,100.9,1,0.03,1266,100.0,1200,2400
147.648,-18.85,102.1,1,0.02,1274,100.0,1200,2400
147.669,-17.79,103.9,1,0.02,1227,100.0,1200,2400
147.691,-17.69,105.1,1,0.02,1242,103.0,1236,2472
147.712,-18.24,106.3,1,0.01,1288,107.0,1284,2568
147.733,-18.16,107.5,1,0.02,1286,108.0,1296,2592
147.755,-17.56,108.2,1,0.03,1248,108.0,1296,2592
147.776,-17.61,108.8,1,0.03,1238,108.0,1296,2592
147.797,-17.95,108.2,1,0.02,1222,108.0,1296,2592
147.819,-17.42,108.8,1,0.03,1233,108.0,1296,2592
147.840,-17.76,108.8,1,0.03,1262,108.0,1296,2592
147.861,-18.48,110.0,1,0.02,1322,108.0,1296,2592
147.883,-19.46,111.3,1,0.01,1514,109.5,1314,2628
147.904,-20.66,113.9,1,0.01,1547,110.5,1326,2652
147.925,-20.03,115.9,1,0.01,1399,116.0,1392,2784
147.947,-18.95,117.9,1,0.01,1363,116.0,1392,2784
147.968,-18.75,117.9,1,0.02,1336,119.0,1428,2856
147.989,-18.98,118.6,1,0.02,1399,119.0,1428,2856
148.011,-19.41,119.3,1,0.01,1471,119.0,1428,2856
148.032,-19.28,119.3,1,0.01,1507,119.0,1428,2856
148.053,-18.88,119.3,1,0.01,1467,119.0,1428,2856
148.075,-18.26,119.3,1,0.01,1415,119.0,1428,2856
148.096,-18.81,119.3,1,0.01,1461,119.0,1428,2856
148.117,-21.03,122.1,1,0.01,1562,119.0,1428,2856
148.139,-19.92,125.7,1,0.02,1550,119.0,1428,2856
148.160,-17.86,126.4,1,0.03,1478,126.0,1512,3024
148.181,-18.15,127.9,1,0.04,1405,127.5,1530,3060
148.203,-18.67,129.4,1,0.03,1528,127.5,1530,3060
148.224,-18.34,130.9,1,0.02,1620,129.0,1548,3096
148.245,-18.24,132.4,1,0.01,1624,133.5,1602,3204
148.267,-18.21,133.9,1,0.01,1667,134.0,1608,3216
148.288,-18.79,134.7,1,0.01,1815,134.0,1608,3216
148.309,-19.03,,0,0.01,1946,134.5,1614,3228
148.331,-18.60,,0,0.01,1880,134.5,1614,3228
148.352,-18.40,,0,0.01,1881,135.0,1620,3240
148.373,-18.31,,0,0.01,2001,135.0,1620,3240
148.395,-18.84,,0,0.01,2115,135.0,1620,3240
148.416,-19.50,,0,0.01,2163,135.5,1626,3252
148.437,-19.14,,0,0.01,2021,135.5,1626,3252
148.459,-18.94,,0,0.01,1957,135.5,1626,3252
148.480,-18.64,,0,0.01,1966,,,
148.501,-17.78,,0,0.02,2068,,,
148.523,-17.55,608.3,1,0.08,2095,,,
148.544,-17.45,615.3,1,0.21,2107,,,
148.565,-17.96,622.5,1,0.37,1965,,,
148.587,-18.70,622.5,1,0.48,2027,,,
148.608,-18.37,622.5,1,0.43,1887,156.0,1872,3744
148.629,-18.43,618.9,1,0.43,2131,155.5,1866,3732
148.651,-18.40,622.5,1,0.24,2298,155.5,1866,3732
148.672,-18.71,626.1,1,0.07,2350,,,
148.693,-20.15,633.4,1,0.02,2468,169.0,2028,4056
148.715,-20.28,640.7,1,0.01,2632,169.5,2034,4068
148.736,-19.34,644.4,1,0.01,2740,169.5,2034,4068
148.757,-19.15,,0,0.01,2653,169.5,2034,4068
148.779,-19.40,,0,0.01,2718,,,
148.800,-19.69,,0,0.01,2769,,,
148.821,-19.92,,0,0.01,2725,,,
148.843,-20.45,,0,0.01,2729,180.5,2166,4332
148.864,-20.08,,0,0.01,2737,180.5,2166,4332
148.885,-19.99,,0,0.01,2574,91.0,1092,2184
148.907,-20.14,357.5,1,0.01,2555,91.0,1092,2184
148.928,-20.47,355.5,1,0.01,2620,91.0,1092,2184
148.949,-20.58,363.8,1,0.01,2627,91.0,1092,2184
148.971,-19.48,365.9,1,0.01,2487,182.5,2190,4380
148.992,-19.76,365.9,1,0.01,2510,91.5,1098,2196
149.013,-20.65,365.9,1,0.01,2618,91.5,1098,2196
149.035,-19.23,357.5,1,0.01,2514,91.5,1098,2196
149.056,-18.93,361.7,1,0.01,2472,91.5,1098,2196
149.077,-19.49,368.0,1,0.01,2521,91.5,1098,2196
149.099,-19.18,372.3,1,0.01,2544,94.0,1128,2256
149.120,-19.80,376.6,1,0.02,2383,196.0,2352,4704
149.141,-20.84,381.0,1,0.01,2279,190.0,2280,4560
149.163,-20.48,381.0,1,0.01,2433,190.0,2280,4560
149.184,-20.92,387.6,1,0.01,2331,191.5,2298,4596
149.205,-20.27,387.6,1,0.01,2189,189.5,2274,4548
149.227,-19.82,394.4,1,0.01,2086,189.5,2274,4548
149.248,-20.28,396.7,1,0.01,2077,189.5,2274,4548
149.269,-19.64,401.3,1,0.01,2095,189.5,2274,4548
149.291,-20.17,403.6,1,0.01,2299,132.0,1584,3168
149.312,-19.86,406.0,1,0.01,2556,132.0,1584,3168
149.333,-19.60,408.3,1,0.01,2539,139.0,1668,3336
149.355,-19.97,410.7,1,0.02,2552,139.0,1668,3336
149.376,-20.01,408.3,1,0.01,2400,142.5,1710,3420
149.397,-20.34,403.6,1,0.01,2472,142.0,1704,3408
149.419,-20.47,401.3,1,0.01,2617,,,
149.440,-20.36,410.7,1,0.01,2640,134.5,1614,3228
149.461,-20.12,420.3,1,0.01,2712,134.5,1614,3228
149.483,-20.35,420.3,1,0.01,2750,134.5,1614,3228
149.504,-20.84,432.6,1,0.01,2919,134.5,1614,3228
149.525,-20.52,435.1,1,0.01,3103,135.0,1620,3240
149.547,-20.72,435.1,1,0.01,3159,103.0,1236,2472
149.568,-20.81,435.1,1,0.01,3107,103.0,1236,2472
149.589,-19.10,427.6,1,0.01,4830,103.5,1242,2484
149.611,-19.06,422.7,1,0.01,4928,102.5,1230,2460
149.632,-20.67,,0,0.01,3789,102.5,1230,2460
149.653,-20.41,,0,0.01,3459,102.5,1230,2460
149.675,-19.51,,0,0.01,3620,101.0,1212,2424
149.696,-20.26,,0,0.01,3524,101.0,1212,2424
149.717,-20.17,,0,0.01,3707,115.5,1386,2772
149.739,-19.75,,0,0.01,3397,114.5,1374,2748
149.760,-19.82,,0,0.01,3010,114.5,1374,2748
149.781,-19.53,,0,0.01,2837,114.5,1374,2748
149.803,-19.92,,0,0.01,2837,108.5,1302,2604
149.824,-19.72,,0,0.01,2822,108.5,1302,2604
149.845,-19.32,,0,0.01,3195,,,
149.867,-19.26,,0,0.01,3402,,,
149.888,-19.75,,0,0.01,3931,88.0,1056,2112
149.909,-19.20,,0,0.01,4410,,,
149.931,-18.82,,0,0.01,4571,,,
149.952,-19.58,,0,0.01,5000,,,
149.973,-19.74,,0,0.01,6110,,,
149.995,-19.28,,0,0.01,6904,157.5,1890,3780
150.016,-19.18,,0,0.01,7480,157.5,1890,3780
150.037,-18.34,,0,0.01,8284,157.5,1890,3780
150.059,-18.14,,0,0.00,8413,157.5,1890,3780
150.080,-19.24,,0,0.01,8105,157.5,1890,3780
150.101,-19.73,,0,0.01,7750,102.5,1230,2460
150.123,-19.99,,0,0.01,7094,102.5,1230,2460
150.144,-20.34,,0,0.01,6831,102.5,1230,2460
150.165,-21.21,,0,0.01,6590,102.5,1230,2460
150.187,-21.77,,0,0.01,6286,102.0,1224,2448
150.208,-21.72,,0,0.01,5999,102.5,1230,2460
150.229,-21.13,,0,0.01,5641,103.0,1236,2472
150.251,-20.52,,0,0.01,5422,103.0,1236,2472
150.272,-20.38,,0,0.01,5351,102.5,1230,2460
150.293,-20.86,,0,0.01,5239,102.5,1230,2460
150.315,-21.75,,0,0.01,5075,102.0,1224,2448
150.336,-21.74,,0,0.01,4819,120.5,1446,2892
150.357,-21.53,,0,0.01,5361,100.0,1200,2400
150.379,-21.46,,0,0.00,6196,100.0,1200,2400
150.400,-21.72,,0,0.01,6451,,,
150.421,-20.17,,0,0.01,6070,,,
150.443,-19.63,,0,0.01,5589,97.0,1164,2328
150.464,-20.66,,0,0.01,5259,97.0,1164,2328
150.485,-20.69,,0,0.01,4991,97.5,1170,2340
150.507,-20.61,,0,0.01,4975,97.5,1170,2340
150.528,-21.00,,0,0.01,4952,50.0,600,1200
150.549,-21.38,,0,0.00,4919,99.0,1188,2376
150.571,-19.32,,0,0.01,4539,99.0,1188,2376
150.592,-19.30,,0,0.01,4230,99.0,1188,2376
150.613,-20.80,,0,0.01,4304,99.0,1188,2376
150.635,-21.16,,0,0.01,4159,99.0,1188,2376
150.656,-22.04,,0,0.01,4409,96.0,1152,2304
150.677,-21.51,,0,0.01,4511,96.0,1152,2304
150.699,-21.07,,0,0.01,4309,96.5,1158,2316
150.720,-21.02,,0,0.00,4225,96.0,1152,2304
150.741,-21.53,,0,0.00,4147,96.0,1152,2304
150.763,-21.97,,0,0.01,3810,96.0,1152,2304
150.784,-21.01,,0,0.01,3644,110.0,1320,2640
150.805,-20.96,,0,0.01,3650,110.0,1320,2640
150.827,-20.32,,0,0.01,4432,126.0,1512,3024
150.848,-18.70,,0,0.01,6404,126.0,1512,3024
150.869,-19.50,,0,0.01,6729,126.0,1512,3024
150.891,-20.98,,0,0.01,5091,126.0,1512,3024
150.912,-20.62,,0,0.01,3560,113.0,1356,2712
150.933,-20.94,,0,0.01,3346,113.0,1356,2712
150.955,-21.99,,0,0.01,3127,113.0,1356,2712
150.976,-22.06,,0,0.01,2556,,,
150.997,-20.86,,0,0.01,2349,90.5,1086,2172
151.019,-19.93,,0,0.01,3175,90.5,1086,2172
151.040,-20.22,,0,0.01,3071,,,
151.061,-19.75,,0,0.01,1961,57.0,684,1368
151.083,-19.41,,0,0.01,1788,57.0,684,1368
151.104,-20.66,,0,0.01,1598,57.0,684,1368
151.125,-19.39,,0,0.01,1994,57.0,684,1368
151.147,-19.25,,0,0.01,2262,57.0,684,1368
151.168,-21.20,,0,0.01,1909,,,
151.189,-20.67,,0,0.01,1663,,,
151.211,-19.69,,0,0.01,1538,,,
151.232,-19.60,,0,0.01,1799,,,
151.253,-19.69,,0,0.01,1804,,,
151.275,-19.69,,0,0.01,1448,99.5,1194,2388
151.296,-19.80,,0,0.01,1468,99.5,1194,2388
151.317,-20.23,,0,0.01,1627,103.0,1236,2472
151.339,-20.90,,0,0.01,1788,103.0,1236,2472
151.360,-20.25,,0,0.01,1802,103.5,1242,2484
151.381,-19.55,,0,0.01,1735,,,
151.403,-18.62,,0,0.01,1593,,,
151.424,-19.13,,0,0.01,1570,,,
151.445,-19.68,,0,0.01,1649,,,
151.467,-18.05,,0,0.01,1607,,,
151.488,-18.26,,0,0.01,1599,,,
151.509,-19.89,,0,0.01,1559,,,
151.531,-20.59,,0,0.01,1590,,,
151.552,-20.20,,0,0.01,1531,,,
151.573,-20.26,,0,0.01,1516,,,
151.595,-20.28,,0,0.01,1511,,,
151.616,-19.17,,0,0.01,1360,,,
151.637,-17.08,,0,0.01,1317,,,
151.659,-16.86,,0,0.01,1359,,,
151.680,-18.52,,0,0.01,1231,,,
151.701,-20.67,,0,0.01,1229,105.0,1260,2520
151.723,-21.87,,0,0.01,1253,105.0,1260,2520
151.744,-19.68,,0,0.01,1198,105.0,1260,2520
151.765,-16.74,,0,0.01,1104,104.5,1254,2508
151.787,-15.54,,0,0.02,1096,104.5,1254,2508
151.808,-17.84,,0,0.02,1155,104.5,1254,2508
151.829,-22.46,,0,0.01,1341,107.5,1290,2580
151.851,-22.01,,0,0.01,1361,,,
151.872,-21.60,,0,0.01,1348,104.5,1254,2508
151.893,-21.24,,0,0.01,1321,107.5,1290,2580
151.915,-17.72,,0,0.01,1154,107.5,1290,2580
151.936,-16.91,,0,0.02,1126,107.5,1290,2580
151.957,-17.75,,0,0.07,1212,106.0,1272,2544
151.979,-16.75,,0,0.09,1116,106.0,1272,2544
152.000,-16.69,,0,0.06,1011,106.0,1272,2544
152.021,-17.88,,0,0.03,1063,106.0,1272,2544
152.043,-19.29,,0,0.01,1107,106.0,1272,2544
152.064,-20.05,,0,0.01,1144,,,
152.085,-19.32,,0,0.01,1171,,,
152.107,-19.82,,0,0.01,1163,102.0,1224,2448
152.128,-21.39,,0,0.01,1319,101.5,1218,2436
152.149,-20.76,,0,0.01,1351,100.5,1206,2412
152.171,-18.63,,0,0.01,1072,100.5,1206,2412
152.192,-18.46,,0,0.01,1053,102.5,1230,2460
152.213,-18.28,,0,0.01,1019,102.5,1230,2460
152.235,-16.35,,0,0.01,904,102.5,1230,2460
152.256,-17.20,,0,0.01,931,111.5,1338,2676
152.277,-19.01,,0,0.01,1177,111.0,1332,2664
152.299,-20.03,,0,0.01,1296,111.0,1332,2664
152.320,-22.71,,0,0.01,1148,111.0,1332,2664
152.341,-21.13,,0,0.01,1027,111.0,1332,2664
152.363,-19.37,,0,0.01,990,111.0,1332,2664
152.384,-19.02,,0,0.01,939,111.0,1332,2664
152.405,-19.28,,0,0.01,972,104.5,1254,2508
152.427,-20.24,,0,0.01,1005,104.5,1254,2508
152.448,-21.40,,0,0.01,1042,104.5,1254,2508
152.469,-23.23,,0,0.01,1105,104.5,1254,2508
152.491,-23.17,,0,0.01,1124,104.5,1254,2508
152.512,-21.15,,0,0.01,1052,99.0,1188,2376
152.533,-21.78,,0,0.01,965,,,
152.555,-24.69,,0,0.01,989,,,
152.576,-23.95,,0,0.01,995,,,
152.597,-22.98,,0,0.01,989,,,
152.619,-23.63,,0,0.01,1016,105.5,1266,2532
152.640,-23.66,,0,0.01,966,98.0,1176,2352
152.661,-24.04,,0,0.01,981,98.0,1176,2352
152.683,-26.03,,0,0.01,1056,98.0,1176,2352
152.704,-27.48,,0,0.01,1097,98.0,1176,2352
152.725,-27.57,,0,0.01,1131,98.0,1176,2352
152.747,-27.17,,0,0.01,1103,98.0,1176,2352
152.768,-27.33,,0,0.01,1122,,,
152.789,-28.75,,0,0.01,1198,94.5,1134,2268
152.811,-27.75,,0,0.01,1081,95.0,1140,2280
152.832,-27.22,,0,0.01,1069,95.0,1140,2280
152.853,-27.35,,0,0.01,1087,95.0,1140,2280
152.875,-27.69,,0,0.01,1042,95.0,1140,2280
152.896,-29.20,,0,0.01,1094,95.0,1140,2280
152.917,-29.84,,0,0.01,1126,95.5,1146,2292
152.939,-28.97,,0,0.01,1074,95.0,1140,2280
152.960,-28.49,,0,0.01,989,95.0,1140,2280
152.981,-30.07,,0,0.01,1031,,,
153.003,-31.08,,0,0.01,1080,,,
153.024,-30.37,,0,0.01,1083,,,
153.045,-30.63,,0,0.01,1104,,,
153.067,-28.94,,0,0.01,1098,92.5,1110,2220
153.088,-27.08,,0,0.01,1031,92.5,1110,2220
153.109,-28.14,,0,0.01,1062,92.0,1104,2208
153.131,-29.28,,0,0.01,1151,91.5,1098,2196
153.152,-29.29,,0,0.01,1101,91.5,1098,2196
153.173,-29.47,,0,0.01,1132,91.5,1098,2196
153.195,-27.85,,0,0.01,1106,91.5,1098,2196
153.216,-26.50,,0,0.01,1124,91.5,1098,2196
153.237,-25.78,,0,0.01,1076,91.5,1098,2196
153.259,-25.82,,0,0.01,3009,91.5,1098,2196
153.280,-28.88,,0,0.01,4988,91.5,1098,2196
153.301,-42.61,,0,0.02,5518,,,
153.323,-42.71,,0,0.01,2386,,,
153.344,-42.02,,0,0.01,2455,,,
153.365,-41.80,,0,0.01,2465,,,
153.387,-42.03,,0,0.01,2536,,,
153.408,-40.85,,0,0.01,2616,,,
153.429,-39.87,,0,0.01,2798,,,
153.451,-38.41,,0,0.01,2732,,,
153.472,-37.33,,0,0.01,2609,,,
153.493,-37.57,,0,0.01,2789,,,
153.515,-37.01,,0,0.01,2813,,,
153.536,-36.89,141.9,1,0.01,2941,,,
153.557,-36.49,141.9,1,0.01,2956,,,
153.579,-35.67,142.7,1,0.01,2891,,,
153.600,-35.04,143.5,1,0.01,3106,,,
153.621,-34.16,143.5,1,0.01,3104,,,
153.643,-32.68,144.4,1,0.01,2757,,,
153.664,-32.58,145.2,1,0.01,2586,,,
153.685,-31.36,145.2,1,0.01,2364,,,
153.707,-31.14,146.0,1,0.01,2443,,,
153.728,-33.18,146.0,1,0.01,2643,,,
153.749,-32.98,146.9,1,0.01,2732,,,
153.771,-31.46,146.9,1,0.01,2621,,,
153.792,-30.47,147.7,1,0.02,2489,,,
153.813,-29.62,148.6,1,0.02,2225,74.5,894,1788
153.835,-29.74,148.6,1,0.02,2416,,,
153.856,-29.39,149.5,1,0.02,2337,50.0,600,1200
153.877,-28.48,150.3,1,0.03,2323,152.0,1824,3648
153.899,-29.09,151.2,1,0.03,2434,101.0,1212,2424
153.920,-29.05,151.2,1,0.07,2388,101.0,1212,2424
153.941,-28.71,152.1,1,0.06,2367,101.0,1212,2424
153.963,-28.54,152.1,1,0.04,2393,101.5,1218,2436
153.984,-27.90,152.1,1,0.02,2310,101.5,1218,2436
154.005,-27.13,152.1,1,0.01,2165,102.0,1224,2448
154.027,-26.38,152.9,1,0.02,2065,102.0,1224,2448
154.048,-25.30,153.8,1,0.06,1889,51.5,618,1236
154.069,-24.62,154.7,1,0.09,2056,51.0,612,1224
154.091,-24.56,156.5,1,0.18,2157,156.5,1878,3756
154.112,-23.93,156.5,1,0.24,2027,156.5,1878,3756
154.133,-23.83,157.4,1,0.18,1914,78.5,942,1884
154.155,-23.62,156.5,1,0.24,2037,78.5,942,1884
154.176,-23.00,157.4,1,0.18,1977,78.5,942,1884
154.197,-22.90,157.4,1,0.24,1878,78.5,942,1884
154.219,-22.44,157.4,1,0.32,1960,78.5,942,1884
154.240,-22.58,157.4,1,0.37,2017,78.5,942,1884
154.261,-23.20,158.3,1,0.32,2049,,,
154.283,-24.44,158.3,1,0.15,2167,,,
154.304,-26.66,159.3,1,0.03,2268,110.0,1320,2640
154.325,-27.73,162.0,1,0.01,2261,54.5,654,1308
154.347,-27.76,163.0,1,0.01,2131,54.5,654,1308
154.368,-27.61,163.0,1,0.01,2103,82.5,990,1980
154.389,-27.55,163.9,1,0.01,2161,82.5,990,1980
154.411,-26.52,164.9,1,0.01,2148,82.5,990,1980
154.432,-26.01,165.8,1,0.01,2044,82.5,990,1980
154.453,-25.89,165.8,1,0.01,2160,82.5,990,1980
154.475,-25.81,166.8,1,0.01,1939,83.0,996,1992
154.496,-26.26,167.8,1,0.01,1878,83.5,1002,2004
154.517,-25.78,168.7,1,0.01,1911,83.5,1002,2004
154.539,-25.11,168.7,1,0.02,1949,84.5,1014,2028
154.560,-24.90,169.7,1,0.02,2002,84.5,1014,2028
154.581,-24.17,169.7,1,0.02,1968,84.5,1014,2028
154.603,-23.60,170.7,1,0.03,1933,84.5,1014,2028
154.624,-23.93,170.7,1,0.03,2068,84.5,1014,2028
154.645,-23.06,170.7,1,0.05,1918,85.0,1020,2040
154.667,-22.66,171.7,1,0.06,1868,85.5,1026,2052
154.688,-23.79,172.7,1,0.03,1930,85.5,1026,2052
154.709,-24.19,172.7,1,0.01,1892,86.0,1032,2064
154.731,-22.78,173.7,1,0.01,1865,175.0,2100,4200
154.752,-22.07,174.7,1,0.01,1744,175.0,2100,4200
154.773,-22.16,175.7,1,0.02,1849,175.0,2100,4200
154.795,-22.32,175.7,1,0.01,1906,176.5,2118,4236
154.816,-23.28,176.7,1,0.01,1863,177.0,2124,4248
154.837,-23.96,176.7,1,0.01,1901,177.5,2130,4260
154.859,-23.78,177.7,1,0.01,1954,178.0,2136,4272
154.880,-23.94,177.7,1,0.01,2019,178.0,2136,4272
154.901,-23.52,,0,0.01,2061,178.0,2136,4272
154.923,-21.49,,0,0.01,1816,178.0,2136,4272
154.944,-21.85,,0,0.01,1764,179.0,2148,4296
154.965,-23.46,,0,0.01,1846,181.0,2172,4344
154.987,-23.72,,0,0.01,1919,182.0,2184,4368
155.008,-24.25,,0,0.01,1995,92.0,1104,2208
155.029,-24.11,,0,0.01,1915,92.5,1110,2220
155.051,-24.79,,0,0.01,1984,92.5,1110,2220
155.072,-24.52,,0,0.01,1848,93.0,1116,2232
155.093,-23.90,,0,0.01,1920,93.0,1116,2232
155.115,-24.40,,0,0.01,2034,93.5,1122,2244
155.136,-24.97,93.6,1,0.01,2056,93.5,1122,2244
155.157,-24.49,94.2,1,0.01,1964,93.5,1122,2244
155.179,-24.37,94.7,1,0.01,1996,93.5,1122,2244
155.200,-24.84,94.7,1,0.01,1954,93.5,1122,2244
155.221,-24.80,95.2,1,0.01,2065,95.5,1146,2292
155.243,-24.92,95.8,1,0.01,2096,95.5,1146,2292
155.264,-24.20,96.4,1,0.01,1855,95.5,1146,2292
155.285,-23.71,96.4,1,0.01,1882,96.0,1152,2304
155.307,-23.55,96.9,1,0.01,1922,96.0,1152,2304
155.328,-24.26,96.9,1,0.01,2087,96.5,1158,2316
155.349,-24.81,97.5,1,0.01,2206,96.5,1158,2316
155.371,-23.89,97.5,1,0.01,2232,97.0,1164,2328
155.392,-24.20,98.6,1,0.01,2186,97.0,1164,2328
155.413,-24.86,99.2,1,0.01,2353,97.5,1170,2340
155.435,-24.27,99.7,1,0.01,2255,99.0,1188,2376
155.456,-24.13,100.3,1,0.01,2115,99.5,1194,2388
155.477,-24.51,99.7,1,0.01,2186,99.5,1194,2388
155.499,-24.23,99.7,1,0.01,2175,99.5,1194,2388
155.520,-24.38,100.3,1,0.01,2256,99.5,1194,2388
155.541,-25.12,100.3,1,0.01,2307,99.5,1194,2388
155.563,-24.75,100.3,1,0.01,2255,100.5,1206,2412
155.584,-23.80,100.9,1,0.01,2134,100.5,1206,2412
155.605,-23.88,101.5,1,0.02,2106,102.5,1230,2460
155.627,-24.50,102.1,1,0.02,1984,102.5,1230,2460
155.648,-23.36,102.1,1,0.02,2034,102.5,1230,2460
155.669,-21.90,102.7,1,0.06,1986,102.5,1230,2460
155.691,-21.58,102.7,1,0.06,1973,102.5,1230,2460
155.712,-21.71,103.3,1,0.06,1907,102.5,1230,2460
155.733,-21.45,103.3,1,0.03,1812,102.5,1230,2460
155.755,-21.24,103.9,1,0.05,1794,104.0,1248,2496
155.776,-21.71,104.5,1,0.08,1838,104.5,1254,2508
155.797,-21.43,105.1,1,0.06,1871,104.5,1254,2508
155.819,-21.34,105.1,1,0.05,1809,105.0,1260,2520
155.840,-21.46,105.7,1,0.06,1804,105.0,1260,2520
155.861,-21.10,105.7,1,0.04,1845,105.0,1260,2520
155.883,-21.65,105.7,1,0.04,1866,105.5,1266,2532
155.904,-21.56,105.7,1,0.02,1791,105.5,1266,2532
155.925,-21.03,106.3,1,0.02,1801,105.5,1266,2532
155.947,-21.38,106.9,1,0.03,1879,105.5,1266,2532
155.968,-21.40,107.5,1,0.06,1931,107.5,1290,2580
155.989,-21.27,108.8,1,0.06,1824,107.5,1290,2580
156.011,-21.03,109.4,1,0.08,1777,110.0,1320,2640
156.032,-20.06,110.0,1,0.08,1609,110.0,1320,2640
156.053,-19.95,110.7,1,0.15,1581,110.0,1320,2640
156.075,-20.49,110.7,1,0.15,1608,110.0,1320,2640
156.096,-20.71,110.7,1,0.18,1646,110.5,1326,2652
156.117,-20.08,110.7,1,0.18,1589,110.5,1326,2652
156.139,-19.61,110.7,1,0.13,1623,110.5,1326,2652
156.160,-20.15,111.3,1,0.15,1574,110.5,1326,2652
156.181,-20.51,111.3,1,0.11,1537,111.0,1332,2664
156.203,-20.89,112.6,1,0.04,1624,111.5,1338,2676
156.224,-20.97,113.9,1,0.04,1642,111.5,1338,2676
156.245,-20.41,115.2,1,0.02,1494,111.5,1338,2676
156.267,-20.90,116.6,1,0.01,1503,113.5,1362,2724
156.288,-21.13,116.6,1,0.01,1489,116.5,1398,2796
156.309,-21.17,119.3,1,0.01,1494,121.5,1458,2916
156.331,-21.32,120.7,1,0.01,1562,121.5,1458,2916
156.352,-20.51,,0,0.01,1602,121.5,1458,2916
156.373,-20.07,,0,0.01,1601,121.5,1458,2916
156.395,-20.41,,0,0.01,1579,121.5,1458,2916
156.416,-20.49,,0,0.01,1533,121.5,1458,2916
156.437,-20.55,,0,0.01,1648,121.5,1458,2916
156.459,-20.49,,0,0.01,1639,121.5,1458,2916
156.480,-19.79,,0,0.01,1614,121.5,1458,2916
156.501,-20.32,,0,0.01,1617,121.5,1458,2916
156.523,-20.61,124.2,1,0.01,1584,121.5,1458,2916
156.544,-19.82,126.4,1,0.01,1601,123.0,1476,2952
156.565,-19.49,127.9,1,0.02,1636,123.0,1476,2952
156.587,-19.53,129.4,1,0.02,1606,124.5,1494,2988
156.608,-19.57,130.1,1,0.01,1640,124.5,1494,2988
156.629,-19.69,131.6,1,0.01,1661,131.0,1572,3144
156.651,-19.19,,0,0.01,1650,131.5,1578,3156
156.672,-18.43,,0,0.01,1596,133.5,1602,3204
156.693,-18.11,,0,0.02,1553,133.5,1602,3204
156.715,-18.36,,0,0.01,1629,134.5,1614,3228
156.736,-19.43,,0,0.01,1679,134.5,1614,3228
156.757,-18.73,,0,0.01,1602,134.5,1614,3228
156.779,-18.16,,0,0.01,1577,135.0,1620,3240
156.800,-18.86,561.0,1,0.02,1578,135.0,1620,3240
156.821,-17.23,561.0,1,0.08,1616,135.0,1620,3240
156.843,-16.04,564.3,1,0.18,1611,136.5,1638,3276
156.864,-16.60,567.5,1,0.32,1657,115.0,1380,2760
156.885,-17.89,574.1,1,0.28,1839,,,
156.907,-19.02,580.8,1,0.28,1784,,,
156.928,-18.67,584.2,1,0.32,1752,,,
156.949,-17.50,587.5,1,0.37,1853,146.0,1752,3504
156.971,-17.01,590.9,1,0.55,1757,146.0,1752,3504
156.992,-17.50,597.8,1,0.55,1721,150.0,1800,3600
157.013,-17.88,604.8,1,0.48,1658,150.0,1800,3600
157.035,-17.27,611.8,1,0.55,1643,150.0,1800,3600
157.056,-17.61,618.9,1,0.62,1584,150.0,1800,3600
157.077,-18.93,626.1,1,0.55,1691,109.0,1308,2616
157.099,-19.05,637.0,1,0.37,1757,109.0,1308,2616
157.120,-19.66,640.7,1,0.21,1753,164.5,1974,3948
157.141,-19.22,640.7,1,0.21,1731,164.5,1974,3948
157.163,-18.95,640.7,1,0.11,1760,164.5,1974,3948
157.184,-20.53,640.7,1,0.04,1899,164.5,1974,3948
157.205,-20.97,644.4,1,0.02,1865,164.5,1974,3948
157.227,-20.86,648.2,1,0.01,1917,,,
157.248,-21.77,648.2,1,0.01,1922,,,
157.269,-21.97,671.0,1,0.01,2001,,,
157.291,-21.82,702.8,1,0.01,2227,,,
157.312,-21.37,710.9,1,0.01,2302,,,
157.333,-20.44,,0,0.01,2261,125.5,1506,3012
157.355,-21.35,,0,0.01,2348,125.5,1506,3012
157.376,-21.52,,0,0.01,2437,125.5,1506,3012
157.397,-21.05,,0,0.01,2422,120.5,1446,2892
157.419,-20.49,,0,0.01,2403,,,
157.440,-19.29,,0,0.01,2435,,,
157.461,-18.77,,0,0.01,2437,,,
157.483,-20.12,,0,0.01,2451,118.0,1416,2832
157.504,-21.26,361.7,1,0.01,2679,118.0,1416,2832
157.525,-20.91,368.0,1,0.01,2679,132.0,1584,3168
157.547,-21.20,374.4,1,0.01,2665,132.0,1584,3168
157.568,-20.15,374.4,1,0.01,2677,132.0,1584,3168
157.589,-19.49,374.4,1,0.01,2598,132.0,1584,3168
157.611,-19.87,370.1,1,0.01,2660,117.5,1410,2820
157.632,-20.06,370.1,1,0.01,2631,117.5,1410,2820
157.653,-19.96,374.4,1,0.01,2642,117.5,1410,2820
157.675,-20.52,381.0,1,0.01,2523,117.5,1410,2820
157.696,-21.25,394.4,1,0.01,2399,112.0,1344,2688
157.717,-21.27,374.4,1,0.01,2600,112.0,1344,2688
157.739,-20.96,381.0,1,0.01,2545,112.5,1350,2700
157.760,-20.90,381.0,1,0.01,2638,112.5,1350,2700
157.781,-20.59,387.6,1,0.01,2807,112.5,1350,2700
157.803,-20.42,387.6,1,0.01,2781,111.5,1338,2676
157.824,-20.06,385.4,1,0.01,2675,103.5,1242,2484
157.845,-19.81,385.4,1,0.01,2864,103.5,1242,2484
157.867,-20.10,381.0,1,0.01,3080,103.5,1242,2484
157.888,-19.96,387.6,1,0.01,2978,136.5,1638,3276
157.909,-20.34,385.4,1,0.01,2900,136.5,1638,3276
157.931,-21.17,387.6,1,0.01,2874,136.5,1638,3276
157.952,-21.13,,0,0.01,2959,,,
157.973,-21.17,,0,0.01,3015,104.5,1254,2508
157.995,-21.00,,0,0.01,2975,104.5,1254,2508
158.016,-20.32,,0,0.01,2947,104.5,1254,2508
158.037,-20.27,,0,0.01,3037,127.0,1524,3048
158.059,-20.37,,0,0.01,3211,127.0,1524,3048
158.080,-21.26,,0,0.01,2966,127.0,1524,3048
158.101,-21.36,,0,0.01,2832,127.0,1524,3048
158.123,-21.11,,0,0.01,2947,127.0,1524,3048
158.144,-20.43,,0,0.01,2818,92.0,1104,2208
158.165,-19.48,,0,0.01,2635,92.0,1104,2208
158.187,-20.06,,0,0.01,2698,92.0,1104,2208
158.208,-19.33,,0,0.01,2621,92.0,1104,2208
158.229,-18.52,,0,0.01,2441,,,
158.251,-18.51,,0,0.01,2421,,,
158.272,-18.26,,0,0.01,2405,,,
158.293,-18.30,,0,0.01,2347,,,
158.315,-18.94,,0,0.01,2543,114.0,1368,2736
158.336,-19.03,,0,0.01,2603,114.0,1368,2736
158.357,-18.72,,0,0.01,2406,91.0,1092,2184
158.379,-19.10,,0,0.01,2518,91.0,1092,2184
158.400,-18.33,,0,0.01,2576,91.0,1092,2184
158.421,-17.70,,0,0.01,2472,122.5,1470,2940
158.443,-18.43,,0,0.01,2712,122.5,1470,2940
158.464,-19.02,,0,0.01,2970,122.5,1470,2940
158.485,-19.22,,0,0.01,3106,124.5,1494,2988
158.507,-19.27,,0,0.01,3072,124.5,1494,2988
158.528,-19.09,,0,0.01,2989,124.5,1494,2988
158.549,-18.62,,0,0.01,3289,124.5,1494,2988
158.571,-18.56,,0,0.01,3642,124.5,1494,2988
158.592,-18.86,,0,0.01,3707,124.5,1494,2988
158.613,-18.33,,0,0.01,3512,124.5,1494,2988
158.635,-18.01,378.8,1,0.01,3648,124.5,1494,2988
158.656,-18.83,381.0,1,0.01,3640,128.0,1536,3072
158.677,-19.59,381.0,1,0.02,3793,128.0,1536,3072
158.699,-19.85,385.4,1,0.02,4007,98.0,1176,2352
158.720,-19.34,385.4,1,0.02,4101,98.0,1176,2352
158.741,-19.17,385.4,1,0.02,4181,98.0,1176,2352
158.763,-19.60,396.7,1,0.06,4339,195.5,2346,4692
158.784,-19.92,396.7,1,0.03,4537,195.5,2346,4692
158.805,-20.55,396.7,1,0.06,4636,195.5,2346,4692
158.827,-20.10,394.4,1,0.03,4501,195.5,2346,4692
158.848,-19.48,394.4,1,0.02,4352,195.5,2346,4692
158.869,-18.49,394.4,1,0.03,4460,65.5,786,1572
158.891,-17.63,394.4,1,0.04,4575,65.5,786,1572
158.912,-18.21,394.4,1,0.04,4809,65.5,786,1572
158.933,-18.29,392.1,1,0.05,5245,130.0,1560,3120
158.955,-17.48,387.6,1,0.05,5268,127.0,1524,3048
158.976,-17.74,385.4,1,0.05,5400,383.0,4596,9192
158.997,-18.75,383.2,1,0.04,5778,383.5,4602,9204
159.019,-19.56,383.2,1,0.02,6356,383.5,4602,9204
159.040,-19.26,383.2,1,0.01,7093,383.5,4602,9204
159.061,-18.94,383.2,1,0.01,7565,383.5,4602,9204
159.083,-19.00,381.0,1,0.01,7653,383.5,4602,9204
159.104,-19.16,381.0,1,0.01,7619,383.5,4602,9204
159.125,-19.90,381.0,1,0.01,7345,383.5,4602,9204
159.147,-20.26,378.8,1,0.01,7161,383.5,4602,9204
159.168,-19.91,359.6,1,0.01,7037,166.5,1998,3996
159.189,-19.58,,0,0.01,6826,166.5,1998,3996
159.211,-19.90,,0,0.01,6716,166.5,1998,3996
159.232,-20.39,,0,0.01,6602,83.5,1002,2004
159.253,-20.76,,0,0.01,6255,83.5,1002,2004
159.275,-19.59,,0,0.01,5451,70.0,840,1680
159.296,-19.72,,0,0.00,5450,70.0,840,1680
159.317,-22.13,,0,0.00,5649,70.0,840,1680
159.339,-22.04,,0,0.01,5687,103.5,1242,2484
159.360,-20.36,,0,0.01,6410,103.5,1242,2484
159.381,-18.55,,0,0.01,6307,103.5,1242,2484
159.403,-18.87,,0,0.01,5515,103.5,1242,2484
159.424,-20.41,,0,0.01,4871,92.0,1104,2208
159.445,-20.68,,0,0.01,4552,92.0,1104,2208
159.467,-20.48,,0,0.00,4538,92.0,1104,2208
159.488,-20.30,,0,0.01,4563,92.0,1104,2208
159.509,-20.16,,0,0.01,4552,92.0,1104,2208
159.531,-19.85,,0,0.01,4223,92.0,1104,2208
159.552,-19.18,,0,0.01,4458,92.0,1104,2208
159.573,-20.10,,0,0.01,5371,90.5,1086,2172
159.595,-20.48,,0,0.01,6451,90.5,1086,2172
159.616,-19.54,,0,0.00,5970,71.5,858,1716
159.637,-20.55,,0,0.01,5295,56.0,672,1344
159.659,-20.21,,0,0.01,5047,56.0,672,1344
159.680,-18.72,,0,0.01,4750,56.0,672,1344
159.701,-19.47,,0,0.01,4479,72.0,864,1728
159.723,-21.04,,0,0.01,4919,72.0,864,1728
159.744,-21.14,,0,0.01,5279,90.0,1080,2160
159.765,-21.16,,0,0.01,5547,91.5,1098,2196
159.787,-21.14,,0,0.00,5360,91.5,1098,2196
159.808,-20.89,,0,0.01,5199,91.5,1098,2196
159.829,-20.86,,0,0.01,4923,91.5,1098,2196
159.851,-20.50,,0,0.01,4697,90.0,1080,2160
159.872,-19.88,,0,0.01,4635,90.0,1080,2160
159.893,-20.04,,0,0.01,4512,90.0,1080,2160
159.915,-19.91,,0,0.01,4296,108.0,1296,2592
159.936,-19.64,,0,0.01,3864,105.5,1266,2532
159.957,-20.10,,0,0.01,3776,105.5,1266,2532
159.979,-19.95,,0,0.01,3769,105.5,1266,2532
160.000,-20.27,,0,0.01,3462,94.5,1134,2268
160.021,-21.12,,0,0.01,3507,94.5,1134,2268
160.043,-20.29,,0,0.01,3455,94.5,1134,2268
160.064,-20.80,,0,0.01,3388,99.0,1188,2376
160.085,-22.72,,0,0.01,3506,104.5,1254,2508
160.107,-22.76,,0,0.01,3559,104.5,1254,2508
160.128,-22.38,,0,0.01,3559,105.5,1266,2532
160.149,-22.97,,0,0.01,3501,105.5,1266,2532
160.171,-23.21,,0,0.01,3355,105.5,1266,2532
160.192,-23.16,,0,0.01,3188,85.5,1026,2052
160.213,-22.12,,0,0.01,3026,85.5,1026,2052
160.235,-21.87,,0,0.01,2965,86.0,1032,2064
160.256,-22.57,,0,0.01,3083,86.0,1032,2064
160.277,-22.82,,0,0.01,3035,86.0,1032,2064
160.299,-22.49,,0,0.01,2957,127.0,1524,3048
160.320,-21.72,,0,0.01,2901,127.0,1524,3048
160.341,-20.99,,0,0.01,2729,127.0,1524,3048
160.363,-21.08,,0,0.01,2622,103.5,1242,2484
160.384,-22.61,,0,0.01,2683,103.5,1242,2484
160.405,-23.80,,0,0.01,2864,103.5,1242,2484
160.427,-23.02,,0,0.01,2747,,,
160.448,-21.05,,0,0.01,2446,106.0,1272,2544
160.469,-19.43,,0,0.01,2312,106.0,1272,2544
160.491,-20.69,,0,0.01,2169,106.0,1272,2544
160.512,-20.86,,0,0.01,2022,106.0,1272,2544
160.533,-20.18,,0,0.01,2105,106.0,1272,2544
160.555,-21.60,,0,0.02,2322,105.5,1266,2532
160.576,-22.49,,0,0.02,2333,123.0,1476,2952
160.597,-23.56,,0,0.01,2347,123.0,1476,2952
160.619,-22.02,,0,0.01,2180,123.0,1476,2952
160.640,-20.95,,0,0.01,2093,123.0,1476,2952
160.661,-21.29,,0,0.01,2120,123.0,1476,2952
160.683,-21.80,,0,0.01,2184,124.0,1488,2976
160.704,-21.73,,0,0.01,2333,124.0,1488,2976
160.725,-22.95,,0,0.01,2825,126.0,1512,3024
160.747,-28.39,,0,0.01,3224,122.5,1470,2940
160.768,-64.92,,0,0.01,3555,,,
160.789,-67.70,,0,0.00,20,,,
160.811,-70.63,,0,0.01,13,,,
160.832,-75.96,,0,0.01,11,,,
160.853,-78.90,,0,0.00,10,,,
160.875,-82.44,,0,0.00,9,,,
160.896,-85.81,,0,0.00,9,,,
160.917,-89.56,,0,0.00,9,,,
160.939,-93.31,,0,0.00,9,,,
160.960,-96.63,,0,0.00,9,,,
160.981,-100.08,,0,0.00,9,,,
161.003,-103.64,,0,0.00,10,,,
161.024,-107.25,,0,0.00,11,,,
161.045,-110.74,,0,0.00,9,,,
161.067,-114.40,,0,0.00,10,,,
161.088,-118.15,,0,0.00,11,,,
161.109,-121.34,,0,0.01,14,,,
161.131,-123.88,,0,0.01,15,,,
161.152,-125.07,,0,0.01,15,,,
161.173,-128.22,,0,0.01,16,,,
161.195,-133.28,,0,0.01,22,,,
161.216,-180.00,,0,0.01,37,,,
161.237,-180.00,,0,0.00,0,,,
161.259,-180.00,,0,0.00,0,,,
161.280,-180.00,,0,0.00,0,,,
161.301,-180.00,,0,0.00,0,,,
161.323,-180.00,,0,0.00,0,,,
161.344,-180.00,,0,0.00,0,,,
161.365,-180.00,,0,0.00,0,,,
161.387,-180.00,,0,0.00,0,,,
161.408,-180.00,,0,0.00,0,,,
161.429,-180.00,,0,0.00,0,,,
161.451,-180.00,,0,0.00,0,,,
161.472,-180.00,,0,0.00,0,,,
161.493,-180.00,,0,0.00,0,,,
161.515,-180.00,,0,0.00,0,,,
161.536,-180.00,,0,0.00,0,,,
161.557,-180.00,,0,0.00,0,,,
161.579,-180.00,,0,0.00,0,,,
161.600,-180.00,,0,0.00,0,,,
161.621,-180.00,,0,0.00,0,,,
161.643,-180.00,,0,0.00,0,,,
161.664,-180.00,,0,0.00,0,,,
161.685,-180.00,,0,0.00,0,,,
161.707,-180.00,,0,0.00,0,,,
161.728,-180.00,,0,0.00,0,,,
161.749,-180.00,,0,0.00,0,,,
161.771,-180.00,,0,0.00,0,,,
161.792,-180.00,,0,0.00,0,,,
161.813,-180.00,,0,0.00,0,,,
161.835,-180.00,,0,0.00,0,,,
161.856,-180.00,,0,0.00,0,,,
161.877,-180.00,,0,0.00,0,,,
161.899,-180.00,,0,0.00,0,,,
161.920,-180.00,,0,0.00,0,,,
161.941,-180.00,,0,0.00,0,,,
161.963,-180.00,,0,0.00,0,,,
161.984,-180.00,,0,0.00,0,,,
162.005,-180.00,,0,0.00,0,,,
162.027,-180.00,,0,0.00,0,,,
162.048,-180.00,,0,0.00,0,,,
162.069,-180.00,,0,0.00,0,,,
162.091,-180.00,,0,0.00,0,,,
162.112,-180.00,,0,0.00,0,,,
162.133,-180.00,,0,0.00,0,,,
162.155,-180.00,,0,0.00,0,,,
162.176,-180.00,,0,0.00,0,,,
162.197,-180.00,,0,0.00,0,,,
162.219,-180.00,,0,0.00,0,,,
162.240,-180.00,,0,0.00,0,,,
162.261,-180.00,,0,0.00,0,,,
162.283,-180.00,,0,0.00,0,,,
162.304,-180.00,,0,0.00,0,,,
162.325,-180.00,,0,0.00,0,,,
162.347,-180.00,,0,0.00,0,,,
162.368,-180.00,,0,0.00,0,,,
162.389,-180.00,,0,0.00,0,,,
162.411,-180.00,,0,0.00,0,,,
162.432,-180.00,,0,0.00,0,,,
162.453,-180.00,,0,0.00,0,,,
162.475,-180.00,,0,0.00,0,,,
162.496,-180.00,,0,0.00,0,,,
162.517,-180.00,,0,0.00,0,,,
162.539,-180.00,,0,0.00,0,,,
162.560,-180.00,,0,0.00,0,,,
162.581,-180.00,,0,0.00,0,,,
162.603,-180.00,,0,0.00,0,,,
162.624,-180.00,,0,0.00,0,,,
162.645,-180.00,,0,0.00,0,,,
162.667,-180.00,,0,0.00,0,,,
162.688,-180.00,,0,0.00,0,,,
162.709,-180.00,,0,0.00,0,,,
162.731,-180.00,,0,0.00,0,,,
162.752,-180.00,,0,0.00,0,,,
162.773,-180.00,,0,0.00,0,,,
162.795,-180.00,,0,0.00,0,,,
162.816,-180.00,,0,0.00,0,,,
162.837,-180.00,,0,0.00,0,,,
162.859,-180.00,,0,0.00,0,,,
162.880,-180.00,,0,0.00,0,,,
162.901,-180.00,,0,0.00,0,,,
162.923,-180.00,,0,0.00,0,,,
162.944,-180.00,,0,0.00,0,,,
162.965,-180.00,,0,0.00,0,,,
162.987,-180.00,,0,0.00,0,,,
163.008,-180.00,,0,0.00,0,,,
163.029,-180.00,,0,0.00,0,,,
163.051,-180.00,,0,0.00,0,,,
163.072,-180.00,,0,0.00,0,,,
163.093,-180.00,,0,0.00,0,,,
163.115,-180.00,,0,0.00,0,,,
163.136,-180.00,,0,0.00,0,,,
163.157,-180.00,,0,0.00,0,,,
163.179,-180.00,,0,0.00,0,,,
163.200,-180.00,,0,0.00,0,,,
163.221,-180.00,,0,0.00,0,,,
163.243,-180.00,,0,0.00,0,,,
163.264,-180.00,,0,0.00,0,,,
163.285,-180.00,,0,0.00,0,,,
163.307,-180.00,,0,0.00,0,,,
163.328,-180.00,,0,0.00,0,,,
163.349,-180.00,,0,0.00,0,,,
163.371,-180.00,,0,0.00,0,,,
163.392,-180.00,,0,0.00,0,,,
163.413,-180.00,,0,0.00,0,,,
163.435,-180.00,,0,0.00,0,,,
163.456,-180.00,,0,0.00,0,,,
163.477,-180.00,,0,0.00,0,,,
163.499,-180.00,,0,0.00,0,,,
163.520,-180.00,,0,0.00,0,,,
163.541,-180.00,,0,0.00,0,,,
163.563,-180.00,,0,0.00,0,,,
163.584,-180.00,,0,0.00,0,,,
163.605,-180.00,,0,0.00,0,,,
163.627,-180.00,,0,0.00,0,,,
163.648,-180.00,,0,0.00,0,,,
163.669,-180.00,,0,0.00,0,,,
163.691,-180.00,,0,0.00,0,,,
163.712,-180.00,,0,0.00,0,,,
163.733,-180.00,,0,0.00,0,,,
163.755,-180.00,,0,0.00,0,,,
163.776,-180.00,,0,0.00,0,,,
163.797,-180.00,,0,0.00,0,,,
163.819,-180.00,,0,0.00,0,,,
163.840,-180.00,,0,0.00,0,,,
163.861,-180.00,,0,0.00,0,,,
163.883,-180.00,,0,0.00,0,,,
163.904,-180.00,,0,0.00,0,,,
163.925,-180.00,,0,0.00,0,,,
163.947,-180.00,,0,0.00,0,,,
163.968,-180.00,,0,0.00,0,,,
163.989,-180.00,,0,0.00,0,,,
164.011,-180.00,,0,0.00,0,,,
164.032,-180.00,,0,0.00,0,,,
164.053,-180.00,,0,0.00,0,,,
164.075,-180.00,,0,0.00,0,,,
164.096,-180.00,,0,0.00,0,,,
164.117,-180.00,,0,0.00,0,,,
164.139,-180.00,,0,0.00,0,,,
164.160,-180.00,,0,0.00,0,,,
164.181,-180.00,,0,0.00,0,,,
164.203,-180.00,,0,0.00,0,,,
164.224,-180.00,,0,0.00,0,,,
164.245,-180.00,,0,0.00,0,,,
164.267,-180.00,,0,0.00,0,,,
164.288,-180.00,,0,0.00,0,,,
164.309,-180.00,,0,0.00,0,,,
164.331,-180.00,,0,0.00,0,,,
164.352,-180.00,,0,0.00,0,,,
164.373,-180.00,,0,0.00,0,,,
164.395,-180.00,,0,0.00,0,,,
164.416,-180.00,,0,0.00,0,,,
164.437,-180.00,,0,0.00,0,,,
164.459,-180.00,,0,0.00,0,,,
164.480,-180.00,,0,0.00,0,,,
164.501,-180.00,,0,0.00,0,,,
164.523,-180.00,,0,0.00,0,,,
164.544,-180.00,,0,0.00,0,,,
164.565,-180.00,,0,0.00,0,,,
164.587,-180.00,,0,0.00,0,,,
164.608,-180.00,,0,0.00,0,,,
164.629,-180.00,,0,0.00,0,,,
164.651,-180.00,,0,0.00,0,,,
164.672,-180.00,,0,0.00,0,,,
164.693,-180.00,,0,0.00,0,,,
164.715,-180.00,,0,0.00,0,,,
164.736,-180.00,,0,0.00,0,,,
164.757,-180.00,,0,0.00,0,,,
164.779,-180.00,,0,0.00,0,,,
164.800,-180.00,,0,0.00,0,,,
164.821,-180.00,,0,0.00,0,,,
164.843,-180.00,,0,0.00,0,,,
164.864,-180.00,,0,0.00,0,,,
164.885,-180.00,,0,0.00,0,,,
164.907,-180.00,,0,0.00,0,,,
164.928,-180.00,,0,0.00,0,,,
164.949,-180.00,,0,0.00,0,,,
164.971,-180.00,,0,0.00,0,,,
164.992,-180.00,,0,0.00,0,,,
165.013,-180.00,,0,0.00,0,,,
165.035,-180.00,,0,0.00,0,,,
165.056,-180.00,,0,0.00,0,,,
165.077,-180.00,,0,0.00,0,,,
165.099,-180.00,,0,0.00,0,,,
165.120,-180.00,,0,0.00,0,,,
165.141,-180.00,,0,0.00,0,,,
165.163,-180.00,,0,0.00,0,,,
165.184,-180.00,,0,0.00,0,,,
165.205,-180.00,,0,0.00,0,,,
165.227,-180.00,,0,0.00,0,,,
165.248,-180.00,,0,0.00,0,,,
165.269,-180.00,,0,0.00,0,,,
165.291,-180.00,,0,0.00,0,,,
165.312,-180.00,,0,0.00,0,,,
165.333,-180.00,,0,0.00,0,,,
165.355,-180.00,,0,0.00,0,,,
165.376,-180.00,,0,0.00,0,,,
165.397,-180.00,,0,0.00,0,,,
165.419,-180.00,,0,0.00,0,,,
165.440,-180.00,,0,0.00,0,,,
165.461,-180.00,,0,0.00,0,,,
165.483,-180.00,,0,0.00,0,,,
165.504,-180.00,,0,0.00,0,,,
165.525,-180.00,,0,0.00,0,,,
165.547,-180.00,,0,0.00,0,,,
165.568,-180.00,,0,0.00,0,,,
165.589,-180.00,,0,0.00,0,,,
165.611,-180.00,,0,0.00,0,,,
165.632,-180.00,,0,0.00,0,,,
165.653,-180.00,,0,0.00,0,,,
165.675,-180.00,,0,0.00,0,,,
165.696,-180.00,,0,0.00,0,,,
165.717,-180.00,,0,0.00,0,,,
165.739,-180.00,,0,0.00,0,,,
165.760,-180.00,,0,0.00,0,,,
165.781,-180.00,,0,0.00,0,,,
165.803,-180.00,,0,0.00,0,,,
165.824,-180.00,,0,0.00,0,,,
165.845,-180.00,,0,0.00,0,,,
165.867,-180.00,,0,0.00,0,,,
165.888,-180.00,,0,0.00,0,,,
165.909,-180.00,,0,0.00,0,,,
165.931,-180.00,,0,0.00,0,,,
165.952,-180.00,,0,0.00,0,,,
165.973,-180.00,,0,0.00,0,,,
165.995,-180.00,,0,0.00,0,,,
166.016,-180.00,,0,0.00,0,,,
166.037,-180.00,,0,0.00,0,,,
166.059,-180.00,,0,0.00,0,,,
166.080,-180.00,,0,0.00,0,,,
166.101,-180.00,,0,0.00,0,,,
166.123,-180.00,,0,0.00,0,,,
166.144,-180.00,,0,0.00,0,,,
166.165,-180.00,,0,0.00,0,,,
166.187,-180.00,,0,0.00,0,,,
166.208,-180.00,,0,0.00,0,,,
166.229,-180.00,,0,0.00,0,,,
166.251,-180.00,,0,0.00,0,,,
166.272,-180.00,,0,0.00,0,,,
166.293,-180.00,,0,0.00,0,,,
166.315,-180.00,,0,0.00,0,,,
166.336,-180.00,,0,0.00,0,,,
166.357,-180.00,,0,0.00,0,,,
166.379,-180.00,,0,0.00,0,,,
166.400,-180.00,,0,0.00,0,,,
166.421,-180.00,,0,0.00,0,,,
166.443,-180.00,,0,0.00,0,,,
166.464,-180.00,,0,0.00,0,,,
166.485,-180.00,,0,0.00,0,,,
166.507,-180.00,,0,0.00,0,,,
166.528,-180.00,,0,0.00,0,,,
166.549,-180.00,,0,0.00,0,,,
166.571,-180.00,,0,0.00,0,,,
166.592,-180.00,,0,0.00,0,,,
166.613,-180.00,,0,0.00,0,,,
166.635,-180.00,,0,0.00,0,,,
166.656,-180.00,,0,0.00,0,,,
166.677,-180.00,,0,0.00,0,,,
166.699,-180.00,,0,0.00,0,,,
166.720,-180.00,,0,0.00,0,,,
166.741,-180.00,,0,0.00,0,,,
166.763,-180.00,,0,0.00,0,,,
166.784,-180.00,,0,0.00,0,,,
166.805,-180.00,,0,0.00,0,,,
166.827,-180.00,,0,0.00,0,,,
166.848,-180.00,,0,0.00,0,,,
166.869,-180.00,,0,0.00,0,,,
166.891,-180.00,,0,0.00,0,,,
166.912,-180.00,,0,0.00,0,,,
166.933,-180.00,,0,0.00,0,,,
166.955,-180.00,,0,0.00,0,,,
166.976,-180.00,,0,0.00,0,,,
166.997,-180.00,,0,0.00,0,,,
167.019,-180.00,,0,0.00,0,,,
167.040,-180.00,,0,0.00,0,,,
167.061,-180.00,,0,0.00,0,,,
167.083,-180.00,,0,0.00,0,,,
167.104,-180.00,,0,0.00,0,,,
167.125,-180.00,,0,0.00,0,,,
167.147,-180.00,,0,0.00,0,,,
167.168,-180.00,,0,0.00,0,,,
167.189,-180.00,,0,0.00,0,,,
167.211,-180.00,,0,0.00,0,,,
167.232,-180.00,,0,0.00,0,,,
167.253,-180.00,,0,0.00,0,,,
167.275,-180.00,,0,0.00,0,,,
167.296,-180.00,,0,0.00,0,,,
167.317,-180.00,,0,0.00,0,,,
167.339,-180.00,,0,0.00,0,,,
167.360,-180.00,,0,0.00,0,,,
167.381,-180.00,,0,0.00,0,,,
167.403,-180.00,,0,0.00,0,,,
167.424,-180.00,,0,0.00,0,,,
167.445,-180.00,,0,0.00,0,,,
167.467,-180.00,,0,0.00,0,,,
167.488,-180.00,,0,0.00,0,,,
167.509,-180.00,,0,0.00,0,,,
167.531,-180.00,,0,0.00,0,,,
167.552,-180.00,,0,0.00,0,,,
167.573,-180.00,,0,0.00,0,,,
167.595,-180.00,,0,0.00,0,,,
167.616,-180.00,,0,0.00,0,,,
167.637,-180.00,,0,0.00,0,,,
167.659,-180.00,,0,0.00,0,,,
167.680,-180.00,,0,0.00,0,,,
167.701,-180.00,,0,0.00,0,,,
167.723,-180.00,,0,0.00,0,,,
167.744,-180.00,,0,0.00,0,,,
167.765,-180.00,,0,0.00,0,,,
167.787,-180.00,,0,0.00,0,,,
167.808,-180.00,,0,0.00,0,,,
167.829,-180.00,,0,0.00,0,,,
167.851,-180.00,,0,0.00,0,,,
167.872,-180.00,,0,0.00,0,,,
167.893,-180.00,,0,0.00,0,,,
167.915,-180.00,,0,0.00,0,,,
167.936,-180.00,,0,0.00,0,,,
167.957,-180.00,,0,0.00,0,,,
167.979,-180.00,,0,0.00,0,,,
168.000,-180.00,,0,0.00,0,,,
168.021,-180.00,,0,0.00,0,,,
168.043,-180.00,,0,0.00,0,,,
168.064,-180.00,,0,0.00,0,,,
168.085,-180.00,,0,0.00,0,,,
168.107,-180.00,,0,0.00,0,,,
168.128,-180.00,,0,0.00,0,,,
168.149,-180.00,,0,0.00,0,,,
168.171,-180.00,,0,0.00,0,,,
168.192,-180.00,,0,0.00,0,,,
168.213,-180.00,,0,0.00,0,,,
168.235,-180.00,,0,0.00,0,,,
168.256,-180.00,,0,0.00,0,,,
168.277,-180.00,,0,0.00,0,,,
168.299,-180.00,,0,0.00,0,,,
168.320,-180.00,,0,0.00,0,,,
168.341,-180.00,,0,0.00,0,,,
168.363,-180.00,,0,0.00,0,,,
168.384,-180.00,,0,0.00,0,,,
168.405,-180.00,,0,0.00,0,,,
168.427,-180.00,,0,0.00,0,,,
168.448,-180.00,,0,0.00,0,,,
168.469,-180.00,,0,0.00,0,,,
168.491,-180.00,,0,0.00,0,,,
168.512,-180.00,,0,0.00,0,,,
168.533,-180.00,,0,0.00,0,,,
168.555,-180.00,,0,0.00,0,,,
168.576,-180.00,,0,0.00,0,,,
168.597,-180.00,,0,0.00,0,,,
168.619,-180.00,,0,0.00,0,,,
