test,t_s,kmh,gang,drehzahl,strecke_m
beschleunigung,0.0,0.00,1,0,0.00
beschleunigung,0.1,0.86,1,990,0.01
beschleunigung,0.2,1.73,1,990,0.05
beschleunigung,0.3,2.59,1,990,0.11
beschleunigung,0.4,3.45,1,990,0.20
beschleunigung,0.5,4.31,1,990,0.30
beschleunigung,0.6,5.17,1,990,0.44
beschleunigung,0.7,6.03,1,990,0.59
beschleunigung,0.8,6.89,1,990,0.77
beschleunigung,0.9,7.75,1,990,0.98
beschleunigung,1.0,8.61,1,1004,1.21
beschleunigung,1.1,9.47,1,1106,1.46
beschleunigung,1.2,10.33,1,1207,1.73
beschleunigung,1.3,11.19,1,1308,2.03
beschleunigung,1.4,12.05,1,1409,2.36
beschleunigung,1.5,12.91,1,1510,2.71
beschleunigung,1.6,13.77,1,1612,3.08
beschleunigung,1.7,14.62,1,1712,3.47
beschleunigung,1.8,15.44,1,1808,3.89
beschleunigung,1.9,16.21,1,1900,4.33
beschleunigung,2.0,16.95,1,1987,4.79
beschleunigung,2.1,17.65,1,2070,5.28
beschleunigung,2.2,18.27,2,1437,5.78
beschleunigung,2.3,18.79,2,1477,6.29
beschleunigung,2.4,19.30,2,1518,6.82
beschleunigung,2.5,19.82,2,1559,7.36
beschleunigung,2.6,20.33,2,1599,7.92
beschleunigung,2.7,20.88,2,1641,8.49
beschleunigung,2.8,21.51,2,1691,9.08
beschleunigung,2.9,22.12,2,1739,9.69
beschleunigung,3.0,22.72,2,1787,10.31
beschleunigung,3.1,23.30,2,1833,10.95
beschleunigung,3.2,23.88,2,1878,11.61
beschleunigung,3.3,24.43,2,1922,12.28
beschleunigung,3.4,24.98,2,1965,12.97
beschleunigung,3.5,25.51,2,2007,13.67
beschleunigung,3.6,26.02,2,2048,14.39
beschleunigung,3.7,26.52,2,2087,15.12
beschleunigung,3.8,27.00,2,2125,15.86
beschleunigung,3.9,27.37,3,1473,16.62
beschleunigung,4.0,27.71,3,1491,17.38
beschleunigung,4.1,28.05,3,1509,18.16
beschleunigung,4.2,28.39,3,1528,18.94
beschleunigung,4.3,28.73,3,1546,19.74
beschleunigung,4.4,29.19,3,1570,20.54
beschleunigung,4.5,29.69,3,1597,21.36
beschleunigung,4.6,30.19,3,1624,22.19
beschleunigung,4.7,30.69,3,1651,23.04
beschleunigung,4.8,31.18,3,1677,23.90
beschleunigung,4.9,31.67,3,1704,24.77
beschleunigung,5.0,32.15,3,1729,25.66
beschleunigung,5.1,32.63,3,1755,26.56
beschleunigung,5.2,33.09,3,1780,27.47
beschleunigung,5.3,33.56,3,1805,28.40
beschleunigung,5.4,34.01,3,1830,29.34
beschleunigung,5.5,34.46,3,1854,30.29
beschleunigung,5.6,34.91,3,1878,31.25
beschleunigung,5.7,35.35,3,1902,32.23
beschleunigung,5.8,35.78,3,1925,33.22
beschleunigung,5.9,36.21,3,1948,34.22
beschleunigung,6.0,36.63,3,1971,35.23
beschleunigung,6.1,37.05,3,1993,36.25
beschleunigung,6.2,37.45,3,2015,37.29
beschleunigung,6.3,37.85,3,2037,38.33
beschleunigung,6.4,38.24,3,2058,39.39
beschleunigung,6.5,38.63,3,2079,40.46
beschleunigung,6.6,39.01,3,2099,41.54
beschleunigung,6.7,39.37,3,2119,42.63
beschleunigung,6.8,39.70,4,1498,43.73
beschleunigung,6.9,39.93,4,1506,44.83
beschleunigung,7.0,40.15,4,1514,45.95
beschleunigung,7.1,40.38,4,1523,47.06
beschleunigung,7.2,40.60,4,1531,48.19
beschleunigung,7.3,40.86,4,1541,49.32
beschleunigung,7.4,41.22,4,1554,50.46
beschleunigung,7.5,41.59,4,1568,51.61
beschleunigung,7.6,41.95,4,1582,52.77
beschleunigung,7.7,42.32,4,1596,53.94
beschleunigung,7.8,42.68,4,1609,55.12
beschleunigung,7.9,43.05,4,1623,56.32
beschleunigung,8.0,43.41,4,1637,57.52
beschleunigung,8.1,43.77,4,1651,58.73
beschleunigung,8.2,44.13,4,1664,59.95
beschleunigung,8.3,44.49,4,1678,61.18
beschleunigung,8.4,44.85,4,1691,62.42
beschleunigung,8.5,45.20,4,1705,63.67
beschleunigung,8.6,45.55,4,1718,64.93
beschleunigung,8.7,45.90,4,1731,66.20
beschleunigung,8.8,46.25,4,1744,67.48
beschleunigung,8.9,46.59,4,1757,68.77
beschleunigung,9.0,46.93,4,1770,70.07
beschleunigung,9.1,47.27,4,1783,71.38
beschleunigung,9.2,47.61,4,1795,72.70
beschleunigung,9.3,47.94,4,1808,74.03
beschleunigung,9.4,48.27,4,1821,75.37
beschleunigung,9.5,48.60,4,1833,76.71
beschleunigung,9.6,48.93,4,1845,78.07
beschleunigung,9.7,49.25,4,1857,79.43
beschleunigung,9.8,49.57,4,1870,80.80
beschleunigung,9.9,49.89,4,1882,82.18
vmax,0.0,0.00,1,0,0.00
vmax,0.1,0.52,1,990,0.01
vmax,0.2,1.12,1,990,0.03
vmax,0.3,1.77,1,990,0.07
vmax,0.4,2.47,1,990,0.13
vmax,0.5,3.20,1,990,0.21
vmax,0.6,3.97,1,990,0.31
vmax,0.7,4.75,1,990,0.43
vmax,0.8,5.55,1,990,0.58
vmax,0.9,6.37,1,990,0.74
vmax,1.0,7.19,1,990,0.93
vmax,1.1,8.03,1,990,1.15
vmax,1.2,8.86,1,1035,1.38
vmax,1.3,9.71,1,1134,1.64
vmax,1.4,10.56,1,1233,1.92
vmax,1.5,11.41,1,1333,2.23
vmax,1.6,12.26,1,1434,2.56
vmax,1.7,13.11,1,1534,2.91
vmax,1.8,13.97,1,1635,3.29
vmax,1.9,14.81,1,1734,3.69
vmax,2.0,15.61,1,1829,4.11
vmax,2.1,16.38,1,1919,4.56
vmax,2.2,17.11,1,2006,5.02
vmax,2.3,17.79,1,2087,5.51
vmax,2.4,18.39,2,1446,6.01
vmax,2.5,18.90,2,1486,6.53
vmax,2.6,19.42,2,1527,7.06
vmax,2.7,19.93,2,1568,7.61
vmax,2.8,20.45,2,1608,8.17
vmax,2.9,21.01,2,1652,8.75
vmax,3.0,21.64,2,1701,9.34
vmax,3.1,22.25,2,1749,9.95
vmax,3.2,22.84,2,1797,10.58
vmax,3.3,23.43,2,1843,11.22
vmax,3.4,23.99,2,1888,11.88
vmax,3.5,24.55,2,1931,12.56
vmax,3.6,25.09,2,1974,13.25
vmax,3.7,25.62,2,2016,13.95
vmax,3.8,26.13,2,2056,14.67
vmax,3.9,26.62,2,2095,15.40
vmax,4.0,27.09,2,2132,16.15
vmax,4.1,27.44,3,1476,16.91
vmax,4.2,27.78,3,1495,17.68
vmax,4.3,28.12,3,1513,18.45
vmax,4.4,28.46,3,1531,19.24
vmax,4.5,28.80,3,1550,20.03
vmax,4.6,29.30,3,1576,20.84
vmax,4.7,29.80,3,1603,21.66
vmax,4.8,30.29,3,1629,22.50
vmax,4.9,30.79,3,1656,23.35
vmax,5.0,31.29,3,1683,24.21
vmax,5.1,31.77,3,1709,25.09
vmax,5.2,32.25,3,1735,25.98
vmax,5.3,32.73,3,1760,26.88
vmax,5.4,33.19,3,1786,27.80
vmax,5.5,33.65,3,1811,28.72
vmax,5.6,34.11,3,1835,29.67
vmax,5.7,34.56,3,1859,30.62
vmax,5.8,35.00,3,1883,31.59
vmax,5.9,35.44,3,1907,32.57
vmax,6.0,35.87,3,1930,33.56
vmax,6.1,36.30,3,1953,34.56
vmax,6.2,36.72,3,1976,35.57
vmax,6.3,37.13,3,1998,36.60
vmax,6.4,37.54,3,2020,37.64
vmax,6.5,37.94,3,2041,38.69
vmax,6.6,38.33,3,2063,39.75
vmax,6.7,38.71,3,2083,40.82
vmax,6.8,39.08,3,2103,41.90
vmax,6.9,39.45,3,2123,42.99
vmax,7.0,39.75,4,1499,44.09
vmax,7.1,39.97,4,1508,45.20
vmax,7.2,40.19,4,1516,46.31
vmax,7.3,40.42,4,1525,47.43
vmax,7.4,40.64,4,1533,48.56
vmax,7.5,40.94,4,1544,49.69
vmax,7.6,41.30,4,1557,50.83
vmax,7.7,41.67,4,1571,51.99
vmax,7.8,42.03,4,1585,53.15
vmax,7.9,42.40,4,1599,54.32
vmax,8.0,42.76,4,1612,55.50
vmax,8.1,43.12,4,1626,56.70
vmax,8.2,43.49,4,1640,57.90
vmax,8.3,43.85,4,1654,59.11
vmax,8.4,44.21,4,1667,60.34
vmax,8.5,44.57,4,1681,61.57
vmax,8.6,44.93,4,1694,62.81
vmax,8.7,45.28,4,1707,64.07
vmax,8.8,45.63,4,1721,65.33
vmax,8.9,45.98,4,1734,66.60
vmax,9.0,46.32,4,1747,67.89
vmax,9.1,46.67,4,1760,69.18
vmax,9.2,47.01,4,1773,70.48
vmax,9.3,47.34,4,1785,71.79
vmax,9.4,47.68,4,1798,73.11
vmax,9.5,48.01,4,1811,74.44
vmax,9.6,48.34,4,1823,75.78
vmax,9.7,48.67,4,1836,77.13
vmax,9.8,49.00,4,1848,78.48
vmax,9.9,49.32,4,1860,79.85
vmax,10.0,49.64,4,1872,81.22
vmax,10.1,49.96,4,1884,82.61
vmax,10.2,50.27,4,1896,84.00
vmax,10.3,50.59,4,1908,85.40
vmax,10.4,50.90,4,1920,86.81
vmax,10.5,51.21,4,1931,88.23
vmax,10.6,51.51,4,1943,89.66
vmax,10.7,51.82,4,1954,91.09
vmax,10.8,52.12,4,1966,92.54
vmax,10.9,52.42,4,1977,93.99
vmax,11.0,52.72,4,1988,95.45
vmax,11.1,53.01,4,2000,96.92
vmax,11.2,53.30,4,2010,98.39
vmax,11.3,53.59,4,2021,99.88
vmax,11.4,53.88,4,2032,101.37
vmax,11.5,54.16,4,2043,102.87
vmax,11.6,54.44,4,2053,104.38
vmax,11.7,54.71,4,2064,105.90
vmax,11.8,54.98,4,2074,107.42
vmax,11.9,55.25,4,2084,108.95
vmax,12.0,55.52,4,2094,110.49
vmax,12.1,55.78,4,2104,112.04
vmax,12.2,56.04,4,2114,113.59
vmax,12.3,56.30,4,2124,115.15
vmax,12.4,56.56,4,2133,116.72
vmax,12.5,56.70,5,1552,118.29
vmax,12.6,56.84,5,1556,119.87
vmax,12.7,56.98,5,1560,121.45
vmax,12.8,57.12,5,1564,123.04
vmax,12.9,57.26,5,1568,124.63
vmax,13.0,57.52,5,1575,126.22
vmax,13.1,57.77,5,1582,127.82
vmax,13.2,58.03,5,1589,129.43
vmax,13.3,58.28,5,1596,131.05
vmax,13.4,58.54,5,1602,132.67
vmax,13.5,58.79,5,1609,134.30
vmax,13.6,59.05,5,1616,135.94
vmax,13.7,59.30,5,1623,137.58
vmax,13.8,59.55,5,1630,139.23
vmax,13.9,59.81,5,1637,140.89
vmax,14.0,60.06,5,1644,142.55
vmax,14.1,60.31,5,1651,144.23
vmax,14.2,60.56,5,1658,145.90
vmax,14.3,60.81,5,1665,147.59
vmax,14.4,61.06,5,1672,149.28
vmax,14.5,61.31,5,1678,150.98
vmax,14.6,61.56,5,1685,152.69
vmax,14.7,61.81,5,1692,154.40
vmax,14.8,62.05,5,1699,156.13
vmax,14.9,62.30,5,1705,157.85
vmax,15.0,62.54,5,1712,159.59
vmax,15.1,62.78,5,1719,161.33
vmax,15.2,63.02,5,1725,163.07
vmax,15.3,63.26,5,1732,164.83
vmax,15.4,63.50,5,1738,166.59
vmax,15.5,63.74,5,1745,168.36
vmax,15.6,63.97,5,1751,170.13
vmax,15.7,64.21,5,1758,171.91
vmax,15.8,64.44,5,1764,173.70
vmax,15.9,64.68,5,1771,175.49
vmax,16.0,64.91,5,1777,177.29
vmax,16.1,65.14,5,1783,179.10
vmax,16.2,65.37,5,1790,180.91
vmax,16.3,65.60,5,1796,182.73
vmax,16.4,65.83,5,1802,184.56
vmax,16.5,66.05,5,1808,186.39
vmax,16.6,66.28,5,1814,188.23
vmax,16.7,66.50,5,1821,190.07
vmax,16.8,66.73,5,1827,191.92
vmax,16.9,66.95,5,1833,193.78
vmax,17.0,67.17,5,1839,195.64
vmax,17.1,67.39,5,1845,197.51
vmax,17.2,67.61,5,1851,199.39
vmax,17.3,67.83,5,1857,201.27
vmax,17.4,68.05,5,1863,203.16
vmax,17.5,68.26,5,1869,205.05
vmax,17.6,68.48,5,1875,206.95
vmax,17.7,68.69,5,1881,208.85
vmax,17.8,68.91,5,1886,210.76
vmax,17.9,69.12,5,1892,212.68
vmax,18.0,69.33,5,1898,214.61
vmax,18.1,69.54,5,1904,216.53
vmax,18.2,69.75,5,1910,218.47
vmax,18.3,69.96,5,1915,220.41
vmax,18.4,70.17,5,1921,222.36
vmax,18.5,70.37,5,1927,224.31
vmax,18.6,70.58,5,1932,226.27
vmax,18.7,70.78,5,1938,228.23
vmax,18.8,70.99,5,1943,230.20
vmax,18.9,71.19,5,1949,232.17
vmax,19.0,71.39,5,1955,234.15
vmax,19.1,71.59,5,1960,236.14
vmax,19.2,71.79,5,1966,238.13
vmax,19.3,71.99,5,1971,240.13
vmax,19.4,72.19,5,1976,242.13
vmax,19.5,72.39,5,1982,244.14
vmax,19.6,72.58,5,1987,246.15
vmax,19.7,72.78,5,1993,248.17
vmax,19.8,72.97,5,1998,250.20
vmax,19.9,73.16,5,2003,252.23
vmax,20.0,73.35,5,2008,254.26
vmax,20.1,73.54,5,2013,256.30
vmax,20.2,73.73,5,2019,258.35
vmax,20.3,73.92,5,2024,260.40
vmax,20.4,74.10,5,2029,262.46
vmax,20.5,74.29,5,2034,264.52
vmax,20.6,74.47,5,2039,266.58
vmax,20.7,74.65,5,2044,268.65
vmax,20.8,74.83,5,2049,270.73
vmax,20.9,75.01,5,2054,272.81
vmax,21.0,75.19,5,2059,274.90
vmax,21.1,75.37,5,2064,276.99
vmax,21.2,75.55,5,2068,279.09
vmax,21.3,75.72,5,2073,281.19
vmax,21.4,75.90,5,2078,283.29
vmax,21.5,76.07,5,2083,285.40
vmax,21.6,76.24,5,2087,287.52
vmax,21.7,76.41,5,2092,289.64
vmax,21.8,76.58,5,2097,291.77
vmax,21.9,76.75,5,2101,293.90
vmax,22.0,76.91,5,2106,296.03
vmax,22.1,77.08,5,2110,298.17
vmax,22.2,77.25,5,2115,300.31
vmax,22.3,77.41,5,2119,302.46
vmax,22.4,77.57,5,2124,304.61
vmax,22.5,77.73,5,2128,306.77
vmax,22.6,77.89,5,2133,308.93
vmax,22.7,77.99,6,1668,311.10
vmax,22.8,78.07,6,1670,313.27
vmax,22.9,78.15,6,1671,315.43
vmax,23.0,78.23,6,1673,317.61
vmax,23.1,78.31,6,1675,319.78
vmax,23.2,78.46,6,1678,321.96
vmax,23.3,78.63,6,1681,324.14
vmax,23.4,78.80,6,1685,326.33
vmax,23.5,78.96,6,1689,328.52
vmax,23.6,79.13,6,1692,330.71
vmax,23.7,79.30,6,1696,332.91
vmax,23.8,79.47,6,1699,335.12
vmax,23.9,79.63,6,1703,337.33
vmax,24.0,79.80,6,1707,339.54
vmax,24.1,79.96,6,1710,341.76
vmax,24.2,80.13,6,1714,343.99
vmax,24.3,80.29,6,1717,346.22
vmax,24.4,80.46,6,1721,348.45
vmax,24.5,80.62,6,1724,350.69
vmax,24.6,80.78,6,1728,352.93
vmax,24.7,80.94,6,1731,355.17
vmax,24.8,81.10,6,1734,357.42
vmax,24.9,81.26,6,1738,359.68
vmax,25.0,81.42,6,1741,361.94
vmax,25.1,81.58,6,1745,364.20
vmax,25.2,81.74,6,1748,366.47
vmax,25.3,81.90,6,1752,368.75
vmax,25.4,82.06,6,1755,371.02
vmax,25.5,82.22,6,1758,373.31
vmax,25.6,82.37,6,1762,375.59
vmax,25.7,82.53,6,1765,377.88
vmax,25.8,82.69,6,1768,380.18
vmax,25.9,82.84,6,1772,382.48
vmax,26.0,83.00,6,1775,384.78
vmax,26.1,83.15,6,1778,387.09
vmax,26.2,83.30,6,1782,389.40
vmax,26.3,83.46,6,1785,391.72
vmax,26.4,83.61,6,1788,394.04
vmax,26.5,83.76,6,1791,396.36
vmax,26.6,83.91,6,1795,398.69
vmax,26.7,84.06,6,1798,401.02
vmax,26.8,84.22,6,1801,403.36
vmax,26.9,84.37,6,1804,405.70
vmax,27.0,84.51,6,1807,408.05
vmax,27.1,84.66,6,1811,410.40
vmax,27.2,84.81,6,1814,412.75
vmax,27.3,84.96,6,1817,415.11
vmax,27.4,85.11,6,1820,417.47
vmax,27.5,85.25,6,1823,419.84
vmax,27.6,85.40,6,1826,422.21
vmax,27.7,85.55,6,1829,424.58
vmax,27.8,85.69,6,1833,426.96
vmax,27.9,85.84,6,1836,429.34
vmax,28.0,85.98,6,1839,431.73
vmax,28.1,86.13,6,1842,434.12
vmax,28.2,86.27,6,1845,436.52
vmax,28.3,86.41,6,1848,438.91
vmax,28.4,86.55,6,1851,441.32
vmax,28.5,86.70,6,1854,443.72
vmax,28.6,86.84,6,1857,446.13
vmax,28.7,86.98,6,1860,448.55
vmax,28.8,87.12,6,1863,450.97
vmax,28.9,87.26,6,1866,453.39
vmax,29.0,87.40,6,1869,455.81
vmax,29.1,87.54,6,1872,458.24
vmax,29.2,87.67,6,1875,460.68
vmax,29.3,87.81,6,1878,463.11
vmax,29.4,87.95,6,1881,465.56
vmax,29.5,88.09,6,1884,468.00
vmax,29.6,88.22,6,1887,470.45
vmax,29.7,88.35,6,1889,472.90
vmax,29.8,88.46,6,1892,475.36
vmax,29.9,88.56,6,1894,477.82
vmax,30.0,88.65,6,1896,480.28
vmax,30.1,88.73,6,1898,482.74
vmax,30.2,88.79,6,1899,485.21
vmax,30.3,88.86,6,1900,487.68
vmax,30.4,88.91,6,1902,490.14
vmax,30.5,88.96,6,1903,492.61
vmax,30.6,89.00,6,1904,495.09
vmax,30.7,89.04,6,1904,497.56
vmax,30.8,89.07,6,1905,500.03
vmax,30.9,89.10,6,1906,502.51
vmax,31.0,89.13,6,1906,504.98
vmax,31.1,89.15,6,1907,507.46
vmax,31.2,89.17,6,1907,509.94
vmax,31.3,89.19,6,1908,512.41
vmax,31.4,89.21,6,1908,514.89
vmax,31.5,89.22,6,1908,517.37
vmax,31.6,89.23,6,1909,519.85
vmax,31.7,89.24,6,1909,522.33
vmax,31.8,89.25,6,1909,524.81
vmax,31.9,89.26,6,1909,527.28
vmax,32.0,89.27,6,1909,529.76
vmax,32.1,89.28,6,1910,532.24
vmax,32.2,89.28,6,1910,534.72
vmax,32.3,89.29,6,1910,537.20
vmax,32.4,89.29,6,1910,539.69
vmax,32.5,89.30,6,1910,542.17
vmax,32.6,89.30,6,1910,544.65
vmax,32.7,89.31,6,1910,547.13
vmax,32.8,89.31,6,1910,549.61
vmax,32.9,89.31,6,1910,552.09
vmax,33.0,89.31,6,1910,554.57
vmax,33.1,89.32,6,1910,557.05
vmax,33.2,89.32,6,1910,559.53
vmax,33.3,89.32,6,1910,562.01
vmax,33.4,89.32,6,1910,564.49
vmax,33.5,89.32,6,1911,566.97
vmax,33.6,89.32,6,1911,569.46
vmax,33.7,89.32,6,1911,571.94
vmax,33.8,89.33,6,1911,574.42
vmax,33.9,89.33,6,1911,576.90
vmax,34.0,89.33,6,1911,579.38
vmax,34.1,89.33,6,1911,581.86
vmax,34.2,89.33,6,1911,584.34
vmax,34.3,89.33,6,1911,586.83
vmax,34.4,89.33,6,1911,589.31
vmax,34.5,89.33,6,1911,591.79
vmax,34.6,89.33,6,1911,594.27
vmax,34.7,89.33,6,1911,596.75
vmax,34.8,89.33,6,1911,599.23
vmax,34.9,89.33,6,1911,601.71
vmax,35.0,89.33,6,1911,604.19
vmax,35.1,89.33,6,1911,606.68
vmax,35.2,89.33,6,1911,609.16
vmax,35.3,89.33,6,1911,611.64
vmax,35.4,89.33,6,1911,614.12
vmax,35.5,89.33,6,1911,616.60
vmax,35.6,89.33,6,1911,619.08
vmax,35.7,89.33,6,1911,621.56
vmax,35.8,89.33,6,1911,624.05
vmax,35.9,89.33,6,1911,626.53
vmax,36.0,89.33,6,1911,629.01
vmax,36.1,89.33,6,1911,631.49
vmax,36.2,89.33,6,1911,633.97
vmax,36.3,89.33,6,1911,636.45
vmax,36.4,89.33,6,1911,638.94
vmax,36.5,89.33,6,1911,641.42
vmax,36.6,89.33,6,1911,643.90
vmax,36.7,89.33,6,1911,646.38
vmax,36.8,89.33,6,1911,648.86
vmax,36.9,89.33,6,1911,651.34
vmax,37.0,89.33,6,1911,653.82
vmax,37.1,89.33,6,1911,656.31
vmax,37.2,89.33,6,1911,658.79
vmax,37.3,89.33,6,1911,661.27
vmax,37.4,89.33,6,1911,663.75
vmax,37.5,89.33,6,1911,666.23
vmax,37.6,89.33,6,1911,668.71
vmax,37.7,89.33,6,1911,671.19
vmax,37.8,89.33,6,1911,673.68
bremsen_100,0.0,100.00,6,0,0.00
bremsen_100,0.1,99.58,6,2131,2.77
bremsen_100,0.2,98.77,6,2114,5.53
bremsen_100,0.3,97.55,6,2089,8.25
bremsen_100,0.4,95.95,6,2055,10.94
bremsen_100,0.5,94.16,6,2017,13.58
bremsen_100,0.6,92.38,6,1979,16.17
bremsen_100,0.7,90.60,6,1941,18.71
bremsen_100,0.8,88.82,6,1903,21.20
bremsen_100,0.9,87.04,6,1865,23.64
bremsen_100,1.0,85.27,6,1827,26.03
bremsen_100,1.1,83.49,6,1789,28.37
bremsen_100,1.2,81.72,6,1751,30.66
bremsen_100,1.3,79.96,6,1713,32.91
bremsen_100,1.4,78.19,6,1676,35.10
bremsen_100,1.5,76.43,6,1638,37.25
bremsen_100,1.6,74.66,6,1600,39.34
bremsen_100,1.7,72.90,6,1562,41.39
bremsen_100,1.8,71.15,6,1525,43.39
bremsen_100,1.9,69.39,6,1487,45.34
bremsen_100,2.0,67.64,6,1450,47.24
bremsen_100,2.1,65.88,6,1412,49.09
bremsen_100,2.2,64.13,6,1375,50.90
bremsen_100,2.3,62.38,6,1337,52.65
bremsen_100,2.4,60.64,6,1300,54.36
bremsen_100,2.5,58.89,6,1263,56.01
bremsen_100,2.6,57.14,6,1225,57.62
bremsen_100,2.7,55.40,6,1188,59.19
bremsen_100,2.8,53.66,6,1151,60.70
bremsen_100,2.9,51.92,6,1114,62.16
bremsen_100,3.0,50.18,6,1076,63.58
bremsen_100,3.1,48.44,6,1039,64.95
bremsen_100,3.2,46.71,6,1002,66.27
bremsen_100,3.3,44.97,6,965,67.54
bremsen_100,3.4,43.24,6,928,68.76
bremsen_100,3.5,41.50,6,891,69.94
bremsen_100,3.6,39.77,6,854,71.06
bremsen_100,3.7,38.04,6,817,72.14
bremsen_100,3.8,36.31,6,780,73.17
bremsen_100,3.9,34.58,6,743,74.15
bremsen_100,4.0,32.85,6,706,75.09
bremsen_100,4.1,31.13,6,669,75.98
bremsen_100,4.2,29.40,6,632,76.81
bremsen_100,4.3,27.65,5,761,77.60
bremsen_100,4.4,25.89,5,713,78.35
bremsen_100,4.5,24.13,5,665,79.04
bremsen_100,4.6,22.37,5,617,79.68
bremsen_100,4.7,20.58,4,782,80.28
bremsen_100,4.8,18.79,4,715,80.82
bremsen_100,4.9,16.99,4,647,81.32
bremsen_100,5.0,15.18,3,826,81.76
bremsen_100,5.1,13.35,3,727,82.16
bremsen_100,5.2,11.53,3,629,82.50
bremsen_100,5.3,9.67,2,774,82.79
bremsen_100,5.4,7.80,2,627,83.03
bremsen_100,5.5,5.93,1,717,83.22
bremsen_100,5.6,4.04,1,500,83.36
bremsen_100,5.7,2.35,1,500,83.44
bremsen_100,5.8,0.74,1,500,83.48
bremsen_100,5.9,0.00,1,500,83.49
kreisfahrt,0.0,18.00,1,0,0.00
kreisfahrt,0.1,17.65,2,1394,0.50
kreisfahrt,0.2,17.55,2,1383,0.98
kreisfahrt,0.3,17.54,2,1382,1.47
kreisfahrt,0.4,17.54,2,1382,1.96
kreisfahrt,0.5,17.54,2,1382,2.45
kreisfahrt,0.6,17.55,2,1383,2.93
kreisfahrt,0.7,17.57,2,1385,3.42
kreisfahrt,0.8,17.59,2,1386,3.91
kreisfahrt,0.9,17.61,2,1388,4.40
kreisfahrt,1.0,17.63,2,1390,4.89
kreisfahrt,1.1,17.66,2,1391,5.38
kreisfahrt,1.2,17.68,2,1394,5.87
kreisfahrt,1.3,17.71,2,1396,6.36
kreisfahrt,1.4,17.74,2,1398,6.86
kreisfahrt,1.5,17.78,2,1401,7.35
kreisfahrt,1.6,17.81,2,1404,7.85
kreisfahrt,1.7,17.85,2,1407,8.34
kreisfahrt,1.8,17.89,2,1410,8.84
kreisfahrt,1.9,17.93,2,1413,9.34
kreisfahrt,2.0,17.97,2,1416,9.84
kreisfahrt,2.1,18.02,2,1420,10.34
kreisfahrt,2.2,18.06,2,1423,10.84
kreisfahrt,2.3,18.11,2,1427,11.34
kreisfahrt,2.4,18.16,2,1431,11.84
kreisfahrt,2.5,18.21,2,1435,12.35
kreisfahrt,2.6,18.26,2,1439,12.86
kreisfahrt,2.7,18.31,2,1443,13.37
kreisfahrt,2.8,18.37,2,1447,13.88
kreisfahrt,2.9,18.42,2,1452,14.39
kreisfahrt,3.0,18.48,2,1456,14.90
kreisfahrt,3.1,18.54,2,1461,15.42
kreisfahrt,3.2,18.59,2,1465,15.93
kreisfahrt,3.3,18.65,2,1470,16.45
kreisfahrt,3.4,18.71,2,1474,16.97
kreisfahrt,3.5,18.77,2,1479,17.49
kreisfahrt,3.6,18.80,3,1012,18.01
kreisfahrt,3.7,18.82,3,1013,18.54
kreisfahrt,3.8,18.84,3,1015,19.06
kreisfahrt,3.9,18.86,3,1016,19.58
kreisfahrt,4.0,18.89,3,1017,20.11
kreisfahrt,4.1,18.93,3,1019,20.63
kreisfahrt,4.2,18.99,3,1022,21.16
kreisfahrt,4.3,19.04,3,1025,21.69
kreisfahrt,4.4,19.09,3,1028,22.22
kreisfahrt,4.5,19.15,3,1031,22.75
kreisfahrt,4.6,19.21,3,1034,23.29
kreisfahrt,4.7,19.26,3,1037,23.82
kreisfahrt,4.8,19.32,3,1040,24.36
kreisfahrt,4.9,19.38,3,1044,24.90
kreisfahrt,5.0,19.44,3,1047,25.44
kreisfahrt,5.1,19.50,3,1050,25.98
kreisfahrt,5.2,19.56,3,1053,26.52
kreisfahrt,5.3,19.62,3,1056,27.06
kreisfahrt,5.4,19.68,3,1060,27.61
kreisfahrt,5.5,19.74,3,1063,28.16
kreisfahrt,5.6,19.80,3,1066,28.71
kreisfahrt,5.7,19.86,3,1069,29.26
kreisfahrt,5.8,19.92,3,1073,29.81
kreisfahrt,5.9,19.99,3,1076,30.37
kreisfahrt,6.0,20.05,3,1079,30.93
kreisfahrt,6.1,20.11,3,1083,31.48
kreisfahrt,6.2,20.17,3,1086,32.04
kreisfahrt,6.3,20.23,3,1089,32.61
kreisfahrt,6.4,20.30,3,1093,33.17
kreisfahrt,6.5,20.36,3,1096,33.73
kreisfahrt,6.6,20.42,3,1099,34.30
kreisfahrt,6.7,20.48,3,1103,34.87
kreisfahrt,6.8,20.54,3,1106,35.44
kreisfahrt,6.9,20.60,3,1109,36.01
kreisfahrt,7.0,20.66,3,1113,36.59
kreisfahrt,7.1,20.73,3,1116,37.16
kreisfahrt,7.2,20.79,3,1119,37.74
kreisfahrt,7.3,20.85,3,1123,38.32
kreisfahrt,7.4,20.91,3,1126,38.90
kreisfahrt,7.5,20.97,3,1129,39.48
kreisfahrt,7.6,21.03,3,1132,40.06
kreisfahrt,7.7,21.08,3,1135,40.65
kreisfahrt,7.8,21.14,3,1139,41.24
kreisfahrt,7.9,21.20,3,1142,41.83
kreisfahrt,8.0,21.26,3,1145,42.42
kreisfahrt,8.1,21.32,3,1148,43.01
kreisfahrt,8.2,21.38,3,1151,43.60
kreisfahrt,8.3,21.43,3,1154,44.20
kreisfahrt,8.4,21.49,3,1157,44.79
kreisfahrt,8.5,21.55,3,1160,45.39
kreisfahrt,8.6,21.60,3,1163,45.99
kreisfahrt,8.7,21.66,3,1166,46.59
kreisfahrt,8.8,21.71,3,1169,47.20
kreisfahrt,8.9,21.77,3,1172,47.80
kreisfahrt,9.0,21.82,3,1175,48.41
kreisfahrt,9.1,21.87,3,1178,49.02
kreisfahrt,9.2,21.93,3,1181,49.62
kreisfahrt,9.3,21.98,3,1184,50.24
kreisfahrt,9.4,22.03,3,1187,50.85
kreisfahrt,9.5,22.09,3,1189,51.46
kreisfahrt,9.6,22.14,3,1192,52.08
kreisfahrt,9.7,22.19,3,1195,52.69
kreisfahrt,9.8,22.24,3,1198,53.31
kreisfahrt,9.9,22.29,3,1200,53.93
kreisfahrt,10.0,22.34,3,1203,54.55
kreisfahrt,10.1,22.38,3,1205,55.17
kreisfahrt,10.2,22.43,3,1208,55.79
kreisfahrt,10.3,22.47,3,1210,56.42
kreisfahrt,10.4,22.52,3,1213,57.04
kreisfahrt,10.5,22.56,3,1215,57.67
kreisfahrt,10.6,22.61,3,1217,58.30
kreisfahrt,10.7,22.65,3,1220,58.93
kreisfahrt,10.8,22.69,3,1222,59.56
kreisfahrt,10.9,22.74,3,1224,60.19
kreisfahrt,11.0,22.78,3,1227,60.82
kreisfahrt,11.1,22.82,3,1229,61.46
kreisfahrt,11.2,22.86,3,1231,62.09
kreisfahrt,11.3,22.91,3,1234,62.73
kreisfahrt,11.4,22.95,3,1236,63.37
kreisfahrt,11.5,22.99,3,1238,64.00
kreisfahrt,11.6,23.04,3,1241,64.64
kreisfahrt,11.7,23.08,3,1243,65.29
kreisfahrt,11.8,23.12,3,1245,65.93
kreisfahrt,11.9,23.17,3,1247,66.57
kreisfahrt,12.0,23.21,3,1250,67.22
kreisfahrt,12.1,23.25,3,1252,67.86
kreisfahrt,12.2,23.29,3,1254,68.51
kreisfahrt,12.3,23.34,3,1257,69.16
kreisfahrt,12.4,23.38,3,1259,69.81
kreisfahrt,12.5,23.42,3,1261,70.46
kreisfahrt,12.6,23.47,3,1264,71.11
kreisfahrt,12.7,23.51,3,1266,71.76
kreisfahrt,12.8,23.55,3,1268,72.42
kreisfahrt,12.9,23.59,3,1271,73.07
kreisfahrt,13.0,23.64,3,1273,73.73
kreisfahrt,13.1,23.68,3,1275,74.39
kreisfahrt,13.2,23.72,3,1278,75.05
kreisfahrt,13.3,23.77,3,1280,75.71
kreisfahrt,13.4,23.81,3,1282,76.37
kreisfahrt,13.5,23.85,3,1284,77.03
kreisfahrt,13.6,23.89,3,1287,77.69
kreisfahrt,13.7,23.94,3,1289,78.36
kreisfahrt,13.8,23.98,3,1291,79.03
kreisfahrt,13.9,24.02,3,1294,79.69
kreisfahrt,14.0,24.07,3,1296,80.36
kreisfahrt,14.1,24.11,3,1298,81.03
kreisfahrt,14.2,24.15,3,1301,81.70
kreisfahrt,14.3,24.20,3,1303,82.37
kreisfahrt,14.4,24.24,3,1305,83.05
kreisfahrt,14.5,24.28,3,1308,83.72
kreisfahrt,14.6,24.32,3,1310,84.40
kreisfahrt,14.7,24.37,3,1312,85.08
kreisfahrt,14.8,24.41,3,1315,85.75
kreisfahrt,14.9,24.45,3,1317,86.43
kreisfahrt,15.0,24.50,3,1319,87.11
kreisfahrt,15.1,24.54,3,1321,87.80
kreisfahrt,15.2,24.58,3,1324,88.48
kreisfahrt,15.3,24.62,3,1326,89.16
kreisfahrt,15.4,24.67,3,1328,89.85
kreisfahrt,15.5,24.71,3,1331,90.53
kreisfahrt,15.6,24.75,3,1333,91.22
kreisfahrt,15.7,24.80,3,1335,91.91
kreisfahrt,15.8,24.84,3,1338,92.60
kreisfahrt,15.9,24.88,3,1340,93.29
kreisfahrt,16.0,24.93,3,1342,93.98
kreisfahrt,16.1,24.97,3,1345,94.68
kreisfahrt,16.2,25.01,3,1347,95.37
kreisfahrt,16.3,25.05,3,1349,96.07
kreisfahrt,16.4,25.10,3,1352,96.77
kreisfahrt,16.5,25.14,3,1354,97.46
kreisfahrt,16.6,25.18,3,1356,98.16
kreisfahrt,16.7,25.23,3,1358,98.86
kreisfahrt,16.8,25.27,3,1361,99.57
kreisfahrt,16.9,25.31,3,1363,100.27
kreisfahrt,17.0,25.35,3,1365,100.97
kreisfahrt,17.1,25.40,3,1368,101.68
kreisfahrt,17.2,25.44,3,1370,102.39
kreisfahrt,17.3,25.48,3,1372,103.09
kreisfahrt,17.4,25.53,3,1375,103.80
kreisfahrt,17.5,25.57,3,1377,104.51
kreisfahrt,17.6,25.61,3,1379,105.23
kreisfahrt,17.7,25.66,3,1382,105.94
kreisfahrt,17.8,25.70,3,1384,106.65
kreisfahrt,17.9,25.74,3,1386,107.37
kreisfahrt,18.0,25.78,3,1389,108.08
kreisfahrt,18.1,25.83,3,1391,108.80
kreisfahrt,18.2,25.87,3,1393,109.52
kreisfahrt,18.3,25.91,3,1395,110.24
kreisfahrt,18.4,25.96,3,1398,110.96
kreisfahrt,18.5,26.00,3,1400,111.68
kreisfahrt,18.6,26.04,3,1402,112.41
kreisfahrt,18.7,26.09,3,1405,113.13
kreisfahrt,18.8,26.13,3,1407,113.86
kreisfahrt,18.9,26.17,3,1409,114.58
kreisfahrt,19.0,26.21,3,1412,115.31
kreisfahrt,19.1,26.26,3,1414,116.04
kreisfahrt,19.2,26.30,3,1416,116.77
kreisfahrt,19.3,26.34,3,1419,117.50
kreisfahrt,19.4,26.39,3,1421,118.24
kreisfahrt,19.5,26.43,3,1423,118.97
kreisfahrt,19.6,26.47,3,1426,119.71
kreisfahrt,19.7,26.51,3,1428,120.44
kreisfahrt,19.8,26.56,3,1430,121.18
kreisfahrt,19.9,26.60,3,1433,121.92
kreisfahrt,20.0,26.64,3,1435,122.66
kreisfahrt,20.1,26.69,3,1437,123.40
kreisfahrt,20.2,26.73,3,1439,124.14
kreisfahrt,20.3,26.77,3,1442,124.89
kreisfahrt,20.4,26.82,3,1444,125.63
kreisfahrt,20.5,26.86,3,1446,126.38
kreisfahrt,20.6,26.90,3,1449,127.13
kreisfahrt,20.7,26.94,3,1451,127.88
kreisfahrt,20.8,26.99,3,1453,128.63
kreisfahrt,20.9,27.03,3,1456,129.38
kreisfahrt,21.0,27.07,3,1458,130.13
kreisfahrt,21.1,27.12,3,1460,130.88
kreisfahrt,21.2,27.16,3,1463,131.64
kreisfahrt,21.3,27.20,3,1465,132.39
kreisfahrt,21.4,27.25,3,1467,133.15
kreisfahrt,21.5,27.29,3,1470,133.91
kreisfahrt,21.6,27.33,3,1472,134.67
kreisfahrt,21.7,27.37,3,1474,135.43
kreisfahrt,21.8,27.42,3,1476,136.19
kreisfahrt,21.9,27.46,3,1479,136.95
kreisfahrt,22.0,27.50,3,1481,137.71
kreisfahrt,22.1,27.55,3,1483,138.48
kreisfahrt,22.2,27.59,3,1486,139.25
kreisfahrt,22.3,27.63,3,1488,140.01
kreisfahrt,22.4,27.67,3,1490,140.78
kreisfahrt,22.5,27.72,3,1493,141.55
kreisfahrt,22.6,27.76,3,1495,142.32
kreisfahrt,22.7,27.80,3,1497,143.10
kreisfahrt,22.8,27.84,4,1051,143.87
kreisfahrt,22.9,27.84,4,1051,144.64
kreisfahrt,23.0,27.84,4,1051,145.42
kreisfahrt,23.1,27.85,4,1051,146.19
kreisfahrt,23.2,27.85,4,1051,146.97
kreisfahrt,23.3,27.86,4,1051,147.74
kreisfahrt,23.4,27.89,4,1052,148.52
kreisfahrt,23.5,27.92,4,1053,149.29
kreisfahrt,23.6,27.95,4,1055,150.07
kreisfahrt,23.7,27.98,4,1056,150.85
kreisfahrt,23.8,28.01,4,1057,151.62
kreisfahrt,23.9,28.05,4,1058,152.40
kreisfahrt,24.0,28.08,4,1060,153.18
kreisfahrt,24.1,28.12,4,1061,153.96
kreisfahrt,24.2,28.15,4,1062,154.75
kreisfahrt,24.3,28.19,4,1064,155.53
kreisfahrt,24.4,28.22,4,1065,156.31
kreisfahrt,24.5,28.26,4,1066,157.10
kreisfahrt,24.6,28.30,4,1068,157.89
kreisfahrt,24.7,28.34,4,1069,158.67
kreisfahrt,24.8,28.37,4,1071,159.46
kreisfahrt,24.9,28.41,4,1072,160.25
kreisfahrt,25.0,28.45,4,1074,161.04
kreisfahrt,25.1,28.49,4,1075,161.83
kreisfahrt,25.2,28.53,4,1077,162.62
kreisfahrt,25.3,28.58,4,1078,163.42
kreisfahrt,25.4,28.62,4,1080,164.21
kreisfahrt,25.5,28.66,4,1081,165.01
kreisfahrt,25.6,28.70,4,1083,165.81
kreisfahrt,25.7,28.75,4,1085,166.61
kreisfahrt,25.8,28.79,4,1086,167.41
kreisfahrt,25.9,28.83,4,1088,168.21
kreisfahrt,26.0,28.88,4,1090,169.01
kreisfahrt,26.1,28.92,4,1091,169.81
kreisfahrt,26.2,28.97,4,1093,170.62
kreisfahrt,26.3,29.01,4,1095,171.42
kreisfahrt,26.4,29.06,4,1096,172.23
kreisfahrt,26.5,29.10,4,1098,173.04
kreisfahrt,26.6,29.15,4,1100,173.85
kreisfahrt,26.7,29.20,4,1102,174.66
kreisfahrt,26.8,29.24,4,1103,175.47
kreisfahrt,26.9,29.29,4,1105,176.28
kreisfahrt,27.0,29.34,4,1107,177.10
kreisfahrt,27.1,29.39,4,1109,177.92
kreisfahrt,27.2,29.43,4,1111,178.73
kreisfahrt,27.3,29.48,4,1112,179.55
kreisfahrt,27.4,29.53,4,1114,180.37
kreisfahrt,27.5,29.58,4,1116,181.19
kreisfahrt,27.6,29.63,4,1118,182.02
kreisfahrt,27.7,29.67,4,1120,182.84
kreisfahrt,27.8,29.72,4,1121,183.67
kreisfahrt,27.9,29.77,4,1123,184.49
kreisfahrt,28.0,29.82,4,1125,185.32
kreisfahrt,28.1,29.87,4,1127,186.15
kreisfahrt,28.2,29.92,4,1129,186.98
kreisfahrt,28.3,29.97,4,1131,187.82
kreisfahrt,28.4,30.02,4,1133,188.65
kreisfahrt,28.5,30.07,4,1134,189.48
kreisfahrt,28.6,30.12,4,1136,190.32
kreisfahrt,28.7,30.17,4,1138,191.16
kreisfahrt,28.8,30.22,4,1140,192.00
kreisfahrt,28.9,30.26,4,1142,192.84
kreisfahrt,29.0,30.31,4,1144,193.68
kreisfahrt,29.1,30.36,4,1146,194.52
kreisfahrt,29.2,30.41,4,1147,195.37
kreisfahrt,29.3,30.46,4,1149,196.22
kreisfahrt,29.4,30.51,4,1151,197.06
kreisfahrt,29.5,30.56,4,1153,197.91
kreisfahrt,29.6,30.61,4,1155,198.76
kreisfahrt,29.7,30.66,4,1157,199.61
kreisfahrt,29.8,30.71,4,1159,200.47
kreisfahrt,29.9,30.76,4,1160,201.32
kreisfahrt,30.0,30.81,4,1162,202.18
kreisfahrt,30.1,30.85,4,1164,203.03
kreisfahrt,30.2,30.90,4,1166,203.89
kreisfahrt,30.3,30.95,4,1168,204.75
kreisfahrt,30.4,31.00,4,1170,205.61
kreisfahrt,30.5,31.05,4,1171,206.48
kreisfahrt,30.6,31.10,4,1173,207.34
kreisfahrt,30.7,31.15,4,1175,208.20
kreisfahrt,30.8,31.19,4,1177,209.07
kreisfahrt,30.9,31.24,4,1179,209.94
kreisfahrt,31.0,31.29,4,1181,210.81
kreisfahrt,31.1,31.34,4,1182,211.68
kreisfahrt,31.2,31.39,4,1184,212.55
kreisfahrt,31.3,31.43,4,1186,213.42
kreisfahrt,31.4,31.48,4,1188,214.30
kreisfahrt,31.5,31.53,4,1190,215.17
kreisfahrt,31.6,31.57,4,1191,216.05
kreisfahrt,31.7,31.62,4,1193,216.93
kreisfahrt,31.8,31.67,4,1195,217.81
kreisfahrt,31.9,31.72,4,1197,218.69
kreisfahrt,32.0,31.76,4,1198,219.57
kreisfahrt,32.1,31.81,4,1200,220.45
kreisfahrt,32.2,31.85,4,1202,221.34
kreisfahrt,32.3,31.90,4,1204,222.23
kreisfahrt,32.4,31.95,4,1205,223.11
kreisfahrt,32.5,31.99,4,1207,224.00
kreisfahrt,32.6,32.04,4,1209,224.89
kreisfahrt,32.7,32.08,4,1211,225.78
kreisfahrt,32.8,32.13,4,1212,226.68
kreisfahrt,32.9,32.18,4,1214,227.57
kreisfahrt,33.0,32.22,4,1216,228.46
kreisfahrt,33.1,32.27,4,1217,229.36
kreisfahrt,33.2,32.31,4,1219,230.26
kreisfahrt,33.3,32.36,4,1221,231.16
kreisfahrt,33.4,32.40,4,1223,232.06
kreisfahrt,33.5,32.45,4,1224,232.96
kreisfahrt,33.6,32.49,4,1226,233.86
kreisfahrt,33.7,32.54,4,1228,234.76
kreisfahrt,33.8,32.58,4,1229,235.67
kreisfahrt,33.9,32.62,4,1231,236.58
kreisfahrt,34.0,32.67,4,1233,237.48
kreisfahrt,34.1,32.71,4,1234,238.39
kreisfahrt,34.2,32.76,4,1236,239.30
kreisfahrt,34.3,32.80,4,1238,240.21
kreisfahrt,34.4,32.84,4,1239,241.12
kreisfahrt,34.5,32.89,4,1241,242.04
kreisfahrt,34.6,32.93,4,1243,242.95
kreisfahrt,34.7,32.97,4,1244,243.87
kreisfahrt,34.8,33.02,4,1246,244.79
kreisfahrt,34.9,33.06,4,1247,245.70
kreisfahrt,35.0,33.10,4,1249,246.62
kreisfahrt,35.1,33.15,4,1251,247.54
kreisfahrt,35.2,33.19,4,1252,248.47
kreisfahrt,35.3,33.23,4,1254,249.39
kreisfahrt,35.4,33.28,4,1256,250.31
kreisfahrt,35.5,33.32,4,1257,251.24
kreisfahrt,35.6,33.36,4,1259,252.17
kreisfahrt,35.7,33.41,4,1260,253.09
kreisfahrt,35.8,33.45,4,1262,254.02
kreisfahrt,35.9,33.49,4,1264,254.95
kreisfahrt,36.0,33.53,4,1265,255.89
kreisfahrt,36.1,33.58,4,1267,256.82
kreisfahrt,36.2,33.62,4,1268,257.75
kreisfahrt,36.3,33.66,4,1270,258.69
kreisfahrt,36.4,33.70,4,1272,259.62
kreisfahrt,36.5,33.75,4,1273,260.56
kreisfahrt,36.6,33.79,4,1275,261.50
kreisfahrt,36.7,33.83,4,1276,262.44
kreisfahrt,36.8,33.87,4,1278,263.38
kreisfahrt,36.9,33.91,4,1280,264.32
kreisfahrt,37.0,33.96,4,1281,265.26
kreisfahrt,37.1,34.00,4,1283,266.21
kreisfahrt,37.2,34.04,4,1284,267.15
kreisfahrt,37.3,34.08,4,1286,268.10
kreisfahrt,37.4,34.13,4,1288,269.05
kreisfahrt,37.5,34.17,4,1289,270.00
kreisfahrt,37.6,34.21,4,1291,270.95
kreisfahrt,37.7,34.25,4,1292,271.90
kreisfahrt,37.8,34.29,4,1294,272.85
kreisfahrt,37.9,34.34,4,1296,273.81
kreisfahrt,38.0,34.38,4,1297,274.76
kreisfahrt,38.1,34.42,4,1299,275.72
kreisfahrt,38.2,34.46,4,1300,276.67
kreisfahrt,38.3,34.50,4,1302,277.63
kreisfahrt,38.4,34.55,4,1303,278.59
kreisfahrt,38.5,34.59,4,1305,279.55
kreisfahrt,38.6,34.63,4,1307,280.52
kreisfahrt,38.7,34.67,4,1308,281.48
kreisfahrt,38.8,34.71,4,1310,282.44
kreisfahrt,38.9,34.76,4,1311,283.41
kreisfahrt,39.0,34.80,4,1313,284.37
kreisfahrt,39.1,34.84,4,1315,285.34
kreisfahrt,39.2,34.88,4,1316,286.31
kreisfahrt,39.3,34.92,4,1318,287.28
kreisfahrt,39.4,34.97,4,1319,288.25
kreisfahrt,39.5,35.01,4,1321,289.22
kreisfahrt,39.6,35.05,4,1322,290.20
kreisfahrt,39.7,35.09,4,1324,291.17
kreisfahrt,39.8,35.13,4,1326,292.15
kreisfahrt,39.9,35.18,4,1327,293.13
kreisfahrt,40.0,35.22,4,1329,294.10
kreisfahrt,40.1,35.26,4,1330,295.08
kreisfahrt,40.2,35.30,4,1332,296.06
kreisfahrt,40.3,35.34,4,1334,297.05
kreisfahrt,40.4,35.39,4,1335,298.03
kreisfahrt,40.5,35.43,4,1337,299.01
kreisfahrt,40.6,35.47,4,1338,300.00
kreisfahrt,40.7,35.51,4,1340,300.98
kreisfahrt,40.8,35.55,4,1342,301.97
kreisfahrt,40.9,35.60,4,1343,302.96
kreisfahrt,41.0,35.64,4,1345,303.95
kreisfahrt,41.1,35.68,4,1346,304.94
kreisfahrt,41.2,35.72,4,1348,305.93
kreisfahrt,41.3,35.77,4,1350,306.93
kreisfahrt,41.4,35.81,4,1351,307.92
kreisfahrt,41.5,35.85,4,1353,308.92
kreisfahrt,41.6,35.89,4,1354,309.91
kreisfahrt,41.7,35.94,4,1356,310.91
kreisfahrt,41.8,35.98,4,1358,311.91
kreisfahrt,41.9,36.02,4,1359,312.91
kreisfahrt,42.0,36.06,4,1361,313.91
kreisfahrt,42.1,36.11,4,1362,314.92
kreisfahrt,42.2,36.15,4,1364,315.92
kreisfahrt,42.3,36.19,4,1366,316.93
kreisfahrt,42.4,36.23,4,1367,317.93
kreisfahrt,42.5,36.28,4,1369,318.94
kreisfahrt,42.6,36.32,4,1370,319.95
kreisfahrt,42.7,36.36,4,1372,320.96
kreisfahrt,42.8,36.40,4,1374,321.97
kreisfahrt,42.9,36.45,4,1375,322.98
kreisfahrt,43.0,36.49,4,1377,324.00
kreisfahrt,43.1,36.53,4,1378,325.01
kreisfahrt,43.2,36.57,4,1380,326.03
kreisfahrt,43.3,36.62,4,1382,327.04
kreisfahrt,43.4,36.66,4,1383,328.06
kreisfahrt,43.5,36.70,4,1385,329.08
kreisfahrt,43.6,36.74,4,1386,330.10
kreisfahrt,43.7,36.79,4,1388,331.12
kreisfahrt,43.8,36.83,4,1390,332.15
kreisfahrt,43.9,36.87,4,1391,333.17
kreisfahrt,44.0,36.92,4,1393,334.20
kreisfahrt,44.1,36.96,4,1394,335.22
kreisfahrt,44.2,37.00,4,1396,336.25
kreisfahrt,44.3,37.04,4,1398,337.28
kreisfahrt,44.4,37.09,4,1399,338.31
kreisfahrt,44.5,37.13,4,1401,339.34
kreisfahrt,44.6,37.17,4,1403,340.37
kreisfahrt,44.7,37.22,4,1404,341.41
kreisfahrt,44.8,37.26,4,1406,342.44
kreisfahrt,44.9,37.30,4,1407,343.48
kreisfahrt,45.0,37.34,4,1409,344.51
kreisfahrt,45.1,37.39,4,1411,345.55
kreisfahrt,45.2,37.43,4,1412,346.59
kreisfahrt,45.3,37.47,4,1414,347.63
kreisfahrt,45.4,37.52,4,1416,348.67
kreisfahrt,45.5,37.56,4,1417,349.72
kreisfahrt,45.6,37.60,4,1419,350.76
kreisfahrt,45.7,37.64,4,1420,351.81
kreisfahrt,45.8,37.69,4,1422,352.85
kreisfahrt,45.9,37.73,4,1424,353.90
kreisfahrt,46.0,37.77,4,1425,354.95
kreisfahrt,46.1,37.82,4,1427,356.00
kreisfahrt,46.2,37.86,4,1429,357.05
kreisfahrt,46.3,37.90,4,1430,358.11
kreisfahrt,46.4,37.95,4,1432,359.16
kreisfahrt,46.5,37.99,4,1433,360.22
kreisfahrt,46.6,38.03,4,1435,361.27
kreisfahrt,46.7,38.07,4,1437,362.33
kreisfahrt,46.8,38.12,4,1438,363.39
kreisfahrt,46.9,38.16,4,1440,364.45
kreisfahrt,47.0,38.20,4,1441,365.51
kreisfahrt,47.1,38.25,4,1443,366.57
kreisfahrt,47.2,38.29,4,1445,367.63
kreisfahrt,47.3,38.33,4,1446,368.70
kreisfahrt,47.4,38.38,4,1448,369.76
kreisfahrt,47.5,38.42,4,1450,370.83
kreisfahrt,47.6,38.46,4,1451,371.90
kreisfahrt,47.7,38.51,4,1453,372.97
kreisfahrt,47.8,38.55,4,1454,374.04
kreisfahrt,47.9,38.59,4,1456,375.11
kreisfahrt,48.0,38.63,4,1458,376.18
kreisfahrt,48.1,38.68,4,1459,377.26
kreisfahrt,48.2,38.72,4,1461,378.33
kreisfahrt,48.3,38.76,4,1463,379.41
kreisfahrt,48.4,38.81,4,1464,380.49
kreisfahrt,48.5,38.85,4,1466,381.57
kreisfahrt,48.6,38.89,4,1467,382.65
kreisfahrt,48.7,38.94,4,1469,383.73
kreisfahrt,48.8,38.98,4,1471,384.81
kreisfahrt,48.9,39.02,4,1472,385.90
kreisfahrt,49.0,39.06,4,1474,386.98
kreisfahrt,49.1,39.11,4,1476,388.07
kreisfahrt,49.2,39.15,4,1477,389.15
kreisfahrt,49.3,39.19,4,1479,390.24
kreisfahrt,49.4,39.24,4,1480,391.33
kreisfahrt,49.5,39.28,4,1482,392.42
kreisfahrt,49.6,39.32,4,1484,393.52
kreisfahrt,49.7,39.37,4,1485,394.61
kreisfahrt,49.8,39.41,4,1487,395.70
kreisfahrt,49.9,39.45,4,1489,396.80
kreisfahrt,50.0,39.49,4,1490,397.90
kreisfahrt,50.1,39.54,4,1492,398.99
kreisfahrt,50.2,39.58,4,1493,400.09
kreisfahrt,50.3,39.62,4,1495,401.19
kreisfahrt,50.4,39.67,4,1497,402.29
kreisfahrt,50.5,39.71,4,1498,403.40
kreisfahrt,50.6,39.75,4,1500,404.50
kreisfahrt,50.7,39.80,4,1502,405.61
kreisfahrt,50.8,39.84,4,1503,406.71
kreisfahrt,50.9,39.88,4,1505,407.82
kreisfahrt,51.0,39.92,4,1506,408.93
kreisfahrt,51.1,39.97,4,1508,410.04
kreisfahrt,51.2,40.01,4,1510,411.15
kreisfahrt,51.3,40.05,4,1511,412.26
kreisfahrt,51.4,40.10,4,1513,413.38
kreisfahrt,51.5,40.14,4,1515,414.49
kreisfahrt,51.6,40.18,4,1516,415.61
kreisfahrt,51.7,40.23,4,1518,416.72
kreisfahrt,51.8,40.27,4,1519,417.84
kreisfahrt,51.9,40.31,4,1521,418.96
kreisfahrt,52.0,40.35,4,1523,420.08
kreisfahrt,52.1,40.40,4,1524,421.21
kreisfahrt,52.2,40.44,4,1526,422.33
kreisfahrt,52.3,40.48,4,1527,423.45
kreisfahrt,52.4,40.53,4,1529,424.58
kreisfahrt,52.5,40.57,4,1531,425.70
kreisfahrt,52.6,40.61,4,1532,426.83
kreisfahrt,52.7,40.65,4,1534,427.96
kreisfahrt,52.8,40.70,4,1536,429.09
kreisfahrt,52.9,40.74,4,1537,430.22
kreisfahrt,53.0,40.78,4,1539,431.36
kreisfahrt,53.1,40.83,4,1540,432.49
kreisfahrt,53.2,40.87,4,1542,433.62
kreisfahrt,53.3,40.91,4,1544,434.76
kreisfahrt,53.4,40.95,4,1545,435.90
kreisfahrt,53.5,41.00,4,1547,437.04
kreisfahrt,53.6,41.04,4,1549,438.18
kreisfahrt,53.7,41.08,4,1550,439.32
kreisfahrt,53.8,41.13,4,1552,440.46
kreisfahrt,53.9,41.17,4,1553,441.60
kreisfahrt,54.0,41.21,4,1555,442.75
kreisfahrt,54.1,41.25,4,1557,443.89
kreisfahrt,54.2,41.30,4,1558,445.04
kreisfahrt,54.3,41.34,4,1560,446.19
kreisfahrt,54.4,41.38,4,1561,447.34
kreisfahrt,54.5,41.43,4,1563,448.49
kreisfahrt,54.6,41.47,4,1565,449.64
kreisfahrt,54.7,41.51,4,1566,450.79
kreisfahrt,54.8,41.55,4,1568,451.95
kreisfahrt,54.9,41.60,4,1570,453.10
kreisfahrt,55.0,41.64,4,1571,454.26
kreisfahrt,55.1,41.68,4,1573,455.42
kreisfahrt,55.2,41.73,4,1574,456.57
kreisfahrt,55.3,41.77,4,1576,457.73
kreisfahrt,55.4,41.81,4,1578,458.90
kreisfahrt,55.5,41.85,4,1579,460.06
kreisfahrt,55.6,41.90,4,1581,461.22
kreisfahrt,55.7,41.94,4,1582,462.39
kreisfahrt,55.8,41.98,4,1584,463.55
kreisfahrt,55.9,42.03,4,1586,464.72
kreisfahrt,56.0,42.07,4,1587,465.89
kreisfahrt,56.1,42.11,4,1589,467.06
kreisfahrt,56.2,42.15,4,1591,468.23
kreisfahrt,56.3,42.20,4,1592,469.40
kreisfahrt,56.4,42.24,4,1594,470.57
kreisfahrt,56.5,42.28,4,1595,471.75
kreisfahrt,56.6,42.32,4,1597,472.92
kreisfahrt,56.7,42.37,4,1599,474.10
kreisfahrt,56.8,42.41,4,1600,475.28
kreisfahrt,56.9,42.45,4,1602,476.45
kreisfahrt,57.0,42.50,4,1603,477.63
kreisfahrt,57.1,42.54,4,1605,478.82
kreisfahrt,57.2,42.58,4,1607,480.00
kreisfahrt,57.3,42.62,4,1608,481.18
kreisfahrt,57.4,42.67,4,1610,482.37
kreisfahrt,57.5,42.71,4,1612,483.55
kreisfahrt,57.6,42.75,4,1613,484.74
kreisfahrt,57.7,42.80,4,1615,485.93
kreisfahrt,57.8,42.84,4,1616,487.12
kreisfahrt,57.9,42.88,4,1618,488.31
kreisfahrt,58.0,42.92,4,1620,489.50
kreisfahrt,58.1,42.97,4,1621,490.69
kreisfahrt,58.2,43.01,4,1623,491.89
kreisfahrt,58.3,43.05,4,1624,493.08
kreisfahrt,58.4,43.10,4,1626,494.28
kreisfahrt,58.5,43.14,4,1628,495.48
kreisfahrt,58.6,43.18,4,1629,496.68
kreisfahrt,58.7,43.22,4,1631,497.88
kreisfahrt,58.8,43.27,4,1633,499.08
kreisfahrt,58.9,43.31,4,1634,500.28
kreisfahrt,59.0,43.35,4,1636,501.49
kreisfahrt,59.1,43.39,4,1637,502.69
kreisfahrt,59.2,43.44,4,1639,503.90
kreisfahrt,59.3,43.48,4,1641,505.11
kreisfahrt,59.4,43.52,4,1642,506.31
kreisfahrt,59.5,43.57,4,1644,507.52
kreisfahrt,59.6,43.61,4,1645,508.73
kreisfahrt,59.7,43.65,4,1647,509.95
kreisfahrt,59.8,43.69,4,1649,511.16
kreisfahrt,59.9,43.74,4,1650,512.37
kreisfahrt,60.0,43.78,4,1652,513.59
kreisfahrt,60.1,43.82,4,1653,514.81
kreisfahrt,60.2,43.86,4,1655,516.03
kreisfahrt,60.3,43.91,4,1657,517.24
kreisfahrt,60.4,43.95,4,1658,518.47
kreisfahrt,60.5,43.99,4,1660,519.69
kreisfahrt,60.6,44.03,4,1661,520.91
kreisfahrt,60.7,44.08,4,1663,522.13
kreisfahrt,60.8,44.12,4,1665,523.36
kreisfahrt,60.9,44.16,4,1666,524.59
kreisfahrt,61.0,44.20,4,1668,525.81
kreisfahrt,61.1,44.24,4,1669,527.04
kreisfahrt,61.2,44.29,4,1671,528.27
kreisfahrt,61.3,44.33,4,1673,529.50
kreisfahrt,61.4,44.37,4,1674,530.73
kreisfahrt,61.5,44.41,4,1676,531.97
kreisfahrt,61.6,44.39,5,1216,533.20
kreisfahrt,61.7,44.36,5,1215,534.43
kreisfahrt,61.8,44.34,5,1214,535.67
kreisfahrt,61.9,44.32,5,1214,536.90
kreisfahrt,62.0,44.30,5,1213,538.13
kreisfahrt,62.1,44.31,5,1213,539.36
kreisfahrt,62.2,44.34,5,1214,540.59
kreisfahrt,62.3,44.36,5,1215,541.82
kreisfahrt,62.4,44.39,5,1216,543.06
kreisfahrt,62.5,44.42,5,1216,544.29
kreisfahrt,62.6,44.45,5,1217,545.52
kreisfahrt,62.7,44.48,5,1218,546.76
kreisfahrt,62.8,44.51,5,1219,547.99
kreisfahrt,62.9,44.54,5,1220,549.23
kreisfahrt,63.0,44.57,5,1221,550.47
kreisfahrt,63.1,44.61,5,1221,551.71
kreisfahrt,63.2,44.64,5,1222,552.95
kreisfahrt,63.3,44.68,5,1223,554.19
kreisfahrt,63.4,44.71,5,1224,555.43
kreisfahrt,63.5,44.75,5,1225,556.67
kreisfahrt,63.6,44.79,5,1226,557.92
kreisfahrt,63.7,44.83,5,1227,559.16
kreisfahrt,63.8,44.87,5,1229,560.41
kreisfahrt,63.9,44.91,5,1230,561.65
kreisfahrt,64.0,44.95,5,1231,562.90
kreisfahrt,64.1,44.99,5,1232,564.15
kreisfahrt,64.2,45.03,5,1233,565.40
kreisfahrt,64.3,45.08,5,1234,566.65
kreisfahrt,64.4,45.12,5,1236,567.91
kreisfahrt,64.5,45.17,5,1237,569.16
kreisfahrt,64.6,45.21,5,1238,570.42
kreisfahrt,64.7,45.26,5,1239,571.67
kreisfahrt,64.8,45.30,5,1241,572.93
kreisfahrt,64.9,45.35,5,1242,574.19
kreisfahrt,65.0,45.40,5,1243,575.45
kreisfahrt,65.1,45.45,5,1244,576.71
kreisfahrt,65.2,45.49,5,1246,577.98
kreisfahrt,65.3,45.54,5,1247,579.24
kreisfahrt,65.4,45.59,5,1248,580.51
kreisfahrt,65.5,45.64,5,1250,581.77
kreisfahrt,65.6,45.69,5,1251,583.04
kreisfahrt,65.7,45.74,5,1253,584.31
kreisfahrt,65.8,45.79,5,1254,585.59
kreisfahrt,65.9,45.84,5,1255,586.86
kreisfahrt,66.0,45.89,5,1257,588.13
kreisfahrt,66.1,45.95,5,1258,589.41
kreisfahrt,66.2,46.00,5,1260,590.69
kreisfahrt,66.3,46.05,5,1261,591.96
kreisfahrt,66.4,46.10,5,1262,593.24
kreisfahrt,66.5,46.15,5,1264,594.53
kreisfahrt,66.6,46.20,5,1265,595.81
kreisfahrt,66.7,46.26,5,1267,597.09
kreisfahrt,66.8,46.31,5,1268,598.38
kreisfahrt,66.9,46.36,5,1269,599.67
kreisfahrt,67.0,46.41,5,1271,600.95
kreisfahrt,67.1,46.47,5,1272,602.24
kreisfahrt,67.2,46.52,5,1274,603.54
kreisfahrt,67.3,46.57,5,1275,604.83
kreisfahrt,67.4,46.62,5,1277,606.12
kreisfahrt,67.5,46.68,5,1278,607.42
kreisfahrt,67.6,46.73,5,1280,608.72
kreisfahrt,67.7,46.78,5,1281,610.02
kreisfahrt,67.8,46.83,5,1282,611.32
kreisfahrt,67.9,46.89,5,1284,612.62
kreisfahrt,68.0,46.94,5,1285,613.92
kreisfahrt,68.1,46.99,5,1287,615.23
kreisfahrt,68.2,47.04,5,1288,616.53
kreisfahrt,68.3,47.09,5,1290,617.84
kreisfahrt,68.4,47.15,5,1291,619.15
kreisfahrt,68.5,47.20,5,1292,620.46
kreisfahrt,68.6,47.25,5,1294,621.77
kreisfahrt,68.7,47.30,5,1295,623.08
kreisfahrt,68.8,47.35,5,1297,624.40
kreisfahrt,68.9,47.40,5,1298,625.72
kreisfahrt,69.0,47.45,5,1299,627.03
kreisfahrt,69.1,47.50,5,1301,628.35
kreisfahrt,69.2,47.56,5,1302,629.67
kreisfahrt,69.3,47.61,5,1304,630.99
kreisfahrt,69.4,47.66,5,1305,632.32
kreisfahrt,69.5,47.71,5,1306,633.64
kreisfahrt,69.6,47.76,5,1308,634.97
kreisfahrt,69.7,47.80,5,1309,636.29
kreisfahrt,69.8,47.85,5,1310,637.62
kreisfahrt,69.9,47.90,5,1312,638.95
kreisfahrt,70.0,47.95,5,1313,640.29
kreisfahrt,70.1,48.00,5,1314,641.62
kreisfahrt,70.2,48.05,5,1316,642.95
kreisfahrt,70.3,48.10,5,1317,644.29
kreisfahrt,70.4,48.15,5,1318,645.62
kreisfahrt,70.5,48.19,5,1320,646.96
kreisfahrt,70.6,48.24,5,1321,648.30
kreisfahrt,70.7,48.29,5,1322,649.64
kreisfahrt,70.8,48.34,5,1324,650.98
kreisfahrt,70.9,48.38,5,1325,652.33
kreisfahrt,71.0,48.43,5,1326,653.67
kreisfahrt,71.1,48.48,5,1327,655.02
kreisfahrt,71.2,48.53,5,1329,656.37
kreisfahrt,71.3,48.57,5,1330,657.72
kreisfahrt,71.4,48.62,5,1331,659.07
kreisfahrt,71.5,48.66,5,1333,660.42
kreisfahrt,71.6,48.71,5,1334,661.77
kreisfahrt,71.7,48.76,5,1335,663.12
kreisfahrt,71.8,48.80,5,1336,664.48
kreisfahrt,71.9,48.85,5,1338,665.83
kreisfahrt,72.0,48.89,5,1339,667.19
kreisfahrt,72.1,48.94,5,1340,668.55
kreisfahrt,72.2,48.98,5,1341,669.91
kreisfahrt,72.3,49.03,5,1342,671.27
kreisfahrt,72.4,49.07,5,1344,672.63
kreisfahrt,72.5,49.11,5,1345,674.00
kreisfahrt,72.6,49.16,5,1346,675.36
kreisfahrt,72.7,49.20,5,1347,676.73
kreisfahrt,72.8,49.25,5,1349,678.10
kreisfahrt,72.9,49.29,5,1350,679.46
kreisfahrt,73.0,49.33,5,1351,680.83
kreisfahrt,73.1,49.38,5,1352,682.21
kreisfahrt,73.2,49.42,5,1353,683.58
kreisfahrt,73.3,49.46,5,1354,684.95
kreisfahrt,73.4,49.51,5,1356,686.33
kreisfahrt,73.5,49.55,5,1357,687.70
kreisfahrt,73.6,49.59,5,1358,689.08
kreisfahrt,73.7,49.64,5,1359,690.46
kreisfahrt,73.8,49.68,5,1360,691.84
kreisfahrt,73.9,49.72,5,1362,693.22
kreisfahrt,74.0,49.76,5,1363,694.60
kreisfahrt,74.1,49.81,5,1364,695.98
kreisfahrt,74.2,49.85,5,1365,697.37
kreisfahrt,74.3,49.89,5,1366,698.75
kreisfahrt,74.4,49.93,5,1367,700.14
kreisfahrt,74.5,49.98,5,1368,701.53
kreisfahrt,74.6,50.02,5,1370,702.92
kreisfahrt,74.7,50.06,5,1371,704.31
kreisfahrt,74.8,50.10,5,1372,705.70
kreisfahrt,74.9,50.14,5,1373,707.09
kreisfahrt,75.0,50.19,5,1374,708.48
kreisfahrt,75.1,50.23,5,1375,709.88
kreisfahrt,75.2,50.27,5,1377,711.27
kreisfahrt,75.3,50.31,5,1378,712.67
kreisfahrt,75.4,50.35,5,1379,714.07
kreisfahrt,75.5,50.39,5,1380,715.47
kreisfahrt,75.6,50.44,5,1381,716.87
kreisfahrt,75.7,50.48,5,1382,718.27
kreisfahrt,75.8,50.52,5,1383,719.67
kreisfahrt,75.9,50.56,5,1384,721.08
kreisfahrt,76.0,50.60,5,1386,722.48
kreisfahrt,76.1,50.64,5,1387,723.89
kreisfahrt,76.2,50.68,5,1388,725.29
kreisfahrt,76.3,50.72,5,1389,726.70
kreisfahrt,76.4,50.77,5,1390,728.11
kreisfahrt,76.5,50.81,5,1391,729.52
kreisfahrt,76.6,50.85,5,1392,730.94
kreisfahrt,76.7,50.89,5,1394,732.35
kreisfahrt,76.8,50.93,5,1395,733.76
kreisfahrt,76.9,50.97,5,1396,735.18
kreisfahrt,77.0,51.01,5,1397,736.59
kreisfahrt,77.1,51.05,5,1398,738.01
kreisfahrt,77.2,51.10,5,1399,739.43
kreisfahrt,77.3,51.14,5,1400,740.85
kreisfahrt,77.4,51.18,5,1401,742.27
kreisfahrt,77.5,51.22,5,1403,743.69
kreisfahrt,77.6,51.26,5,1404,745.12
kreisfahrt,77.7,51.30,5,1405,746.54
kreisfahrt,77.8,51.34,5,1406,747.97
kreisfahrt,77.9,51.38,5,1407,749.39
kreisfahrt,78.0,51.43,5,1408,750.82
kreisfahrt,78.1,51.47,5,1409,752.25
kreisfahrt,78.2,51.51,5,1410,753.68
kreisfahrt,78.3,51.55,5,1412,755.11
kreisfahrt,78.4,51.59,5,1413,756.55
kreisfahrt,78.5,51.63,5,1414,757.98
kreisfahrt,78.6,51.67,5,1415,759.41
kreisfahrt,78.7,51.71,5,1416,760.85
kreisfahrt,78.8,51.75,5,1417,762.29
kreisfahrt,78.9,51.80,5,1418,763.73
kreisfahrt,79.0,51.84,5,1419,765.17
kreisfahrt,79.1,51.88,5,1421,766.61
kreisfahrt,79.2,51.92,5,1422,768.05
kreisfahrt,79.3,51.96,5,1423,769.49
kreisfahrt,79.4,52.00,5,1424,770.93
kreisfahrt,79.5,52.04,5,1425,772.38
kreisfahrt,79.6,52.09,5,1426,773.83
kreisfahrt,79.7,52.13,5,1427,775.27
kreisfahrt,79.8,52.17,5,1429,776.72
kreisfahrt,79.9,52.21,5,1430,778.17
kreisfahrt,80.0,52.25,5,1431,779.62
kreisfahrt,80.1,52.29,5,1432,781.07
kreisfahrt,80.2,52.33,5,1433,782.53
kreisfahrt,80.3,52.38,5,1434,783.98
kreisfahrt,80.4,52.42,5,1435,785.44
kreisfahrt,80.5,52.46,5,1436,786.89
kreisfahrt,80.6,52.50,5,1438,788.35
kreisfahrt,80.7,52.54,5,1439,789.81
kreisfahrt,80.8,52.58,5,1440,791.27
kreisfahrt,80.9,52.62,5,1441,792.73
kreisfahrt,81.0,52.67,5,1442,794.20
kreisfahrt,81.1,52.71,5,1443,795.66
kreisfahrt,81.2,52.75,5,1444,797.12
kreisfahrt,81.3,52.79,5,1446,798.59
kreisfahrt,81.4,52.83,5,1447,800.06
kreisfahrt,81.5,52.87,5,1448,801.52
kreisfahrt,81.6,52.92,5,1449,802.99
kreisfahrt,81.7,52.96,5,1450,804.46
kreisfahrt,81.8,53.00,5,1451,805.94
kreisfahrt,81.9,53.04,5,1452,807.41
kreisfahrt,82.0,53.08,5,1454,808.88
kreisfahrt,82.1,53.12,5,1455,810.36
kreisfahrt,82.2,53.17,5,1456,811.84
kreisfahrt,82.3,53.21,5,1457,813.31
kreisfahrt,82.4,53.25,5,1458,814.79
kreisfahrt,82.5,53.29,5,1459,816.27
kreisfahrt,82.6,53.33,5,1460,817.75
kreisfahrt,82.7,53.37,5,1462,819.23
kreisfahrt,82.8,53.42,5,1463,820.72
kreisfahrt,82.9,53.46,5,1464,822.20
kreisfahrt,83.0,53.50,5,1465,823.69
kreisfahrt,83.1,53.54,5,1466,825.17
kreisfahrt,83.2,53.58,5,1467,826.66
kreisfahrt,83.3,53.62,5,1468,828.15
kreisfahrt,83.4,53.66,5,1469,829.64
kreisfahrt,83.5,53.70,5,1470,831.13
kreisfahrt,83.6,53.74,5,1472,832.63
kreisfahrt,83.7,53.78,5,1473,834.12
kreisfahrt,83.8,53.82,5,1474,835.61
kreisfahrt,83.9,53.85,5,1475,837.11
kreisfahrt,84.0,53.89,5,1476,838.61
kreisfahrt,84.1,53.93,5,1477,840.10
kreisfahrt,84.2,53.97,5,1478,841.60
kreisfahrt,84.3,54.00,5,1479,843.10
kreisfahrt,84.4,54.04,5,1480,844.60
kreisfahrt,84.5,54.07,5,1481,846.10
kreisfahrt,84.6,54.11,5,1482,847.61
kreisfahrt,84.7,54.15,5,1483,849.11
kreisfahrt,84.8,54.18,5,1484,850.62
kreisfahrt,84.9,54.22,5,1485,852.12
kreisfahrt,85.0,54.25,5,1486,853.63
kreisfahrt,85.1,54.29,5,1487,855.14
kreisfahrt,85.2,54.32,5,1487,856.64
kreisfahrt,85.3,54.35,5,1488,858.15
kreisfahrt,85.4,54.39,5,1489,859.66
kreisfahrt,85.5,54.42,5,1490,861.18
kreisfahrt,85.6,54.46,5,1491,862.69
kreisfahrt,85.7,54.49,5,1492,864.20
kreisfahrt,85.8,54.52,5,1493,865.72
kreisfahrt,85.9,54.56,5,1494,867.23
kreisfahrt,86.0,54.59,5,1495,868.75
kreisfahrt,86.1,54.62,5,1496,870.26
kreisfahrt,86.2,54.65,5,1497,871.78
kreisfahrt,86.3,54.69,5,1497,873.30
kreisfahrt,86.4,54.72,5,1498,874.82
kreisfahrt,86.5,54.75,5,1499,876.34
kreisfahrt,86.6,54.78,5,1500,877.86
kreisfahrt,86.7,54.82,5,1501,879.39
kreisfahrt,86.8,54.85,5,1502,880.91
kreisfahrt,86.9,54.88,5,1503,882.43
kreisfahrt,87.0,54.91,5,1504,883.96
kreisfahrt,87.1,54.94,5,1505,885.49
kreisfahrt,87.2,54.97,5,1505,887.01
kreisfahrt,87.3,55.01,5,1506,888.54
kreisfahrt,87.4,55.04,5,1507,890.07
kreisfahrt,87.5,55.07,5,1508,891.60
kreisfahrt,87.6,55.10,5,1509,893.13
kreisfahrt,87.7,55.13,5,1510,894.66
kreisfahrt,87.8,55.16,5,1511,896.19
kreisfahrt,87.9,55.19,5,1511,897.73
kreisfahrt,88.0,55.22,5,1512,899.26
kreisfahrt,88.1,55.26,5,1513,900.79
kreisfahrt,88.2,55.29,5,1514,902.33
kreisfahrt,88.3,55.32,5,1515,903.87
kreisfahrt,88.4,55.35,5,1516,905.40
kreisfahrt,88.5,55.38,5,1516,906.94
kreisfahrt,88.6,55.41,5,1517,908.48
kreisfahrt,88.7,55.44,5,1518,910.02
kreisfahrt,88.8,55.47,5,1519,911.56
kreisfahrt,88.9,55.50,5,1520,913.10
kreisfahrt,89.0,55.53,5,1521,914.65
kreisfahrt,89.1,55.56,5,1521,916.19
kreisfahrt,89.2,55.59,5,1522,917.73
kreisfahrt,89.3,55.62,5,1523,919.28
kreisfahrt,89.4,55.65,5,1524,920.82
kreisfahrt,89.5,55.68,5,1525,922.37
kreisfahrt,89.6,55.71,5,1526,923.92
kreisfahrt,89.7,55.74,5,1526,925.47
kreisfahrt,89.8,55.77,5,1527,927.02
kreisfahrt,89.9,55.80,5,1528,928.57
kreisfahrt,90.0,55.83,5,1529,930.12
kreisfahrt,90.1,55.86,5,1530,931.67
kreisfahrt,90.2,55.89,5,1530,933.22
kreisfahrt,90.3,55.92,5,1531,934.78
kreisfahrt,90.4,55.95,5,1532,936.33
kreisfahrt,90.5,55.98,5,1533,937.88
kreisfahrt,90.6,56.01,5,1534,939.44
kreisfahrt,90.7,56.04,5,1535,941.00
kreisfahrt,90.8,56.07,5,1535,942.56
kreisfahrt,90.9,56.10,5,1536,944.11
kreisfahrt,91.0,56.13,5,1537,945.67
kreisfahrt,91.1,56.16,5,1538,947.23
kreisfahrt,91.2,56.18,5,1539,948.79
kreisfahrt,91.3,56.21,5,1539,950.36
kreisfahrt,91.4,56.24,5,1540,951.92
kreisfahrt,91.5,56.27,5,1541,953.48
kreisfahrt,91.6,56.30,5,1542,955.05
kreisfahrt,91.7,56.33,5,1542,956.61
kreisfahrt,91.8,56.36,5,1543,958.18
kreisfahrt,91.9,56.39,5,1544,959.74
kreisfahrt,92.0,56.42,5,1545,961.31
kreisfahrt,92.1,56.44,5,1546,962.88
kreisfahrt,92.2,56.47,5,1546,964.45
kreisfahrt,92.3,56.50,5,1547,966.02
kreisfahrt,92.4,56.53,5,1548,967.59
kreisfahrt,92.5,56.56,5,1549,969.16
kreisfahrt,92.6,56.59,5,1550,970.73
kreisfahrt,92.7,56.62,5,1550,972.30
kreisfahrt,92.8,56.64,5,1551,973.88
kreisfahrt,92.9,56.67,5,1552,975.45
kreisfahrt,93.0,56.70,5,1553,977.03
kreisfahrt,93.1,56.73,5,1553,978.60
kreisfahrt,93.2,56.76,5,1554,980.18
kreisfahrt,93.3,56.79,5,1555,981.76
kreisfahrt,93.4,56.81,5,1556,983.34
kreisfahrt,93.5,56.84,5,1557,984.92
kreisfahrt,93.6,56.87,5,1557,986.50
kreisfahrt,93.7,56.90,5,1558,988.08
kreisfahrt,93.8,56.92,5,1559,989.66
kreisfahrt,93.9,56.95,5,1560,991.24
kreisfahrt,94.0,56.98,5,1560,992.83
kreisfahrt,94.1,57.01,5,1561,994.41
kreisfahrt,94.2,57.04,5,1562,995.99
kreisfahrt,94.3,57.06,5,1563,997.58
kreisfahrt,94.4,57.09,5,1563,999.17
kreisfahrt,94.5,57.12,5,1564,1000.75
kreisfahrt,94.6,57.15,5,1565,1002.34
kreisfahrt,94.7,57.17,5,1566,1003.93
kreisfahrt,94.8,57.20,5,1566,1005.52
kreisfahrt,94.9,57.23,5,1567,1007.11
kreisfahrt,95.0,57.25,5,1568,1008.70
kreisfahrt,95.1,57.28,5,1569,1010.29
kreisfahrt,95.2,57.31,5,1569,1011.89
kreisfahrt,95.3,57.33,5,1570,1013.48
kreisfahrt,95.4,57.36,5,1571,1015.07
kreisfahrt,95.5,57.39,5,1572,1016.67
kreisfahrt,95.6,57.42,5,1572,1018.26
kreisfahrt,95.7,57.44,5,1573,1019.86
kreisfahrt,95.8,57.47,5,1574,1021.46
kreisfahrt,95.9,57.50,5,1574,1023.05
kreisfahrt,96.0,57.52,5,1575,1024.65
kreisfahrt,96.1,57.55,5,1576,1026.25
kreisfahrt,96.2,57.57,5,1577,1027.85
kreisfahrt,96.3,57.60,5,1577,1029.45
kreisfahrt,96.4,57.63,5,1578,1031.05
kreisfahrt,96.5,57.65,5,1579,1032.66
kreisfahrt,96.6,57.68,5,1579,1034.26
kreisfahrt,96.7,57.70,5,1580,1035.86
kreisfahrt,96.8,57.73,5,1581,1037.47
kreisfahrt,96.9,57.76,5,1582,1039.07
kreisfahrt,97.0,57.78,5,1582,1040.68
kreisfahrt,97.1,57.81,5,1583,1042.29
kreisfahrt,97.2,57.83,5,1584,1043.89
kreisfahrt,97.3,57.86,5,1584,1045.50
kreisfahrt,97.4,57.88,5,1585,1047.11
kreisfahrt,97.5,57.91,5,1586,1048.72
kreisfahrt,97.6,57.94,5,1586,1050.33
kreisfahrt,97.7,57.96,5,1587,1051.94
kreisfahrt,97.8,57.99,5,1588,1053.55
kreisfahrt,97.9,58.01,5,1589,1055.17
kreisfahrt,98.0,58.03,5,1589,1056.78
kreisfahrt,98.1,58.06,5,1590,1058.39
kreisfahrt,98.2,58.08,5,1590,1060.01
kreisfahrt,98.3,58.10,5,1591,1061.62
kreisfahrt,98.4,58.12,5,1592,1063.24
kreisfahrt,98.5,58.14,5,1592,1064.86
kreisfahrt,98.6,58.16,5,1593,1066.47
kreisfahrt,98.7,58.17,5,1593,1068.09
kreisfahrt,98.8,58.19,5,1594,1069.71
kreisfahrt,98.9,58.21,5,1594,1071.33
kreisfahrt,99.0,58.22,5,1594,1072.94
kreisfahrt,99.1,58.24,5,1595,1074.56
kreisfahrt,99.2,58.25,5,1595,1076.18
kreisfahrt,99.3,58.26,5,1595,1077.80
kreisfahrt,99.4,58.27,5,1596,1079.42
kreisfahrt,99.5,58.28,5,1596,1081.04
kreisfahrt,99.6,58.30,5,1596,1082.66
kreisfahrt,99.7,58.31,5,1597,1084.29
kreisfahrt,99.8,58.31,5,1597,1085.91
kreisfahrt,99.9,58.32,5,1597,1087.53
kreisfahrt,100.0,58.33,5,1597,1089.15
kreisfahrt,100.1,58.34,5,1598,1090.77
kreisfahrt,100.2,58.35,5,1598,1092.40
kreisfahrt,100.3,58.35,5,1598,1094.02
kreisfahrt,100.4,58.36,5,1598,1095.64
kreisfahrt,100.5,58.37,5,1598,1097.27
kreisfahrt,100.6,58.38,5,1599,1098.89
kreisfahrt,100.7,58.38,5,1599,1100.51
kreisfahrt,100.8,58.39,5,1599,1102.14
kreisfahrt,100.9,58.40,5,1599,1103.76
kreisfahrt,101.0,58.40,5,1599,1105.38
kreisfahrt,101.1,58.41,5,1599,1107.01
kreisfahrt,101.2,58.42,5,1600,1108.63
kreisfahrt,101.3,58.42,5,1600,1110.26
kreisfahrt,101.4,58.43,5,1600,1111.88
kreisfahrt,101.5,58.44,5,1600,1113.51
kreisfahrt,101.6,58.44,5,1600,1115.13
kreisfahrt,101.7,58.45,5,1601,1116.76
kreisfahrt,101.8,58.46,5,1601,1118.38
kreisfahrt,101.9,58.47,5,1601,1120.01
kreisfahrt,102.0,58.47,5,1601,1121.64
kreisfahrt,102.1,58.48,5,1602,1123.26
kreisfahrt,102.2,58.49,5,1602,1124.89
kreisfahrt,102.3,58.50,5,1602,1126.52
kreisfahrt,102.4,58.51,5,1602,1128.14
kreisfahrt,102.5,58.51,5,1602,1129.77
kreisfahrt,102.6,58.52,5,1603,1131.40
kreisfahrt,102.7,58.53,5,1603,1133.02
kreisfahrt,102.8,58.54,5,1603,1134.65
kreisfahrt,102.9,58.54,5,1603,1136.28
kreisfahrt,103.0,58.55,5,1603,1137.91
kreisfahrt,103.1,58.56,5,1604,1139.54
kreisfahrt,103.2,58.56,5,1604,1141.17
kreisfahrt,103.3,58.57,5,1604,1142.79
kreisfahrt,103.4,58.57,5,1604,1144.42
kreisfahrt,103.5,58.58,5,1604,1146.05
kreisfahrt,103.6,58.58,5,1604,1147.68
kreisfahrt,103.7,58.58,5,1604,1149.31
kreisfahrt,103.8,58.59,5,1604,1150.94
kreisfahrt,103.9,58.59,5,1604,1152.57
kreisfahrt,104.0,58.59,5,1604,1154.20
kreisfahrt,104.1,58.59,5,1604,1155.83
kreisfahrt,104.2,58.59,5,1604,1157.46
kreisfahrt,104.3,58.59,5,1604,1159.09
kreisfahrt,104.4,58.59,5,1604,1160.72
kreisfahrt,104.5,58.58,5,1604,1162.35
kreisfahrt,104.6,58.58,5,1604,1163.98
kreisfahrt,104.7,58.58,5,1604,1165.60
kreisfahrt,104.8,58.58,5,1604,1167.23
kreisfahrt,104.9,58.57,5,1604,1168.86
kreisfahrt,105.0,58.57,5,1604,1170.49
kreisfahrt,105.1,58.57,5,1604,1172.12
kreisfahrt,105.2,58.56,5,1604,1173.75
kreisfahrt,105.3,58.56,5,1604,1175.38
kreisfahrt,105.4,58.56,5,1604,1177.01
kreisfahrt,105.5,58.55,5,1603,1178.64
kreisfahrt,105.6,58.55,5,1603,1180.26
kreisfahrt,105.7,58.55,5,1603,1181.89
kreisfahrt,105.8,58.54,5,1603,1183.52
kreisfahrt,105.9,58.54,5,1603,1185.15
kreisfahrt,106.0,58.54,5,1603,1186.78
kreisfahrt,106.1,58.54,5,1603,1188.41
kreisfahrt,106.2,58.54,5,1603,1190.03
kreisfahrt,106.3,58.54,5,1603,1191.66
kreisfahrt,106.4,58.54,5,1603,1193.29
kreisfahrt,106.5,58.55,5,1603,1194.92
kreisfahrt,106.6,58.55,5,1603,1196.55
kreisfahrt,106.7,58.55,5,1603,1198.18
kreisfahrt,106.8,58.56,5,1604,1199.81
kreisfahrt,106.9,58.56,5,1604,1201.43
kreisfahrt,107.0,58.57,5,1604,1203.06
kreisfahrt,107.1,58.57,5,1604,1204.69
kreisfahrt,107.2,58.58,5,1604,1206.32
kreisfahrt,107.3,58.59,5,1604,1207.95
kreisfahrt,107.4,58.60,5,1605,1209.58
kreisfahrt,107.5,58.60,5,1605,1211.21
kreisfahrt,107.6,58.61,5,1605,1212.84
kreisfahrt,107.7,58.62,5,1605,1214.47
kreisfahrt,107.8,58.63,5,1606,1216.10
kreisfahrt,107.9,58.64,5,1606,1217.73
kreisfahrt,108.0,58.65,5,1606,1219.36
kreisfahrt,108.1,58.65,5,1606,1220.99
kreisfahrt,108.2,58.66,5,1606,1222.62
kreisfahrt,108.3,58.67,5,1607,1224.25
kreisfahrt,108.4,58.67,5,1607,1225.89
kreisfahrt,108.5,58.68,5,1607,1227.52
kreisfahrt,108.6,58.68,5,1607,1229.15
kreisfahrt,108.7,58.68,5,1607,1230.78
kreisfahrt,108.8,58.68,5,1607,1232.41
kreisfahrt,108.9,58.68,5,1607,1234.05
kreisfahrt,109.0,58.68,5,1607,1235.68
kreisfahrt,109.1,58.68,5,1607,1237.31
kreisfahrt,109.2,58.68,5,1607,1238.94
kreisfahrt,109.3,58.67,5,1607,1240.57
kreisfahrt,109.4,58.67,5,1607,1242.21
kreisfahrt,109.5,58.66,5,1606,1243.84
kreisfahrt,109.6,58.65,5,1606,1245.47
kreisfahrt,109.7,58.64,5,1606,1247.10
kreisfahrt,109.8,58.64,5,1606,1248.73
kreisfahrt,109.9,58.63,5,1605,1250.36
kreisfahrt,110.0,58.61,5,1605,1251.99
kreisfahrt,110.1,58.60,5,1605,1253.62
kreisfahrt,110.2,58.59,5,1605,1255.25
kreisfahrt,110.3,58.58,5,1604,1256.88
kreisfahrt,110.4,58.57,5,1604,1258.51
kreisfahrt,110.5,58.56,5,1604,1260.14
kreisfahrt,110.6,58.55,5,1603,1261.77
kreisfahrt,110.7,58.54,5,1603,1263.40
kreisfahrt,110.8,58.53,5,1603,1265.03
kreisfahrt,110.9,58.52,5,1603,1266.65
kreisfahrt,111.0,58.51,5,1602,1268.28
kreisfahrt,111.1,58.51,5,1602,1269.91
kreisfahrt,111.2,58.50,5,1602,1271.54
kreisfahrt,111.3,58.50,5,1602,1273.16
kreisfahrt,111.4,58.49,5,1602,1274.79
kreisfahrt,111.5,58.49,5,1602,1276.42
kreisfahrt,111.6,58.50,5,1602,1278.05
kreisfahrt,111.7,58.50,5,1602,1279.67
kreisfahrt,111.8,58.50,5,1602,1281.30
kreisfahrt,111.9,58.51,5,1602,1282.93
kreisfahrt,112.0,58.52,5,1603,1284.56
kreisfahrt,112.1,58.53,5,1603,1286.18
kreisfahrt,112.2,58.54,5,1603,1287.81
kreisfahrt,112.3,58.55,5,1603,1289.44
kreisfahrt,112.4,58.57,5,1604,1291.07
kreisfahrt,112.5,58.58,5,1604,1292.70
kreisfahrt,112.6,58.60,5,1605,1294.33
kreisfahrt,112.7,58.62,5,1605,1295.96
kreisfahrt,112.8,58.63,5,1606,1297.59
kreisfahrt,112.9,58.65,5,1606,1299.22
kreisfahrt,113.0,58.67,5,1607,1300.85
kreisfahrt,113.1,58.69,5,1607,1302.48
kreisfahrt,113.2,58.70,5,1608,1304.11
kreisfahrt,113.3,58.72,5,1608,1305.74
kreisfahrt,113.4,58.73,5,1608,1307.38
kreisfahrt,113.5,58.74,5,1609,1309.01
kreisfahrt,113.6,58.75,5,1609,1310.64
kreisfahrt,113.7,58.76,5,1609,1312.28
kreisfahrt,113.8,58.77,5,1609,1313.91
kreisfahrt,113.9,58.77,5,1609,1315.55
kreisfahrt,114.0,58.77,5,1610,1317.18
kreisfahrt,114.1,58.77,5,1610,1318.82
kreisfahrt,114.2,58.77,5,1609,1320.45
kreisfahrt,114.3,58.76,5,1609,1322.08
kreisfahrt,114.4,58.76,5,1609,1323.72
kreisfahrt,114.5,58.74,5,1609,1325.35
kreisfahrt,114.6,58.73,5,1608,1326.99
kreisfahrt,114.7,58.72,5,1608,1328.62
kreisfahrt,114.8,58.70,5,1607,1330.25
kreisfahrt,114.9,58.68,5,1607,1331.88
kreisfahrt,115.0,58.66,5,1606,1333.52
kreisfahrt,115.1,58.63,5,1606,1335.15
kreisfahrt,115.2,58.61,5,1605,1336.78
kreisfahrt,115.3,58.58,5,1604,1338.41
kreisfahrt,115.4,58.56,5,1604,1340.04
kreisfahrt,115.5,58.53,5,1603,1341.67
kreisfahrt,115.6,58.51,5,1602,1343.30
kreisfahrt,115.7,58.48,5,1602,1344.92
kreisfahrt,115.8,58.46,5,1601,1346.55
kreisfahrt,115.9,58.43,5,1600,1348.18
kreisfahrt,116.0,58.41,5,1600,1349.80
kreisfahrt,116.1,58.39,5,1599,1351.43
kreisfahrt,116.2,58.37,5,1599,1353.05
kreisfahrt,116.3,58.35,5,1598,1354.67
kreisfahrt,116.4,58.34,5,1598,1356.30
kreisfahrt,116.5,58.33,5,1597,1357.92
kreisfahrt,116.6,58.33,5,1597,1359.54
kreisfahrt,116.7,58.32,5,1597,1361.17
kreisfahrt,116.8,58.33,5,1597,1362.79
kreisfahrt,116.9,58.33,5,1597,1364.41
kreisfahrt,117.0,58.34,5,1598,1366.04
kreisfahrt,117.1,58.36,5,1598,1367.66
kreisfahrt,117.2,58.37,5,1599,1369.28
kreisfahrt,117.3,58.40,5,1599,1370.91
kreisfahrt,117.4,58.42,5,1600,1372.53
kreisfahrt,117.5,58.45,5,1601,1374.15
kreisfahrt,117.6,58.48,5,1601,1375.78
kreisfahrt,117.7,58.52,5,1602,1377.41
kreisfahrt,117.8,58.55,5,1603,1379.03
kreisfahrt,117.9,58.59,5,1604,1380.66
kreisfahrt,118.0,58.63,5,1606,1382.29
kreisfahrt,118.1,58.67,5,1607,1383.92
kreisfahrt,118.2,58.71,5,1608,1385.56
kreisfahrt,118.3,58.75,5,1609,1387.19
kreisfahrt,118.4,58.78,5,1610,1388.82
kreisfahrt,118.5,58.81,5,1610,1390.46
kreisfahrt,118.6,58.84,5,1611,1392.09
kreisfahrt,118.7,58.87,5,1612,1393.73
kreisfahrt,118.8,58.89,5,1613,1395.36
kreisfahrt,118.9,58.90,5,1613,1397.00
kreisfahrt,119.0,58.91,5,1613,1398.64
kreisfahrt,119.1,58.92,5,1613,1400.28
kreisfahrt,119.2,58.92,5,1614,1401.92
kreisfahrt,119.3,58.92,5,1613,1403.55
kreisfahrt,119.4,58.91,5,1613,1405.19
kreisfahrt,119.5,58.89,5,1613,1406.83
kreisfahrt,119.6,58.87,5,1612,1408.47
kreisfahrt,119.7,58.84,5,1611,1410.10
kreisfahrt,119.8,58.81,5,1611,1411.74
kreisfahrt,119.9,58.78,5,1610,1413.38
kreisfahrt,120.0,58.74,5,1609,1415.01
kreisfahrt,120.1,58.69,5,1607,1416.64
kreisfahrt,120.2,58.65,5,1606,1418.28
kreisfahrt,120.3,58.60,5,1605,1419.91
kreisfahrt,120.4,58.54,5,1603,1421.54
kreisfahrt,120.5,58.49,5,1602,1423.17
kreisfahrt,120.6,58.43,5,1600,1424.79
kreisfahrt,120.7,58.38,5,1599,1426.42
kreisfahrt,120.8,58.32,5,1597,1428.04
kreisfahrt,120.9,58.26,5,1596,1429.67
kreisfahrt,121.0,58.21,5,1594,1431.29
kreisfahrt,121.1,58.16,5,1593,1432.91
kreisfahrt,121.2,58.11,5,1591,1434.52
kreisfahrt,121.3,58.06,5,1590,1436.14
kreisfahrt,121.4,58.02,5,1589,1437.76
kreisfahrt,121.5,57.98,5,1588,1439.37
kreisfahrt,121.6,57.95,5,1587,1440.99
kreisfahrt,121.7,57.92,5,1586,1442.60
kreisfahrt,121.8,57.91,5,1586,1444.21
kreisfahrt,121.9,57.90,5,1585,1445.82
kreisfahrt,122.0,57.89,5,1585,1447.43
kreisfahrt,122.1,57.90,5,1586,1449.04
kreisfahrt,122.2,57.92,5,1586,1450.66
kreisfahrt,122.3,57.94,5,1587,1452.27
kreisfahrt,122.4,57.98,5,1588,1453.88
kreisfahrt,122.5,58.02,5,1589,1455.49
kreisfahrt,122.6,58.08,5,1590,1457.11
kreisfahrt,122.7,58.14,5,1592,1458.72
kreisfahrt,122.8,58.20,5,1594,1460.34
kreisfahrt,122.9,58.28,5,1596,1461.96
kreisfahrt,123.0,58.35,5,1598,1463.58
kreisfahrt,123.1,58.43,5,1600,1465.20
kreisfahrt,123.2,58.51,5,1602,1466.83
kreisfahrt,123.3,58.59,5,1604,1468.46
kreisfahrt,123.4,58.67,5,1606,1470.09
kreisfahrt,123.5,58.74,5,1608,1471.72
kreisfahrt,123.6,58.81,5,1610,1473.35
kreisfahrt,123.7,58.86,5,1612,1474.99
kreisfahrt,123.8,58.92,5,1613,1476.62
kreisfahrt,123.9,58.96,5,1615,1478.26
kreisfahrt,124.0,58.99,5,1615,1479.90
kreisfahrt,124.1,59.02,5,1616,1481.54
kreisfahrt,124.2,59.03,5,1617,1483.18
kreisfahrt,124.3,59.04,5,1617,1484.82
kreisfahrt,124.4,59.03,5,1617,1486.46
kreisfahrt,124.5,59.02,5,1616,1488.10
kreisfahrt,124.6,58.99,5,1615,1489.74
kreisfahrt,124.7,58.95,5,1614,1491.38
kreisfahrt,124.8,58.91,5,1613,1493.02
kreisfahrt,124.9,58.85,5,1612,1494.66
kreisfahrt,125.0,58.79,5,1610,1496.30
kreisfahrt,125.1,58.72,5,1608,1497.93
kreisfahrt,125.2,58.64,5,1606,1499.56
kreisfahrt,125.3,58.56,5,1604,1501.20
kreisfahrt,125.4,58.47,5,1601,1502.82
kreisfahrt,125.5,58.37,5,1599,1504.45
kreisfahrt,125.6,58.28,5,1596,1506.07
kreisfahrt,125.7,58.18,5,1593,1507.70
kreisfahrt,125.8,58.07,5,1591,1509.31
kreisfahrt,125.9,57.97,5,1588,1510.93
kreisfahrt,126.0,57.87,5,1585,1512.54
kreisfahrt,126.1,57.77,5,1582,1514.16
kreisfahrt,126.2,57.67,5,1579,1515.76
kreisfahrt,126.3,57.57,5,1577,1517.37
kreisfahrt,126.4,57.48,5,1574,1518.97
kreisfahrt,126.5,57.39,5,1572,1520.57
kreisfahrt,126.6,57.31,5,1570,1522.17
kreisfahrt,126.7,57.24,5,1568,1523.76
kreisfahrt,126.8,57.18,5,1566,1525.36
kreisfahrt,126.9,57.13,5,1565,1526.95
kreisfahrt,127.0,57.09,5,1563,1528.54
kreisfahrt,127.1,57.06,5,1563,1530.13
kreisfahrt,127.2,57.05,5,1562,1531.72
kreisfahrt,127.3,57.06,5,1562,1533.31
kreisfahrt,127.4,57.08,5,1563,1534.90
kreisfahrt,127.5,57.12,5,1564,1536.49
kreisfahrt,127.6,57.17,5,1566,1538.08
kreisfahrt,127.7,57.25,5,1568,1539.67
kreisfahrt,127.8,57.34,5,1570,1541.26
kreisfahrt,127.9,57.44,5,1573,1542.86
kreisfahrt,128.0,57.56,5,1576,1544.46
kreisfahrt,128.1,57.69,5,1579,1546.06
kreisfahrt,128.2,57.81,5,1583,1547.66
kreisfahrt,128.3,57.94,5,1587,1549.27
kreisfahrt,128.4,58.07,5,1590,1550.88
kreisfahrt,128.5,58.19,5,1593,1552.50
kreisfahrt,128.6,58.31,5,1597,1554.12
kreisfahrt,128.7,58.42,5,1599,1555.74
kreisfahrt,128.8,58.51,5,1602,1557.36
kreisfahrt,128.9,58.59,5,1604,1558.99
kreisfahrt,129.0,58.66,5,1606,1560.62
kreisfahrt,129.1,58.72,5,1608,1562.25
kreisfahrt,129.2,58.76,5,1609,1563.88
kreisfahrt,129.3,58.79,5,1610,1565.51
kreisfahrt,129.4,58.80,5,1610,1567.15
kreisfahrt,129.5,58.80,5,1610,1568.78
kreisfahrt,129.6,58.78,5,1610,1570.42
kreisfahrt,129.7,58.75,5,1609,1572.05
kreisfahrt,129.8,58.71,5,1608,1573.68
kreisfahrt,129.9,58.65,5,1606,1575.32
kreisfahrt,130.0,58.58,5,1604,1576.95
kreisfahrt,130.1,58.50,5,1602,1578.57
kreisfahrt,130.2,58.41,5,1600,1580.20
kreisfahrt,130.3,58.31,5,1597,1581.82
kreisfahrt,130.4,58.20,5,1594,1583.45
kreisfahrt,130.5,58.09,5,1591,1585.07
kreisfahrt,130.6,57.97,5,1588,1586.68
kreisfahrt,130.7,57.84,5,1584,1588.29
kreisfahrt,130.8,57.71,5,1581,1589.90
kreisfahrt,130.9,57.58,5,1577,1591.51
kreisfahrt,131.0,57.45,5,1574,1593.11
kreisfahrt,131.1,57.32,5,1570,1594.71
kreisfahrt,131.2,57.19,5,1567,1596.31
kreisfahrt,131.3,57.07,5,1563,1597.90
kreisfahrt,131.4,56.95,5,1560,1599.49
kreisfahrt,131.5,56.83,5,1557,1601.08
kreisfahrt,131.6,56.73,5,1554,1602.66
kreisfahrt,131.7,56.63,5,1551,1604.24
kreisfahrt,131.8,56.54,5,1549,1605.82
kreisfahrt,131.9,56.47,5,1546,1607.39
kreisfahrt,132.0,56.41,5,1545,1608.96
kreisfahrt,132.1,56.36,5,1544,1610.53
kreisfahrt,132.2,56.33,5,1543,1612.10
kreisfahrt,132.3,56.33,5,1542,1613.67
kreisfahrt,132.4,56.34,5,1543,1615.24
kreisfahrt,132.5,56.38,5,1544,1616.81
kreisfahrt,132.6,56.44,5,1545,1618.38
kreisfahrt,132.7,56.52,5,1548,1619.95
kreisfahrt,132.8,56.63,5,1551,1621.53
kreisfahrt,132.9,56.76,5,1554,1623.10
kreisfahrt,133.0,56.90,5,1558,1624.68
kreisfahrt,133.1,57.05,5,1562,1626.27
kreisfahrt,133.2,57.21,5,1566,1627.86
kreisfahrt,133.3,57.36,5,1570,1629.45
kreisfahrt,133.4,57.51,5,1575,1631.04
kreisfahrt,133.5,57.66,5,1579,1632.64
kreisfahrt,133.6,57.79,5,1582,1634.25
kreisfahrt,133.7,57.92,5,1586,1635.85
kreisfahrt,133.8,58.03,5,1589,1637.46
kreisfahrt,133.9,58.13,5,1592,1639.08
kreisfahrt,134.0,58.21,5,1594,1640.69
kreisfahrt,134.1,58.28,5,1596,1642.31
kreisfahrt,134.2,58.33,5,1597,1643.93
kreisfahrt,134.3,58.36,5,1598,1645.55
kreisfahrt,134.4,58.38,5,1599,1647.17
kreisfahrt,134.5,58.39,5,1599,1648.80
kreisfahrt,134.6,58.37,5,1599,1650.42
kreisfahrt,134.7,58.35,5,1598,1652.04
kreisfahrt,134.8,58.31,5,1597,1653.66
kreisfahrt,134.9,58.25,5,1595,1655.28
kreisfahrt,135.0,58.18,5,1594,1656.90
kreisfahrt,135.1,58.11,5,1591,1658.52
kreisfahrt,135.2,58.02,5,1589,1660.14
kreisfahrt,135.3,57.92,5,1586,1661.75
kreisfahrt,135.4,57.81,5,1583,1663.36
kreisfahrt,135.5,57.70,5,1580,1664.97
kreisfahrt,135.6,57.58,5,1577,1666.57
kreisfahrt,135.7,57.46,5,1574,1668.18
kreisfahrt,135.8,57.34,5,1570,1669.78
kreisfahrt,135.9,57.21,5,1567,1671.37
kreisfahrt,136.0,57.08,5,1563,1672.96
kreisfahrt,136.1,56.96,5,1560,1674.55
kreisfahrt,136.2,56.84,5,1557,1676.14
kreisfahrt,136.3,56.72,5,1554,1677.72
kreisfahrt,136.4,56.61,5,1551,1679.30
kreisfahrt,136.5,56.51,5,1548,1680.88
kreisfahrt,136.6,56.42,5,1545,1682.45
kreisfahrt,136.7,56.34,5,1543,1684.03
kreisfahrt,136.8,56.27,5,1541,1685.60
kreisfahrt,136.9,56.22,5,1540,1687.16
kreisfahrt,137.0,56.19,5,1539,1688.73
kreisfahrt,137.1,56.18,5,1538,1690.30
kreisfahrt,137.2,56.19,5,1539,1691.86
kreisfahrt,137.3,56.22,5,1540,1693.43
kreisfahrt,137.4,56.28,5,1541,1694.99
kreisfahrt,137.5,56.37,5,1543,1696.56
kreisfahrt,137.6,56.48,5,1546,1698.13
kreisfahrt,137.7,56.61,5,1550,1699.70
kreisfahrt,137.8,56.75,5,1554,1701.28
kreisfahrt,137.9,56.91,5,1558,1702.86
kreisfahrt,138.0,57.06,5,1562,1704.44
kreisfahrt,138.1,57.22,5,1567,1706.03
kreisfahrt,138.2,57.38,5,1571,1707.62
kreisfahrt,138.3,57.52,5,1575,1709.22
kreisfahrt,138.4,57.66,5,1579,1710.82
kreisfahrt,138.5,57.78,5,1582,1712.42
kreisfahrt,138.6,57.89,5,1585,1714.03
kreisfahrt,138.7,57.99,5,1588,1715.64
kreisfahrt,138.8,58.07,5,1590,1717.25
kreisfahrt,138.9,58.14,5,1592,1718.86
kreisfahrt,139.0,58.19,5,1593,1720.48
kreisfahrt,139.1,58.22,5,1594,1722.10
kreisfahrt,139.2,58.24,5,1595,1723.72
kreisfahrt,139.3,58.24,5,1595,1725.33
kreisfahrt,139.4,58.23,5,1595,1726.95
kreisfahrt,139.5,58.20,5,1594,1728.57
kreisfahrt,139.6,58.16,5,1593,1730.19
kreisfahrt,139.7,58.11,5,1591,1731.81
kreisfahrt,139.8,58.04,5,1590,1733.42
kreisfahrt,139.9,57.96,5,1587,1735.03
kreisfahrt,140.0,57.87,5,1585,1736.65
kreisfahrt,140.1,57.78,5,1582,1738.26
kreisfahrt,140.2,57.68,5,1580,1739.86
kreisfahrt,140.3,57.57,5,1577,1741.47
kreisfahrt,140.4,57.45,5,1574,1743.07
kreisfahrt,140.5,57.33,5,1570,1744.67
kreisfahrt,140.6,57.21,5,1567,1746.26
kreisfahrt,140.7,57.09,5,1564,1747.86
kreisfahrt,140.8,56.97,5,1560,1749.45
kreisfahrt,140.9,56.86,5,1557,1751.03
kreisfahrt,141.0,56.74,5,1554,1752.61
kreisfahrt,141.1,56.64,5,1551,1754.20
kreisfahrt,141.2,56.54,5,1548,1755.77
kreisfahrt,141.3,56.45,5,1546,1757.35
kreisfahrt,141.4,56.37,5,1544,1758.92
kreisfahrt,141.5,56.30,5,1542,1760.49
kreisfahrt,141.6,56.25,5,1541,1762.06
kreisfahrt,141.7,56.22,5,1540,1763.63
kreisfahrt,141.8,56.21,5,1539,1765.19
kreisfahrt,141.9,56.22,5,1539,1766.76
kreisfahrt,142.0,56.25,5,1540,1768.33
kreisfahrt,142.1,56.31,5,1542,1769.89
kreisfahrt,142.2,56.39,5,1544,1771.46
kreisfahrt,142.3,56.50,5,1547,1773.03
kreisfahrt,142.4,56.62,5,1550,1774.61
kreisfahrt,142.5,56.77,5,1554,1776.18
kreisfahrt,142.6,56.92,5,1558,1777.76
kreisfahrt,142.7,57.07,5,1563,1779.35
kreisfahrt,142.8,57.23,5,1567,1780.94
kreisfahrt,142.9,57.38,5,1571,1782.53
kreisfahrt,143.0,57.53,5,1575,1784.12
kreisfahrt,143.1,57.66,5,1579,1785.72
kreisfahrt,143.2,57.79,5,1582,1787.33
kreisfahrt,143.3,57.90,5,1585,1788.93
kreisfahrt,143.4,57.99,5,1588,1790.54
kreisfahrt,143.5,58.07,5,1590,1792.16
kreisfahrt,143.6,58.14,5,1592,1793.77
kreisfahrt,143.7,58.19,5,1593,1795.39
kreisfahrt,143.8,58.22,5,1594,1797.00
kreisfahrt,143.9,58.24,5,1595,1798.62
kreisfahrt,144.0,58.24,5,1595,1800.24
kreisfahrt,144.1,58.23,5,1595,1801.86
kreisfahrt,144.2,58.20,5,1594,1803.48
kreisfahrt,144.3,58.16,5,1593,1805.09
kreisfahrt,144.4,58.11,5,1591,1806.71
kreisfahrt,144.5,58.04,5,1590,1808.33
kreisfahrt,144.6,57.96,5,1587,1809.94
kreisfahrt,144.7,57.88,5,1585,1811.55
kreisfahrt,144.8,57.78,5,1583,1813.16
kreisfahrt,144.9,57.68,5,1580,1814.77
kreisfahrt,145.0,57.57,5,1577,1816.37
kreisfahrt,145.1,57.46,5,1574,1817.97
kreisfahrt,145.2,57.34,5,1571,1819.57
kreisfahrt,145.3,57.22,5,1567,1821.17
kreisfahrt,145.4,57.10,5,1564,1822.76
kreisfahrt,145.5,56.98,5,1561,1824.35
kreisfahrt,145.6,56.87,5,1558,1825.94
kreisfahrt,145.7,56.76,5,1555,1827.52
kreisfahrt,145.8,56.65,5,1552,1829.10
kreisfahrt,145.9,56.55,5,1549,1830.68
kreisfahrt,146.0,56.47,5,1546,1832.26
kreisfahrt,146.1,56.39,5,1544,1833.83
kreisfahrt,146.2,56.32,5,1543,1835.40
kreisfahrt,146.3,56.28,5,1541,1836.97
kreisfahrt,146.4,56.24,5,1540,1838.54
kreisfahrt,146.5,56.23,5,1540,1840.11
kreisfahrt,146.6,56.25,5,1540,1841.67
kreisfahrt,146.7,56.28,5,1541,1843.24
kreisfahrt,146.8,56.34,5,1543,1844.81
kreisfahrt,146.9,56.42,5,1545,1846.38
kreisfahrt,147.0,56.53,5,1548,1847.95
kreisfahrt,147.1,56.66,5,1551,1849.52
kreisfahrt,147.2,56.80,5,1555,1851.10
kreisfahrt,147.3,56.95,5,1559,1852.68
kreisfahrt,147.4,57.11,5,1564,1854.27
kreisfahrt,147.5,57.26,5,1568,1855.86
kreisfahrt,147.6,57.41,5,1572,1857.45
kreisfahrt,147.7,57.56,5,1576,1859.05
kreisfahrt,147.8,57.69,5,1580,1860.65
kreisfahrt,147.9,57.81,5,1583,1862.25
kreisfahrt,148.0,57.92,5,1586,1863.86
kreisfahrt,148.1,58.02,5,1589,1865.47
kreisfahrt,148.2,58.10,5,1591,1867.08
kreisfahrt,148.3,58.16,5,1593,1868.70
kreisfahrt,148.4,58.21,5,1594,1870.31
kreisfahrt,148.5,58.24,5,1595,1871.93
kreisfahrt,148.6,58.26,5,1595,1873.55
kreisfahrt,148.7,58.26,5,1595,1875.17
kreisfahrt,148.8,58.24,5,1595,1876.79
kreisfahrt,148.9,58.21,5,1594,1878.41
kreisfahrt,149.0,58.17,5,1593,1880.02
kreisfahrt,149.1,58.12,5,1592,1881.64
kreisfahrt,149.2,58.05,5,1590,1883.26
kreisfahrt,149.3,57.97,5,1588,1884.87
kreisfahrt,149.4,57.89,5,1585,1886.48
kreisfahrt,149.5,57.79,5,1583,1888.09
kreisfahrt,149.6,57.69,5,1580,1889.70
kreisfahrt,149.7,57.58,5,1577,1891.31
kreisfahrt,149.8,57.46,5,1574,1892.91
kreisfahrt,149.9,57.35,5,1571,1894.51
kreisfahrt,150.0,57.23,5,1567,1896.10
kreisfahrt,150.1,57.11,5,1564,1897.70
kreisfahrt,150.2,56.99,5,1561,1899.29
kreisfahrt,150.3,56.88,5,1558,1900.87
kreisfahrt,150.4,56.76,5,1555,1902.46
kreisfahrt,150.5,56.66,5,1552,1904.04
kreisfahrt,150.6,56.56,5,1549,1905.62
kreisfahrt,150.7,56.47,5,1547,1907.19
kreisfahrt,150.8,56.39,5,1544,1908.76
kreisfahrt,150.9,56.33,5,1543,1910.34
kreisfahrt,151.0,56.28,5,1541,1911.91
kreisfahrt,151.1,56.25,5,1540,1913.47
kreisfahrt,151.2,56.24,5,1540,1915.04
kreisfahrt,151.3,56.25,5,1540,1916.61
kreisfahrt,151.4,56.29,5,1541,1918.18
kreisfahrt,151.5,56.35,5,1543,1919.74
kreisfahrt,151.6,56.43,5,1545,1921.31
kreisfahrt,151.7,56.54,5,1548,1922.89
kreisfahrt,151.8,56.66,5,1551,1924.46
kreisfahrt,151.9,56.81,5,1555,1926.04
kreisfahrt,152.0,56.96,5,1559,1927.62
kreisfahrt,152.1,57.11,5,1564,1929.20
kreisfahrt,152.2,57.27,5,1568,1930.79
kreisfahrt,152.3,57.42,5,1572,1932.39
kreisfahrt,152.4,57.56,5,1576,1933.98
kreisfahrt,152.5,57.70,5,1580,1935.58
kreisfahrt,152.6,57.82,5,1583,1937.19
kreisfahrt,152.7,57.93,5,1586,1938.80
kreisfahrt,152.8,58.02,5,1589,1940.41
kreisfahrt,152.9,58.10,5,1591,1942.02
kreisfahrt,153.0,58.16,5,1593,1943.63
kreisfahrt,153.1,58.21,5,1594,1945.25
kreisfahrt,153.2,58.24,5,1595,1946.87
kreisfahrt,153.3,58.26,5,1595,1948.49
kreisfahrt,153.4,58.26,5,1596,1950.11
kreisfahrt,153.5,58.25,5,1595,1951.73
kreisfahrt,153.6,58.22,5,1594,1953.35
kreisfahrt,153.7,58.18,5,1593,1954.96
kreisfahrt,153.8,58.12,5,1592,1956.58
kreisfahrt,153.9,58.06,5,1590,1958.20
kreisfahrt,154.0,57.98,5,1588,1959.81
kreisfahrt,154.1,57.89,5,1586,1961.42
kreisfahrt,154.2,57.79,5,1583,1963.03
kreisfahrt,154.3,57.69,5,1580,1964.64
kreisfahrt,154.4,57.58,5,1577,1966.24
kreisfahrt,154.5,57.47,5,1574,1967.85
kreisfahrt,154.6,57.35,5,1571,1969.45
kreisfahrt,154.7,57.23,5,1568,1971.04
kreisfahrt,154.8,57.11,5,1564,1972.64
kreisfahrt,154.9,56.99,5,1561,1974.23
kreisfahrt,155.0,56.88,5,1558,1975.81
kreisfahrt,155.1,56.77,5,1555,1977.40
kreisfahrt,155.2,56.66,5,1552,1978.98
kreisfahrt,155.3,56.56,5,1549,1980.56
kreisfahrt,155.4,56.47,5,1547,1982.13
kreisfahrt,155.5,56.39,5,1545,1983.70
kreisfahrt,155.6,56.33,5,1543,1985.28
kreisfahrt,155.7,56.28,5,1541,1986.85
kreisfahrt,155.8,56.25,5,1540,1988.41
kreisfahrt,155.9,56.24,5,1540,1989.98
kreisfahrt,156.0,56.25,5,1540,1991.55
kreisfahrt,156.1,56.28,5,1541,1993.12
kreisfahrt,156.2,56.34,5,1543,1994.68
kreisfahrt,156.3,56.42,5,1545,1996.25
kreisfahrt,156.4,56.53,5,1548,1997.83
kreisfahrt,156.5,56.66,5,1551,1999.40
kreisfahrt,156.6,56.80,5,1555,2000.98
kreisfahrt,156.7,56.95,5,1559,2002.56
kreisfahrt,156.8,57.11,5,1563,2004.14
kreisfahrt,156.9,57.26,5,1568,2005.73
kreisfahrt,157.0,57.41,5,1572,2007.32
kreisfahrt,157.1,57.56,5,1576,2008.92
kreisfahrt,157.2,57.69,5,1580,2010.52
kreisfahrt,157.3,57.81,5,1583,2012.13
kreisfahrt,157.4,57.92,5,1586,2013.73
kreisfahrt,157.5,58.02,5,1589,2015.34
kreisfahrt,157.6,58.10,5,1591,2016.96
kreisfahrt,157.7,58.16,5,1593,2018.57
kreisfahrt,157.8,58.21,5,1594,2020.19
kreisfahrt,157.9,58.24,5,1595,2021.81
kreisfahrt,158.0,58.26,5,1595,2023.43
kreisfahrt,158.1,58.26,5,1595,2025.04
kreisfahrt,158.2,58.25,5,1595,2026.66
kreisfahrt,158.3,58.22,5,1594,2028.28
kreisfahrt,158.4,58.18,5,1593,2029.90
kreisfahrt,158.5,58.12,5,1592,2031.52
kreisfahrt,158.6,58.06,5,1590,2033.13
kreisfahrt,158.7,57.98,5,1588,2034.75
kreisfahrt,158.8,57.89,5,1586,2036.36
kreisfahrt,158.9,57.80,5,1583,2037.97
kreisfahrt,159.0,57.69,5,1580,2039.58
kreisfahrt,159.1,57.59,5,1577,2041.18
kreisfahrt,159.2,57.47,5,1574,2042.78
kreisfahrt,159.3,57.35,5,1571,2044.38
kreisfahrt,159.4,57.24,5,1568,2045.98
kreisfahrt,159.5,57.12,5,1564,2047.57
kreisfahrt,159.6,57.00,5,1561,2049.16
kreisfahrt,159.7,56.88,5,1558,2050.75
kreisfahrt,159.8,56.77,5,1555,2052.33
kreisfahrt,159.9,56.66,5,1552,2053.92
kreisfahrt,160.0,56.56,5,1549,2055.49
kreisfahrt,160.1,56.47,5,1547,2057.07
kreisfahrt,160.2,56.40,5,1545,2058.64
kreisfahrt,160.3,56.33,5,1543,2060.21
kreisfahrt,160.4,56.28,5,1541,2061.78
kreisfahrt,160.5,56.25,5,1540,2063.35
kreisfahrt,160.6,56.24,5,1540,2064.92
kreisfahrt,160.7,56.25,5,1540,2066.49
kreisfahrt,160.8,56.28,5,1541,2068.05
kreisfahrt,160.9,56.34,5,1543,2069.62
kreisfahrt,161.0,56.42,5,1545,2071.19
kreisfahrt,161.1,56.53,5,1548,2072.76
kreisfahrt,161.2,56.65,5,1551,2074.34
kreisfahrt,161.3,56.79,5,1555,2075.91
kreisfahrt,161.4,56.94,5,1559,2077.50
kreisfahrt,161.5,57.10,5,1563,2079.08
kreisfahrt,161.6,57.25,5,1568,2080.67
kreisfahrt,161.7,57.41,5,1572,2082.26
kreisfahrt,161.8,57.55,5,1576,2083.86
kreisfahrt,161.9,57.68,5,1579,2085.46
kreisfahrt,162.0,57.81,5,1583,2087.06
kreisfahrt,162.1,57.92,5,1586,2088.67
kreisfahrt,162.2,58.01,5,1588,2090.28
kreisfahrt,162.3,58.09,5,1591,2091.89
kreisfahrt,162.4,58.16,5,1593,2093.51
kreisfahrt,162.5,58.21,5,1594,2095.13
kreisfahrt,162.6,58.24,5,1595,2096.74
kreisfahrt,162.7,58.26,5,1595,2098.36
kreisfahrt,162.8,58.26,5,1595,2099.98
kreisfahrt,162.9,58.25,5,1595,2101.60
kreisfahrt,163.0,58.22,5,1594,2103.22
kreisfahrt,163.1,58.18,5,1593,2104.84
kreisfahrt,163.2,58.13,5,1592,2106.45
kreisfahrt,163.3,58.06,5,1590,2108.07
kreisfahrt,163.4,57.98,5,1588,2109.68
kreisfahrt,163.5,57.90,5,1586,2111.30
kreisfahrt,163.6,57.80,5,1583,2112.91
kreisfahrt,163.7,57.70,5,1580,2114.51
kreisfahrt,163.8,57.59,5,1577,2116.12
kreisfahrt,163.9,57.48,5,1574,2117.72
kreisfahrt,164.0,57.36,5,1571,2119.32
kreisfahrt,164.1,57.24,5,1568,2120.92
kreisfahrt,164.2,57.12,5,1564,2122.51
kreisfahrt,164.3,57.00,5,1561,2124.10
kreisfahrt,164.4,56.88,5,1558,2125.69
kreisfahrt,164.5,56.77,5,1555,2127.27
kreisfahrt,164.6,56.67,5,1552,2128.85
kreisfahrt,164.7,56.57,5,1549,2130.43
kreisfahrt,164.8,56.48,5,1547,2132.01
kreisfahrt,164.9,56.40,5,1545,2133.58
kreisfahrt,165.0,56.33,5,1543,2135.15
kreisfahrt,165.1,56.28,5,1541,2136.72
kreisfahrt,165.2,56.25,5,1540,2138.29
kreisfahrt,165.3,56.24,5,1540,2139.86
kreisfahrt,165.4,56.25,5,1540,2141.42
kreisfahrt,165.5,56.28,5,1541,2142.99
kreisfahrt,165.6,56.33,5,1543,2144.56
kreisfahrt,165.7,56.42,5,1545,2146.13
kreisfahrt,165.8,56.52,5,1548,2147.70
kreisfahrt,165.9,56.65,5,1551,2149.28
kreisfahrt,166.0,56.79,5,1555,2150.85
kreisfahrt,166.1,56.94,5,1559,2152.43
kreisfahrt,166.2,57.09,5,1563,2154.02
kreisfahrt,166.3,57.25,5,1567,2155.61
kreisfahrt,166.4,57.40,5,1572,2157.20
kreisfahrt,166.5,57.55,5,1576,2158.79
kreisfahrt,166.6,57.68,5,1579,2160.40
kreisfahrt,166.7,57.80,5,1583,2162.00
kreisfahrt,166.8,57.91,5,1586,2163.61
kreisfahrt,166.9,58.01,5,1588,2165.22
kreisfahrt,167.0,58.09,5,1591,2166.83
kreisfahrt,167.1,58.16,5,1592,2168.44
kreisfahrt,167.2,58.21,5,1594,2170.06
kreisfahrt,167.3,58.24,5,1595,2171.68
kreisfahrt,167.4,58.26,5,1595,2173.30
kreisfahrt,167.5,58.26,5,1595,2174.92
kreisfahrt,167.6,58.25,5,1595,2176.54
kreisfahrt,167.7,58.22,5,1594,2178.15
kreisfahrt,167.8,58.18,5,1593,2179.77
kreisfahrt,167.9,58.13,5,1592,2181.39
kreisfahrt,168.0,58.06,5,1590,2183.01
kreisfahrt,168.1,57.99,5,1588,2184.62
kreisfahrt,168.2,57.90,5,1586,2186.23
kreisfahrt,168.3,57.80,5,1583,2187.84
kreisfahrt,168.4,57.70,5,1580,2189.45
kreisfahrt,168.5,57.59,5,1577,2191.06
kreisfahrt,168.6,57.48,5,1574,2192.66
kreisfahrt,168.7,57.36,5,1571,2194.26
kreisfahrt,168.8,57.24,5,1568,2195.85
kreisfahrt,168.9,57.12,5,1565,2197.45
kreisfahrt,169.0,57.00,5,1561,2199.04
kreisfahrt,169.1,56.89,5,1558,2200.62
kreisfahrt,169.2,56.78,5,1555,2202.21
kreisfahrt,169.3,56.67,5,1552,2203.79
kreisfahrt,169.4,56.57,5,1549,2205.37
kreisfahrt,169.5,56.48,5,1547,2206.94
kreisfahrt,169.6,56.40,5,1545,2208.52
kreisfahrt,169.7,56.33,5,1543,2210.09
kreisfahrt,169.8,56.28,5,1541,2211.66
kreisfahrt,169.9,56.25,5,1540,2213.23
kreisfahrt,170.0,56.24,5,1540,2214.80
kreisfahrt,170.1,56.24,5,1540,2216.36
kreisfahrt,170.2,56.28,5,1541,2217.93
kreisfahrt,170.3,56.33,5,1543,2219.50
kreisfahrt,170.4,56.41,5,1545,2221.07
kreisfahrt,170.5,56.52,5,1547,2222.64
kreisfahrt,170.6,56.64,5,1551,2224.21
kreisfahrt,170.7,56.78,5,1555,2225.79
kreisfahrt,170.8,56.93,5,1559,2227.37
kreisfahrt,170.9,57.09,5,1563,2228.95
kreisfahrt,171.0,57.25,5,1567,2230.54
kreisfahrt,171.1,57.40,5,1571,2232.13
kreisfahrt,171.2,57.54,5,1575,2233.73
kreisfahrt,171.3,57.68,5,1579,2235.33
kreisfahrt,171.4,57.80,5,1583,2236.94
kreisfahrt,171.5,57.91,5,1586,2238.54
kreisfahrt,171.6,58.01,5,1588,2240.15
kreisfahrt,171.7,58.09,5,1591,2241.77
kreisfahrt,171.8,58.15,5,1592,2243.38
kreisfahrt,171.9,58.20,5,1594,2245.00
kreisfahrt,172.0,58.24,5,1595,2246.61
kreisfahrt,172.1,58.26,5,1595,2248.23
kreisfahrt,172.2,58.26,5,1595,2249.85
kreisfahrt,172.3,58.25,5,1595,2251.47
kreisfahrt,172.4,58.22,5,1594,2253.09
kreisfahrt,172.5,58.18,5,1593,2254.71
kreisfahrt,172.6,58.13,5,1592,2256.33
kreisfahrt,172.7,58.06,5,1590,2257.94
kreisfahrt,172.8,57.99,5,1588,2259.56
kreisfahrt,172.9,57.90,5,1586,2261.17
kreisfahrt,173.0,57.81,5,1583,2262.78
kreisfahrt,173.1,57.70,5,1580,2264.39
kreisfahrt,173.2,57.60,5,1577,2265.99
kreisfahrt,173.3,57.48,5,1574,2267.59
kreisfahrt,173.4,57.37,5,1571,2269.19
kreisfahrt,173.5,57.25,5,1568,2270.79
kreisfahrt,173.6,57.13,5,1565,2272.38
kreisfahrt,173.7,57.01,5,1561,2273.97
kreisfahrt,173.8,56.89,5,1558,2275.56
kreisfahrt,173.9,56.78,5,1555,2277.15
kreisfahrt,174.0,56.67,5,1552,2278.73
kreisfahrt,174.1,56.57,5,1549,2280.31
kreisfahrt,174.2,56.48,5,1547,2281.88
kreisfahrt,174.3,56.40,5,1545,2283.46
kreisfahrt,174.4,56.34,5,1543,2285.03
kreisfahrt,174.5,56.28,5,1541,2286.60
kreisfahrt,174.6,56.25,5,1540,2288.16
kreisfahrt,174.7,56.24,5,1540,2289.73
kreisfahrt,174.8,56.24,5,1540,2291.30
kreisfahrt,174.9,56.28,5,1541,2292.87
kreisfahrt,175.0,56.33,5,1542,2294.44
kreisfahrt,175.1,56.41,5,1545,2296.00
kreisfahrt,175.2,56.51,5,1547,2297.58
kreisfahrt,175.3,56.64,5,1551,2299.15
kreisfahrt,175.4,56.78,5,1555,2300.73
kreisfahrt,175.5,56.93,5,1559,2302.31
kreisfahrt,175.6,57.08,5,1563,2303.89
kreisfahrt,175.7,57.24,5,1567,2305.48
kreisfahrt,175.8,57.39,5,1571,2307.07
kreisfahrt,175.9,57.54,5,1575,2308.67
kreisfahrt,176.0,57.67,5,1579,2310.27
kreisfahrt,176.1,57.80,5,1582,2311.87
kreisfahrt,176.2,57.91,5,1586,2313.48
kreisfahrt,176.3,58.00,5,1588,2315.09
kreisfahrt,176.4,58.09,5,1591,2316.70
kreisfahrt,176.5,58.15,5,1592,2318.32
kreisfahrt,176.6,58.20,5,1594,2319.93
kreisfahrt,176.7,58.24,5,1595,2321.55
kreisfahrt,176.8,58.26,5,1595,2323.17
kreisfahrt,176.9,58.26,5,1595,2324.79
kreisfahrt,177.0,58.25,5,1595,2326.41
kreisfahrt,177.1,58.22,5,1595,2328.03
kreisfahrt,177.2,58.18,5,1593,2329.64
kreisfahrt,177.3,58.13,5,1592,2331.26
kreisfahrt,177.4,58.07,5,1590,2332.88
kreisfahrt,177.5,57.99,5,1588,2334.49
kreisfahrt,177.6,57.90,5,1586,2336.10
kreisfahrt,177.7,57.81,5,1583,2337.71
kreisfahrt,177.8,57.71,5,1581,2339.32
kreisfahrt,177.9,57.60,5,1578,2340.93
kreisfahrt,178.0,57.49,5,1575,2342.53
kreisfahrt,178.1,57.37,5,1571,2344.13
kreisfahrt,178.2,57.25,5,1568,2345.73
kreisfahrt,178.3,57.13,5,1565,2347.32
kreisfahrt,178.4,57.01,5,1562,2348.91
kreisfahrt,178.5,56.90,5,1558,2350.50
kreisfahrt,178.6,56.78,5,1555,2352.08
kreisfahrt,178.7,56.68,5,1552,2353.66
kreisfahrt,178.8,56.58,5,1550,2355.24
kreisfahrt,178.9,56.49,5,1547,2356.82
kreisfahrt,179.0,56.41,5,1545,2358.39
kreisfahrt,179.1,56.34,5,1543,2359.96
kreisfahrt,179.2,56.29,5,1541,2361.53
kreisfahrt,179.3,56.25,5,1540,2363.10
kreisfahrt,179.4,56.24,5,1540,2364.67
kreisfahrt,179.5,56.24,5,1540,2366.24
kreisfahrt,179.6,56.27,5,1541,2367.80
kreisfahrt,179.7,56.33,5,1542,2369.37
kreisfahrt,179.8,56.41,5,1545,2370.94
kreisfahrt,179.9,56.51,5,1547,2372.51
kreisfahrt,180.0,56.63,5,1551,2374.09
kreisfahrt,180.1,56.77,5,1554,2375.66
kreisfahrt,180.2,56.92,5,1559,2377.24
kreisfahrt,180.3,57.08,5,1563,2378.83
kreisfahrt,180.4,57.24,5,1567,2380.42
kreisfahrt,180.5,57.39,5,1571,2382.01
kreisfahrt,180.6,57.53,5,1575,2383.60
kreisfahrt,180.7,57.67,5,1579,2385.20
kreisfahrt,180.8,57.79,5,1582,2386.81
kreisfahrt,180.9,57.90,5,1585,2388.42
kreisfahrt,181.0,58.00,5,1588,2390.03
kreisfahrt,181.1,58.08,5,1590,2391.64
kreisfahrt,181.2,58.15,5,1592,2393.25
kreisfahrt,181.3,58.20,5,1594,2394.87
kreisfahrt,181.4,58.24,5,1595,2396.49
kreisfahrt,181.5,58.26,5,1595,2398.11
kreisfahrt,181.6,58.26,5,1595,2399.72
kreisfahrt,181.7,58.25,5,1595,2401.34
kreisfahrt,181.8,58.23,5,1595,2402.96
kreisfahrt,181.9,58.19,5,1594,2404.58
kreisfahrt,182.0,58.13,5,1592,2406.20
kreisfahrt,182.1,58.07,5,1590,2407.81
kreisfahrt,182.2,57.99,5,1588,2409.43
kreisfahrt,182.3,57.91,5,1586,2411.04
kreisfahrt,182.4,57.81,5,1583,2412.65
kreisfahrt,182.5,57.71,5,1581,2414.26
kreisfahrt,182.6,57.60,5,1578,2415.86
kreisfahrt,182.7,57.49,5,1575,2417.47
kreisfahrt,182.8,57.37,5,1571,2419.07
kreisfahrt,182.9,57.25,5,1568,2420.66
kreisfahrt,183.0,57.13,5,1565,2422.26
kreisfahrt,183.1,57.02,5,1562,2423.85
kreisfahrt,183.2,56.90,5,1558,2425.44
kreisfahrt,183.3,56.79,5,1555,2427.02
kreisfahrt,183.4,56.68,5,1552,2428.60
kreisfahrt,183.5,56.58,5,1550,2430.18
kreisfahrt,183.6,56.49,5,1547,2431.76
kreisfahrt,183.7,56.41,5,1545,2433.33
kreisfahrt,183.8,56.34,5,1543,2434.90
kreisfahrt,183.9,56.29,5,1542,2436.47
kreisfahrt,184.0,56.25,5,1541,2438.04
kreisfahrt,184.1,56.24,5,1540,2439.61
kreisfahrt,184.2,56.24,5,1540,2441.17
kreisfahrt,184.3,56.27,5,1541,2442.74
kreisfahrt,184.4,56.33,5,1542,2444.31
kreisfahrt,184.5,56.41,5,1544,2445.88
kreisfahrt,184.6,56.51,5,1547,2447.45
kreisfahrt,184.7,56.63,5,1551,2449.02
kreisfahrt,184.8,56.77,5,1554,2450.60
kreisfahrt,184.9,56.92,5,1558,2452.18
kreisfahrt,185.0,57.07,5,1563,2453.76
kreisfahrt,185.1,57.23,5,1567,2455.35
kreisfahrt,185.2,57.38,5,1571,2456.94
kreisfahrt,185.3,57.53,5,1575,2458.54
kreisfahrt,185.4,57.66,5,1579,2460.14
kreisfahrt,185.5,57.79,5,1582,2461.74
kreisfahrt,185.6,57.90,5,1585,2463.35
kreisfahrt,185.7,58.00,5,1588,2464.96
kreisfahrt,185.8,58.08,5,1590,2466.57
kreisfahrt,185.9,58.15,5,1592,2468.19
kreisfahrt,186.0,58.20,5,1594,2469.80
kreisfahrt,186.1,58.24,5,1595,2471.42
kreisfahrt,186.2,58.26,5,1595,2473.04
kreisfahrt,186.3,58.26,5,1595,2474.66
kreisfahrt,186.4,58.25,5,1595,2476.28
kreisfahrt,186.5,58.23,5,1595,2477.90
kreisfahrt,186.6,58.19,5,1594,2479.52
kreisfahrt,186.7,58.13,5,1592,2481.13
kreisfahrt,186.8,58.07,5,1590,2482.75
kreisfahrt,186.9,58.00,5,1588,2484.36
kreisfahrt,187.0,57.91,5,1586,2485.98
kreisfahrt,187.1,57.82,5,1583,2487.59
kreisfahrt,187.2,57.71,5,1581,2489.20
kreisfahrt,187.3,57.61,5,1578,2490.80
kreisfahrt,187.4,57.49,5,1575,2492.40
kreisfahrt,187.5,57.38,5,1572,2494.00
kreisfahrt,187.6,57.26,5,1568,2495.60
kreisfahrt,187.7,57.14,5,1565,2497.19
kreisfahrt,187.8,57.02,5,1562,2498.78
kreisfahrt,187.9,56.90,5,1559,2500.37
kreisfahrt,188.0,56.79,5,1555,2501.96
kreisfahrt,188.1,56.68,5,1552,2503.54
kreisfahrt,188.2,56.58,5,1550,2505.12
kreisfahrt,188.3,56.49,5,1547,2506.69
kreisfahrt,188.4,56.41,5,1545,2508.27
kreisfahrt,188.5,56.34,5,1543,2509.84
kreisfahrt,188.6,56.29,5,1542,2511.41
kreisfahrt,188.7,56.25,5,1541,2512.98
kreisfahrt,188.8,56.24,5,1540,2514.55
kreisfahrt,188.9,56.24,5,1540,2516.11
kreisfahrt,189.0,56.27,5,1541,2517.68
kreisfahrt,189.1,56.32,5,1542,2519.25
kreisfahrt,189.2,56.40,5,1544,2520.82
kreisfahrt,189.3,56.50,5,1547,2522.39
kreisfahrt,189.4,56.63,5,1550,2523.96
kreisfahrt,189.5,56.76,5,1554,2525.54
kreisfahrt,189.6,56.91,5,1558,2527.12
kreisfahrt,189.7,57.07,5,1562,2528.70
kreisfahrt,189.8,57.23,5,1567,2530.29
kreisfahrt,189.9,57.38,5,1571,2531.88
kreisfahrt,190.0,57.52,5,1575,2533.48
kreisfahrt,190.1,57.66,5,1579,2535.08
kreisfahrt,190.2,57.79,5,1582,2536.68
kreisfahrt,190.3,57.90,5,1585,2538.29
kreisfahrt,190.4,58.00,5,1588,2539.90
kreisfahrt,190.5,58.08,5,1590,2541.51
kreisfahrt,190.6,58.15,5,1592,2543.12
kreisfahrt,190.7,58.20,5,1594,2544.74
kreisfahrt,190.8,58.24,5,1595,2546.36
kreisfahrt,190.9,58.26,5,1595,2547.98
kreisfahrt,191.0,58.26,5,1595,2549.60
kreisfahrt,191.1,58.25,5,1595,2551.22
kreisfahrt,191.2,58.23,5,1595,2552.83
kreisfahrt,191.3,58.19,5,1594,2554.45
kreisfahrt,191.4,58.14,5,1592,2556.07
kreisfahrt,191.5,58.07,5,1590,2557.69
kreisfahrt,191.6,58.00,5,1588,2559.30
kreisfahrt,191.7,57.91,5,1586,2560.91
kreisfahrt,191.8,57.82,5,1584,2562.52
kreisfahrt,191.9,57.72,5,1581,2564.13
kreisfahrt,192.0,57.61,5,1578,2565.74
kreisfahrt,192.1,57.50,5,1575,2567.34
kreisfahrt,192.2,57.38,5,1572,2568.94
kreisfahrt,192.3,57.26,5,1568,2570.54
kreisfahrt,192.4,57.14,5,1565,2572.13
kreisfahrt,192.5,57.02,5,1562,2573.72
kreisfahrt,192.6,56.91,5,1559,2575.31
kreisfahrt,192.7,56.79,5,1556,2576.89
kreisfahrt,192.8,56.69,5,1553,2578.48
kreisfahrt,192.9,56.59,5,1550,2580.05
kreisfahrt,193.0,56.49,5,1547,2581.63
kreisfahrt,193.1,56.41,5,1545,2583.20
kreisfahrt,193.2,56.34,5,1543,2584.78
kreisfahrt,193.3,56.29,5,1542,2586.35
kreisfahrt,193.4,56.25,5,1541,2587.91
kreisfahrt,193.5,56.24,5,1540,2589.48
kreisfahrt,193.6,56.24,5,1540,2591.05
kreisfahrt,193.7,56.27,5,1541,2592.62
kreisfahrt,193.8,56.32,5,1542,2594.19
kreisfahrt,193.9,56.40,5,1544,2595.75
kreisfahrt,194.0,56.50,5,1547,2597.33
kreisfahrt,194.1,56.62,5,1550,2598.90
kreisfahrt,194.2,56.76,5,1554,2600.47
kreisfahrt,194.3,56.91,5,1558,2602.05
kreisfahrt,194.4,57.07,5,1562,2603.64
kreisfahrt,194.5,57.22,5,1567,2605.23
kreisfahrt,194.6,57.37,5,1571,2606.82
kreisfahrt,194.7,57.52,5,1575,2608.41
kreisfahrt,194.8,57.66,5,1579,2610.01
kreisfahrt,194.9,57.78,5,1582,2611.62
kreisfahrt,195.0,57.89,5,1585,2613.22
kreisfahrt,195.1,57.99,5,1588,2614.83
kreisfahrt,195.2,58.08,5,1590,2616.45
kreisfahrt,195.3,58.15,5,1592,2618.06
kreisfahrt,195.4,58.20,5,1594,2619.68
kreisfahrt,195.5,58.24,5,1595,2621.29
kreisfahrt,195.6,58.26,5,1595,2622.91
kreisfahrt,195.7,58.26,5,1595,2624.53
kreisfahrt,195.8,58.25,5,1595,2626.15
kreisfahrt,195.9,58.23,5,1595,2627.77
kreisfahrt,196.0,58.19,5,1594,2629.39
kreisfahrt,196.1,58.14,5,1592,2631.01
kreisfahrt,196.2,58.08,5,1591,2632.62
kreisfahrt,196.3,58.00,5,1589,2634.24
kreisfahrt,196.4,57.92,5,1586,2635.85
kreisfahrt,196.5,57.82,5,1584,2637.46
kreisfahrt,196.6,57.72,5,1581,2639.07
kreisfahrt,196.7,57.61,5,1578,2640.67
kreisfahrt,196.8,57.50,5,1575,2642.28
kreisfahrt,196.9,57.38,5,1572,2643.88
kreisfahrt,197.0,57.27,5,1568,2645.47
kreisfahrt,197.1,57.15,5,1565,2647.07
kreisfahrt,197.2,57.03,5,1562,2648.66
kreisfahrt,197.3,56.91,5,1559,2650.25
kreisfahrt,197.4,56.80,5,1556,2651.83
kreisfahrt,197.5,56.69,5,1553,2653.41
kreisfahrt,197.6,56.59,5,1550,2654.99
kreisfahrt,197.7,56.50,5,1547,2656.57
kreisfahrt,197.8,56.41,5,1545,2658.14
kreisfahrt,197.9,56.35,5,1543,2659.71
kreisfahrt,198.0,56.29,5,1542,2661.28
kreisfahrt,198.1,56.25,5,1541,2662.85
kreisfahrt,198.2,56.24,5,1540,2664.42
kreisfahrt,198.3,56.24,5,1540,2665.99
kreisfahrt,198.4,56.27,5,1541,2667.55
kreisfahrt,198.5,56.32,5,1542,2669.12
kreisfahrt,198.6,56.40,5,1544,2670.69
kreisfahrt,198.7,56.50,5,1547,2672.26
kreisfahrt,198.8,56.62,5,1550,2673.84
kreisfahrt,198.9,56.76,5,1554,2675.41
kreisfahrt,199.0,56.91,5,1558,2676.99
kreisfahrt,199.1,57.06,5,1562,2678.58
kreisfahrt,199.2,57.22,5,1566,2680.16
kreisfahrt,199.3,57.37,5,1571,2681.75
kreisfahrt,199.4,57.52,5,1575,2683.35
kreisfahrt,199.5,57.65,5,1578,2684.95
kreisfahrt,199.6,57.78,5,1582,2686.55
kreisfahrt,199.7,57.89,5,1585,2688.16
kreisfahrt,199.8,57.99,5,1588,2689.77
kreisfahrt,199.9,58.07,5,1590,2691.38
kreisfahrt,200.0,58.14,5,1592,2693.00
kreisfahrt,200.1,58.20,5,1594,2694.61
kreisfahrt,200.2,58.23,5,1595,2696.23
kreisfahrt,200.3,58.26,5,1595,2697.85
kreisfahrt,200.4,58.26,5,1595,2699.47
kreisfahrt,200.5,58.25,5,1595,2701.09
kreisfahrt,200.6,58.23,5,1595,2702.71
kreisfahrt,200.7,58.19,5,1594,2704.32
kreisfahrt,200.8,58.14,5,1592,2705.94
kreisfahrt,200.9,58.08,5,1591,2707.56
kreisfahrt,201.0,58.00,5,1589,2709.17
kreisfahrt,201.1,57.92,5,1586,2710.79
kreisfahrt,201.2,57.83,5,1584,2712.40
kreisfahrt,201.3,57.72,5,1581,2714.00
kreisfahrt,201.4,57.62,5,1578,2715.61
kreisfahrt,201.5,57.50,5,1575,2717.21
kreisfahrt,201.6,57.39,5,1572,2718.81
kreisfahrt,201.7,57.27,5,1569,2720.41
kreisfahrt,201.8,57.15,5,1565,2722.00
kreisfahrt,201.9,57.03,5,1562,2723.59
kreisfahrt,202.0,56.91,5,1559,2725.18
kreisfahrt,202.1,56.80,5,1556,2726.77
kreisfahrt,202.2,56.69,5,1553,2728.35
kreisfahrt,202.3,56.59,5,1550,2729.93
kreisfahrt,202.4,56.50,5,1547,2731.51
kreisfahrt,202.5,56.42,5,1545,2733.08
kreisfahrt,202.6,56.35,5,1543,2734.65
kreisfahrt,202.7,56.29,5,1542,2736.22
kreisfahrt,202.8,56.26,5,1541,2737.79
kreisfahrt,202.9,56.24,5,1540,2739.36
kreisfahrt,203.0,56.24,5,1540,2740.92
kreisfahrt,203.1,56.27,5,1541,2742.49
kreisfahrt,203.2,56.32,5,1542,2744.06
kreisfahrt,203.3,56.39,5,1544,2745.63
kreisfahrt,203.4,56.49,5,1547,2747.20
kreisfahrt,203.5,56.61,5,1550,2748.77
kreisfahrt,203.6,56.75,5,1554,2750.35
kreisfahrt,203.7,56.90,5,1558,2751.93
kreisfahrt,203.8,57.06,5,1562,2753.51
kreisfahrt,203.9,57.21,5,1566,2755.10
kreisfahrt,204.0,57.36,5,1571,2756.69
kreisfahrt,204.1,57.51,5,1575,2758.29
kreisfahrt,204.2,57.65,5,1578,2759.89
kreisfahrt,204.3,57.77,5,1582,2761.49
kreisfahrt,204.4,57.89,5,1585,2763.10
kreisfahrt,204.5,57.99,5,1588,2764.71
kreisfahrt,204.6,58.07,5,1590,2766.32
kreisfahrt,204.7,58.14,5,1592,2767.93
kreisfahrt,204.8,58.20,5,1594,2769.55
kreisfahrt,204.9,58.23,5,1595,2771.17
kreisfahrt,205.0,58.26,5,1595,2772.78
kreisfahrt,205.1,58.26,5,1595,2774.40
kreisfahrt,205.2,58.25,5,1595,2776.02
kreisfahrt,205.3,58.23,5,1595,2777.64
kreisfahrt,205.4,58.19,5,1594,2779.26
kreisfahrt,205.5,58.14,5,1592,2780.88
kreisfahrt,205.6,58.08,5,1591,2782.49
kreisfahrt,205.7,58.01,5,1589,2784.11
kreisfahrt,205.8,57.92,5,1586,2785.72
kreisfahrt,205.9,57.83,5,1584,2787.33
kreisfahrt,206.0,57.73,5,1581,2788.94
kreisfahrt,206.1,57.62,5,1578,2790.55
kreisfahrt,206.2,57.51,5,1575,2792.15
kreisfahrt,206.3,57.39,5,1572,2793.75
kreisfahrt,206.4,57.27,5,1569,2795.35
kreisfahrt,206.5,57.15,5,1565,2796.94
kreisfahrt,206.6,57.03,5,1562,2798.53
kreisfahrt,206.7,56.92,5,1559,2800.12
kreisfahrt,206.8,56.80,5,1556,2801.70
kreisfahrt,206.9,56.70,5,1553,2803.29
kreisfahrt,207.0,56.59,5,1550,2804.87
kreisfahrt,207.1,56.50,5,1547,2806.44
kreisfahrt,207.2,56.42,5,1545,2808.02
kreisfahrt,207.3,56.35,5,1543,2809.59
kreisfahrt,207.4,56.29,5,1542,2811.16
kreisfahrt,207.5,56.26,5,1541,2812.73
kreisfahrt,207.6,56.24,5,1540,2814.30
kreisfahrt,207.7,56.24,5,1540,2815.86
kreisfahrt,207.8,56.27,5,1541,2817.43
kreisfahrt,207.9,56.32,5,1542,2819.00
kreisfahrt,208.0,56.39,5,1544,2820.57
kreisfahrt,208.1,56.49,5,1547,2822.14
kreisfahrt,208.2,56.61,5,1550,2823.71
kreisfahrt,208.3,56.75,5,1554,2825.29
kreisfahrt,208.4,56.90,5,1558,2826.87
kreisfahrt,208.5,57.05,5,1562,2828.45
kreisfahrt,208.6,57.21,5,1566,2830.04
kreisfahrt,208.7,57.36,5,1570,2831.63
kreisfahrt,208.8,57.51,5,1574,2833.22
kreisfahrt,208.9,57.64,5,1578,2834.82
kreisfahrt,209.0,57.77,5,1582,2836.43
kreisfahrt,209.1,57.88,5,1585,2838.03
kreisfahrt,209.2,57.98,5,1588,2839.64
kreisfahrt,209.3,58.07,5,1590,2841.25
kreisfahrt,209.4,58.14,5,1592,2842.87
kreisfahrt,209.5,58.19,5,1594,2844.48
kreisfahrt,209.6,58.23,5,1595,2846.10
kreisfahrt,209.7,58.25,5,1595,2847.72
kreisfahrt,209.8,58.26,5,1595,2849.34
kreisfahrt,209.9,58.25,5,1595,2850.96
kreisfahrt,210.0,58.23,5,1595,2852.58
kreisfahrt,210.1,58.19,5,1594,2854.20
kreisfahrt,210.2,58.14,5,1592,2855.81
kreisfahrt,210.3,58.08,5,1591,2857.43
kreisfahrt,210.4,58.01,5,1589,2859.04
kreisfahrt,210.5,57.92,5,1586,2860.66
kreisfahrt,210.6,57.83,5,1584,2862.27
kreisfahrt,210.7,57.73,5,1581,2863.88
kreisfahrt,210.8,57.62,5,1578,2865.48
kreisfahrt,210.9,57.51,5,1575,2867.09
kreisfahrt,211.0,57.39,5,1572,2868.69
kreisfahrt,211.1,57.28,5,1569,2870.28
kreisfahrt,211.2,57.16,5,1565,2871.88
kreisfahrt,211.3,57.04,5,1562,2873.47
kreisfahrt,211.4,56.92,5,1559,2875.06
kreisfahrt,211.5,56.81,5,1556,2876.64
kreisfahrt,211.6,56.70,5,1553,2878.22
kreisfahrt,211.7,56.60,5,1550,2879.80
kreisfahrt,211.8,56.50,5,1548,2881.38
kreisfahrt,211.9,56.42,5,1545,2882.95
kreisfahrt,212.0,56.35,5,1543,2884.53
kreisfahrt,212.1,56.30,5,1542,2886.10
kreisfahrt,212.2,56.26,5,1541,2887.66
kreisfahrt,212.3,56.24,5,1540,2889.23
kreisfahrt,212.4,56.24,5,1540,2890.80
kreisfahrt,212.5,56.27,5,1541,2892.37
kreisfahrt,212.6,56.31,5,1542,2893.94
kreisfahrt,212.7,56.39,5,1544,2895.50
kreisfahrt,212.8,56.49,5,1547,2897.07
kreisfahrt,212.9,56.61,5,1550,2898.65
kreisfahrt,213.0,56.74,5,1554,2900.22
kreisfahrt,213.1,56.89,5,1558,2901.80
kreisfahrt,213.2,57.05,5,1562,2903.39
kreisfahrt,213.3,57.20,5,1566,2904.97
kreisfahrt,213.4,57.35,5,1570,2906.56
kreisfahrt,213.5,57.50,5,1574,2908.16
kreisfahrt,213.6,57.64,5,1578,2909.76
kreisfahrt,213.7,57.77,5,1582,2911.36
kreisfahrt,213.8,57.88,5,1585,2912.97
kreisfahrt,213.9,57.98,5,1588,2914.58
kreisfahrt,214.0,58.07,5,1590,2916.19
kreisfahrt,214.1,58.14,5,1592,2917.80
kreisfahrt,214.2,58.19,5,1593,2919.42
kreisfahrt,214.3,58.23,5,1595,2921.04
kreisfahrt,214.4,58.25,5,1595,2922.66
kreisfahrt,214.5,58.26,5,1595,2924.28
kreisfahrt,214.6,58.25,5,1595,2925.89
kreisfahrt,214.7,58.23,5,1595,2927.51
kreisfahrt,214.8,58.20,5,1594,2929.13
kreisfahrt,214.9,58.15,5,1592,2930.75
kreisfahrt,215.0,58.08,5,1591,2932.37
kreisfahrt,215.1,58.01,5,1589,2933.98
kreisfahrt,215.2,57.93,5,1587,2935.59
kreisfahrt,215.3,57.83,5,1584,2937.20
kreisfahrt,215.4,57.73,5,1581,2938.81
kreisfahrt,215.5,57.63,5,1578,2940.42
kreisfahrt,215.6,57.51,5,1575,2942.02
kreisfahrt,215.7,57.40,5,1572,2943.62
kreisfahrt,215.8,57.28,5,1569,2945.22
kreisfahrt,215.9,57.16,5,1566,2946.81
kreisfahrt,216.0,57.04,5,1562,2948.41
kreisfahrt,216.1,56.92,5,1559,2949.99
kreisfahrt,216.2,56.81,5,1556,2951.58
kreisfahrt,216.3,56.70,5,1553,2953.16
kreisfahrt,216.4,56.60,5,1550,2954.74
kreisfahrt,216.5,56.51,5,1548,2956.32
kreisfahrt,216.6,56.42,5,1545,2957.89
kreisfahrt,216.7,56.35,5,1543,2959.46
kreisfahrt,216.8,56.30,5,1542,2961.03
kreisfahrt,216.9,56.26,5,1541,2962.60
kreisfahrt,217.0,56.24,5,1540,2964.17
kreisfahrt,217.1,56.24,5,1540,2965.74
kreisfahrt,217.2,56.26,5,1541,2967.30
kreisfahrt,217.3,56.31,5,1542,2968.87
kreisfahrt,217.4,56.39,5,1544,2970.44
kreisfahrt,217.5,56.48,5,1547,2972.01
kreisfahrt,217.6,56.60,5,1550,2973.59
kreisfahrt,217.7,56.74,5,1553,2975.16
kreisfahrt,217.8,56.89,5,1557,2976.74
kreisfahrt,217.9,57.04,5,1562,2978.32
kreisfahrt,218.0,57.20,5,1566,2979.91
kreisfahrt,218.1,57.35,5,1570,2981.50
kreisfahrt,218.2,57.50,5,1574,2983.10
kreisfahrt,218.3,57.64,5,1578,2984.70
kreisfahrt,218.4,57.76,5,1582,2986.30
kreisfahrt,218.5,57.88,5,1585,2987.91
kreisfahrt,218.6,57.98,5,1588,2989.51
kreisfahrt,218.7,58.06,5,1590,2991.13
kreisfahrt,218.8,58.14,5,1592,2992.74
kreisfahrt,218.9,58.19,5,1593,2994.36
kreisfahrt,219.0,58.23,5,1595,2995.97
kreisfahrt,219.1,58.25,5,1595,2997.59
kreisfahrt,219.2,58.26,5,1595,2999.21
kreisfahrt,219.3,58.25,5,1595,3000.83
kreisfahrt,219.4,58.23,5,1595,3002.45
kreisfahrt,219.5,58.20,5,1594,3004.07
kreisfahrt,219.6,58.15,5,1592,3005.69
kreisfahrt,219.7,58.09,5,1591,3007.30
kreisfahrt,219.8,58.01,5,1589,3008.92
kreisfahrt,219.9,57.93,5,1587,3010.53
kreisfahrt,220.0,57.84,5,1584,3012.14
kreisfahrt,220.1,57.74,5,1581,3013.75
kreisfahrt,220.2,57.63,5,1578,3015.36
kreisfahrt,220.3,57.52,5,1575,3016.96
kreisfahrt,220.4,57.40,5,1572,3018.56
kreisfahrt,220.5,57.28,5,1569,3020.16
kreisfahrt,220.6,57.16,5,1566,3021.75
kreisfahrt,220.7,57.05,5,1562,3023.34
kreisfahrt,220.8,56.93,5,1559,3024.93
kreisfahrt,220.9,56.81,5,1556,3026.52
kreisfahrt,221.0,56.71,5,1553,3028.10
kreisfahrt,221.1,56.60,5,1550,3029.68
kreisfahrt,221.2,56.51,5,1548,3031.25
kreisfahrt,221.3,56.43,5,1545,3032.83
kreisfahrt,221.4,56.36,5,1543,3034.40
kreisfahrt,221.5,56.30,5,1542,3035.97
kreisfahrt,221.6,56.26,5,1541,3037.54
kreisfahrt,221.7,56.24,5,1540,3039.11
kreisfahrt,221.8,56.24,5,1540,3040.68
kreisfahrt,221.9,56.26,5,1541,3042.24
kreisfahrt,222.0,56.31,5,1542,3043.81
kreisfahrt,222.1,56.38,5,1544,3045.38
kreisfahrt,222.2,56.48,5,1546,3046.95
kreisfahrt,222.3,56.60,5,1550,3048.52
kreisfahrt,222.4,56.73,5,1553,3050.10
kreisfahrt,222.5,56.88,5,1557,3051.68
kreisfahrt,222.6,57.04,5,1562,3053.26
kreisfahrt,222.7,57.19,5,1566,3054.85
kreisfahrt,222.8,57.35,5,1570,3056.44
kreisfahrt,222.9,57.49,5,1574,3058.03
kreisfahrt,223.0,57.63,5,1578,3059.63
kreisfahrt,223.1,57.76,5,1581,3061.24
kreisfahrt,223.2,57.87,5,1585,3062.84
kreisfahrt,223.3,57.98,5,1587,3064.45
kreisfahrt,223.4,58.06,5,1590,3066.06
kreisfahrt,223.5,58.13,5,1592,3067.68
kreisfahrt,223.6,58.19,5,1593,3069.29
kreisfahrt,223.7,58.23,5,1595,3070.91
kreisfahrt,223.8,58.25,5,1595,3072.53
kreisfahrt,223.9,58.26,5,1595,3074.15
kreisfahrt,224.0,58.26,5,1595,3075.77
kreisfahrt,224.1,58.23,5,1595,3077.39
kreisfahrt,224.2,58.20,5,1594,3079.00
kreisfahrt,224.3,58.15,5,1593,3080.62
kreisfahrt,224.4,58.09,5,1591,3082.24
kreisfahrt,224.5,58.02,5,1589,3083.85
kreisfahrt,224.6,57.93,5,1587,3085.47
kreisfahrt,224.7,57.84,5,1584,3087.08
kreisfahrt,224.8,57.74,5,1581,3088.69
kreisfahrt,224.9,57.63,5,1579,3090.29
kreisfahrt,225.0,57.52,5,1575,3091.90
kreisfahrt,225.1,57.41,5,1572,3093.50
kreisfahrt,225.2,57.29,5,1569,3095.09
kreisfahrt,225.3,57.17,5,1566,3096.69
kreisfahrt,225.4,57.05,5,1563,3098.28
kreisfahrt,225.5,56.93,5,1559,3099.87
kreisfahrt,225.6,56.82,5,1556,3101.45
kreisfahrt,225.7,56.71,5,1553,3103.04
kreisfahrt,225.8,56.61,5,1550,3104.61
kreisfahrt,225.9,56.51,5,1548,3106.19
kreisfahrt,226.0,56.43,5,1545,3107.77
kreisfahrt,226.1,56.36,5,1543,3109.34
kreisfahrt,226.2,56.30,5,1542,3110.91
kreisfahrt,226.3,56.26,5,1541,3112.48
kreisfahrt,226.4,56.24,5,1540,3114.05
kreisfahrt,226.5,56.24,5,1540,3115.61
kreisfahrt,226.6,56.26,5,1541,3117.18
kreisfahrt,226.7,56.31,5,1542,3118.75
kreisfahrt,226.8,56.38,5,1544,3120.32
kreisfahrt,226.9,56.48,5,1546,3121.89
kreisfahrt,227.0,56.59,5,1550,3123.46
kreisfahrt,227.1,56.73,5,1553,3125.04
kreisfahrt,227.2,56.88,5,1557,3126.61
kreisfahrt,227.3,57.03,5,1561,3128.20
kreisfahrt,227.4,57.19,5,1566,3129.78
kreisfahrt,227.5,57.34,5,1570,3131.38
kreisfahrt,227.6,57.49,5,1574,3132.97
kreisfahrt,227.7,57.63,5,1578,3134.57
kreisfahrt,227.8,57.76,5,1581,3136.17
kreisfahrt,227.9,57.87,5,1585,3137.78
kreisfahrt,228.0,57.97,5,1587,3139.39
kreisfahrt,228.1,58.06,5,1590,3141.00
kreisfahrt,228.2,58.13,5,1592,3142.61
kreisfahrt,228.3,58.19,5,1593,3144.23
kreisfahrt,228.4,58.23,5,1594,3145.85
kreisfahrt,228.5,58.25,5,1595,3147.46
kreisfahrt,228.6,58.26,5,1595,3149.08
kreisfahrt,228.7,58.26,5,1595,3150.70
kreisfahrt,228.8,58.23,5,1595,3152.32
kreisfahrt,228.9,58.20,5,1594,3153.94
kreisfahrt,229.0,58.15,5,1593,3155.56
kreisfahrt,229.1,58.09,5,1591,3157.17
kreisfahrt,229.2,58.02,5,1589,3158.79
kreisfahrt,229.3,57.93,5,1587,3160.40
kreisfahrt,229.4,57.84,5,1584,3162.01
kreisfahrt,229.5,57.74,5,1582,3163.62
kreisfahrt,229.6,57.64,5,1579,3165.23
kreisfahrt,229.7,57.53,5,1576,3166.83
kreisfahrt,229.8,57.41,5,1572,3168.43
kreisfahrt,229.9,57.29,5,1569,3170.03
kreisfahrt,230.0,57.17,5,1566,3171.62
kreisfahrt,230.1,57.05,5,1563,3173.22
kreisfahrt,230.2,56.94,5,1559,3174.80
kreisfahrt,230.3,56.82,5,1556,3176.39
kreisfahrt,230.4,56.71,5,1553,3177.97
kreisfahrt,230.5,56.61,5,1550,3179.55
kreisfahrt,230.6,56.52,5,1548,3181.13
kreisfahrt,230.7,56.43,5,1546,3182.70
kreisfahrt,230.8,56.36,5,1544,3184.28
kreisfahrt,230.9,56.30,5,1542,3185.85
kreisfahrt,231.0,56.26,5,1541,3187.41
kreisfahrt,231.1,56.24,5,1540,3188.98
kreisfahrt,231.2,56.24,5,1540,3190.55
kreisfahrt,231.3,56.26,5,1541,3192.12
kreisfahrt,231.4,56.31,5,1542,3193.69
kreisfahrt,231.5,56.38,5,1544,3195.25
kreisfahrt,231.6,56.47,5,1546,3196.82
kreisfahrt,231.7,56.59,5,1549,3198.40
kreisfahrt,231.8,56.72,5,1553,3199.97
kreisfahrt,231.9,56.87,5,1557,3201.55
kreisfahrt,232.0,57.03,5,1561,3203.13
kreisfahrt,232.1,57.18,5,1566,3204.72
kreisfahrt,232.2,57.34,5,1570,3206.31
kreisfahrt,232.3,57.48,5,1574,3207.91
kreisfahrt,232.4,57.62,5,1578,3209.51
kreisfahrt,232.5,57.75,5,1581,3211.11
kreisfahrt,232.6,57.87,5,1584,3212.71
kreisfahrt,232.7,57.97,5,1587,3214.32
kreisfahrt,232.8,58.06,5,1590,3215.94
kreisfahrt,232.9,58.13,5,1592,3217.55
kreisfahrt,233.0,58.19,5,1593,3219.16
kreisfahrt,233.1,58.23,5,1594,3220.78
kreisfahrt,233.2,58.25,5,1595,3222.40
kreisfahrt,233.3,58.26,5,1595,3224.02
kreisfahrt,233.4,58.26,5,1595,3225.64
kreisfahrt,233.5,58.24,5,1595,3227.26
kreisfahrt,233.6,58.20,5,1594,3228.88
kreisfahrt,233.7,58.15,5,1593,3230.49
kreisfahrt,233.8,58.09,5,1591,3232.11
kreisfahrt,233.9,58.02,5,1589,3233.73
kreisfahrt,234.0,57.94,5,1587,3235.34
kreisfahrt,234.1,57.85,5,1584,3236.95
kreisfahrt,234.2,57.75,5,1582,3238.56
kreisfahrt,234.3,57.64,5,1579,3240.16
kreisfahrt,234.4,57.53,5,1576,3241.77
kreisfahrt,234.5,57.41,5,1573,3243.37
kreisfahrt,234.6,57.29,5,1569,3244.97
kreisfahrt,234.7,57.18,5,1566,3246.56
kreisfahrt,234.8,57.06,5,1563,3248.15
kreisfahrt,234.9,56.94,5,1560,3249.74
kreisfahrt,235.0,56.82,5,1556,3251.33
kreisfahrt,235.1,56.72,5,1553,3252.91
kreisfahrt,235.2,56.61,5,1551,3254.49
kreisfahrt,235.3,56.52,5,1548,3256.07
kreisfahrt,235.4,56.43,5,1546,3257.64
kreisfahrt,235.5,56.36,5,1544,3259.21
kreisfahrt,235.6,56.30,5,1542,3260.78
kreisfahrt,235.7,56.26,5,1541,3262.35
kreisfahrt,235.8,56.24,5,1540,3263.92
kreisfahrt,235.9,56.24,5,1540,3265.49
kreisfahrt,236.0,56.26,5,1541,3267.05
kreisfahrt,236.1,56.31,5,1542,3268.62
kreisfahrt,236.2,56.38,5,1544,3270.19
kreisfahrt,236.3,56.47,5,1546,3271.76
kreisfahrt,236.4,56.59,5,1549,3273.33
kreisfahrt,236.5,56.72,5,1553,3274.91
kreisfahrt,236.6,56.87,5,1557,3276.49
kreisfahrt,236.7,57.02,5,1561,3278.07
kreisfahrt,236.8,57.18,5,1565,3279.66
kreisfahrt,236.9,57.33,5,1570,3281.25
kreisfahrt,237.0,57.48,5,1574,3282.84
kreisfahrt,237.1,57.62,5,1578,3284.44
kreisfahrt,237.2,57.75,5,1581,3286.04
kreisfahrt,237.3,57.86,5,1584,3287.65
kreisfahrt,237.4,57.97,5,1587,3289.26
kreisfahrt,237.5,58.05,5,1590,3290.87
kreisfahrt,237.6,58.13,5,1592,3292.49
kreisfahrt,237.7,58.18,5,1593,3294.10
kreisfahrt,237.8,58.23,5,1594,3295.72
kreisfahrt,237.9,58.25,5,1595,3297.34
kreisfahrt,238.0,58.26,5,1595,3298.96
kreisfahrt,238.1,58.26,5,1595,3300.57
kreisfahrt,238.2,58.24,5,1595,3302.19
kreisfahrt,238.3,58.20,5,1594,3303.81
kreisfahrt,238.4,58.15,5,1593,3305.43
kreisfahrt,238.5,58.09,5,1591,3307.05
kreisfahrt,238.6,58.02,5,1589,3308.66
kreisfahrt,238.7,57.94,5,1587,3310.27
kreisfahrt,238.8,57.85,5,1584,3311.89
kreisfahrt,238.9,57.75,5,1582,3313.49
kreisfahrt,239.0,57.64,5,1579,3315.10
kreisfahrt,239.1,57.53,5,1576,3316.70
kreisfahrt,239.2,57.42,5,1573,3318.31
kreisfahrt,239.3,57.30,5,1569,3319.90
kreisfahrt,239.4,57.18,5,1566,3321.50
kreisfahrt,239.5,57.06,5,1563,3323.09
kreisfahrt,239.6,56.94,5,1560,3324.68
kreisfahrt,239.7,56.83,5,1556,3326.26
kreisfahrt,239.8,56.72,5,1553,3327.85
kreisfahrt,239.9,56.62,5,1551,3329.43
kreisfahrt,240.0,56.52,5,1548,3331.00
