test,t_s,kmh,gang,drehzahl,strecke_m
beschleunigung,0.0,0.00,1,0,0.00
beschleunigung,0.1,1.26,1,1080,0.02
beschleunigung,0.2,2.53,1,1080,0.07
beschleunigung,0.3,3.79,1,1080,0.16
beschleunigung,0.4,5.05,1,1222,0.29
beschleunigung,0.5,6.31,1,1534,0.45
beschleunigung,0.6,7.57,1,1846,0.64
beschleunigung,0.7,8.73,1,2134,0.87
beschleunigung,0.8,9.47,2,1826,1.12
beschleunigung,0.9,9.45,2,1821,1.39
beschleunigung,1.0,9.42,2,1816,1.65
beschleunigung,1.1,9.40,2,1811,1.91
beschleunigung,1.2,9.37,2,1806,2.17
beschleunigung,1.3,9.35,2,1801,2.43
beschleunigung,1.4,9.32,2,1796,2.69
beschleunigung,1.5,9.30,2,1792,2.95
beschleunigung,1.6,9.44,2,1803,3.21
beschleunigung,1.7,10.38,2,1985,3.48
beschleunigung,1.8,11.24,2,2153,3.79
beschleunigung,1.9,12.03,2,2305,4.11
beschleunigung,2.0,12.07,3,1821,4.45
beschleunigung,2.1,12.04,3,1818,4.78
beschleunigung,2.2,12.01,3,1814,5.12
beschleunigung,2.3,11.99,3,1810,5.45
beschleunigung,2.4,11.96,3,1806,5.78
beschleunigung,2.5,11.94,3,1802,6.11
beschleunigung,2.6,11.91,3,1798,6.44
beschleunigung,2.7,11.89,3,1795,6.77
beschleunigung,2.8,12.51,3,1879,7.11
beschleunigung,2.9,13.23,3,1988,7.47
beschleunigung,3.0,13.91,3,2092,7.85
beschleunigung,3.1,14.57,3,2191,8.25
beschleunigung,3.2,15.17,3,2283,8.66
beschleunigung,3.3,15.45,4,1837,9.09
beschleunigung,3.4,15.42,4,1834,9.52
beschleunigung,3.5,15.40,4,1831,9.94
beschleunigung,3.6,15.37,4,1828,10.37
beschleunigung,3.7,15.34,4,1825,10.80
beschleunigung,3.8,15.32,4,1822,11.22
beschleunigung,3.9,15.29,4,1819,11.65
beschleunigung,4.0,15.27,4,1816,12.07
beschleunigung,4.1,15.50,4,1837,12.50
beschleunigung,4.2,16.08,4,1906,12.94
beschleunigung,4.3,16.64,4,1973,13.39
beschleunigung,4.4,17.19,4,2038,13.86
beschleunigung,4.5,17.71,4,2101,14.35
beschleunigung,4.6,18.23,4,2162,14.85
beschleunigung,4.7,18.72,4,2221,15.36
beschleunigung,4.8,19.19,4,2277,15.89
beschleunigung,4.9,19.60,5,1847,16.43
beschleunigung,5.0,19.58,5,1845,16.97
beschleunigung,5.1,19.55,5,1842,17.52
beschleunigung,5.2,19.52,5,1840,18.06
beschleunigung,5.3,19.50,5,1837,18.60
beschleunigung,5.4,19.47,5,1835,19.14
beschleunigung,5.5,19.44,5,1832,19.68
beschleunigung,5.6,19.42,5,1830,20.22
beschleunigung,5.7,19.39,5,1827,20.76
beschleunigung,5.8,19.85,5,1867,21.31
beschleunigung,5.9,20.30,5,1909,21.87
beschleunigung,6.0,20.75,5,1951,22.44
beschleunigung,6.1,21.18,5,1992,23.02
beschleunigung,6.2,21.61,5,2033,23.61
beschleunigung,6.3,22.03,5,2072,24.22
beschleunigung,6.4,22.44,5,2111,24.84
beschleunigung,6.5,22.84,5,2149,25.47
beschleunigung,6.6,23.23,5,2186,26.11
beschleunigung,6.7,23.62,5,2222,26.76
beschleunigung,6.8,23.99,5,2258,27.42
beschleunigung,6.9,24.35,5,2292,28.09
beschleunigung,7.0,24.70,5,2325,28.77
beschleunigung,7.1,24.71,6,1857,29.46
beschleunigung,7.2,24.68,6,1855,30.15
beschleunigung,7.3,24.65,6,1853,30.83
beschleunigung,7.4,24.62,6,1851,31.52
beschleunigung,7.5,24.59,6,1849,32.20
beschleunigung,7.6,24.57,6,1847,32.88
beschleunigung,7.7,24.54,6,1845,33.56
beschleunigung,7.8,24.51,6,1842,34.25
beschleunigung,7.9,24.85,6,1865,34.93
beschleunigung,8.0,25.26,6,1896,35.63
beschleunigung,8.1,25.66,6,1926,36.34
beschleunigung,8.2,26.06,6,1956,37.05
beschleunigung,8.3,26.45,6,1986,37.78
beschleunigung,8.4,26.84,6,2015,38.52
beschleunigung,8.5,27.22,6,2043,39.28
beschleunigung,8.6,27.60,6,2072,40.04
beschleunigung,8.7,27.97,6,2100,40.81
beschleunigung,8.8,28.33,6,2127,41.59
beschleunigung,8.9,28.69,6,2154,42.38
beschleunigung,9.0,29.05,6,2181,43.19
beschleunigung,9.1,29.39,6,2207,44.00
beschleunigung,9.2,29.73,6,2233,44.82
beschleunigung,9.3,30.06,6,2258,45.65
beschleunigung,9.4,30.39,6,2282,46.49
beschleunigung,9.5,30.71,6,2306,47.34
beschleunigung,9.6,30.99,7,1872,48.20
beschleunigung,9.7,30.96,7,1870,49.06
beschleunigung,9.8,30.93,7,1869,49.92
beschleunigung,9.9,30.90,7,1867,50.78
beschleunigung,10.0,30.87,7,1865,51.64
beschleunigung,10.1,30.85,7,1863,52.49
beschleunigung,10.2,30.82,7,1861,53.35
beschleunigung,10.3,30.79,7,1860,54.20
beschleunigung,10.4,30.76,7,1858,55.06
beschleunigung,10.5,31.11,7,1878,55.92
beschleunigung,10.6,31.47,7,1899,56.79
beschleunigung,10.7,31.82,7,1920,57.67
beschleunigung,10.8,32.17,7,1941,58.56
beschleunigung,10.9,32.51,7,1962,59.46
beschleunigung,11.0,32.85,7,1983,60.36
beschleunigung,11.1,33.19,7,2003,61.28
beschleunigung,11.2,33.52,7,2023,62.21
beschleunigung,11.3,33.85,7,2043,63.14
beschleunigung,11.4,34.18,7,2063,64.09
beschleunigung,11.5,34.50,7,2082,65.04
beschleunigung,11.6,34.82,7,2102,66.01
beschleunigung,11.7,35.14,7,2121,66.98
beschleunigung,11.8,35.46,7,2140,67.96
beschleunigung,11.9,35.77,7,2159,68.95
beschleunigung,12.0,36.07,7,2177,69.95
beschleunigung,12.1,36.38,7,2196,70.96
beschleunigung,12.2,36.67,7,2214,71.97
beschleunigung,12.3,36.97,7,2231,72.99
beschleunigung,12.4,37.26,7,2249,74.02
beschleunigung,12.5,37.54,7,2266,75.06
beschleunigung,12.6,37.82,7,2283,76.11
beschleunigung,12.7,38.10,7,2300,77.17
beschleunigung,12.8,38.37,7,2316,78.23
beschleunigung,12.9,38.54,8,1887,79.30
beschleunigung,13.0,38.50,8,1885,80.37
beschleunigung,13.1,38.47,8,1884,81.44
beschleunigung,13.2,38.44,8,1882,82.50
beschleunigung,13.3,38.41,8,1881,83.57
beschleunigung,13.4,38.38,8,1879,84.64
beschleunigung,13.5,38.34,8,1877,85.70
beschleunigung,13.6,38.31,8,1876,86.77
beschleunigung,13.7,38.36,8,1877,87.83
beschleunigung,13.8,38.66,8,1892,88.90
beschleunigung,13.9,38.96,8,1906,89.98
beschleunigung,14.0,39.26,8,1921,91.07
beschleunigung,14.1,39.55,8,1935,92.16
beschleunigung,14.2,39.84,8,1950,93.27
beschleunigung,14.3,40.13,8,1964,94.38
beschleunigung,14.4,40.42,8,1978,95.50
beschleunigung,14.5,40.71,8,1992,96.62
beschleunigung,14.6,40.99,8,2006,97.76
beschleunigung,14.7,41.27,8,2019,98.90
beschleunigung,14.8,41.55,8,2033,100.05
beschleunigung,14.9,41.83,8,2047,101.21
beschleunigung,15.0,42.10,8,2060,102.38
beschleunigung,15.1,42.38,8,2074,103.55
beschleunigung,15.2,42.65,8,2087,104.73
beschleunigung,15.3,42.92,8,2100,105.92
beschleunigung,15.4,43.19,8,2113,107.12
beschleunigung,15.5,43.45,8,2126,108.32
beschleunigung,15.6,43.71,8,2139,109.53
beschleunigung,15.7,43.98,8,2152,110.75
beschleunigung,15.8,44.24,8,2165,111.97
beschleunigung,15.9,44.49,8,2177,113.21
beschleunigung,16.0,44.75,8,2190,114.45
beschleunigung,16.1,45.00,8,2202,115.69
beschleunigung,16.2,45.25,8,2214,116.95
beschleunigung,16.3,45.49,8,2226,118.21
beschleunigung,16.4,45.74,8,2238,119.47
beschleunigung,16.5,45.98,8,2250,120.75
beschleunigung,16.6,46.22,8,2262,122.03
beschleunigung,16.7,46.45,8,2273,123.32
beschleunigung,16.8,46.69,8,2285,124.61
beschleunigung,16.9,46.92,8,2296,125.91
beschleunigung,17.0,47.14,8,2307,127.22
beschleunigung,17.1,47.37,8,2318,128.53
beschleunigung,17.2,47.55,9,1907,129.85
beschleunigung,17.3,47.51,9,1905,131.17
beschleunigung,17.4,47.48,9,1904,132.49
beschleunigung,17.5,47.44,9,1902,133.81
beschleunigung,17.6,47.41,9,1901,135.12
beschleunigung,17.7,47.37,9,1900,136.44
beschleunigung,17.8,47.33,9,1898,137.76
beschleunigung,17.9,47.30,9,1897,139.07
beschleunigung,18.0,47.29,9,1895,140.38
beschleunigung,18.1,47.53,9,1905,141.70
beschleunigung,18.2,47.78,9,1915,143.03
beschleunigung,18.3,48.02,9,1925,144.36
beschleunigung,18.4,48.26,9,1934,145.69
beschleunigung,18.5,48.50,9,1944,147.04
beschleunigung,18.6,48.75,9,1954,148.39
beschleunigung,18.7,48.98,9,1963,149.75
beschleunigung,18.8,49.22,9,1973,151.11
beschleunigung,18.9,49.46,9,1982,152.48
beschleunigung,19.0,49.69,9,1992,153.86
beschleunigung,19.1,49.93,9,2001,155.24
vmax,0.0,0.00,1,0,0.00
vmax,0.1,0.75,1,1080,0.01
vmax,0.2,1.59,1,1080,0.04
vmax,0.3,2.51,1,1080,0.10
vmax,0.4,3.49,1,1080,0.19
vmax,0.5,4.52,1,1095,0.30
vmax,0.6,5.59,1,1360,0.44
vmax,0.7,6.70,1,1633,0.61
vmax,0.8,7.83,1,1911,0.82
vmax,0.9,8.86,1,2169,1.05
vmax,1.0,9.47,2,1824,1.31
vmax,1.1,9.44,2,1819,1.57
vmax,1.2,9.42,2,1815,1.83
vmax,1.3,9.39,2,1810,2.09
vmax,1.4,9.37,2,1805,2.35
vmax,1.5,9.34,2,1800,2.61
vmax,1.6,9.32,2,1795,2.87
vmax,1.7,9.29,2,1790,3.13
vmax,1.8,9.51,2,1817,3.39
vmax,1.9,10.44,2,1996,3.67
vmax,2.0,11.29,2,2162,3.97
vmax,2.1,12.06,2,2312,4.30
vmax,2.2,12.10,3,1827,4.63
vmax,2.3,12.08,3,1823,4.97
vmax,2.4,12.05,3,1819,5.30
vmax,2.5,12.02,3,1815,5.64
vmax,2.6,12.00,3,1811,5.97
vmax,2.7,11.97,3,1808,6.30
vmax,2.8,11.95,3,1804,6.64
vmax,2.9,11.92,3,1800,6.97
vmax,3.0,12.54,3,1884,7.31
vmax,3.1,13.26,3,1993,7.67
vmax,3.2,13.94,3,2096,8.05
vmax,3.3,14.59,3,2195,8.44
vmax,3.4,15.20,3,2287,8.86
vmax,3.5,15.42,4,1834,9.28
vmax,3.6,15.40,4,1831,9.71
vmax,3.7,15.37,4,1828,10.14
vmax,3.8,15.34,4,1825,10.57
vmax,3.9,15.32,4,1822,10.99
vmax,4.0,15.29,4,1819,11.42
vmax,4.1,15.27,4,1816,11.84
vmax,4.2,15.24,4,1813,12.27
vmax,4.3,15.52,4,1840,12.69
vmax,4.4,16.10,4,1909,13.13
vmax,4.5,16.66,4,1976,13.59
vmax,4.6,17.21,4,2041,14.06
vmax,4.7,17.74,4,2104,14.54
vmax,4.8,18.25,4,2165,15.04
vmax,4.9,18.74,4,2224,15.56
vmax,5.0,19.21,4,2280,16.09
vmax,5.1,19.58,5,1845,16.63
vmax,5.2,19.56,5,1843,17.17
vmax,5.3,19.53,5,1840,17.71
vmax,5.4,19.50,5,1838,18.26
vmax,5.5,19.48,5,1835,18.80
vmax,5.6,19.45,5,1833,19.34
vmax,5.7,19.42,5,1830,19.88
vmax,5.8,19.40,5,1828,20.42
vmax,5.9,19.41,5,1825,20.95
vmax,6.0,19.87,5,1869,21.50
vmax,6.1,20.32,5,1911,22.06
vmax,6.2,20.77,5,1953,22.63
vmax,6.3,21.20,5,1994,23.21
vmax,6.4,21.63,5,2035,23.81
vmax,6.5,22.05,5,2074,24.42
vmax,6.6,22.46,5,2113,25.03
vmax,6.7,22.86,5,2151,25.66
vmax,6.8,23.25,5,2188,26.31
vmax,6.9,23.64,5,2224,26.96
vmax,7.0,24.01,5,2259,27.62
vmax,7.1,24.37,5,2293,28.29
vmax,7.2,24.72,5,2326,28.97
vmax,7.3,24.69,6,1856,29.66
vmax,7.4,24.66,6,1854,30.35
vmax,7.5,24.64,6,1852,31.03
vmax,7.6,24.61,6,1850,31.71
vmax,7.7,24.58,6,1848,32.40
vmax,7.8,24.55,6,1845,33.08
vmax,7.9,24.52,6,1843,33.76
vmax,8.0,24.50,6,1841,34.44
vmax,8.1,24.87,6,1867,35.13
vmax,8.2,25.28,6,1898,35.82
vmax,8.3,25.68,6,1928,36.53
vmax,8.4,26.08,6,1958,37.25
vmax,8.5,26.47,6,1987,37.98
vmax,8.6,26.86,6,2016,38.72
vmax,8.7,27.24,6,2045,39.48
vmax,8.8,27.62,6,2073,40.24
vmax,8.9,27.99,6,2101,41.01
vmax,9.0,28.35,6,2129,41.79
vmax,9.1,28.71,6,2156,42.59
vmax,9.2,29.06,6,2182,43.39
vmax,9.3,29.41,6,2208,44.20
vmax,9.4,29.75,6,2234,45.02
vmax,9.5,30.08,6,2259,45.86
vmax,9.6,30.41,6,2283,46.70
vmax,9.7,30.73,6,2307,47.55
vmax,9.8,30.98,7,1871,48.40
vmax,9.9,30.95,7,1870,49.26
vmax,10.0,30.92,7,1868,50.12
vmax,10.1,30.89,7,1866,50.98
vmax,10.2,30.86,7,1864,51.84
vmax,10.3,30.83,7,1862,52.70
vmax,10.4,30.80,7,1861,53.55
vmax,10.5,30.77,7,1859,54.41
vmax,10.6,30.78,7,1857,55.26
vmax,10.7,31.13,7,1879,56.12
vmax,10.8,31.49,7,1900,56.99
vmax,10.9,31.84,7,1921,57.87
vmax,11.0,32.19,7,1942,58.76
vmax,11.1,32.53,7,1963,59.66
vmax,11.2,32.87,7,1984,60.57
vmax,11.3,33.21,7,2004,61.49
vmax,11.4,33.54,7,2024,62.42
vmax,11.5,33.87,7,2044,63.35
vmax,11.6,34.20,7,2064,64.30
vmax,11.7,34.52,7,2084,65.25
vmax,11.8,34.84,7,2103,66.22
vmax,11.9,35.16,7,2122,67.19
vmax,12.0,35.47,7,2141,68.17
vmax,12.1,35.78,7,2160,69.16
vmax,12.2,36.09,7,2178,70.16
vmax,12.3,36.39,7,2197,71.17
vmax,12.4,36.69,7,2215,72.18
vmax,12.5,36.98,7,2232,73.21
vmax,12.6,37.27,7,2250,74.24
vmax,12.7,37.56,7,2267,75.28
vmax,12.8,37.84,7,2284,76.32
vmax,12.9,38.11,7,2301,77.38
vmax,13.0,38.38,7,2317,78.44
vmax,13.1,38.55,8,1888,79.51
vmax,13.2,38.52,8,1886,80.58
vmax,13.3,38.49,8,1884,81.65
vmax,13.4,38.46,8,1883,82.72
vmax,13.5,38.42,8,1881,83.79
vmax,13.6,38.39,8,1880,84.86
vmax,13.7,38.36,8,1878,85.92
vmax,13.8,38.33,8,1877,86.99
vmax,13.9,38.38,8,1878,88.05
vmax,14.0,38.68,8,1892,89.12
vmax,14.1,38.98,8,1907,90.20
vmax,14.2,39.27,8,1922,91.29
vmax,14.3,39.57,8,1936,92.38
vmax,14.4,39.86,8,1950,93.49
vmax,14.5,40.15,8,1964,94.60
vmax,14.6,40.44,8,1978,95.72
vmax,14.7,40.72,8,1992,96.84
vmax,14.8,41.00,8,2006,97.98
vmax,14.9,41.29,8,2020,99.12
vmax,15.0,41.56,8,2034,100.27
vmax,15.1,41.84,8,2047,101.43
vmax,15.2,42.12,8,2061,102.60
vmax,15.3,42.39,8,2074,103.77
vmax,15.4,42.66,8,2088,104.96
vmax,15.5,42.93,8,2101,106.14
vmax,15.6,43.20,8,2114,107.34
vmax,15.7,43.46,8,2127,108.54
vmax,15.8,43.73,8,2140,109.76
vmax,15.9,43.99,8,2153,110.97
vmax,16.0,44.25,8,2165,112.20
vmax,16.1,44.51,8,2178,113.43
vmax,16.2,44.76,8,2190,114.67
vmax,16.3,45.01,8,2203,115.92
vmax,16.4,45.26,8,2215,117.17
vmax,16.5,45.51,8,2227,118.44
vmax,16.6,45.75,8,2239,119.70
vmax,16.7,45.99,8,2251,120.98
vmax,16.8,46.23,8,2262,122.26
vmax,16.9,46.46,8,2274,123.55
vmax,17.0,46.70,8,2285,124.84
vmax,17.1,46.93,8,2297,126.14
vmax,17.2,47.16,8,2308,127.45
vmax,17.3,47.38,8,2319,128.76
vmax,17.4,47.56,9,1907,130.08
vmax,17.5,47.53,9,1906,131.40
vmax,17.6,47.49,9,1904,132.72
vmax,17.7,47.45,9,1903,134.04
vmax,17.8,47.42,9,1901,135.36
vmax,17.9,47.38,9,1900,136.67
vmax,18.0,47.34,9,1899,137.99
vmax,18.1,47.31,9,1897,139.30
vmax,18.2,47.30,9,1896,140.62
vmax,18.3,47.54,9,1906,141.94
vmax,18.4,47.79,9,1915,143.26
vmax,18.5,48.03,9,1925,144.59
vmax,18.6,48.27,9,1935,145.93
vmax,18.7,48.52,9,1945,147.27
vmax,18.8,48.76,9,1954,148.62
vmax,18.9,48.99,9,1964,149.98
vmax,19.0,49.23,9,1973,151.35
vmax,19.1,49.47,9,1983,152.72
vmax,19.2,49.70,9,1992,154.10
vmax,19.3,49.94,9,2002,155.48
vmax,19.4,50.17,9,2011,156.87
vmax,19.5,50.40,9,2020,158.27
vmax,19.6,50.63,9,2029,159.67
vmax,19.7,50.86,9,2039,161.08
vmax,19.8,51.09,9,2048,162.50
vmax,19.9,51.31,9,2057,163.92
vmax,20.0,51.54,9,2066,165.35
vmax,20.1,51.76,9,2075,166.78
vmax,20.2,51.99,9,2084,168.23
vmax,20.3,52.21,9,2093,169.67
vmax,20.4,52.43,9,2102,171.13
vmax,20.5,52.65,9,2110,172.59
vmax,20.6,52.87,9,2119,174.05
vmax,20.7,53.08,9,2128,175.52
vmax,20.8,53.30,9,2136,177.00
vmax,20.9,53.51,9,2145,178.48
vmax,21.0,53.73,9,2154,179.97
vmax,21.1,53.94,9,2162,181.47
vmax,21.2,54.15,9,2171,182.97
vmax,21.3,54.36,9,2179,184.48
vmax,21.4,54.57,9,2187,185.99
vmax,21.5,54.77,9,2196,187.51
vmax,21.6,54.98,9,2204,189.04
vmax,21.7,55.18,9,2212,190.57
vmax,21.8,55.38,9,2220,192.10
vmax,21.9,55.58,9,2228,193.64
vmax,22.0,55.78,9,2236,195.19
vmax,22.1,55.98,9,2244,196.74
vmax,22.2,56.17,9,2252,198.30
vmax,22.3,56.37,9,2260,199.86
vmax,22.4,56.56,9,2267,201.43
vmax,22.5,56.75,9,2275,203.01
vmax,22.6,56.94,9,2282,204.59
vmax,22.7,57.13,9,2290,206.17
vmax,22.8,57.31,9,2297,207.76
vmax,22.9,57.50,9,2305,209.35
vmax,23.0,57.68,9,2312,210.95
vmax,23.1,57.86,9,2320,212.56
vmax,23.2,58.04,9,2327,214.17
vmax,23.3,58.04,10,1931,215.78
vmax,23.4,58.00,10,1930,217.39
vmax,23.5,57.95,10,1928,219.00
vmax,23.6,57.91,10,1927,220.61
vmax,23.7,57.87,10,1926,222.22
vmax,23.8,57.83,10,1924,223.83
vmax,23.9,57.79,10,1923,225.43
vmax,24.0,57.75,10,1921,227.04
vmax,24.1,57.88,10,1925,228.64
vmax,24.2,58.08,10,1932,230.25
vmax,24.3,58.28,10,1938,231.87
vmax,24.4,58.47,10,1945,233.49
vmax,24.5,58.67,10,1951,235.12
vmax,24.6,58.86,10,1958,236.75
vmax,24.7,59.05,10,1964,238.39
vmax,24.8,59.25,10,1971,240.03
vmax,24.9,59.44,10,1977,241.68
vmax,25.0,59.63,10,1983,243.34
vmax,25.1,59.82,10,1990,245.00
vmax,25.2,60.01,10,1996,246.66
vmax,25.3,60.20,10,2002,248.33
vmax,25.4,60.38,10,2009,250.00
vmax,25.5,60.57,10,2015,251.68
vmax,25.6,60.76,10,2021,253.37
vmax,25.7,60.94,10,2027,255.06
vmax,25.8,61.13,10,2033,256.76
vmax,25.9,61.31,10,2039,258.46
vmax,26.0,61.49,10,2046,260.16
vmax,26.1,61.68,10,2052,261.87
vmax,26.2,61.86,10,2058,263.59
vmax,26.3,62.04,10,2064,265.31
vmax,26.4,62.22,10,2070,267.04
vmax,26.5,62.40,10,2076,268.77
vmax,26.6,62.58,10,2082,270.50
vmax,26.7,62.76,10,2088,272.24
vmax,26.8,62.93,10,2094,273.99
vmax,26.9,63.11,10,2099,275.74
vmax,27.0,63.29,10,2105,277.50
vmax,27.1,63.46,10,2111,279.26
vmax,27.2,63.64,10,2117,281.02
vmax,27.3,63.81,10,2123,282.79
vmax,27.4,63.98,10,2128,284.57
vmax,27.5,64.16,10,2134,286.35
vmax,27.6,64.33,10,2140,288.13
vmax,27.7,64.50,10,2146,289.92
vmax,27.8,64.67,10,2151,291.72
vmax,27.9,64.84,10,2157,293.52
vmax,28.0,65.01,10,2163,295.32
vmax,28.1,65.18,10,2168,297.13
vmax,28.2,65.34,10,2174,298.94
vmax,28.3,65.51,10,2179,300.76
vmax,28.4,65.68,10,2185,302.58
vmax,28.5,65.84,10,2190,304.41
vmax,28.6,66.00,10,2196,306.24
vmax,28.7,66.17,10,2201,308.07
vmax,28.8,66.33,10,2206,309.91
vmax,28.9,66.49,10,2212,311.76
vmax,29.0,66.65,10,2217,313.61
vmax,29.1,66.81,10,2222,315.46
vmax,29.2,66.96,10,2228,317.32
vmax,29.3,67.12,10,2233,319.18
vmax,29.4,67.28,10,2238,321.05
vmax,29.5,67.43,10,2243,322.92
vmax,29.6,67.59,10,2248,324.80
vmax,29.7,67.74,10,2253,326.68
vmax,29.8,67.89,10,2259,328.56
vmax,29.9,68.04,10,2264,330.45
vmax,30.0,68.19,10,2269,332.34
vmax,30.1,68.34,10,2274,334.24
vmax,30.2,68.49,10,2279,336.14
vmax,30.3,68.64,10,2283,338.04
vmax,30.4,68.79,10,2288,339.95
vmax,30.5,68.94,10,2293,341.87
vmax,30.6,69.08,10,2298,343.78
vmax,30.7,69.23,10,2303,345.70
vmax,30.8,69.37,10,2308,347.63
vmax,30.9,69.51,10,2312,349.56
vmax,31.0,69.65,10,2317,351.49
vmax,31.1,69.80,10,2322,353.43
vmax,31.2,69.94,10,2327,355.37
vmax,31.3,69.93,11,1967,357.31
vmax,31.4,69.89,11,1966,359.25
vmax,31.5,69.84,11,1964,361.19
vmax,31.6,69.79,11,1963,363.13
vmax,31.7,69.74,11,1961,365.07
vmax,31.8,69.69,11,1960,367.01
vmax,31.9,69.64,11,1959,368.94
vmax,32.0,69.59,11,1957,370.88
vmax,32.1,69.67,11,1959,372.81
vmax,32.2,69.83,11,1963,374.75
vmax,32.3,69.98,11,1968,376.69
vmax,32.4,70.13,11,1972,378.64
vmax,32.5,70.29,11,1976,380.59
vmax,32.6,70.44,11,1981,382.54
vmax,32.7,70.59,11,1985,384.50
vmax,32.8,70.74,11,1989,386.46
vmax,32.9,70.89,11,1993,388.43
vmax,33.0,71.04,11,1998,390.40
vmax,33.1,71.19,11,2002,392.38
vmax,33.2,71.34,11,2006,394.36
vmax,33.3,71.49,11,2010,396.34
vmax,33.4,71.63,11,2014,398.33
vmax,33.5,71.78,11,2018,400.32
vmax,33.6,71.93,11,2023,402.32
vmax,33.7,72.08,11,2027,404.32
vmax,33.8,72.22,11,2031,406.32
vmax,33.9,72.37,11,2035,408.33
vmax,34.0,72.51,11,2039,410.34
vmax,34.1,72.66,11,2043,412.36
vmax,34.2,72.80,11,2047,414.38
vmax,34.3,72.95,11,2051,416.40
vmax,34.4,73.09,11,2055,418.43
vmax,34.5,73.23,11,2059,420.46
vmax,34.6,73.37,11,2063,422.50
vmax,34.7,73.52,11,2067,424.54
vmax,34.8,73.66,11,2071,426.58
vmax,34.9,73.80,11,2075,428.63
vmax,35.0,73.94,11,2079,430.69
vmax,35.1,74.08,11,2083,432.74
vmax,35.2,74.22,11,2087,434.80
vmax,35.3,74.36,11,2091,436.86
vmax,35.4,74.50,11,2095,438.93
vmax,35.5,74.64,11,2099,441.00
vmax,35.6,74.77,11,2103,443.08
vmax,35.7,74.91,11,2106,445.16
vmax,35.8,75.05,11,2110,447.24
vmax,35.9,75.18,11,2114,449.33
vmax,36.0,75.32,11,2118,451.42
vmax,36.1,75.46,11,2122,453.51
vmax,36.2,75.59,11,2126,455.61
vmax,36.3,75.73,11,2129,457.71
vmax,36.4,75.86,11,2133,459.82
vmax,36.5,76.00,11,2137,461.93
vmax,36.6,76.13,11,2141,464.04
vmax,36.7,76.26,11,2144,466.16
vmax,36.8,76.39,11,2148,468.28
vmax,36.9,76.53,11,2152,470.40
vmax,37.0,76.66,11,2156,472.53
vmax,37.1,76.79,11,2159,474.66
vmax,37.2,76.92,11,2163,476.80
vmax,37.3,77.05,11,2167,478.93
vmax,37.4,77.18,11,2170,481.08
vmax,37.5,77.31,11,2174,483.22
vmax,37.6,77.44,11,2178,485.37
vmax,37.7,77.57,11,2181,487.52
vmax,37.8,77.69,11,2185,489.68
vmax,37.9,77.82,11,2188,491.84
vmax,38.0,77.95,11,2192,494.01
vmax,38.1,78.07,11,2195,496.17
vmax,38.2,78.20,11,2199,498.34
vmax,38.3,78.32,11,2202,500.52
vmax,38.4,78.45,11,2206,502.69
vmax,38.5,78.57,11,2209,504.88
vmax,38.6,78.69,11,2213,507.06
vmax,38.7,78.82,11,2216,509.25
vmax,38.8,78.94,11,2220,511.44
vmax,38.9,79.06,11,2223,513.63
vmax,39.0,79.18,11,2227,515.83
vmax,39.1,79.30,11,2230,518.03
vmax,39.2,79.42,11,2233,520.24
vmax,39.3,79.54,11,2237,522.45
vmax,39.4,79.66,11,2240,524.66
vmax,39.5,79.78,11,2243,526.87
vmax,39.6,79.89,11,2247,529.09
vmax,39.7,80.01,11,2250,531.31
vmax,39.8,80.13,11,2253,533.53
vmax,39.9,80.24,11,2257,535.76
vmax,40.0,80.36,11,2260,537.99
vmax,40.1,80.47,11,2263,540.23
vmax,40.2,80.59,11,2266,542.46
vmax,40.3,80.70,11,2269,544.70
vmax,40.4,80.82,11,2273,546.95
vmax,40.5,80.93,11,2276,549.19
vmax,40.6,81.04,11,2279,551.44
vmax,40.7,81.15,11,2282,553.70
vmax,40.8,81.27,11,2285,555.95
vmax,40.9,81.38,11,2288,558.21
vmax,41.0,81.49,11,2291,560.47
vmax,41.1,81.60,11,2295,562.74
vmax,41.2,81.71,11,2298,565.01
vmax,41.3,81.82,11,2301,567.28
vmax,41.4,81.92,11,2304,569.55
vmax,41.5,82.03,11,2307,571.83
vmax,41.6,82.14,11,2310,574.11
vmax,41.7,82.25,11,2313,576.39
vmax,41.8,82.35,11,2316,578.68
vmax,41.9,82.46,11,2319,580.97
vmax,42.0,82.56,11,2322,583.26
vmax,42.1,82.67,11,2325,585.56
vmax,42.2,82.77,11,2328,587.85
vmax,42.3,82.73,12,2044,590.15
vmax,42.4,82.67,12,2043,592.45
vmax,42.5,82.61,12,2041,594.75
vmax,42.6,82.55,12,2040,597.04
vmax,42.7,82.49,12,2038,599.33
vmax,42.8,82.43,12,2037,601.62
vmax,42.9,82.37,12,2035,603.91
vmax,43.0,82.31,12,2034,606.20
vmax,43.1,82.40,12,2035,608.49
vmax,43.2,82.51,12,2038,610.78
vmax,43.3,82.63,12,2041,613.07
vmax,43.4,82.75,12,2044,615.37
vmax,43.5,82.86,12,2047,617.67
vmax,43.6,82.97,12,2050,619.97
vmax,43.7,83.09,12,2053,622.28
vmax,43.8,83.20,12,2055,624.59
vmax,43.9,83.32,12,2058,626.90
vmax,44.0,83.43,12,2061,629.22
vmax,44.1,83.54,12,2064,631.53
vmax,44.2,83.66,12,2067,633.86
vmax,44.3,83.77,12,2069,636.18
vmax,44.4,83.88,12,2072,638.51
vmax,44.5,83.99,12,2075,640.84
vmax,44.6,84.10,12,2078,643.18
vmax,44.7,84.21,12,2080,645.52
vmax,44.8,84.32,12,2083,647.86
vmax,44.9,84.44,12,2086,650.20
vmax,45.0,84.54,12,2088,652.55
vmax,45.1,84.63,12,2091,654.90
vmax,45.2,84.71,12,2093,657.25
vmax,45.3,84.78,12,2094,659.60
vmax,45.4,84.83,12,2096,661.96
vmax,45.5,84.88,12,2097,664.32
vmax,45.6,84.92,12,2098,666.67
vmax,45.7,84.96,12,2099,669.03
vmax,45.8,84.99,12,2100,671.39
vmax,45.9,85.01,12,2100,673.76
vmax,46.0,85.04,12,2101,676.12
vmax,46.1,85.05,12,2101,678.48
vmax,46.2,85.07,12,2102,680.84
vmax,46.3,85.08,12,2102,683.21
vmax,46.4,85.10,12,2102,685.57
vmax,46.5,85.11,12,2103,687.93
vmax,46.6,85.12,12,2103,690.30
vmax,46.7,85.12,12,2103,692.66
vmax,46.8,85.13,12,2103,695.03
vmax,46.9,85.13,12,2103,697.39
vmax,47.0,85.14,12,2103,699.76
vmax,47.1,85.14,12,2104,702.12
vmax,47.2,85.15,12,2104,704.49
vmax,47.3,85.15,12,2104,706.85
vmax,47.4,85.15,12,2104,709.22
vmax,47.5,85.15,12,2104,711.58
vmax,47.6,85.16,12,2104,713.95
vmax,47.7,85.16,12,2104,716.31
vmax,47.8,85.16,12,2104,718.68
vmax,47.9,85.16,12,2104,721.04
vmax,48.0,85.16,12,2104,723.41
vmax,48.1,85.16,12,2104,725.78
vmax,48.2,85.16,12,2104,728.14
vmax,48.3,85.16,12,2104,730.51
vmax,48.4,85.16,12,2104,732.87
vmax,48.5,85.16,12,2104,735.24
vmax,48.6,85.16,12,2104,737.60
vmax,48.7,85.17,12,2104,739.97
vmax,48.8,85.17,12,2104,742.34
vmax,48.9,85.17,12,2104,744.70
vmax,49.0,85.17,12,2104,747.07
vmax,49.1,85.17,12,2104,749.43
vmax,49.2,85.17,12,2104,751.80
vmax,49.3,85.17,12,2104,754.16
vmax,49.4,85.17,12,2104,756.53
vmax,49.5,85.17,12,2104,758.90
vmax,49.6,85.17,12,2104,761.26
vmax,49.7,85.17,12,2104,763.63
vmax,49.8,85.17,12,2104,765.99
vmax,49.9,85.17,12,2104,768.36
vmax,50.0,85.17,12,2104,770.72
vmax,50.1,85.17,12,2104,773.09
vmax,50.2,85.17,12,2104,775.46
vmax,50.3,85.17,12,2104,777.82
vmax,50.4,85.17,12,2104,780.19
vmax,50.5,85.17,12,2104,782.55
vmax,50.6,85.17,12,2104,784.92
vmax,50.7,85.17,12,2104,787.28
vmax,50.8,85.17,12,2104,789.65
vmax,50.9,85.17,12,2104,792.02
bremsen_100,0.0,100.00,12,0,0.00
bremsen_100,0.1,99.41,12,2400,2.77
bremsen_100,0.2,98.07,12,2400,5.51
bremsen_100,0.3,95.99,12,2376,8.21
bremsen_100,0.4,93.27,12,2310,10.83
bremsen_100,0.5,90.51,12,2242,13.38
bremsen_100,0.6,87.83,12,2175,15.86
bremsen_100,0.7,85.20,12,2110,18.26
bremsen_100,0.8,82.62,12,2046,20.59
bremsen_100,0.9,80.06,12,1983,22.84
bremsen_100,1.0,77.52,12,1920,25.03
bremsen_100,1.1,74.99,12,1858,27.14
bremsen_100,1.2,72.47,12,1796,29.19
bremsen_100,1.3,69.96,12,1734,31.16
bremsen_100,1.4,67.45,12,1672,33.07
bremsen_100,1.5,64.95,12,1610,34.90
bremsen_100,1.6,62.45,12,1548,36.67
bremsen_100,1.7,59.95,12,1486,38.37
bremsen_100,1.8,57.45,12,1425,40.00
bremsen_100,1.9,54.96,12,1363,41.55
bremsen_100,2.0,52.46,12,1301,43.04
bremsen_100,2.1,49.97,12,1240,44.46
bremsen_100,2.2,47.48,12,1178,45.81
bremsen_100,2.3,44.99,12,1117,47.09
bremsen_100,2.4,42.50,12,1055,48.31
bremsen_100,2.5,40.01,12,994,49.45
bremsen_100,2.6,37.52,12,932,50.52
bremsen_100,2.7,35.03,12,871,51.53
bremsen_100,2.8,32.54,12,809,52.46
bremsen_100,2.9,30.06,12,748,53.33
bremsen_100,3.0,27.57,12,686,54.13
bremsen_100,3.1,25.09,11,711,54.86
bremsen_100,3.2,22.60,11,641,55.52
bremsen_100,3.3,20.12,11,572,56.11
bremsen_100,3.4,17.63,11,502,56.63
bremsen_100,3.5,15.15,10,511,57.08
bremsen_100,3.6,12.66,10,500,57.46
bremsen_100,3.7,10.18,10,500,57.78
bremsen_100,3.8,7.70,10,500,58.02
bremsen_100,3.9,5.21,9,500,58.20
bremsen_100,4.0,2.73,9,500,58.31
bremsen_100,4.1,0.25,9,500,58.35
bremsen_100,4.1,0.00,9,500,58.35
kreisfahrt,0.0,18.00,1,0,0.00
kreisfahrt,0.1,17.64,2,2400,0.49
kreisfahrt,0.2,17.55,2,2400,0.98
kreisfahrt,0.3,17.52,2,2400,1.47
kreisfahrt,0.4,17.49,2,2400,1.96
kreisfahrt,0.5,17.47,2,2400,2.44
kreisfahrt,0.6,17.44,2,2400,2.93
kreisfahrt,0.7,17.41,2,2400,3.41
kreisfahrt,0.8,17.38,2,2400,3.90
kreisfahrt,0.9,17.35,3,2400,4.38
kreisfahrt,1.0,17.32,3,2400,4.86
kreisfahrt,1.1,17.29,3,2400,5.34
kreisfahrt,1.2,17.26,3,2400,5.82
kreisfahrt,1.3,17.23,3,2400,6.30
kreisfahrt,1.4,17.20,3,2400,6.78
kreisfahrt,1.5,17.17,3,2400,7.26
kreisfahrt,1.6,17.14,3,2400,7.73
kreisfahrt,1.7,17.10,4,2034,8.21
kreisfahrt,1.8,17.07,4,2030,8.68
kreisfahrt,1.9,17.04,4,2026,9.16
kreisfahrt,2.0,17.00,4,2022,9.63
kreisfahrt,2.1,16.97,4,2018,10.10
kreisfahrt,2.2,16.93,4,2014,10.57
kreisfahrt,2.3,16.90,4,2010,11.04
kreisfahrt,2.4,16.86,4,2005,11.51
kreisfahrt,2.5,16.84,5,1587,11.98
kreisfahrt,2.6,16.80,5,1583,12.45
kreisfahrt,2.7,16.76,5,1580,12.92
kreisfahrt,2.8,16.72,5,1576,13.38
kreisfahrt,2.9,16.68,5,1572,13.85
kreisfahrt,3.0,16.64,5,1569,14.31
kreisfahrt,3.1,16.60,5,1565,14.77
kreisfahrt,3.2,16.56,5,1561,15.23
kreisfahrt,3.3,16.61,5,1563,15.69
kreisfahrt,3.4,16.77,5,1579,16.16
kreisfahrt,3.5,16.94,5,1595,16.62
kreisfahrt,3.6,17.11,5,1611,17.10
kreisfahrt,3.7,17.28,5,1627,17.58
kreisfahrt,3.8,17.45,5,1643,18.06
kreisfahrt,3.9,17.62,5,1659,18.55
kreisfahrt,4.0,17.80,5,1676,19.04
kreisfahrt,4.1,17.97,5,1692,19.54
kreisfahrt,4.2,18.14,5,1708,20.04
kreisfahrt,4.3,18.30,5,1723,20.54
kreisfahrt,4.4,18.47,5,1739,21.06
kreisfahrt,4.5,18.63,5,1754,21.57
kreisfahrt,4.6,18.78,5,1768,22.09
kreisfahrt,4.7,18.93,5,1783,22.62
kreisfahrt,4.8,19.08,5,1797,23.14
kreisfahrt,4.9,19.23,5,1811,23.68
kreisfahrt,5.0,19.37,5,1824,24.21
kreisfahrt,5.1,19.34,6,1454,24.75
kreisfahrt,5.2,19.32,6,1452,25.29
kreisfahrt,5.3,19.29,6,1450,25.83
kreisfahrt,5.4,19.26,6,1448,26.36
kreisfahrt,5.5,19.23,6,1446,26.90
kreisfahrt,5.6,19.20,6,1443,27.43
kreisfahrt,5.7,19.17,6,1441,27.96
kreisfahrt,5.8,19.15,6,1439,28.50
kreisfahrt,5.9,19.29,6,1449,29.03
kreisfahrt,6.0,19.45,6,1461,29.57
kreisfahrt,6.1,19.61,6,1473,30.11
kreisfahrt,6.2,19.76,6,1484,30.66
kreisfahrt,6.3,19.91,6,1495,31.21
kreisfahrt,6.4,20.06,6,1506,31.77
kreisfahrt,6.5,20.20,6,1517,32.33
kreisfahrt,6.6,20.34,6,1528,32.89
kreisfahrt,6.7,20.48,6,1538,33.46
kreisfahrt,6.8,20.61,6,1548,34.03
kreisfahrt,6.9,20.74,6,1558,34.60
kreisfahrt,7.0,20.87,6,1568,35.18
kreisfahrt,7.1,20.99,6,1577,35.76
kreisfahrt,7.2,21.11,6,1586,36.35
kreisfahrt,7.3,21.21,6,1594,36.94
kreisfahrt,7.4,21.30,6,1600,37.53
kreisfahrt,7.5,21.36,6,1605,38.12
kreisfahrt,7.6,21.42,6,1609,38.72
kreisfahrt,7.7,21.47,6,1613,39.31
kreisfahrt,7.8,21.52,6,1617,39.91
kreisfahrt,7.9,21.56,6,1620,40.51
kreisfahrt,8.0,21.61,6,1624,41.11
kreisfahrt,8.1,21.65,6,1627,41.71
kreisfahrt,8.2,21.69,6,1630,42.31
kreisfahrt,8.3,21.74,6,1634,42.92
kreisfahrt,8.4,21.78,6,1637,43.52
kreisfahrt,8.5,21.82,6,1640,44.13
kreisfahrt,8.6,21.87,6,1643,44.73
kreisfahrt,8.7,21.91,6,1646,45.34
kreisfahrt,8.8,21.95,6,1650,45.95
kreisfahrt,8.9,21.99,6,1653,46.56
kreisfahrt,9.0,22.04,6,1656,47.17
kreisfahrt,9.1,22.08,6,1659,47.79
kreisfahrt,9.2,22.12,6,1662,48.40
kreisfahrt,9.3,22.16,6,1665,49.02
kreisfahrt,9.4,22.21,6,1669,49.63
kreisfahrt,9.5,22.25,6,1672,50.25
kreisfahrt,9.6,22.29,6,1675,50.87
kreisfahrt,9.7,22.33,6,1678,51.49
kreisfahrt,9.8,22.38,6,1681,52.11
kreisfahrt,9.9,22.42,6,1685,52.74
kreisfahrt,10.0,22.46,6,1688,53.36
kreisfahrt,10.1,22.50,6,1691,53.98
kreisfahrt,10.2,22.55,6,1694,54.61
kreisfahrt,10.3,22.59,6,1697,55.24
kreisfahrt,10.4,22.63,6,1701,55.87
kreisfahrt,10.5,22.67,6,1704,56.50
kreisfahrt,10.6,22.72,6,1707,57.13
kreisfahrt,10.7,22.76,6,1710,57.76
kreisfahrt,10.8,22.80,6,1714,58.39
kreisfahrt,10.9,22.84,6,1717,59.03
kreisfahrt,11.0,22.89,6,1720,59.66
kreisfahrt,11.1,22.93,6,1723,60.30
kreisfahrt,11.2,22.97,6,1726,60.94
kreisfahrt,11.3,23.02,6,1730,61.58
kreisfahrt,11.4,23.06,6,1733,62.22
kreisfahrt,11.5,23.10,6,1736,62.86
kreisfahrt,11.6,23.14,6,1739,63.50
kreisfahrt,11.7,23.19,6,1742,64.14
kreisfahrt,11.8,23.23,6,1746,64.79
kreisfahrt,11.9,23.27,6,1749,65.44
kreisfahrt,12.0,23.31,6,1752,66.08
kreisfahrt,12.1,23.36,6,1755,66.73
kreisfahrt,12.2,23.40,6,1758,67.38
kreisfahrt,12.3,23.44,6,1762,68.03
kreisfahrt,12.4,23.48,6,1765,68.69
kreisfahrt,12.5,23.53,6,1768,69.34
kreisfahrt,12.6,23.57,6,1771,69.99
kreisfahrt,12.7,23.51,7,1421,70.65
kreisfahrt,12.8,23.48,7,1418,71.30
kreisfahrt,12.9,23.45,7,1417,71.95
kreisfahrt,13.0,23.42,7,1415,72.60
kreisfahrt,13.1,23.39,7,1413,73.25
kreisfahrt,13.2,23.36,7,1411,73.90
kreisfahrt,13.3,23.33,7,1409,74.55
kreisfahrt,13.4,23.30,7,1407,75.20
kreisfahrt,13.5,23.38,7,1411,75.85
kreisfahrt,13.6,23.48,7,1418,76.50
kreisfahrt,13.7,23.58,7,1424,77.15
kreisfahrt,13.8,23.68,7,1430,77.81
kreisfahrt,13.9,23.78,7,1436,78.47
kreisfahrt,14.0,23.88,7,1442,79.13
kreisfahrt,14.1,23.98,7,1448,79.80
kreisfahrt,14.2,24.07,7,1453,80.47
kreisfahrt,14.3,24.16,7,1459,81.14
kreisfahrt,14.4,24.25,7,1464,81.81
kreisfahrt,14.5,24.32,7,1469,82.49
kreisfahrt,14.6,24.38,7,1472,83.16
kreisfahrt,14.7,24.44,7,1476,83.84
kreisfahrt,14.8,24.48,7,1479,84.52
kreisfahrt,14.9,24.53,7,1481,85.20
kreisfahrt,15.0,24.58,7,1484,85.88
kreisfahrt,15.1,24.62,7,1487,86.57
kreisfahrt,15.2,24.67,7,1490,87.25
kreisfahrt,15.3,24.71,7,1492,87.94
kreisfahrt,15.4,24.75,7,1495,88.63
kreisfahrt,15.5,24.79,7,1497,89.32
kreisfahrt,15.6,24.84,7,1500,90.01
kreisfahrt,15.7,24.88,7,1503,90.70
kreisfahrt,15.8,24.92,7,1505,91.39
kreisfahrt,15.9,24.97,7,1508,92.08
kreisfahrt,16.0,25.01,7,1510,92.78
kreisfahrt,16.1,25.05,7,1513,93.47
kreisfahrt,16.2,25.09,7,1515,94.17
kreisfahrt,16.3,25.14,7,1518,94.87
kreisfahrt,16.4,25.18,7,1521,95.57
kreisfahrt,16.5,25.22,7,1523,96.27
kreisfahrt,16.6,25.27,7,1526,96.97
kreisfahrt,16.7,25.31,7,1528,97.67
kreisfahrt,16.8,25.35,7,1531,98.38
kreisfahrt,16.9,25.39,7,1534,99.08
kreisfahrt,17.0,25.44,7,1536,99.79
kreisfahrt,17.1,25.48,7,1539,100.49
kreisfahrt,17.2,25.52,7,1541,101.20
kreisfahrt,17.3,25.57,7,1544,101.91
kreisfahrt,17.4,25.61,7,1546,102.62
kreisfahrt,17.5,25.65,7,1549,103.34
kreisfahrt,17.6,25.69,7,1552,104.05
kreisfahrt,17.7,25.74,7,1554,104.77
kreisfahrt,17.8,25.78,7,1557,105.48
kreisfahrt,17.9,25.82,7,1559,106.20
kreisfahrt,18.0,25.86,7,1562,106.92
kreisfahrt,18.1,25.91,7,1565,107.64
kreisfahrt,18.2,25.95,7,1567,108.36
kreisfahrt,18.3,25.99,7,1570,109.08
kreisfahrt,18.4,26.04,7,1572,109.80
kreisfahrt,18.5,26.08,7,1575,110.53
kreisfahrt,18.6,26.12,7,1578,111.25
kreisfahrt,18.7,26.16,7,1580,111.98
kreisfahrt,18.8,26.21,7,1583,112.71
kreisfahrt,18.9,26.25,7,1585,113.43
kreisfahrt,19.0,26.29,7,1588,114.16
kreisfahrt,19.1,26.34,7,1590,114.90
kreisfahrt,19.2,26.38,7,1593,115.63
kreisfahrt,19.3,26.42,7,1596,116.36
kreisfahrt,19.4,26.46,7,1598,117.10
kreisfahrt,19.5,26.51,7,1601,117.83
kreisfahrt,19.6,26.55,7,1603,118.57
kreisfahrt,19.7,26.59,7,1606,119.31
kreisfahrt,19.8,26.64,7,1609,120.05
kreisfahrt,19.9,26.68,7,1611,120.79
kreisfahrt,20.0,26.72,7,1614,121.53
kreisfahrt,20.1,26.76,7,1616,122.28
kreisfahrt,20.2,26.81,7,1619,123.02
kreisfahrt,20.3,26.85,7,1622,123.77
kreisfahrt,20.4,26.89,7,1624,124.51
kreisfahrt,20.5,26.94,7,1627,125.26
kreisfahrt,20.6,26.98,7,1629,126.01
kreisfahrt,20.7,27.02,7,1632,126.76
kreisfahrt,20.8,27.06,7,1634,127.51
kreisfahrt,20.9,27.11,7,1637,128.26
kreisfahrt,21.0,27.15,7,1640,129.02
kreisfahrt,21.1,27.19,7,1642,129.77
kreisfahrt,21.2,27.24,7,1645,130.53
kreisfahrt,21.3,27.28,7,1647,131.29
kreisfahrt,21.4,27.32,7,1650,132.05
kreisfahrt,21.5,27.36,7,1653,132.81
kreisfahrt,21.6,27.41,7,1655,133.57
kreisfahrt,21.7,27.45,7,1658,134.33
kreisfahrt,21.8,27.49,7,1660,135.09
kreisfahrt,21.9,27.54,7,1663,135.86
kreisfahrt,22.0,27.58,7,1665,136.62
kreisfahrt,22.1,27.62,7,1668,137.39
kreisfahrt,22.2,27.66,7,1671,138.16
kreisfahrt,22.3,27.71,7,1673,138.93
kreisfahrt,22.4,27.75,7,1676,139.70
kreisfahrt,22.5,27.79,7,1678,140.47
kreisfahrt,22.6,27.84,7,1681,141.24
kreisfahrt,22.7,27.88,7,1684,142.02
kreisfahrt,22.8,27.92,7,1686,142.79
kreisfahrt,22.9,27.96,7,1689,143.57
kreisfahrt,23.0,28.01,7,1691,144.35
kreisfahrt,23.1,28.05,7,1694,145.13
kreisfahrt,23.2,28.09,7,1697,145.91
kreisfahrt,23.3,28.14,7,1699,146.69
kreisfahrt,23.4,28.18,7,1702,147.47
kreisfahrt,23.5,28.22,7,1704,148.26
kreisfahrt,23.6,28.26,7,1707,149.04
kreisfahrt,23.7,28.31,7,1709,149.83
kreisfahrt,23.8,28.35,7,1712,150.61
kreisfahrt,23.9,28.39,7,1715,151.40
kreisfahrt,24.0,28.44,7,1717,152.19
kreisfahrt,24.1,28.48,7,1720,152.98
kreisfahrt,24.2,28.52,7,1722,153.77
kreisfahrt,24.3,28.56,7,1725,154.57
kreisfahrt,24.4,28.61,7,1728,155.36
kreisfahrt,24.5,28.65,7,1730,156.16
kreisfahrt,24.6,28.69,7,1733,156.95
kreisfahrt,24.7,28.74,7,1735,157.75
kreisfahrt,24.8,28.78,7,1738,158.55
kreisfahrt,24.9,28.82,7,1741,159.35
kreisfahrt,25.0,28.86,7,1743,160.15
kreisfahrt,25.1,28.91,7,1746,160.96
kreisfahrt,25.2,28.95,7,1748,161.76
kreisfahrt,25.3,28.99,7,1751,162.57
kreisfahrt,25.4,29.04,7,1754,163.37
kreisfahrt,25.5,29.08,7,1756,164.18
kreisfahrt,25.6,29.12,7,1759,164.99
kreisfahrt,25.7,29.07,8,1424,165.80
kreisfahrt,25.8,29.04,8,1422,166.60
kreisfahrt,25.9,29.00,8,1420,167.41
kreisfahrt,26.0,28.96,8,1418,168.22
kreisfahrt,26.1,28.92,8,1416,169.02
kreisfahrt,26.2,28.89,8,1414,169.82
kreisfahrt,26.3,28.85,8,1413,170.63
kreisfahrt,26.4,28.81,8,1411,171.43
kreisfahrt,26.5,28.88,8,1414,172.23
kreisfahrt,26.6,28.96,8,1417,173.03
kreisfahrt,26.7,29.03,8,1421,173.84
kreisfahrt,26.8,29.11,8,1425,174.65
kreisfahrt,26.9,29.19,8,1429,175.46
kreisfahrt,27.0,29.26,8,1432,176.27
kreisfahrt,27.1,29.34,8,1436,177.08
kreisfahrt,27.2,29.41,8,1440,177.90
kreisfahrt,27.3,29.49,8,1443,178.72
kreisfahrt,27.4,29.56,8,1447,179.54
kreisfahrt,27.5,29.63,8,1450,180.36
kreisfahrt,27.6,29.70,8,1454,181.19
kreisfahrt,27.7,29.77,8,1457,182.01
kreisfahrt,27.8,29.84,8,1461,182.84
kreisfahrt,27.9,29.91,8,1464,183.67
kreisfahrt,28.0,29.98,8,1468,184.50
kreisfahrt,28.1,30.05,8,1471,185.34
kreisfahrt,28.2,30.12,8,1474,186.17
kreisfahrt,28.3,30.18,8,1478,187.01
kreisfahrt,28.4,30.25,8,1481,187.85
kreisfahrt,28.5,30.31,8,1484,188.69
kreisfahrt,28.6,30.37,8,1487,189.54
kreisfahrt,28.7,30.43,8,1489,190.38
kreisfahrt,28.8,30.48,8,1492,191.23
kreisfahrt,28.9,30.52,8,1494,192.08
kreisfahrt,29.0,30.57,8,1496,192.92
kreisfahrt,29.1,30.61,8,1499,193.77
kreisfahrt,29.2,30.66,8,1501,194.63
kreisfahrt,29.3,30.70,8,1503,195.48
kreisfahrt,29.4,30.74,8,1505,196.33
kreisfahrt,29.5,30.79,8,1507,197.19
kreisfahrt,29.6,30.83,8,1509,198.04
kreisfahrt,29.7,30.87,8,1511,198.90
kreisfahrt,29.8,30.92,8,1513,199.76
kreisfahrt,29.9,30.96,8,1516,200.62
kreisfahrt,30.0,31.00,8,1518,201.48
kreisfahrt,30.1,31.05,8,1520,202.34
kreisfahrt,30.2,31.09,8,1522,203.21
kreisfahrt,30.3,31.13,8,1524,204.07
kreisfahrt,30.4,31.17,8,1526,204.94
kreisfahrt,30.5,31.22,8,1528,205.80
kreisfahrt,30.6,31.26,8,1530,206.67
kreisfahrt,30.7,31.30,8,1532,207.54
kreisfahrt,30.8,31.35,8,1534,208.41
kreisfahrt,30.9,31.39,8,1537,209.28
kreisfahrt,31.0,31.43,8,1539,210.15
kreisfahrt,31.1,31.47,8,1541,211.03
kreisfahrt,31.2,31.52,8,1543,211.90
kreisfahrt,31.3,31.56,8,1545,212.78
kreisfahrt,31.4,31.60,8,1547,213.66
kreisfahrt,31.5,31.65,8,1549,214.54
kreisfahrt,31.6,31.69,8,1551,215.42
kreisfahrt,31.7,31.73,8,1553,216.30
kreisfahrt,31.8,31.77,8,1555,217.18
kreisfahrt,31.9,31.82,8,1558,218.06
kreisfahrt,32.0,31.86,8,1560,218.95
kreisfahrt,32.1,31.90,8,1562,219.84
kreisfahrt,32.2,31.95,8,1564,220.72
kreisfahrt,32.3,31.99,8,1566,221.61
kreisfahrt,32.4,32.03,8,1568,222.50
kreisfahrt,32.5,32.08,8,1570,223.39
kreisfahrt,32.6,32.12,8,1572,224.28
kreisfahrt,32.7,32.16,8,1574,225.18
kreisfahrt,32.8,32.20,8,1576,226.07
kreisfahrt,32.9,32.25,8,1579,226.97
kreisfahrt,33.0,32.29,8,1581,227.86
kreisfahrt,33.1,32.33,8,1583,228.76
kreisfahrt,33.2,32.38,8,1585,229.66
kreisfahrt,33.3,32.42,8,1587,230.56
kreisfahrt,33.4,32.46,8,1589,231.46
kreisfahrt,33.5,32.50,8,1591,232.36
kreisfahrt,33.6,32.55,8,1593,233.27
kreisfahrt,33.7,32.59,8,1595,234.17
kreisfahrt,33.8,32.63,8,1598,235.08
kreisfahrt,33.9,32.68,8,1600,235.99
kreisfahrt,34.0,32.72,8,1602,236.89
kreisfahrt,34.1,32.76,8,1604,237.80
kreisfahrt,34.2,32.80,8,1606,238.72
kreisfahrt,34.3,32.85,8,1608,239.63
kreisfahrt,34.4,32.89,8,1610,240.54
kreisfahrt,34.5,32.93,8,1612,241.46
kreisfahrt,34.6,32.98,8,1614,242.37
kreisfahrt,34.7,33.02,8,1616,243.29
kreisfahrt,34.8,33.06,8,1619,244.21
kreisfahrt,34.9,33.11,8,1621,245.13
kreisfahrt,35.0,33.15,8,1623,246.05
kreisfahrt,35.1,33.19,8,1625,246.97
kreisfahrt,35.2,33.23,8,1627,247.89
kreisfahrt,35.3,33.28,8,1629,248.82
kreisfahrt,35.4,33.32,8,1631,249.74
kreisfahrt,35.5,33.36,8,1633,250.67
kreisfahrt,35.6,33.41,8,1635,251.59
kreisfahrt,35.7,33.45,8,1637,252.52
kreisfahrt,35.8,33.49,8,1640,253.45
kreisfahrt,35.9,33.53,8,1642,254.38
kreisfahrt,36.0,33.58,8,1644,255.32
kreisfahrt,36.1,33.62,8,1646,256.25
kreisfahrt,36.2,33.66,8,1648,257.19
kreisfahrt,36.3,33.71,8,1650,258.12
kreisfahrt,36.4,33.75,8,1652,259.06
kreisfahrt,36.5,33.79,8,1654,260.00
kreisfahrt,36.6,33.83,8,1656,260.94
kreisfahrt,36.7,33.88,8,1658,261.88
kreisfahrt,36.8,33.92,8,1661,262.82
kreisfahrt,36.9,33.96,8,1663,263.76
kreisfahrt,37.0,34.01,8,1665,264.71
kreisfahrt,37.1,34.05,8,1667,265.65
kreisfahrt,37.2,34.09,8,1669,266.60
kreisfahrt,37.3,34.14,8,1671,267.55
kreisfahrt,37.4,34.18,8,1673,268.50
kreisfahrt,37.5,34.22,8,1675,269.45
kreisfahrt,37.6,34.26,8,1677,270.40
kreisfahrt,37.7,34.31,8,1679,271.35
kreisfahrt,37.8,34.35,8,1682,272.30
kreisfahrt,37.9,34.39,8,1684,273.26
kreisfahrt,38.0,34.44,8,1686,274.22
kreisfahrt,38.1,34.48,8,1688,275.17
kreisfahrt,38.2,34.52,8,1690,276.13
kreisfahrt,38.3,34.56,8,1692,277.09
kreisfahrt,38.4,34.61,8,1694,278.05
kreisfahrt,38.5,34.65,8,1696,279.02
kreisfahrt,38.6,34.69,8,1698,279.98
kreisfahrt,38.7,34.74,8,1700,280.94
kreisfahrt,38.8,34.78,8,1703,281.91
kreisfahrt,38.9,34.82,8,1705,282.88
kreisfahrt,39.0,34.86,8,1707,283.84
kreisfahrt,39.1,34.91,8,1709,284.81
kreisfahrt,39.2,34.95,8,1711,285.78
kreisfahrt,39.3,34.99,8,1713,286.76
kreisfahrt,39.4,35.04,8,1715,287.73
kreisfahrt,39.5,35.08,8,1717,288.70
kreisfahrt,39.6,35.12,8,1719,289.68
kreisfahrt,39.7,35.17,8,1721,290.65
kreisfahrt,39.8,35.21,8,1724,291.63
kreisfahrt,39.9,35.25,8,1726,292.61
kreisfahrt,40.0,35.29,8,1728,293.59
kreisfahrt,40.1,35.34,8,1730,294.57
kreisfahrt,40.2,35.38,8,1732,295.56
kreisfahrt,40.3,35.42,8,1734,296.54
kreisfahrt,40.4,35.47,8,1736,297.52
kreisfahrt,40.5,35.51,8,1738,298.51
kreisfahrt,40.6,35.55,8,1740,299.50
kreisfahrt,40.7,35.59,8,1742,300.49
kreisfahrt,40.8,35.64,8,1745,301.48
kreisfahrt,40.9,35.68,8,1747,302.47
kreisfahrt,41.0,35.72,8,1749,303.46
kreisfahrt,41.1,35.77,8,1751,304.45
kreisfahrt,41.2,35.81,8,1753,305.45
kreisfahrt,41.3,35.85,8,1755,306.44
kreisfahrt,41.4,35.89,8,1757,307.44
kreisfahrt,41.5,35.94,8,1759,308.44
kreisfahrt,41.6,35.98,8,1761,309.44
kreisfahrt,41.7,36.02,8,1764,310.44
kreisfahrt,41.8,36.07,8,1766,311.44
kreisfahrt,41.9,36.11,8,1768,312.44
kreisfahrt,42.0,36.15,8,1770,313.44
kreisfahrt,42.1,36.20,8,1772,314.45
kreisfahrt,42.2,36.24,8,1774,315.46
kreisfahrt,42.3,36.28,8,1776,316.46
kreisfahrt,42.4,36.32,8,1778,317.47
kreisfahrt,42.5,36.35,9,1458,318.48
kreisfahrt,42.6,36.30,9,1456,319.49
kreisfahrt,42.7,36.25,9,1454,320.50
kreisfahrt,42.8,36.19,9,1451,321.50
kreisfahrt,42.9,36.14,9,1449,322.51
kreisfahrt,43.0,36.09,9,1447,323.51
kreisfahrt,43.1,36.04,9,1445,324.51
kreisfahrt,43.2,35.98,9,1443,325.51
kreisfahrt,43.3,35.94,9,1441,326.51
kreisfahrt,43.4,36.00,9,1443,327.51
kreisfahrt,43.5,36.06,9,1446,328.51
kreisfahrt,43.6,36.11,9,1448,329.52
kreisfahrt,43.7,36.17,9,1450,330.52
kreisfahrt,43.8,36.23,9,1453,331.53
kreisfahrt,43.9,36.29,9,1455,332.53
kreisfahrt,44.0,36.35,9,1457,333.54
kreisfahrt,44.1,36.41,9,1460,334.55
kreisfahrt,44.2,36.47,9,1462,335.57
kreisfahrt,44.3,36.53,9,1465,336.58
kreisfahrt,44.4,36.59,9,1467,337.60
kreisfahrt,44.5,36.65,9,1469,338.61
kreisfahrt,44.6,36.71,9,1472,339.63
kreisfahrt,44.7,36.77,9,1474,340.65
kreisfahrt,44.8,36.83,9,1477,341.68
kreisfahrt,44.9,36.89,9,1479,342.70
kreisfahrt,45.0,36.95,9,1481,343.73
kreisfahrt,45.1,37.01,9,1484,344.75
kreisfahrt,45.2,37.07,9,1486,345.78
kreisfahrt,45.3,37.13,9,1489,346.81
kreisfahrt,45.4,37.19,9,1491,347.85
kreisfahrt,45.5,37.25,9,1493,348.88
kreisfahrt,45.6,37.31,9,1496,349.92
kreisfahrt,45.7,37.37,9,1498,350.95
kreisfahrt,45.8,37.43,9,1501,351.99
kreisfahrt,45.9,37.49,9,1503,353.03
kreisfahrt,46.0,37.54,9,1505,354.08
kreisfahrt,46.1,37.60,9,1508,355.12
kreisfahrt,46.2,37.66,9,1510,356.17
kreisfahrt,46.3,37.72,9,1512,357.21
kreisfahrt,46.4,37.78,9,1514,358.26
kreisfahrt,46.5,37.83,9,1517,359.31
kreisfahrt,46.6,37.89,9,1519,360.36
kreisfahrt,46.7,37.95,9,1521,361.42
kreisfahrt,46.8,38.00,9,1524,362.47
kreisfahrt,46.9,38.06,9,1526,363.53
kreisfahrt,47.0,38.11,9,1528,364.59
kreisfahrt,47.1,38.17,9,1530,365.65
kreisfahrt,47.2,38.22,9,1532,366.71
kreisfahrt,47.3,38.28,9,1535,367.77
kreisfahrt,47.4,38.33,9,1537,368.84
kreisfahrt,47.5,38.39,9,1539,369.90
kreisfahrt,47.6,38.44,9,1541,370.97
kreisfahrt,47.7,38.49,9,1543,372.04
kreisfahrt,47.8,38.54,9,1545,373.11
kreisfahrt,47.9,38.60,9,1547,374.18
kreisfahrt,48.0,38.65,9,1550,375.25
kreisfahrt,48.1,38.70,9,1552,376.33
kreisfahrt,48.2,38.75,9,1554,377.40
kreisfahrt,48.3,38.80,9,1556,378.48
kreisfahrt,48.4,38.85,9,1558,379.56
kreisfahrt,48.5,38.90,9,1560,380.64
kreisfahrt,48.6,38.95,9,1562,381.72
kreisfahrt,48.7,39.00,9,1564,382.80
kreisfahrt,48.8,39.05,9,1566,383.89
kreisfahrt,48.9,39.10,9,1568,384.97
kreisfahrt,49.0,39.15,9,1570,386.06
kreisfahrt,49.1,39.20,9,1572,387.15
kreisfahrt,49.2,39.25,9,1574,388.24
kreisfahrt,49.3,39.30,9,1575,389.33
kreisfahrt,49.4,39.34,9,1577,390.42
kreisfahrt,49.5,39.39,9,1579,391.52
kreisfahrt,49.6,39.43,9,1581,392.61
kreisfahrt,49.7,39.48,9,1583,393.71
kreisfahrt,49.8,39.52,9,1585,394.80
kreisfahrt,49.9,39.56,9,1586,395.90
kreisfahrt,50.0,39.61,9,1588,397.00
kreisfahrt,50.1,39.65,9,1590,398.10
kreisfahrt,50.2,39.69,9,1591,399.21
kreisfahrt,50.3,39.74,9,1593,400.31
kreisfahrt,50.4,39.78,9,1595,401.41
kreisfahrt,50.5,39.82,9,1597,402.52
kreisfahrt,50.6,39.86,9,1598,403.63
kreisfahrt,50.7,39.91,9,1600,404.73
kreisfahrt,50.8,39.95,9,1602,405.84
kreisfahrt,50.9,39.99,9,1603,406.95
kreisfahrt,51.0,40.04,9,1605,408.07
kreisfahrt,51.1,40.08,9,1607,409.18
kreisfahrt,51.2,40.12,9,1609,410.29
kreisfahrt,51.3,40.16,9,1610,411.41
kreisfahrt,51.4,40.21,9,1612,412.53
kreisfahrt,51.5,40.25,9,1614,413.64
kreisfahrt,51.6,40.29,9,1615,414.76
kreisfahrt,51.7,40.34,9,1617,415.88
kreisfahrt,51.8,40.38,9,1619,417.00
kreisfahrt,51.9,40.42,9,1621,418.13
kreisfahrt,52.0,40.46,9,1622,419.25
kreisfahrt,52.1,40.51,9,1624,420.37
kreisfahrt,52.2,40.55,9,1626,421.50
kreisfahrt,52.3,40.59,9,1627,422.63
kreisfahrt,52.4,40.63,9,1629,423.75
kreisfahrt,52.5,40.68,9,1631,424.88
kreisfahrt,52.6,40.72,9,1633,426.01
kreisfahrt,52.7,40.76,9,1634,427.15
kreisfahrt,52.8,40.80,9,1636,428.28
kreisfahrt,52.9,40.84,9,1638,429.41
kreisfahrt,53.0,40.88,9,1639,430.55
kreisfahrt,53.1,40.93,9,1641,431.69
kreisfahrt,53.2,40.97,9,1643,432.82
kreisfahrt,53.3,41.01,9,1644,433.96
kreisfahrt,53.4,41.05,9,1646,435.10
kreisfahrt,53.5,41.09,9,1647,436.24
kreisfahrt,53.6,41.13,9,1649,437.38
kreisfahrt,53.7,41.17,9,1651,438.53
kreisfahrt,53.8,41.21,9,1652,439.67
kreisfahrt,53.9,41.25,9,1654,440.82
kreisfahrt,54.0,41.29,9,1656,441.96
kreisfahrt,54.1,41.33,9,1657,443.11
kreisfahrt,54.2,41.38,9,1659,444.26
kreisfahrt,54.3,41.42,9,1661,445.41
kreisfahrt,54.4,41.46,9,1662,446.56
kreisfahrt,54.5,41.50,9,1664,447.71
kreisfahrt,54.6,41.54,9,1665,448.87
kreisfahrt,54.7,41.58,9,1667,450.02
kreisfahrt,54.8,41.62,9,1669,451.18
kreisfahrt,54.9,41.66,9,1670,452.33
kreisfahrt,55.0,41.70,9,1672,453.49
kreisfahrt,55.1,41.74,9,1673,454.65
kreisfahrt,55.2,41.78,9,1675,455.81
kreisfahrt,55.3,41.82,9,1677,456.97
kreisfahrt,55.4,41.86,9,1678,458.14
kreisfahrt,55.5,41.90,9,1680,459.30
kreisfahrt,55.6,41.94,9,1682,460.46
kreisfahrt,55.7,41.98,9,1683,461.63
kreisfahrt,55.8,42.02,9,1685,462.80
kreisfahrt,55.9,42.06,9,1686,463.96
kreisfahrt,56.0,42.10,9,1688,465.13
kreisfahrt,56.1,42.14,9,1690,466.30
kreisfahrt,56.2,42.18,9,1691,467.47
kreisfahrt,56.3,42.22,9,1693,468.65
kreisfahrt,56.4,42.26,9,1694,469.82
kreisfahrt,56.5,42.30,9,1696,470.99
kreisfahrt,56.6,42.34,9,1698,472.17
kreisfahrt,56.7,42.38,9,1699,473.35
kreisfahrt,56.8,42.42,9,1701,474.52
kreisfahrt,56.9,42.46,9,1703,475.70
kreisfahrt,57.0,42.50,9,1704,476.88
kreisfahrt,57.1,42.54,9,1706,478.07
kreisfahrt,57.2,42.59,9,1707,479.25
kreisfahrt,57.3,42.63,9,1709,480.43
kreisfahrt,57.4,42.67,9,1711,481.62
kreisfahrt,57.5,42.71,9,1712,482.80
kreisfahrt,57.6,42.75,9,1714,483.99
kreisfahrt,57.7,42.79,9,1716,485.18
kreisfahrt,57.8,42.83,9,1717,486.37
kreisfahrt,57.9,42.87,9,1719,487.56
kreisfahrt,58.0,42.91,9,1720,488.75
kreisfahrt,58.1,42.95,9,1722,489.94
kreisfahrt,58.2,42.99,9,1724,491.13
kreisfahrt,58.3,43.03,9,1725,492.33
kreisfahrt,58.4,43.08,9,1727,493.53
kreisfahrt,58.5,43.12,9,1729,494.72
kreisfahrt,58.6,43.16,9,1730,495.92
kreisfahrt,58.7,43.20,9,1732,497.12
kreisfahrt,58.8,43.24,9,1734,498.32
kreisfahrt,58.9,43.28,9,1735,499.52
kreisfahrt,59.0,43.32,9,1737,500.73
kreisfahrt,59.1,43.36,9,1739,501.93
kreisfahrt,59.2,43.41,9,1740,503.14
kreisfahrt,59.3,43.45,9,1742,504.34
kreisfahrt,59.4,43.49,9,1744,505.55
kreisfahrt,59.5,43.53,9,1745,506.76
kreisfahrt,59.6,43.57,9,1747,507.97
kreisfahrt,59.7,43.61,9,1749,509.18
kreisfahrt,59.8,43.66,9,1750,510.39
kreisfahrt,59.9,43.70,9,1752,511.60
kreisfahrt,60.0,43.74,9,1754,512.82
kreisfahrt,60.1,43.78,9,1755,514.03
kreisfahrt,60.2,43.82,9,1757,515.25
kreisfahrt,60.3,43.87,9,1759,516.47
kreisfahrt,60.4,43.91,9,1760,517.69
kreisfahrt,60.5,43.95,9,1762,518.91
kreisfahrt,60.6,43.99,9,1764,520.13
kreisfahrt,60.7,44.03,9,1765,521.35
kreisfahrt,60.8,44.08,9,1767,522.58
kreisfahrt,60.9,44.12,9,1769,523.80
kreisfahrt,61.0,44.16,9,1771,525.03
kreisfahrt,61.1,44.20,9,1772,526.26
kreisfahrt,61.2,44.24,9,1774,527.48
kreisfahrt,61.3,44.29,9,1776,528.71
kreisfahrt,61.4,44.33,9,1777,529.94
kreisfahrt,61.5,44.37,9,1779,531.18
kreisfahrt,61.6,44.41,9,1781,532.41
kreisfahrt,61.7,44.46,9,1782,533.64
kreisfahrt,61.8,44.50,9,1784,534.88
kreisfahrt,61.9,44.54,9,1786,536.12
kreisfahrt,62.0,44.58,9,1788,537.35
kreisfahrt,62.1,44.63,9,1789,538.59
kreisfahrt,62.2,44.67,9,1791,539.83
kreisfahrt,62.3,44.71,9,1793,541.08
kreisfahrt,62.4,44.76,9,1794,542.32
kreisfahrt,62.5,44.80,9,1796,543.56
kreisfahrt,62.6,44.84,9,1798,544.81
kreisfahrt,62.7,44.88,9,1800,546.05
kreisfahrt,62.8,44.93,9,1801,547.30
kreisfahrt,62.9,44.97,9,1803,548.55
kreisfahrt,63.0,45.01,9,1805,549.80
kreisfahrt,63.1,45.05,9,1806,551.05
kreisfahrt,63.2,45.10,9,1808,552.30
kreisfahrt,63.3,45.14,9,1810,553.56
kreisfahrt,63.4,45.18,9,1812,554.81
kreisfahrt,63.5,45.22,9,1813,556.07
kreisfahrt,63.6,45.27,9,1815,557.32
kreisfahrt,63.7,45.31,9,1817,558.58
kreisfahrt,63.8,45.35,9,1818,559.84
kreisfahrt,63.9,45.39,9,1820,561.10
kreisfahrt,64.0,45.43,9,1822,562.36
kreisfahrt,64.1,45.48,9,1823,563.62
kreisfahrt,64.2,45.52,9,1825,564.89
kreisfahrt,64.3,45.56,9,1827,566.15
kreisfahrt,64.4,45.60,9,1828,567.42
kreisfahrt,64.5,45.64,9,1830,568.69
kreisfahrt,64.6,45.69,9,1832,569.96
kreisfahrt,64.7,45.73,9,1833,571.23
kreisfahrt,64.8,45.77,9,1835,572.50
kreisfahrt,64.9,45.81,9,1837,573.77
kreisfahrt,65.0,45.85,9,1838,575.04
kreisfahrt,65.1,45.89,9,1840,576.32
kreisfahrt,65.2,45.94,9,1842,577.59
kreisfahrt,65.3,45.98,9,1843,578.87
kreisfahrt,65.4,46.02,9,1845,580.15
kreisfahrt,65.5,46.06,9,1847,581.42
kreisfahrt,65.6,46.10,9,1848,582.70
kreisfahrt,65.7,46.14,9,1850,583.99
kreisfahrt,65.8,46.19,9,1852,585.27
kreisfahrt,65.9,46.23,9,1853,586.55
kreisfahrt,66.0,46.27,9,1855,587.84
kreisfahrt,66.1,46.31,9,1857,589.12
kreisfahrt,66.2,46.35,9,1858,590.41
kreisfahrt,66.3,46.39,9,1860,591.70
kreisfahrt,66.4,46.43,9,1862,592.99
kreisfahrt,66.5,46.48,9,1863,594.28
kreisfahrt,66.6,46.52,9,1865,595.57
kreisfahrt,66.7,46.56,9,1867,596.86
kreisfahrt,66.8,46.60,9,1868,598.16
kreisfahrt,66.9,46.64,9,1870,599.45
kreisfahrt,67.0,46.68,9,1872,600.75
kreisfahrt,67.1,46.72,9,1873,602.04
kreisfahrt,67.2,46.77,9,1875,603.34
kreisfahrt,67.3,46.81,9,1877,604.64
kreisfahrt,67.4,46.85,9,1878,605.94
kreisfahrt,67.5,46.89,9,1880,607.25
kreisfahrt,67.6,46.93,9,1882,608.55
kreisfahrt,67.7,46.97,9,1883,609.85
kreisfahrt,67.8,47.01,9,1885,611.16
kreisfahrt,67.9,47.06,9,1887,612.46
kreisfahrt,68.0,47.10,9,1888,613.77
kreisfahrt,68.1,47.14,9,1890,615.08
kreisfahrt,68.2,47.18,9,1892,616.39
kreisfahrt,68.3,47.22,9,1893,617.70
kreisfahrt,68.4,47.26,9,1895,619.01
kreisfahrt,68.5,47.31,9,1897,620.33
kreisfahrt,68.6,47.35,9,1898,621.64
kreisfahrt,68.7,47.39,9,1900,622.96
kreisfahrt,68.8,47.43,9,1902,624.28
kreisfahrt,68.9,47.47,9,1903,625.59
kreisfahrt,69.0,47.51,9,1905,626.91
kreisfahrt,69.1,47.56,9,1907,628.23
kreisfahrt,69.2,47.60,9,1908,629.56
kreisfahrt,69.3,47.64,9,1910,630.88
kreisfahrt,69.4,47.68,9,1912,632.20
kreisfahrt,69.5,47.72,9,1913,633.53
kreisfahrt,69.6,47.76,9,1915,634.85
kreisfahrt,69.7,47.81,9,1917,636.18
kreisfahrt,69.8,47.85,9,1918,637.51
kreisfahrt,69.9,47.89,9,1920,638.84
kreisfahrt,70.0,47.93,9,1922,640.17
kreisfahrt,70.1,47.97,9,1923,641.50
kreisfahrt,70.2,48.01,9,1925,642.84
kreisfahrt,70.3,48.06,9,1927,644.17
kreisfahrt,70.4,48.10,9,1928,645.51
kreisfahrt,70.5,48.14,9,1930,646.84
kreisfahrt,70.6,48.18,9,1932,648.18
kreisfahrt,70.7,48.22,9,1933,649.52
kreisfahrt,70.8,48.27,9,1935,650.86
kreisfahrt,70.9,48.31,9,1937,652.20
kreisfahrt,71.0,48.35,9,1939,653.54
kreisfahrt,71.1,48.39,9,1940,654.89
kreisfahrt,71.2,48.43,9,1942,656.23
kreisfahrt,71.3,48.47,9,1944,657.58
kreisfahrt,71.4,48.52,9,1945,658.92
kreisfahrt,71.5,48.56,9,1947,660.27
kreisfahrt,71.6,48.60,9,1949,661.62
kreisfahrt,71.7,48.64,9,1950,662.97
kreisfahrt,71.8,48.68,9,1952,664.32
kreisfahrt,71.9,48.73,9,1954,665.68
kreisfahrt,72.0,48.77,9,1955,667.03
kreisfahrt,72.1,48.81,9,1957,668.39
kreisfahrt,72.2,48.85,9,1959,669.74
kreisfahrt,72.3,48.89,9,1960,671.10
kreisfahrt,72.4,48.94,9,1962,672.46
kreisfahrt,72.5,48.98,9,1964,673.82
kreisfahrt,72.6,49.02,9,1965,675.18
kreisfahrt,72.7,49.06,9,1967,676.54
kreisfahrt,72.8,49.10,9,1969,677.91
kreisfahrt,72.9,49.15,9,1970,679.27
kreisfahrt,73.0,49.19,9,1972,680.64
kreisfahrt,73.1,49.23,9,1974,682.00
kreisfahrt,73.2,49.27,9,1976,683.37
kreisfahrt,73.3,49.31,9,1977,684.74
kreisfahrt,73.4,49.36,9,1979,686.11
kreisfahrt,73.5,49.40,9,1981,687.48
kreisfahrt,73.6,49.44,9,1982,688.86
kreisfahrt,73.7,49.48,9,1984,690.23
kreisfahrt,73.8,49.52,9,1986,691.61
kreisfahrt,73.9,49.57,9,1987,692.98
kreisfahrt,74.0,49.61,9,1989,694.36
kreisfahrt,74.1,49.65,9,1991,695.74
kreisfahrt,74.2,49.69,9,1992,697.12
kreisfahrt,74.3,49.73,9,1994,698.50
kreisfahrt,74.4,49.78,9,1996,699.88
kreisfahrt,74.5,49.82,9,1997,701.26
kreisfahrt,74.6,49.86,9,1999,702.65
kreisfahrt,74.7,49.90,9,2001,704.03
kreisfahrt,74.8,49.94,9,2002,705.42
kreisfahrt,74.9,49.99,9,2004,706.81
kreisfahrt,75.0,50.03,9,2006,708.20
kreisfahrt,75.1,50.07,9,2008,709.59
kreisfahrt,75.2,50.11,9,2009,710.98
kreisfahrt,75.3,50.15,9,2011,712.37
kreisfahrt,75.4,50.20,9,2013,713.77
kreisfahrt,75.5,50.24,9,2014,715.16
kreisfahrt,75.6,50.28,9,2016,716.56
kreisfahrt,75.7,50.32,9,2018,717.95
kreisfahrt,75.8,50.36,9,2019,719.35
kreisfahrt,75.9,50.40,9,2021,720.75
kreisfahrt,76.0,50.45,9,2023,722.15
kreisfahrt,76.1,50.49,9,2024,723.56
kreisfahrt,76.2,50.53,9,2026,724.96
kreisfahrt,76.3,50.57,9,2028,726.36
kreisfahrt,76.4,50.61,9,2029,727.77
kreisfahrt,76.5,50.66,9,2031,729.18
kreisfahrt,76.6,50.70,9,2033,730.58
kreisfahrt,76.7,50.74,9,2034,731.99
kreisfahrt,76.8,50.78,9,2036,733.40
kreisfahrt,76.9,50.82,9,2038,734.81
kreisfahrt,77.0,50.87,9,2039,736.23
kreisfahrt,77.1,50.91,9,2041,737.64
kreisfahrt,77.2,50.95,9,2043,739.05
kreisfahrt,77.3,50.99,9,2044,740.47
kreisfahrt,77.4,51.03,9,2046,741.89
kreisfahrt,77.5,51.08,9,2048,743.31
kreisfahrt,77.6,51.12,9,2050,744.73
kreisfahrt,77.7,51.16,9,2051,746.15
kreisfahrt,77.8,51.20,9,2053,747.57
kreisfahrt,77.9,51.24,9,2055,748.99
kreisfahrt,78.0,51.28,9,2056,750.42
kreisfahrt,78.1,51.33,9,2058,751.84
kreisfahrt,78.2,51.37,9,2060,753.27
kreisfahrt,78.3,51.41,9,2061,754.69
kreisfahrt,78.4,51.45,9,2063,756.12
kreisfahrt,78.5,51.49,9,2065,757.55
kreisfahrt,78.6,51.53,9,2066,758.98
kreisfahrt,78.7,51.58,9,2068,760.42
kreisfahrt,78.8,51.62,9,2070,761.85
kreisfahrt,78.9,51.66,9,2071,763.28
kreisfahrt,79.0,51.70,9,2073,764.72
kreisfahrt,79.1,51.74,9,2075,766.16
kreisfahrt,79.2,51.79,9,2076,767.60
kreisfahrt,79.3,51.83,9,2078,769.03
kreisfahrt,79.4,51.87,9,2080,770.48
kreisfahrt,79.5,51.91,9,2081,771.92
kreisfahrt,79.6,51.95,9,2083,773.36
kreisfahrt,79.7,51.99,9,2085,774.80
kreisfahrt,79.8,52.03,9,2086,776.25
kreisfahrt,79.9,52.07,9,2088,777.69
kreisfahrt,80.0,52.11,9,2089,779.14
kreisfahrt,80.1,52.15,9,2091,780.59
kreisfahrt,80.2,52.19,9,2092,782.04
kreisfahrt,80.3,52.23,9,2094,783.49
kreisfahrt,80.4,52.26,9,2096,784.94
kreisfahrt,80.5,52.30,9,2097,786.39
kreisfahrt,80.6,52.34,9,2098,787.85
kreisfahrt,80.7,52.37,9,2100,789.30
kreisfahrt,80.8,52.41,9,2101,790.76
kreisfahrt,80.9,52.45,9,2103,792.21
kreisfahrt,81.0,52.48,9,2104,793.67
kreisfahrt,81.1,52.52,9,2106,795.13
kreisfahrt,81.2,52.55,9,2107,796.59
kreisfahrt,81.3,52.58,9,2108,798.05
kreisfahrt,81.4,52.62,9,2110,799.51
kreisfahrt,81.5,52.65,9,2111,800.97
kreisfahrt,81.6,52.69,9,2113,802.44
kreisfahrt,81.7,52.72,9,2114,803.90
kreisfahrt,81.8,52.75,9,2115,805.37
kreisfahrt,81.9,52.79,9,2117,806.83
kreisfahrt,82.0,52.82,9,2118,808.30
kreisfahrt,82.1,52.85,9,2119,809.77
kreisfahrt,82.2,52.89,9,2120,811.24
kreisfahrt,82.3,52.92,9,2122,812.71
kreisfahrt,82.4,52.95,9,2123,814.18
kreisfahrt,82.5,52.98,9,2124,815.65
kreisfahrt,82.6,53.01,9,2126,817.12
kreisfahrt,82.7,53.05,9,2127,818.59
kreisfahrt,82.8,53.08,9,2128,820.07
kreisfahrt,82.9,53.11,9,2129,821.54
kreisfahrt,83.0,53.14,9,2131,823.02
kreisfahrt,83.1,53.17,9,2132,824.50
kreisfahrt,83.2,53.20,9,2133,825.97
kreisfahrt,83.3,53.23,9,2134,827.45
kreisfahrt,83.4,53.26,9,2136,828.93
kreisfahrt,83.5,53.29,9,2137,830.41
kreisfahrt,83.6,53.32,9,2138,831.89
kreisfahrt,83.7,53.36,9,2139,833.38
kreisfahrt,83.8,53.39,9,2141,834.86
kreisfahrt,83.9,53.42,9,2142,836.34
kreisfahrt,84.0,53.45,9,2143,837.83
kreisfahrt,84.1,53.48,9,2144,839.31
kreisfahrt,84.2,53.51,9,2145,840.80
kreisfahrt,84.3,53.54,9,2147,842.28
kreisfahrt,84.4,53.57,9,2148,843.77
kreisfahrt,84.5,53.60,9,2149,845.26
kreisfahrt,84.6,53.62,9,2150,846.75
kreisfahrt,84.7,53.65,9,2151,848.24
kreisfahrt,84.8,53.68,9,2152,849.73
kreisfahrt,84.9,53.71,9,2154,851.22
kreisfahrt,85.0,53.74,9,2155,852.72
kreisfahrt,85.1,53.77,9,2156,854.21
kreisfahrt,85.2,53.80,9,2157,855.71
kreisfahrt,85.3,53.83,9,2158,857.20
kreisfahrt,85.4,53.86,9,2160,858.70
kreisfahrt,85.5,53.89,9,2161,860.19
kreisfahrt,85.6,53.92,9,2162,861.69
kreisfahrt,85.7,53.95,9,2163,863.19
kreisfahrt,85.8,53.97,9,2164,864.69
kreisfahrt,85.9,54.00,9,2165,866.19
kreisfahrt,86.0,54.03,9,2166,867.69
kreisfahrt,86.1,54.06,9,2168,869.19
kreisfahrt,86.2,54.09,9,2169,870.69
kreisfahrt,86.3,54.12,9,2170,872.20
kreisfahrt,86.4,54.15,9,2171,873.70
kreisfahrt,86.5,54.17,9,2172,875.21
kreisfahrt,86.6,54.20,9,2173,876.71
kreisfahrt,86.7,54.23,9,2174,878.22
kreisfahrt,86.8,54.26,9,2175,879.73
kreisfahrt,86.9,54.28,9,2177,881.23
kreisfahrt,87.0,54.31,9,2178,882.74
kreisfahrt,87.1,54.34,9,2179,884.25
kreisfahrt,87.2,54.37,9,2180,885.76
kreisfahrt,87.3,54.39,9,2181,887.27
kreisfahrt,87.4,54.42,9,2182,888.79
kreisfahrt,87.5,54.45,9,2183,890.30
kreisfahrt,87.6,54.48,9,2184,891.81
kreisfahrt,87.7,54.50,9,2185,893.33
kreisfahrt,87.8,54.53,9,2186,894.84
kreisfahrt,87.9,54.56,9,2188,896.36
kreisfahrt,88.0,54.58,9,2189,897.87
kreisfahrt,88.1,54.61,9,2190,899.39
kreisfahrt,88.2,54.64,9,2191,900.91
kreisfahrt,88.3,54.67,9,2192,902.43
kreisfahrt,88.4,54.69,9,2193,903.95
kreisfahrt,88.5,54.72,9,2194,905.47
kreisfahrt,88.6,54.75,9,2195,906.99
kreisfahrt,88.7,54.77,9,2196,908.51
kreisfahrt,88.8,54.80,9,2197,910.03
kreisfahrt,88.9,54.83,9,2198,911.55
kreisfahrt,89.0,54.85,9,2199,913.08
kreisfahrt,89.1,54.88,9,2200,914.60
kreisfahrt,89.2,54.91,9,2201,916.13
kreisfahrt,89.3,54.93,9,2203,917.65
kreisfahrt,89.4,54.96,9,2204,919.18
kreisfahrt,89.5,54.98,9,2205,920.71
kreisfahrt,89.6,55.01,9,2206,922.24
kreisfahrt,89.7,55.04,9,2207,923.77
kreisfahrt,89.8,55.06,9,2208,925.30
kreisfahrt,89.9,55.09,9,2209,926.83
kreisfahrt,90.0,55.11,9,2210,928.36
kreisfahrt,90.1,55.14,9,2211,929.89
kreisfahrt,90.2,55.17,9,2212,931.42
kreisfahrt,90.3,55.19,9,2213,932.96
kreisfahrt,90.4,55.22,9,2214,934.49
kreisfahrt,90.5,55.24,9,2215,936.03
kreisfahrt,90.6,55.27,9,2216,937.56
kreisfahrt,90.7,55.30,9,2217,939.10
kreisfahrt,90.8,55.32,9,2218,940.63
kreisfahrt,90.9,55.35,9,2219,942.17
kreisfahrt,91.0,55.37,9,2220,943.71
kreisfahrt,91.1,55.40,9,2221,945.25
kreisfahrt,91.2,55.42,9,2222,946.79
kreisfahrt,91.3,55.45,9,2223,948.33
kreisfahrt,91.4,55.47,9,2224,949.87
kreisfahrt,91.5,55.50,9,2225,951.41
kreisfahrt,91.6,55.52,9,2226,952.96
kreisfahrt,91.7,55.55,9,2227,954.50
kreisfahrt,91.8,55.58,9,2228,956.04
kreisfahrt,91.9,55.60,9,2229,957.59
kreisfahrt,92.0,55.63,9,2230,959.14
kreisfahrt,92.1,55.65,9,2231,960.68
kreisfahrt,92.2,55.68,9,2232,962.23
kreisfahrt,92.3,55.70,9,2233,963.78
kreisfahrt,92.4,55.73,9,2234,965.32
kreisfahrt,92.5,55.75,9,2235,966.87
kreisfahrt,92.6,55.78,9,2236,968.42
kreisfahrt,92.7,55.80,9,2237,969.97
kreisfahrt,92.8,55.83,9,2238,971.53
kreisfahrt,92.9,55.85,9,2239,973.08
kreisfahrt,93.0,55.87,9,2240,974.63
kreisfahrt,93.1,55.90,9,2241,976.18
kreisfahrt,93.2,55.92,9,2242,977.74
kreisfahrt,93.3,55.94,9,2243,979.29
kreisfahrt,93.4,55.96,9,2244,980.85
kreisfahrt,93.5,55.98,9,2245,982.40
kreisfahrt,93.6,56.00,9,2245,983.96
kreisfahrt,93.7,56.02,9,2246,985.52
kreisfahrt,93.8,56.04,9,2247,987.07
kreisfahrt,93.9,56.06,9,2248,988.63
kreisfahrt,94.0,56.07,9,2248,990.19
kreisfahrt,94.1,56.09,9,2249,991.75
kreisfahrt,94.2,56.11,9,2250,993.31
kreisfahrt,94.3,56.12,9,2250,994.87
kreisfahrt,94.4,56.14,9,2251,996.43
kreisfahrt,94.5,56.15,9,2252,997.99
kreisfahrt,94.6,56.17,9,2252,999.55
kreisfahrt,94.7,56.18,9,2253,1001.11
kreisfahrt,94.8,56.19,9,2253,1002.67
kreisfahrt,94.9,56.21,9,2254,1004.23
kreisfahrt,95.0,56.22,9,2254,1005.80
kreisfahrt,95.1,56.23,9,2255,1007.36
kreisfahrt,95.2,56.25,9,2255,1008.92
kreisfahrt,95.3,56.26,9,2256,1010.49
kreisfahrt,95.4,56.27,9,2256,1012.05
kreisfahrt,95.5,56.28,9,2257,1013.62
kreisfahrt,95.6,56.29,9,2257,1015.18
kreisfahrt,95.7,56.30,9,2258,1016.74
kreisfahrt,95.8,56.31,9,2258,1018.31
kreisfahrt,95.9,56.32,9,2258,1019.88
kreisfahrt,96.0,56.33,9,2259,1021.44
kreisfahrt,96.1,56.34,9,2259,1023.01
kreisfahrt,96.2,56.35,9,2260,1024.57
kreisfahrt,96.3,56.36,9,2260,1026.14
kreisfahrt,96.4,56.37,9,2260,1027.71
kreisfahrt,96.5,56.38,9,2261,1029.27
kreisfahrt,96.6,56.39,9,2261,1030.84
kreisfahrt,96.7,56.40,9,2261,1032.41
kreisfahrt,96.8,56.41,9,2262,1033.98
kreisfahrt,96.9,56.41,9,2262,1035.55
kreisfahrt,97.0,56.42,9,2262,1037.11
kreisfahrt,97.1,56.43,9,2263,1038.68
kreisfahrt,97.2,56.44,9,2263,1040.25
kreisfahrt,97.3,56.44,9,2263,1041.82
kreisfahrt,97.4,56.45,9,2263,1043.39
kreisfahrt,97.5,56.46,9,2264,1044.96
kreisfahrt,97.6,56.46,9,2264,1046.53
kreisfahrt,97.7,56.47,9,2264,1048.10
kreisfahrt,97.8,56.47,9,2264,1049.67
kreisfahrt,97.9,56.48,9,2265,1051.24
kreisfahrt,98.0,56.48,9,2265,1052.81
kreisfahrt,98.1,56.49,9,2265,1054.38
kreisfahrt,98.2,56.49,9,2265,1055.95
kreisfahrt,98.3,56.50,9,2265,1057.52
kreisfahrt,98.4,56.50,9,2266,1059.09
kreisfahrt,98.5,56.51,9,2266,1060.66
kreisfahrt,98.6,56.51,9,2266,1062.23
kreisfahrt,98.7,56.51,9,2266,1063.80
kreisfahrt,98.8,56.52,9,2266,1065.37
kreisfahrt,98.9,56.52,9,2266,1066.94
kreisfahrt,99.0,56.52,9,2266,1068.51
kreisfahrt,99.1,56.53,9,2267,1070.09
kreisfahrt,99.2,56.53,9,2267,1071.66
kreisfahrt,99.3,56.54,9,2267,1073.23
kreisfahrt,99.4,56.54,9,2267,1074.80
kreisfahrt,99.5,56.54,9,2267,1076.37
kreisfahrt,99.6,56.55,9,2267,1077.94
kreisfahrt,99.7,56.55,9,2267,1079.52
kreisfahrt,99.8,56.55,9,2268,1081.09
kreisfahrt,99.9,56.56,9,2268,1082.66
kreisfahrt,100.0,56.56,9,2268,1084.23
kreisfahrt,100.1,56.56,9,2268,1085.81
kreisfahrt,100.2,56.57,9,2268,1087.38
kreisfahrt,100.3,56.57,9,2268,1088.95
kreisfahrt,100.4,56.57,9,2268,1090.52
kreisfahrt,100.5,56.57,9,2268,1092.10
kreisfahrt,100.6,56.58,9,2269,1093.67
kreisfahrt,100.7,56.58,9,2269,1095.24
kreisfahrt,100.8,56.58,9,2269,1096.81
kreisfahrt,100.9,56.58,9,2269,1098.39
kreisfahrt,101.0,56.59,9,2269,1099.96
kreisfahrt,101.1,56.59,9,2269,1101.53
kreisfahrt,101.2,56.59,9,2269,1103.11
kreisfahrt,101.3,56.59,9,2269,1104.68
kreisfahrt,101.4,56.59,9,2269,1106.25
kreisfahrt,101.5,56.60,9,2269,1107.83
kreisfahrt,101.6,56.60,9,2269,1109.40
kreisfahrt,101.7,56.60,9,2269,1110.97
kreisfahrt,101.8,56.60,9,2270,1112.55
kreisfahrt,101.9,56.60,9,2270,1114.12
kreisfahrt,102.0,56.60,9,2270,1115.69
kreisfahrt,102.1,56.60,9,2270,1117.27
kreisfahrt,102.2,56.61,9,2270,1118.84
kreisfahrt,102.3,56.61,9,2270,1120.41
kreisfahrt,102.4,56.61,9,2270,1121.99
kreisfahrt,102.5,56.61,9,2270,1123.56
kreisfahrt,102.6,56.61,9,2270,1125.14
kreisfahrt,102.7,56.61,9,2270,1126.71
kreisfahrt,102.8,56.61,9,2270,1128.28
kreisfahrt,102.9,56.61,9,2270,1129.86
kreisfahrt,103.0,56.61,9,2270,1131.43
kreisfahrt,103.1,56.62,9,2270,1133.00
kreisfahrt,103.2,56.62,9,2270,1134.58
kreisfahrt,103.3,56.62,9,2270,1136.15
kreisfahrt,103.4,56.62,9,2270,1137.73
kreisfahrt,103.5,56.62,9,2270,1139.30
kreisfahrt,103.6,56.62,9,2270,1140.87
kreisfahrt,103.7,56.62,9,2270,1142.45
kreisfahrt,103.8,56.62,9,2270,1144.02
kreisfahrt,103.9,56.62,9,2270,1145.60
kreisfahrt,104.0,56.63,9,2271,1147.17
kreisfahrt,104.1,56.63,9,2271,1148.74
kreisfahrt,104.2,56.63,9,2271,1150.32
kreisfahrt,104.3,56.63,9,2271,1151.89
kreisfahrt,104.4,56.63,9,2271,1153.47
kreisfahrt,104.5,56.63,9,2271,1155.04
kreisfahrt,104.6,56.63,9,2271,1156.62
kreisfahrt,104.7,56.63,9,2271,1158.19
kreisfahrt,104.8,56.63,9,2271,1159.76
kreisfahrt,104.9,56.63,9,2271,1161.34
kreisfahrt,105.0,56.63,9,2271,1162.91
kreisfahrt,105.1,56.63,9,2271,1164.49
kreisfahrt,105.2,56.64,9,2271,1166.06
kreisfahrt,105.3,56.64,9,2271,1167.64
kreisfahrt,105.4,56.64,9,2271,1169.21
kreisfahrt,105.5,56.64,9,2271,1170.79
kreisfahrt,105.6,56.64,9,2271,1172.36
kreisfahrt,105.7,56.64,9,2271,1173.93
kreisfahrt,105.8,56.64,9,2271,1175.51
kreisfahrt,105.9,56.64,9,2271,1177.08
kreisfahrt,106.0,56.64,9,2271,1178.66
kreisfahrt,106.1,56.64,9,2271,1180.23
kreisfahrt,106.2,56.64,9,2271,1181.81
kreisfahrt,106.3,56.64,9,2271,1183.38
kreisfahrt,106.4,56.64,9,2271,1184.96
kreisfahrt,106.5,56.64,9,2271,1186.53
kreisfahrt,106.6,56.64,9,2271,1188.11
kreisfahrt,106.7,56.64,9,2271,1189.68
kreisfahrt,106.8,56.64,9,2271,1191.25
kreisfahrt,106.9,56.64,9,2271,1192.83
kreisfahrt,107.0,56.64,9,2271,1194.40
kreisfahrt,107.1,56.64,9,2271,1195.98
kreisfahrt,107.2,56.64,9,2271,1197.55
kreisfahrt,107.3,56.64,9,2271,1199.13
kreisfahrt,107.4,56.64,9,2271,1200.70
kreisfahrt,107.5,56.64,9,2271,1202.28
kreisfahrt,107.6,56.64,9,2271,1203.85
kreisfahrt,107.7,56.64,9,2271,1205.43
kreisfahrt,107.8,56.64,9,2271,1207.00
kreisfahrt,107.9,56.64,9,2271,1208.58
kreisfahrt,108.0,56.64,9,2271,1210.15
kreisfahrt,108.1,56.64,9,2271,1211.72
kreisfahrt,108.2,56.65,9,2271,1213.30
kreisfahrt,108.3,56.65,9,2271,1214.87
kreisfahrt,108.4,56.65,9,2271,1216.45
kreisfahrt,108.5,56.65,9,2271,1218.02
kreisfahrt,108.6,56.65,9,2271,1219.60
kreisfahrt,108.7,56.65,9,2271,1221.17
kreisfahrt,108.8,56.65,9,2271,1222.75
kreisfahrt,108.9,56.65,9,2271,1224.32
kreisfahrt,109.0,56.65,9,2271,1225.90
kreisfahrt,109.1,56.65,9,2271,1227.47
kreisfahrt,109.2,56.65,9,2271,1229.05
kreisfahrt,109.3,56.65,9,2271,1230.62
kreisfahrt,109.4,56.65,9,2271,1232.20
kreisfahrt,109.5,56.65,9,2271,1233.77
kreisfahrt,109.6,56.65,9,2271,1235.35
kreisfahrt,109.7,56.65,9,2271,1236.92
kreisfahrt,109.8,56.65,9,2271,1238.50
kreisfahrt,109.9,56.65,9,2271,1240.07
kreisfahrt,110.0,56.65,9,2271,1241.65
kreisfahrt,110.1,56.65,9,2271,1243.22
kreisfahrt,110.2,56.65,9,2271,1244.79
kreisfahrt,110.3,56.65,9,2271,1246.37
kreisfahrt,110.4,56.65,9,2271,1247.94
kreisfahrt,110.5,56.65,9,2271,1249.52
kreisfahrt,110.6,56.65,9,2271,1251.09
kreisfahrt,110.7,56.65,9,2271,1252.67
kreisfahrt,110.8,56.65,9,2271,1254.24
kreisfahrt,110.9,56.65,9,2271,1255.82
kreisfahrt,111.0,56.65,9,2271,1257.39
kreisfahrt,111.1,56.65,9,2271,1258.97
kreisfahrt,111.2,56.65,9,2271,1260.54
kreisfahrt,111.3,56.65,9,2271,1262.12
kreisfahrt,111.4,56.65,9,2271,1263.69
kreisfahrt,111.5,56.65,9,2271,1265.27
kreisfahrt,111.6,56.65,9,2271,1266.84
kreisfahrt,111.7,56.65,9,2271,1268.42
kreisfahrt,111.8,56.65,9,2272,1269.99
kreisfahrt,111.9,56.65,9,2272,1271.57
kreisfahrt,112.0,56.65,9,2272,1273.14
kreisfahrt,112.1,56.65,9,2272,1274.72
kreisfahrt,112.2,56.65,9,2272,1276.29
kreisfahrt,112.3,56.65,9,2272,1277.87
kreisfahrt,112.4,56.65,9,2272,1279.44
kreisfahrt,112.5,56.65,9,2272,1281.02
kreisfahrt,112.6,56.65,9,2272,1282.59
kreisfahrt,112.7,56.65,9,2272,1284.17
kreisfahrt,112.8,56.65,9,2272,1285.74
kreisfahrt,112.9,56.65,9,2272,1287.32
kreisfahrt,113.0,56.65,9,2272,1288.89
kreisfahrt,113.1,56.65,9,2272,1290.47
kreisfahrt,113.2,56.65,9,2272,1292.04
kreisfahrt,113.3,56.65,9,2272,1293.61
kreisfahrt,113.4,56.65,9,2272,1295.19
kreisfahrt,113.5,56.65,9,2272,1296.76
kreisfahrt,113.6,56.65,9,2272,1298.34
kreisfahrt,113.7,56.65,9,2272,1299.91
kreisfahrt,113.8,56.65,9,2272,1301.49
kreisfahrt,113.9,56.65,9,2272,1303.06
kreisfahrt,114.0,56.65,9,2272,1304.64
kreisfahrt,114.1,56.65,9,2272,1306.21
kreisfahrt,114.2,56.65,9,2272,1307.79
kreisfahrt,114.3,56.65,9,2272,1309.36
kreisfahrt,114.4,56.65,9,2272,1310.94
kreisfahrt,114.5,56.65,9,2272,1312.51
kreisfahrt,114.6,56.65,9,2272,1314.09
kreisfahrt,114.7,56.65,9,2272,1315.66
kreisfahrt,114.8,56.65,9,2272,1317.24
kreisfahrt,114.9,56.65,9,2272,1318.81
kreisfahrt,115.0,56.65,9,2272,1320.39
kreisfahrt,115.1,56.65,9,2272,1321.96
kreisfahrt,115.2,56.65,9,2272,1323.54
kreisfahrt,115.3,56.65,9,2272,1325.11
kreisfahrt,115.4,56.65,9,2272,1326.69
kreisfahrt,115.5,56.65,9,2272,1328.26
kreisfahrt,115.6,56.65,9,2272,1329.84
kreisfahrt,115.7,56.65,9,2272,1331.41
kreisfahrt,115.8,56.65,9,2272,1332.99
kreisfahrt,115.9,56.65,9,2272,1334.56
kreisfahrt,116.0,56.65,9,2272,1336.14
kreisfahrt,116.1,56.65,9,2272,1337.71
kreisfahrt,116.2,56.65,9,2272,1339.29
kreisfahrt,116.3,56.65,9,2272,1340.86
kreisfahrt,116.4,56.65,9,2272,1342.44
kreisfahrt,116.5,56.65,9,2272,1344.01
kreisfahrt,116.6,56.65,9,2272,1345.59
kreisfahrt,116.7,56.65,9,2272,1347.16
kreisfahrt,116.8,56.65,9,2272,1348.74
kreisfahrt,116.9,56.65,9,2272,1350.31
kreisfahrt,117.0,56.65,9,2272,1351.89
kreisfahrt,117.1,56.65,9,2272,1353.46
kreisfahrt,117.2,56.65,9,2272,1355.04
kreisfahrt,117.3,56.65,9,2272,1356.61
kreisfahrt,117.4,56.65,9,2272,1358.19
kreisfahrt,117.5,56.65,9,2272,1359.76
kreisfahrt,117.6,56.65,9,2272,1361.34
kreisfahrt,117.7,56.65,9,2272,1362.91
kreisfahrt,117.8,56.65,9,2272,1364.48
kreisfahrt,117.9,56.65,9,2272,1366.06
kreisfahrt,118.0,56.65,9,2272,1367.63
kreisfahrt,118.1,56.65,9,2272,1369.21
kreisfahrt,118.2,56.65,9,2272,1370.78
kreisfahrt,118.3,56.65,9,2272,1372.36
kreisfahrt,118.4,56.65,9,2272,1373.93
kreisfahrt,118.5,56.65,9,2272,1375.51
kreisfahrt,118.6,56.65,9,2272,1377.08
kreisfahrt,118.7,56.65,9,2272,1378.66
kreisfahrt,118.8,56.65,9,2272,1380.23
kreisfahrt,118.9,56.65,9,2272,1381.81
kreisfahrt,119.0,56.65,9,2272,1383.38
kreisfahrt,119.1,56.65,9,2272,1384.96
kreisfahrt,119.2,56.65,9,2272,1386.53
kreisfahrt,119.3,56.65,9,2272,1388.11
kreisfahrt,119.4,56.65,9,2272,1389.68
kreisfahrt,119.5,56.65,9,2272,1391.26
kreisfahrt,119.6,56.65,9,2272,1392.83
kreisfahrt,119.7,56.65,9,2272,1394.41
kreisfahrt,119.8,56.65,9,2272,1395.98
kreisfahrt,119.9,56.65,9,2272,1397.56
kreisfahrt,120.0,56.65,9,2272,1399.13
kreisfahrt,120.1,56.65,9,2272,1400.71
kreisfahrt,120.2,56.65,9,2272,1402.28
kreisfahrt,120.3,56.65,9,2272,1403.86
kreisfahrt,120.4,56.65,9,2272,1405.43
kreisfahrt,120.5,56.65,9,2272,1407.01
kreisfahrt,120.6,56.65,9,2272,1408.58
kreisfahrt,120.7,56.65,9,2272,1410.16
kreisfahrt,120.8,56.65,9,2272,1411.73
kreisfahrt,120.9,56.65,9,2272,1413.31
kreisfahrt,121.0,56.65,9,2272,1414.88
kreisfahrt,121.1,56.65,9,2272,1416.46
kreisfahrt,121.2,56.65,9,2272,1418.03
kreisfahrt,121.3,56.65,9,2272,1419.61
kreisfahrt,121.4,56.65,9,2272,1421.18
kreisfahrt,121.5,56.65,9,2272,1422.76
kreisfahrt,121.6,56.65,9,2272,1424.33
kreisfahrt,121.7,56.65,9,2272,1425.91
kreisfahrt,121.8,56.65,9,2272,1427.48
kreisfahrt,121.9,56.65,9,2272,1429.06
kreisfahrt,122.0,56.65,9,2272,1430.63
kreisfahrt,122.1,56.65,9,2272,1432.21
kreisfahrt,122.2,56.65,9,2272,1433.78
kreisfahrt,122.3,56.65,9,2272,1435.36
kreisfahrt,122.4,56.65,9,2272,1436.93
kreisfahrt,122.5,56.65,9,2272,1438.51
kreisfahrt,122.6,56.65,9,2272,1440.08
kreisfahrt,122.7,56.65,9,2272,1441.66
kreisfahrt,122.8,56.65,9,2272,1443.23
kreisfahrt,122.9,56.65,9,2272,1444.80
kreisfahrt,123.0,56.65,9,2272,1446.38
kreisfahrt,123.1,56.65,9,2272,1447.95
kreisfahrt,123.2,56.65,9,2272,1449.53
kreisfahrt,123.3,56.65,9,2272,1451.10
kreisfahrt,123.4,56.65,9,2272,1452.68
kreisfahrt,123.5,56.65,9,2272,1454.25
kreisfahrt,123.6,56.65,9,2272,1455.83
kreisfahrt,123.7,56.65,9,2272,1457.40
kreisfahrt,123.8,56.65,9,2272,1458.98
kreisfahrt,123.9,56.65,9,2272,1460.55
kreisfahrt,124.0,56.65,9,2272,1462.13
kreisfahrt,124.1,56.65,9,2272,1463.70
kreisfahrt,124.2,56.65,9,2272,1465.28
kreisfahrt,124.3,56.65,9,2272,1466.85
kreisfahrt,124.4,56.65,9,2272,1468.43
kreisfahrt,124.5,56.65,9,2272,1470.00
kreisfahrt,124.6,56.65,9,2272,1471.58
kreisfahrt,124.7,56.65,9,2272,1473.15
kreisfahrt,124.8,56.65,9,2272,1474.73
kreisfahrt,124.9,56.65,9,2272,1476.30
kreisfahrt,125.0,56.65,9,2272,1477.88
kreisfahrt,125.1,56.65,9,2272,1479.45
kreisfahrt,125.2,56.65,9,2272,1481.03
kreisfahrt,125.3,56.65,9,2272,1482.60
kreisfahrt,125.4,56.65,9,2272,1484.18
kreisfahrt,125.5,56.65,9,2272,1485.75
kreisfahrt,125.6,56.65,9,2272,1487.33
kreisfahrt,125.7,56.65,9,2272,1488.90
kreisfahrt,125.8,56.65,9,2272,1490.48
kreisfahrt,125.9,56.65,9,2272,1492.05
kreisfahrt,126.0,56.65,9,2272,1493.63
kreisfahrt,126.1,56.65,9,2272,1495.20
kreisfahrt,126.2,56.65,9,2272,1496.78
kreisfahrt,126.3,56.65,9,2272,1498.35
kreisfahrt,126.4,56.65,9,2272,1499.93
kreisfahrt,126.5,56.65,9,2272,1501.50
kreisfahrt,126.6,56.65,9,2272,1503.08
kreisfahrt,126.7,56.65,9,2272,1504.65
kreisfahrt,126.8,56.65,9,2272,1506.23
kreisfahrt,126.9,56.65,9,2272,1507.80
kreisfahrt,127.0,56.65,9,2272,1509.38
kreisfahrt,127.1,56.65,9,2272,1510.95
kreisfahrt,127.2,56.65,9,2272,1512.53
kreisfahrt,127.3,56.65,9,2272,1514.10
kreisfahrt,127.4,56.65,9,2272,1515.68
kreisfahrt,127.5,56.65,9,2272,1517.25
kreisfahrt,127.6,56.65,9,2272,1518.83
kreisfahrt,127.7,56.65,9,2272,1520.40
kreisfahrt,127.8,56.65,9,2272,1521.98
kreisfahrt,127.9,56.65,9,2272,1523.55
kreisfahrt,128.0,56.65,9,2272,1525.13
kreisfahrt,128.1,56.65,9,2272,1526.70
kreisfahrt,128.2,56.65,9,2272,1528.28
kreisfahrt,128.3,56.65,9,2272,1529.85
kreisfahrt,128.4,56.65,9,2272,1531.42
kreisfahrt,128.5,56.65,9,2272,1533.00
kreisfahrt,128.6,56.65,9,2272,1534.57
kreisfahrt,128.7,56.65,9,2272,1536.15
kreisfahrt,128.8,56.65,9,2272,1537.72
kreisfahrt,128.9,56.65,9,2272,1539.30
kreisfahrt,129.0,56.65,9,2272,1540.87
kreisfahrt,129.1,56.65,9,2272,1542.45
kreisfahrt,129.2,56.65,9,2272,1544.02
kreisfahrt,129.3,56.65,9,2272,1545.60
kreisfahrt,129.4,56.65,9,2272,1547.17
kreisfahrt,129.5,56.65,9,2272,1548.75
kreisfahrt,129.6,56.65,9,2272,1550.32
kreisfahrt,129.7,56.65,9,2272,1551.90
kreisfahrt,129.8,56.65,9,2272,1553.47
kreisfahrt,129.9,56.65,9,2272,1555.05
kreisfahrt,130.0,56.65,9,2272,1556.62
kreisfahrt,130.1,56.65,9,2272,1558.20
kreisfahrt,130.2,56.65,9,2272,1559.77
kreisfahrt,130.3,56.65,9,2272,1561.35
kreisfahrt,130.4,56.65,9,2272,1562.92
kreisfahrt,130.5,56.65,9,2272,1564.50
kreisfahrt,130.6,56.65,9,2272,1566.07
kreisfahrt,130.7,56.65,9,2272,1567.65
kreisfahrt,130.8,56.65,9,2272,1569.22
kreisfahrt,130.9,56.65,9,2272,1570.80
kreisfahrt,131.0,56.65,9,2272,1572.37
kreisfahrt,131.1,56.65,9,2272,1573.95
kreisfahrt,131.2,56.65,9,2272,1575.52
kreisfahrt,131.3,56.65,9,2272,1577.10
kreisfahrt,131.4,56.65,9,2272,1578.67
kreisfahrt,131.5,56.65,9,2272,1580.25
kreisfahrt,131.6,56.65,9,2272,1581.82
kreisfahrt,131.7,56.65,9,2272,1583.40
kreisfahrt,131.8,56.65,9,2272,1584.97
kreisfahrt,131.9,56.65,9,2272,1586.55
kreisfahrt,132.0,56.65,9,2272,1588.12
kreisfahrt,132.1,56.65,9,2272,1589.70
kreisfahrt,132.2,56.65,9,2272,1591.27
kreisfahrt,132.3,56.65,9,2272,1592.85
kreisfahrt,132.4,56.65,9,2272,1594.42
kreisfahrt,132.5,56.65,9,2272,1596.00
kreisfahrt,132.6,56.65,9,2272,1597.57
kreisfahrt,132.7,56.65,9,2272,1599.15
kreisfahrt,132.8,56.65,9,2272,1600.72
kreisfahrt,132.9,56.65,9,2272,1602.30
kreisfahrt,133.0,56.65,9,2272,1603.87
kreisfahrt,133.1,56.65,9,2272,1605.45
kreisfahrt,133.2,56.65,9,2272,1607.02
kreisfahrt,133.3,56.65,9,2272,1608.60
kreisfahrt,133.4,56.65,9,2272,1610.17
kreisfahrt,133.5,56.65,9,2272,1611.75
kreisfahrt,133.6,56.65,9,2272,1613.32
kreisfahrt,133.7,56.65,9,2272,1614.89
kreisfahrt,133.8,56.65,9,2272,1616.47
kreisfahrt,133.9,56.65,9,2272,1618.04
kreisfahrt,134.0,56.65,9,2272,1619.62
kreisfahrt,134.1,56.65,9,2272,1621.19
kreisfahrt,134.2,56.65,9,2272,1622.77
kreisfahrt,134.3,56.65,9,2272,1624.34
kreisfahrt,134.4,56.65,9,2272,1625.92
kreisfahrt,134.5,56.65,9,2272,1627.49
kreisfahrt,134.6,56.65,9,2272,1629.07
kreisfahrt,134.7,56.65,9,2272,1630.64
kreisfahrt,134.8,56.65,9,2272,1632.22
kreisfahrt,134.9,56.65,9,2272,1633.79
kreisfahrt,135.0,56.65,9,2272,1635.37
kreisfahrt,135.1,56.65,9,2272,1636.94
kreisfahrt,135.2,56.65,9,2272,1638.52
kreisfahrt,135.3,56.65,9,2272,1640.09
kreisfahrt,135.4,56.65,9,2272,1641.67
kreisfahrt,135.5,56.65,9,2272,1643.24
kreisfahrt,135.6,56.65,9,2272,1644.82
kreisfahrt,135.7,56.65,9,2272,1646.39
kreisfahrt,135.8,56.65,9,2272,1647.97
kreisfahrt,135.9,56.65,9,2272,1649.54
kreisfahrt,136.0,56.65,9,2272,1651.12
kreisfahrt,136.1,56.65,9,2272,1652.69
kreisfahrt,136.2,56.65,9,2272,1654.27
kreisfahrt,136.3,56.65,9,2272,1655.84
kreisfahrt,136.4,56.65,9,2272,1657.42
kreisfahrt,136.5,56.65,9,2272,1658.99
kreisfahrt,136.6,56.65,9,2272,1660.57
kreisfahrt,136.7,56.65,9,2272,1662.14
kreisfahrt,136.8,56.65,9,2272,1663.72
kreisfahrt,136.9,56.65,9,2272,1665.29
kreisfahrt,137.0,56.65,9,2272,1666.87
kreisfahrt,137.1,56.65,9,2272,1668.44
kreisfahrt,137.2,56.65,9,2272,1670.02
kreisfahrt,137.3,56.65,9,2272,1671.59
kreisfahrt,137.4,56.65,9,2272,1673.17
kreisfahrt,137.5,56.65,9,2272,1674.74
kreisfahrt,137.6,56.65,9,2272,1676.32
kreisfahrt,137.7,56.65,9,2272,1677.89
kreisfahrt,137.8,56.65,9,2272,1679.47
kreisfahrt,137.9,56.65,9,2272,1681.04
kreisfahrt,138.0,56.65,9,2272,1682.62
kreisfahrt,138.1,56.65,9,2272,1684.19
kreisfahrt,138.2,56.65,9,2272,1685.77
kreisfahrt,138.3,56.65,9,2272,1687.34
kreisfahrt,138.4,56.65,9,2272,1688.92
kreisfahrt,138.5,56.65,9,2272,1690.49
kreisfahrt,138.6,56.65,9,2272,1692.07
kreisfahrt,138.7,56.65,9,2272,1693.64
kreisfahrt,138.8,56.65,9,2272,1695.22
kreisfahrt,138.9,56.65,9,2272,1696.79
kreisfahrt,139.0,56.65,9,2272,1698.37
kreisfahrt,139.1,56.65,9,2272,1699.94
kreisfahrt,139.2,56.65,9,2272,1701.51
kreisfahrt,139.3,56.65,9,2272,1703.09
kreisfahrt,139.4,56.65,9,2272,1704.66
kreisfahrt,139.5,56.65,9,2272,1706.24
kreisfahrt,139.6,56.65,9,2272,1707.81
kreisfahrt,139.7,56.65,9,2272,1709.39
kreisfahrt,139.8,56.65,9,2272,1710.96
kreisfahrt,139.9,56.65,9,2272,1712.54
kreisfahrt,140.0,56.65,9,2272,1714.11
kreisfahrt,140.1,56.65,9,2272,1715.69
kreisfahrt,140.2,56.65,9,2272,1717.26
kreisfahrt,140.3,56.65,9,2272,1718.84
kreisfahrt,140.4,56.65,9,2272,1720.41
kreisfahrt,140.5,56.65,9,2272,1721.99
kreisfahrt,140.6,56.65,9,2272,1723.56
kreisfahrt,140.7,56.65,9,2272,1725.14
kreisfahrt,140.8,56.65,9,2272,1726.71
kreisfahrt,140.9,56.65,9,2272,1728.29
kreisfahrt,141.0,56.65,9,2272,1729.86
kreisfahrt,141.1,56.65,9,2272,1731.44
kreisfahrt,141.2,56.65,9,2272,1733.01
kreisfahrt,141.3,56.65,9,2272,1734.59
kreisfahrt,141.4,56.65,9,2272,1736.16
kreisfahrt,141.5,56.65,9,2272,1737.74
kreisfahrt,141.6,56.65,9,2272,1739.31
kreisfahrt,141.7,56.65,9,2272,1740.89
kreisfahrt,141.8,56.65,9,2272,1742.46
kreisfahrt,141.9,56.65,9,2272,1744.04
kreisfahrt,142.0,56.65,9,2272,1745.61
kreisfahrt,142.1,56.65,9,2272,1747.19
kreisfahrt,142.2,56.65,9,2272,1748.76
kreisfahrt,142.3,56.65,9,2272,1750.34
kreisfahrt,142.4,56.65,9,2272,1751.91
kreisfahrt,142.5,56.65,9,2272,1753.49
kreisfahrt,142.6,56.65,9,2272,1755.06
kreisfahrt,142.7,56.65,9,2272,1756.64
kreisfahrt,142.8,56.65,9,2272,1758.21
kreisfahrt,142.9,56.65,9,2272,1759.79
kreisfahrt,143.0,56.65,9,2272,1761.36
kreisfahrt,143.1,56.65,9,2272,1762.94
kreisfahrt,143.2,56.65,9,2272,1764.51
kreisfahrt,143.3,56.65,9,2272,1766.09
kreisfahrt,143.4,56.65,9,2272,1767.66
kreisfahrt,143.5,56.65,9,2272,1769.24
kreisfahrt,143.6,56.65,9,2272,1770.81
kreisfahrt,143.7,56.65,9,2272,1772.39
kreisfahrt,143.8,56.65,9,2272,1773.96
kreisfahrt,143.9,56.65,9,2272,1775.54
kreisfahrt,144.0,56.65,9,2272,1777.11
kreisfahrt,144.1,56.65,9,2272,1778.69
kreisfahrt,144.2,56.65,9,2272,1780.26
kreisfahrt,144.3,56.65,9,2272,1781.84
kreisfahrt,144.4,56.65,9,2272,1783.41
kreisfahrt,144.5,56.65,9,2272,1784.99
kreisfahrt,144.6,56.65,9,2272,1786.56
kreisfahrt,144.7,56.65,9,2272,1788.13
kreisfahrt,144.8,56.65,9,2272,1789.71
kreisfahrt,144.9,56.65,9,2272,1791.28
kreisfahrt,145.0,56.65,9,2272,1792.86
kreisfahrt,145.1,56.65,9,2272,1794.43
kreisfahrt,145.2,56.65,9,2272,1796.01
kreisfahrt,145.3,56.65,9,2272,1797.58
kreisfahrt,145.4,56.65,9,2272,1799.16
kreisfahrt,145.5,56.65,9,2272,1800.73
kreisfahrt,145.6,56.65,9,2272,1802.31
kreisfahrt,145.7,56.65,9,2272,1803.88
kreisfahrt,145.8,56.65,9,2272,1805.46
kreisfahrt,145.9,56.65,9,2272,1807.03
kreisfahrt,146.0,56.65,9,2272,1808.61
kreisfahrt,146.1,56.65,9,2272,1810.18
kreisfahrt,146.2,56.65,9,2272,1811.76
kreisfahrt,146.3,56.65,9,2272,1813.33
kreisfahrt,146.4,56.65,9,2272,1814.91
kreisfahrt,146.5,56.65,9,2272,1816.48
kreisfahrt,146.6,56.65,9,2272,1818.06
kreisfahrt,146.7,56.65,9,2272,1819.63
kreisfahrt,146.8,56.65,9,2272,1821.21
kreisfahrt,146.9,56.65,9,2272,1822.78
kreisfahrt,147.0,56.65,9,2272,1824.36
kreisfahrt,147.1,56.65,9,2272,1825.93
kreisfahrt,147.2,56.65,9,2272,1827.51
kreisfahrt,147.3,56.65,9,2272,1829.08
kreisfahrt,147.4,56.65,9,2272,1830.66
kreisfahrt,147.5,56.65,9,2272,1832.23
kreisfahrt,147.6,56.65,9,2272,1833.81
kreisfahrt,147.7,56.65,9,2272,1835.38
kreisfahrt,147.8,56.65,9,2272,1836.96
kreisfahrt,147.9,56.65,9,2272,1838.53
kreisfahrt,148.0,56.65,9,2272,1840.11
kreisfahrt,148.1,56.65,9,2272,1841.68
kreisfahrt,148.2,56.65,9,2272,1843.26
kreisfahrt,148.3,56.65,9,2272,1844.83
kreisfahrt,148.4,56.65,9,2272,1846.41
kreisfahrt,148.5,56.65,9,2272,1847.98
kreisfahrt,148.6,56.65,9,2272,1849.56
kreisfahrt,148.7,56.65,9,2272,1851.13
kreisfahrt,148.8,56.65,9,2272,1852.71
kreisfahrt,148.9,56.65,9,2272,1854.28
kreisfahrt,149.0,56.65,9,2272,1855.86
kreisfahrt,149.1,56.65,9,2272,1857.43
kreisfahrt,149.2,56.65,9,2272,1859.01
kreisfahrt,149.3,56.65,9,2272,1860.58
kreisfahrt,149.4,56.65,9,2272,1862.16
kreisfahrt,149.5,56.65,9,2272,1863.73
kreisfahrt,149.6,56.65,9,2272,1865.31
kreisfahrt,149.7,56.65,9,2272,1866.88
kreisfahrt,149.8,56.65,9,2272,1868.46
kreisfahrt,149.9,56.65,9,2272,1870.03
kreisfahrt,150.0,56.65,9,2272,1871.61
kreisfahrt,150.1,56.65,9,2272,1873.18
kreisfahrt,150.2,56.65,9,2272,1874.75
kreisfahrt,150.3,56.65,9,2272,1876.33
kreisfahrt,150.4,56.65,9,2272,1877.90
kreisfahrt,150.5,56.65,9,2272,1879.48
kreisfahrt,150.6,56.65,9,2272,1881.05
kreisfahrt,150.7,56.65,9,2272,1882.63
kreisfahrt,150.8,56.65,9,2272,1884.20
kreisfahrt,150.9,56.65,9,2272,1885.78
kreisfahrt,151.0,56.65,9,2272,1887.35
kreisfahrt,151.1,56.65,9,2272,1888.93
kreisfahrt,151.2,56.65,9,2272,1890.50
kreisfahrt,151.3,56.65,9,2272,1892.08
kreisfahrt,151.4,56.65,9,2272,1893.65
kreisfahrt,151.5,56.65,9,2272,1895.23
kreisfahrt,151.6,56.65,9,2272,1896.80
kreisfahrt,151.7,56.65,9,2272,1898.38
kreisfahrt,151.8,56.65,9,2272,1899.95
kreisfahrt,151.9,56.65,9,2272,1901.53
kreisfahrt,152.0,56.65,9,2272,1903.10
kreisfahrt,152.1,56.65,9,2272,1904.68
kreisfahrt,152.2,56.65,9,2272,1906.25
kreisfahrt,152.3,56.65,9,2272,1907.83
kreisfahrt,152.4,56.65,9,2272,1909.40
kreisfahrt,152.5,56.65,9,2272,1910.98
kreisfahrt,152.6,56.65,9,2272,1912.55
kreisfahrt,152.7,56.65,9,2272,1914.13
kreisfahrt,152.8,56.65,9,2272,1915.70
kreisfahrt,152.9,56.65,9,2272,1917.28
kreisfahrt,153.0,56.65,9,2272,1918.85
kreisfahrt,153.1,56.65,9,2272,1920.43
kreisfahrt,153.2,56.65,9,2272,1922.00
kreisfahrt,153.3,56.65,9,2272,1923.58
kreisfahrt,153.4,56.65,9,2272,1925.15
kreisfahrt,153.5,56.65,9,2272,1926.73
kreisfahrt,153.6,56.65,9,2272,1928.30
kreisfahrt,153.7,56.65,9,2272,1929.88
kreisfahrt,153.8,56.65,9,2272,1931.45
kreisfahrt,153.9,56.65,9,2272,1933.03
kreisfahrt,154.0,56.65,9,2272,1934.60
kreisfahrt,154.1,56.65,9,2272,1936.18
kreisfahrt,154.2,56.65,9,2272,1937.75
kreisfahrt,154.3,56.65,9,2272,1939.33
kreisfahrt,154.4,56.65,9,2272,1940.90
kreisfahrt,154.5,56.65,9,2272,1942.48
kreisfahrt,154.6,56.65,9,2272,1944.05
kreisfahrt,154.7,56.65,9,2272,1945.63
kreisfahrt,154.8,56.65,9,2272,1947.20
kreisfahrt,154.9,56.65,9,2272,1948.78
kreisfahrt,155.0,56.65,9,2272,1950.35
kreisfahrt,155.1,56.65,9,2272,1951.93
kreisfahrt,155.2,56.65,9,2272,1953.50
kreisfahrt,155.3,56.65,9,2272,1955.08
kreisfahrt,155.4,56.65,9,2272,1956.65
kreisfahrt,155.5,56.65,9,2272,1958.23
kreisfahrt,155.6,56.65,9,2272,1959.80
kreisfahrt,155.7,56.65,9,2272,1961.37
kreisfahrt,155.8,56.65,9,2272,1962.95
kreisfahrt,155.9,56.65,9,2272,1964.52
kreisfahrt,156.0,56.65,9,2272,1966.10
kreisfahrt,156.1,56.65,9,2272,1967.67
kreisfahrt,156.2,56.65,9,2272,1969.25
kreisfahrt,156.3,56.65,9,2272,1970.82
kreisfahrt,156.4,56.65,9,2272,1972.40
kreisfahrt,156.5,56.65,9,2272,1973.97
kreisfahrt,156.6,56.65,9,2272,1975.55
kreisfahrt,156.7,56.65,9,2272,1977.12
kreisfahrt,156.8,56.65,9,2272,1978.70
kreisfahrt,156.9,56.65,9,2272,1980.27
kreisfahrt,157.0,56.65,9,2272,1981.85
kreisfahrt,157.1,56.65,9,2272,1983.42
kreisfahrt,157.2,56.65,9,2272,1985.00
kreisfahrt,157.3,56.65,9,2272,1986.57
kreisfahrt,157.4,56.65,9,2272,1988.15
kreisfahrt,157.5,56.65,9,2272,1989.72
kreisfahrt,157.6,56.65,9,2272,1991.30
kreisfahrt,157.7,56.65,9,2272,1992.87
kreisfahrt,157.8,56.65,9,2272,1994.45
kreisfahrt,157.9,56.65,9,2272,1996.02
kreisfahrt,158.0,56.65,9,2272,1997.60
kreisfahrt,158.1,56.65,9,2272,1999.17
kreisfahrt,158.2,56.65,9,2272,2000.75
kreisfahrt,158.3,56.65,9,2272,2002.32
kreisfahrt,158.4,56.65,9,2272,2003.90
kreisfahrt,158.5,56.65,9,2272,2005.47
kreisfahrt,158.6,56.65,9,2272,2007.05
kreisfahrt,158.7,56.65,9,2272,2008.62
kreisfahrt,158.8,56.65,9,2272,2010.20
kreisfahrt,158.9,56.65,9,2272,2011.77
kreisfahrt,159.0,56.65,9,2272,2013.35
kreisfahrt,159.1,56.65,9,2272,2014.92
kreisfahrt,159.2,56.65,9,2272,2016.50
kreisfahrt,159.3,56.65,9,2272,2018.07
kreisfahrt,159.4,56.65,9,2272,2019.65
kreisfahrt,159.5,56.65,9,2272,2021.22
kreisfahrt,159.6,56.65,9,2272,2022.80
kreisfahrt,159.7,56.65,9,2272,2024.37
kreisfahrt,159.8,56.65,9,2272,2025.95
kreisfahrt,159.9,56.65,9,2272,2027.52
kreisfahrt,160.0,56.65,9,2272,2029.10
kreisfahrt,160.1,56.65,9,2272,2030.67
kreisfahrt,160.2,56.65,9,2272,2032.25
kreisfahrt,160.3,56.65,9,2272,2033.82
kreisfahrt,160.4,56.65,9,2272,2035.40
kreisfahrt,160.5,56.65,9,2272,2036.97
kreisfahrt,160.6,56.65,9,2272,2038.55
kreisfahrt,160.7,56.65,9,2272,2040.12
kreisfahrt,160.8,56.65,9,2272,2041.70
kreisfahrt,160.9,56.65,9,2272,2043.27
kreisfahrt,161.0,56.65,9,2272,2044.85
kreisfahrt,161.1,56.65,9,2272,2046.42
kreisfahrt,161.2,56.65,9,2272,2047.99
kreisfahrt,161.3,56.65,9,2272,2049.57
kreisfahrt,161.4,56.65,9,2272,2051.14
kreisfahrt,161.5,56.65,9,2272,2052.72
kreisfahrt,161.6,56.65,9,2272,2054.29
kreisfahrt,161.7,56.65,9,2272,2055.87
kreisfahrt,161.8,56.65,9,2272,2057.44
kreisfahrt,161.9,56.65,9,2272,2059.02
kreisfahrt,162.0,56.65,9,2272,2060.59
kreisfahrt,162.1,56.65,9,2272,2062.17
kreisfahrt,162.2,56.65,9,2272,2063.74
kreisfahrt,162.3,56.65,9,2272,2065.32
kreisfahrt,162.4,56.65,9,2272,2066.89
kreisfahrt,162.5,56.65,9,2272,2068.47
kreisfahrt,162.6,56.65,9,2272,2070.04
kreisfahrt,162.7,56.65,9,2272,2071.62
kreisfahrt,162.8,56.65,9,2272,2073.19
kreisfahrt,162.9,56.65,9,2272,2074.77
kreisfahrt,163.0,56.65,9,2272,2076.34
kreisfahrt,163.1,56.65,9,2272,2077.92
kreisfahrt,163.2,56.65,9,2272,2079.49
kreisfahrt,163.3,56.65,9,2272,2081.07
kreisfahrt,163.4,56.65,9,2272,2082.64
kreisfahrt,163.5,56.65,9,2272,2084.22
kreisfahrt,163.6,56.65,9,2272,2085.79
kreisfahrt,163.7,56.65,9,2272,2087.37
kreisfahrt,163.8,56.65,9,2272,2088.94
kreisfahrt,163.9,56.65,9,2272,2090.52
kreisfahrt,164.0,56.65,9,2272,2092.09
kreisfahrt,164.1,56.65,9,2272,2093.67
kreisfahrt,164.2,56.65,9,2272,2095.24
kreisfahrt,164.3,56.65,9,2272,2096.82
kreisfahrt,164.4,56.65,9,2272,2098.39
kreisfahrt,164.5,56.65,9,2272,2099.97
kreisfahrt,164.6,56.65,9,2272,2101.54
kreisfahrt,164.7,56.65,9,2272,2103.12
kreisfahrt,164.8,56.65,9,2272,2104.69
kreisfahrt,164.9,56.65,9,2272,2106.27
kreisfahrt,165.0,56.65,9,2272,2107.84
kreisfahrt,165.1,56.65,9,2272,2109.42
kreisfahrt,165.2,56.65,9,2272,2110.99
kreisfahrt,165.3,56.65,9,2272,2112.57
kreisfahrt,165.4,56.65,9,2272,2114.14
kreisfahrt,165.5,56.65,9,2272,2115.72
kreisfahrt,165.6,56.65,9,2272,2117.29
kreisfahrt,165.7,56.65,9,2272,2118.87
kreisfahrt,165.8,56.65,9,2272,2120.44
kreisfahrt,165.9,56.65,9,2272,2122.02
kreisfahrt,166.0,56.65,9,2272,2123.59
kreisfahrt,166.1,56.65,9,2272,2125.17
kreisfahrt,166.2,56.65,9,2272,2126.74
kreisfahrt,166.3,56.65,9,2272,2128.32
kreisfahrt,166.4,56.65,9,2272,2129.89
kreisfahrt,166.5,56.65,9,2272,2131.47
kreisfahrt,166.6,56.65,9,2272,2133.04
kreisfahrt,166.7,56.65,9,2272,2134.61
kreisfahrt,166.8,56.65,9,2272,2136.19
kreisfahrt,166.9,56.65,9,2272,2137.76
kreisfahrt,167.0,56.65,9,2272,2139.34
kreisfahrt,167.1,56.65,9,2272,2140.91
kreisfahrt,167.2,56.65,9,2272,2142.49
kreisfahrt,167.3,56.65,9,2272,2144.06
kreisfahrt,167.4,56.65,9,2272,2145.64
kreisfahrt,167.5,56.65,9,2272,2147.21
kreisfahrt,167.6,56.65,9,2272,2148.79
kreisfahrt,167.7,56.65,9,2272,2150.36
kreisfahrt,167.8,56.65,9,2272,2151.94
kreisfahrt,167.9,56.65,9,2272,2153.51
kreisfahrt,168.0,56.65,9,2272,2155.09
kreisfahrt,168.1,56.65,9,2272,2156.66
kreisfahrt,168.2,56.65,9,2272,2158.24
kreisfahrt,168.3,56.65,9,2272,2159.81
kreisfahrt,168.4,56.65,9,2272,2161.39
kreisfahrt,168.5,56.65,9,2272,2162.96
kreisfahrt,168.6,56.65,9,2272,2164.54
kreisfahrt,168.7,56.65,9,2272,2166.11
kreisfahrt,168.8,56.65,9,2272,2167.69
kreisfahrt,168.9,56.65,9,2272,2169.26
kreisfahrt,169.0,56.65,9,2272,2170.84
kreisfahrt,169.1,56.65,9,2272,2172.41
kreisfahrt,169.2,56.65,9,2272,2173.99
kreisfahrt,169.3,56.65,9,2272,2175.56
kreisfahrt,169.4,56.65,9,2272,2177.14
kreisfahrt,169.5,56.65,9,2272,2178.71
kreisfahrt,169.6,56.65,9,2272,2180.29
kreisfahrt,169.7,56.65,9,2272,2181.86
kreisfahrt,169.8,56.65,9,2272,2183.44
kreisfahrt,169.9,56.65,9,2272,2185.01
kreisfahrt,170.0,56.65,9,2272,2186.59
kreisfahrt,170.1,56.65,9,2272,2188.16
kreisfahrt,170.2,56.65,9,2272,2189.74
kreisfahrt,170.3,56.65,9,2272,2191.31
kreisfahrt,170.4,56.65,9,2272,2192.89
kreisfahrt,170.5,56.65,9,2272,2194.46
kreisfahrt,170.6,56.65,9,2272,2196.04
kreisfahrt,170.7,56.65,9,2272,2197.61
kreisfahrt,170.8,56.65,9,2272,2199.19
kreisfahrt,170.9,56.65,9,2272,2200.76
kreisfahrt,171.0,56.65,9,2272,2202.34
kreisfahrt,171.1,56.65,9,2272,2203.91
kreisfahrt,171.2,56.65,9,2272,2205.49
kreisfahrt,171.3,56.65,9,2272,2207.06
kreisfahrt,171.4,56.65,9,2272,2208.64
kreisfahrt,171.5,56.65,9,2272,2210.21
kreisfahrt,171.6,56.65,9,2272,2211.79
kreisfahrt,171.7,56.65,9,2272,2213.36
kreisfahrt,171.8,56.65,9,2272,2214.94
kreisfahrt,171.9,56.65,9,2272,2216.51
kreisfahrt,172.0,56.65,9,2272,2218.09
kreisfahrt,172.1,56.65,9,2272,2219.66
kreisfahrt,172.2,56.65,9,2272,2221.23
kreisfahrt,172.3,56.65,9,2272,2222.81
kreisfahrt,172.4,56.65,9,2272,2224.38
kreisfahrt,172.5,56.65,9,2272,2225.96
kreisfahrt,172.6,56.65,9,2272,2227.53
kreisfahrt,172.7,56.65,9,2272,2229.11
kreisfahrt,172.8,56.65,9,2272,2230.68
kreisfahrt,172.9,56.65,9,2272,2232.26
kreisfahrt,173.0,56.65,9,2272,2233.83
kreisfahrt,173.1,56.65,9,2272,2235.41
kreisfahrt,173.2,56.65,9,2272,2236.98
kreisfahrt,173.3,56.65,9,2272,2238.56
kreisfahrt,173.4,56.65,9,2272,2240.13
kreisfahrt,173.5,56.65,9,2272,2241.71
kreisfahrt,173.6,56.65,9,2272,2243.28
kreisfahrt,173.7,56.65,9,2272,2244.86
kreisfahrt,173.8,56.65,9,2272,2246.43
kreisfahrt,173.9,56.65,9,2272,2248.01
kreisfahrt,174.0,56.65,9,2272,2249.58
kreisfahrt,174.1,56.65,9,2272,2251.16
kreisfahrt,174.2,56.65,9,2272,2252.73
kreisfahrt,174.3,56.65,9,2272,2254.31
kreisfahrt,174.4,56.65,9,2272,2255.88
kreisfahrt,174.5,56.65,9,2272,2257.46
kreisfahrt,174.6,56.65,9,2272,2259.03
kreisfahrt,174.7,56.65,9,2272,2260.61
kreisfahrt,174.8,56.65,9,2272,2262.18
kreisfahrt,174.9,56.65,9,2272,2263.76
kreisfahrt,175.0,56.65,9,2272,2265.33
kreisfahrt,175.1,56.65,9,2272,2266.91
kreisfahrt,175.2,56.65,9,2272,2268.48
kreisfahrt,175.3,56.65,9,2272,2270.06
kreisfahrt,175.4,56.65,9,2272,2271.63
kreisfahrt,175.5,56.65,9,2272,2273.21
kreisfahrt,175.6,56.65,9,2272,2274.78
kreisfahrt,175.7,56.65,9,2272,2276.36
kreisfahrt,175.8,56.65,9,2272,2277.93
kreisfahrt,175.9,56.65,9,2272,2279.51
kreisfahrt,176.0,56.65,9,2272,2281.08
kreisfahrt,176.1,56.65,9,2272,2282.66
kreisfahrt,176.2,56.65,9,2272,2284.23
kreisfahrt,176.3,56.65,9,2272,2285.81
kreisfahrt,176.4,56.65,9,2272,2287.38
kreisfahrt,176.5,56.65,9,2272,2288.96
kreisfahrt,176.6,56.65,9,2272,2290.53
kreisfahrt,176.7,56.65,9,2272,2292.11
kreisfahrt,176.8,56.65,9,2272,2293.68
kreisfahrt,176.9,56.65,9,2272,2295.26
kreisfahrt,177.0,56.65,9,2272,2296.83
kreisfahrt,177.1,56.65,9,2272,2298.41
kreisfahrt,177.2,56.65,9,2272,2299.98
kreisfahrt,177.3,56.65,9,2272,2301.56
kreisfahrt,177.4,56.65,9,2272,2303.13
kreisfahrt,177.5,56.65,9,2272,2304.71
kreisfahrt,177.6,56.65,9,2272,2306.28
kreisfahrt,177.7,56.65,9,2272,2307.85
kreisfahrt,177.8,56.65,9,2272,2309.43
kreisfahrt,177.9,56.65,9,2272,2311.00
kreisfahrt,178.0,56.65,9,2272,2312.58
kreisfahrt,178.1,56.65,9,2272,2314.15
kreisfahrt,178.2,56.65,9,2272,2315.73
kreisfahrt,178.3,56.65,9,2272,2317.30
kreisfahrt,178.4,56.65,9,2272,2318.88
kreisfahrt,178.5,56.65,9,2272,2320.45
kreisfahrt,178.6,56.65,9,2272,2322.03
kreisfahrt,178.7,56.65,9,2272,2323.60
kreisfahrt,178.8,56.65,9,2272,2325.18
kreisfahrt,178.9,56.65,9,2272,2326.75
kreisfahrt,179.0,56.65,9,2272,2328.33
kreisfahrt,179.1,56.65,9,2272,2329.90
kreisfahrt,179.2,56.65,9,2272,2331.48
kreisfahrt,179.3,56.65,9,2272,2333.05
kreisfahrt,179.4,56.65,9,2272,2334.63
kreisfahrt,179.5,56.65,9,2272,2336.20
kreisfahrt,179.6,56.65,9,2272,2337.78
kreisfahrt,179.7,56.65,9,2272,2339.35
kreisfahrt,179.8,56.65,9,2272,2340.93
kreisfahrt,179.9,56.65,9,2272,2342.50
kreisfahrt,180.0,56.65,9,2272,2344.08
kreisfahrt,180.1,56.65,9,2272,2345.65
kreisfahrt,180.2,56.65,9,2272,2347.23
kreisfahrt,180.3,56.65,9,2272,2348.80
kreisfahrt,180.4,56.65,9,2272,2350.38
kreisfahrt,180.5,56.65,9,2272,2351.95
kreisfahrt,180.6,56.65,9,2272,2353.53
kreisfahrt,180.7,56.65,9,2272,2355.10
kreisfahrt,180.8,56.65,9,2272,2356.68
kreisfahrt,180.9,56.65,9,2272,2358.25
kreisfahrt,181.0,56.65,9,2272,2359.83
kreisfahrt,181.1,56.65,9,2272,2361.40
kreisfahrt,181.2,56.65,9,2272,2362.98
kreisfahrt,181.3,56.65,9,2272,2364.55
kreisfahrt,181.4,56.65,9,2272,2366.13
kreisfahrt,181.5,56.65,9,2272,2367.70
kreisfahrt,181.6,56.65,9,2272,2369.28
kreisfahrt,181.7,56.65,9,2272,2370.85
kreisfahrt,181.8,56.65,9,2272,2372.43
kreisfahrt,181.9,56.65,9,2272,2374.00
kreisfahrt,182.0,56.65,9,2272,2375.58
kreisfahrt,182.1,56.65,9,2272,2377.15
kreisfahrt,182.2,56.65,9,2272,2378.73
kreisfahrt,182.3,56.65,9,2272,2380.30
kreisfahrt,182.4,56.65,9,2272,2381.88
kreisfahrt,182.5,56.65,9,2272,2383.45
kreisfahrt,182.6,56.65,9,2272,2385.03
kreisfahrt,182.7,56.65,9,2272,2386.60
kreisfahrt,182.8,56.65,9,2272,2388.18
kreisfahrt,182.9,56.65,9,2272,2389.75
kreisfahrt,183.0,56.65,9,2272,2391.33
kreisfahrt,183.1,56.65,9,2272,2392.90
kreisfahrt,183.2,56.65,9,2272,2394.47
kreisfahrt,183.3,56.65,9,2272,2396.05
kreisfahrt,183.4,56.65,9,2272,2397.62
kreisfahrt,183.5,56.65,9,2272,2399.20
kreisfahrt,183.6,56.65,9,2272,2400.77
kreisfahrt,183.7,56.65,9,2272,2402.35
kreisfahrt,183.8,56.65,9,2272,2403.92
kreisfahrt,183.9,56.65,9,2272,2405.50
kreisfahrt,184.0,56.65,9,2272,2407.07
kreisfahrt,184.1,56.65,9,2272,2408.65
kreisfahrt,184.2,56.65,9,2272,2410.22
kreisfahrt,184.3,56.65,9,2272,2411.80
kreisfahrt,184.4,56.65,9,2272,2413.37
kreisfahrt,184.5,56.65,9,2272,2414.95
kreisfahrt,184.6,56.65,9,2272,2416.52
kreisfahrt,184.7,56.65,9,2272,2418.10
kreisfahrt,184.8,56.65,9,2272,2419.67
kreisfahrt,184.9,56.65,9,2272,2421.25
kreisfahrt,185.0,56.65,9,2272,2422.82
kreisfahrt,185.1,56.65,9,2272,2424.40
kreisfahrt,185.2,56.65,9,2272,2425.97
kreisfahrt,185.3,56.65,9,2272,2427.55
kreisfahrt,185.4,56.65,9,2272,2429.12
kreisfahrt,185.5,56.65,9,2272,2430.70
kreisfahrt,185.6,56.65,9,2272,2432.27
kreisfahrt,185.7,56.65,9,2272,2433.85
kreisfahrt,185.8,56.65,9,2272,2435.42
kreisfahrt,185.9,56.65,9,2272,2437.00
kreisfahrt,186.0,56.65,9,2272,2438.57
kreisfahrt,186.1,56.65,9,2272,2440.15
kreisfahrt,186.2,56.65,9,2272,2441.72
kreisfahrt,186.3,56.65,9,2272,2443.30
kreisfahrt,186.4,56.65,9,2272,2444.87
kreisfahrt,186.5,56.65,9,2272,2446.45
kreisfahrt,186.6,56.65,9,2272,2448.02
kreisfahrt,186.7,56.65,9,2272,2449.60
kreisfahrt,186.8,56.65,9,2272,2451.17
kreisfahrt,186.9,56.65,9,2272,2452.75
kreisfahrt,187.0,56.65,9,2272,2454.32
kreisfahrt,187.1,56.65,9,2272,2455.90
kreisfahrt,187.2,56.65,9,2272,2457.47
kreisfahrt,187.3,56.65,9,2272,2459.05
kreisfahrt,187.4,56.65,9,2272,2460.62
kreisfahrt,187.5,56.65,9,2272,2462.20
kreisfahrt,187.6,56.65,9,2272,2463.77
kreisfahrt,187.7,56.65,9,2272,2465.35
kreisfahrt,187.8,56.65,9,2272,2466.92
kreisfahrt,187.9,56.65,9,2272,2468.50
kreisfahrt,188.0,56.65,9,2272,2470.07
kreisfahrt,188.1,56.65,9,2272,2471.65
kreisfahrt,188.2,56.65,9,2272,2473.22
kreisfahrt,188.3,56.65,9,2272,2474.80
kreisfahrt,188.4,56.65,9,2272,2476.37
kreisfahrt,188.5,56.65,9,2272,2477.95
kreisfahrt,188.6,56.65,9,2272,2479.52
kreisfahrt,188.7,56.65,9,2272,2481.09
kreisfahrt,188.8,56.65,9,2272,2482.67
kreisfahrt,188.9,56.65,9,2272,2484.24
kreisfahrt,189.0,56.65,9,2272,2485.82
kreisfahrt,189.1,56.65,9,2272,2487.39
kreisfahrt,189.2,56.65,9,2272,2488.97
kreisfahrt,189.3,56.65,9,2272,2490.54
kreisfahrt,189.4,56.65,9,2272,2492.12
kreisfahrt,189.5,56.65,9,2272,2493.69
kreisfahrt,189.6,56.65,9,2272,2495.27
kreisfahrt,189.7,56.65,9,2272,2496.84
kreisfahrt,189.8,56.65,9,2272,2498.42
kreisfahrt,189.9,56.65,9,2272,2499.99
kreisfahrt,190.0,56.65,9,2272,2501.57
kreisfahrt,190.1,56.65,9,2272,2503.14
kreisfahrt,190.2,56.65,9,2272,2504.72
kreisfahrt,190.3,56.65,9,2272,2506.29
kreisfahrt,190.4,56.65,9,2272,2507.87
kreisfahrt,190.5,56.65,9,2272,2509.44
kreisfahrt,190.6,56.65,9,2272,2511.02
kreisfahrt,190.7,56.65,9,2272,2512.59
kreisfahrt,190.8,56.65,9,2272,2514.17
kreisfahrt,190.9,56.65,9,2272,2515.74
kreisfahrt,191.0,56.65,9,2272,2517.32
kreisfahrt,191.1,56.65,9,2272,2518.89
kreisfahrt,191.2,56.65,9,2272,2520.47
kreisfahrt,191.3,56.65,9,2272,2522.04
kreisfahrt,191.4,56.65,9,2272,2523.62
kreisfahrt,191.5,56.65,9,2272,2525.19
kreisfahrt,191.6,56.65,9,2272,2526.77
kreisfahrt,191.7,56.65,9,2272,2528.34
kreisfahrt,191.8,56.65,9,2272,2529.92
kreisfahrt,191.9,56.65,9,2272,2531.49
kreisfahrt,192.0,56.65,9,2272,2533.07
kreisfahrt,192.1,56.65,9,2272,2534.64
kreisfahrt,192.2,56.65,9,2272,2536.22
kreisfahrt,192.3,56.65,9,2272,2537.79
kreisfahrt,192.4,56.65,9,2272,2539.37
kreisfahrt,192.5,56.65,9,2272,2540.94
kreisfahrt,192.6,56.65,9,2272,2542.52
kreisfahrt,192.7,56.65,9,2272,2544.09
kreisfahrt,192.8,56.65,9,2272,2545.67
kreisfahrt,192.9,56.65,9,2272,2547.24
kreisfahrt,193.0,56.65,9,2272,2548.82
kreisfahrt,193.1,56.65,9,2272,2550.39
kreisfahrt,193.2,56.65,9,2272,2551.97
kreisfahrt,193.3,56.65,9,2272,2553.54
kreisfahrt,193.4,56.65,9,2272,2555.12
kreisfahrt,193.5,56.65,9,2272,2556.69
kreisfahrt,193.6,56.65,9,2272,2558.27
kreisfahrt,193.7,56.65,9,2272,2559.84
kreisfahrt,193.8,56.65,9,2272,2561.42
kreisfahrt,193.9,56.65,9,2272,2562.99
kreisfahrt,194.0,56.65,9,2272,2564.57
kreisfahrt,194.1,56.65,9,2272,2566.14
kreisfahrt,194.2,56.65,9,2272,2567.71
kreisfahrt,194.3,56.65,9,2272,2569.29
kreisfahrt,194.4,56.65,9,2272,2570.86
kreisfahrt,194.5,56.65,9,2272,2572.44
kreisfahrt,194.6,56.65,9,2272,2574.01
kreisfahrt,194.7,56.65,9,2272,2575.59
kreisfahrt,194.8,56.65,9,2272,2577.16
kreisfahrt,194.9,56.65,9,2272,2578.74
kreisfahrt,195.0,56.65,9,2272,2580.31
kreisfahrt,195.1,56.65,9,2272,2581.89
kreisfahrt,195.2,56.65,9,2272,2583.46
kreisfahrt,195.3,56.65,9,2272,2585.04
kreisfahrt,195.4,56.65,9,2272,2586.61
kreisfahrt,195.5,56.65,9,2272,2588.19
kreisfahrt,195.6,56.65,9,2272,2589.76
kreisfahrt,195.7,56.65,9,2272,2591.34
kreisfahrt,195.8,56.65,9,2272,2592.91
kreisfahrt,195.9,56.65,9,2272,2594.49
kreisfahrt,196.0,56.65,9,2272,2596.06
kreisfahrt,196.1,56.65,9,2272,2597.64
kreisfahrt,196.2,56.65,9,2272,2599.21
kreisfahrt,196.3,56.65,9,2272,2600.79
kreisfahrt,196.4,56.65,9,2272,2602.36
kreisfahrt,196.5,56.65,9,2272,2603.94
kreisfahrt,196.6,56.65,9,2272,2605.51
kreisfahrt,196.7,56.65,9,2272,2607.09
kreisfahrt,196.8,56.65,9,2272,2608.66
kreisfahrt,196.9,56.65,9,2272,2610.24
kreisfahrt,197.0,56.65,9,2272,2611.81
kreisfahrt,197.1,56.65,9,2272,2613.39
kreisfahrt,197.2,56.65,9,2272,2614.96
kreisfahrt,197.3,56.65,9,2272,2616.54
kreisfahrt,197.4,56.65,9,2272,2618.11
kreisfahrt,197.5,56.65,9,2272,2619.69
kreisfahrt,197.6,56.65,9,2272,2621.26
kreisfahrt,197.7,56.65,9,2272,2622.84
kreisfahrt,197.8,56.65,9,2272,2624.41
kreisfahrt,197.9,56.65,9,2272,2625.99
kreisfahrt,198.0,56.65,9,2272,2627.56
kreisfahrt,198.1,56.65,9,2272,2629.14
kreisfahrt,198.2,56.65,9,2272,2630.71
kreisfahrt,198.3,56.65,9,2272,2632.29
kreisfahrt,198.4,56.65,9,2272,2633.86
kreisfahrt,198.5,56.65,9,2272,2635.44
kreisfahrt,198.6,56.65,9,2272,2637.01
kreisfahrt,198.7,56.65,9,2272,2638.59
kreisfahrt,198.8,56.65,9,2272,2640.16
kreisfahrt,198.9,56.65,9,2272,2641.74
kreisfahrt,199.0,56.65,9,2272,2643.31
kreisfahrt,199.1,56.65,9,2272,2644.89
kreisfahrt,199.2,56.65,9,2272,2646.46
kreisfahrt,199.3,56.65,9,2272,2648.04
kreisfahrt,199.4,56.65,9,2272,2649.61
kreisfahrt,199.5,56.65,9,2272,2651.19
kreisfahrt,199.6,56.65,9,2272,2652.76
kreisfahrt,199.7,56.65,9,2272,2654.33
kreisfahrt,199.8,56.65,9,2272,2655.91
kreisfahrt,199.9,56.65,9,2272,2657.48
kreisfahrt,200.0,56.65,9,2272,2659.06
kreisfahrt,200.1,56.65,9,2272,2660.63
kreisfahrt,200.2,56.65,9,2272,2662.21
kreisfahrt,200.3,56.65,9,2272,2663.78
kreisfahrt,200.4,56.65,9,2272,2665.36
kreisfahrt,200.5,56.65,9,2272,2666.93
kreisfahrt,200.6,56.65,9,2272,2668.51
kreisfahrt,200.7,56.65,9,2272,2670.08
kreisfahrt,200.8,56.65,9,2272,2671.66
kreisfahrt,200.9,56.65,9,2272,2673.23
kreisfahrt,201.0,56.65,9,2272,2674.81
kreisfahrt,201.1,56.65,9,2272,2676.38
kreisfahrt,201.2,56.65,9,2272,2677.96
kreisfahrt,201.3,56.65,9,2272,2679.53
kreisfahrt,201.4,56.65,9,2272,2681.11
kreisfahrt,201.5,56.65,9,2272,2682.68
kreisfahrt,201.6,56.65,9,2272,2684.26
kreisfahrt,201.7,56.65,9,2272,2685.83
kreisfahrt,201.8,56.65,9,2272,2687.41
kreisfahrt,201.9,56.65,9,2272,2688.98
kreisfahrt,202.0,56.65,9,2272,2690.56
kreisfahrt,202.1,56.65,9,2272,2692.13
kreisfahrt,202.2,56.65,9,2272,2693.71
kreisfahrt,202.3,56.65,9,2272,2695.28
kreisfahrt,202.4,56.65,9,2272,2696.86
kreisfahrt,202.5,56.65,9,2272,2698.43
kreisfahrt,202.6,56.65,9,2272,2700.01
kreisfahrt,202.7,56.65,9,2272,2701.58
kreisfahrt,202.8,56.65,9,2272,2703.16
kreisfahrt,202.9,56.65,9,2272,2704.73
kreisfahrt,203.0,56.65,9,2272,2706.31
kreisfahrt,203.1,56.65,9,2272,2707.88
kreisfahrt,203.2,56.65,9,2272,2709.46
kreisfahrt,203.3,56.65,9,2272,2711.03
kreisfahrt,203.4,56.65,9,2272,2712.61
kreisfahrt,203.5,56.65,9,2272,2714.18
kreisfahrt,203.6,56.65,9,2272,2715.76
kreisfahrt,203.7,56.65,9,2272,2717.33
kreisfahrt,203.8,56.65,9,2272,2718.91
kreisfahrt,203.9,56.65,9,2272,2720.48
kreisfahrt,204.0,56.65,9,2272,2722.06
kreisfahrt,204.1,56.65,9,2272,2723.63
kreisfahrt,204.2,56.65,9,2272,2725.21
kreisfahrt,204.3,56.65,9,2272,2726.78
kreisfahrt,204.4,56.65,9,2272,2728.36
kreisfahrt,204.5,56.65,9,2272,2729.93
kreisfahrt,204.6,56.65,9,2272,2731.51
kreisfahrt,204.7,56.65,9,2272,2733.08
kreisfahrt,204.8,56.65,9,2272,2734.66
kreisfahrt,204.9,56.65,9,2272,2736.23
kreisfahrt,205.0,56.65,9,2272,2737.81
kreisfahrt,205.1,56.65,9,2272,2739.38
kreisfahrt,205.2,56.65,9,2272,2740.95
kreisfahrt,205.3,56.65,9,2272,2742.53
kreisfahrt,205.4,56.65,9,2272,2744.10
kreisfahrt,205.5,56.65,9,2272,2745.68
kreisfahrt,205.6,56.65,9,2272,2747.25
kreisfahrt,205.7,56.65,9,2272,2748.83
kreisfahrt,205.8,56.65,9,2272,2750.40
kreisfahrt,205.9,56.65,9,2272,2751.98
kreisfahrt,206.0,56.65,9,2272,2753.55
kreisfahrt,206.1,56.65,9,2272,2755.13
kreisfahrt,206.2,56.65,9,2272,2756.70
kreisfahrt,206.3,56.65,9,2272,2758.28
kreisfahrt,206.4,56.65,9,2272,2759.85
kreisfahrt,206.5,56.65,9,2272,2761.43
kreisfahrt,206.6,56.65,9,2272,2763.00
kreisfahrt,206.7,56.65,9,2272,2764.58
kreisfahrt,206.8,56.65,9,2272,2766.15
kreisfahrt,206.9,56.65,9,2272,2767.73
kreisfahrt,207.0,56.65,9,2272,2769.30
kreisfahrt,207.1,56.65,9,2272,2770.88
kreisfahrt,207.2,56.65,9,2272,2772.45
kreisfahrt,207.3,56.65,9,2272,2774.03
kreisfahrt,207.4,56.65,9,2272,2775.60
kreisfahrt,207.5,56.65,9,2272,2777.18
kreisfahrt,207.6,56.65,9,2272,2778.75
kreisfahrt,207.7,56.65,9,2272,2780.33
kreisfahrt,207.8,56.65,9,2272,2781.90
kreisfahrt,207.9,56.65,9,2272,2783.48
kreisfahrt,208.0,56.65,9,2272,2785.05
kreisfahrt,208.1,56.65,9,2272,2786.63
kreisfahrt,208.2,56.65,9,2272,2788.20
kreisfahrt,208.3,56.65,9,2272,2789.78
kreisfahrt,208.4,56.65,9,2272,2791.35
kreisfahrt,208.5,56.65,9,2272,2792.93
kreisfahrt,208.6,56.65,9,2272,2794.50
kreisfahrt,208.7,56.65,9,2272,2796.08
kreisfahrt,208.8,56.65,9,2272,2797.65
kreisfahrt,208.9,56.65,9,2272,2799.23
kreisfahrt,209.0,56.65,9,2272,2800.80
kreisfahrt,209.1,56.65,9,2272,2802.38
kreisfahrt,209.2,56.65,9,2272,2803.95
kreisfahrt,209.3,56.65,9,2272,2805.53
kreisfahrt,209.4,56.65,9,2272,2807.10
kreisfahrt,209.5,56.65,9,2272,2808.68
kreisfahrt,209.6,56.65,9,2272,2810.25
kreisfahrt,209.7,56.65,9,2272,2811.83
kreisfahrt,209.8,56.65,9,2272,2813.40
kreisfahrt,209.9,56.65,9,2272,2814.98
kreisfahrt,210.0,56.65,9,2272,2816.55
kreisfahrt,210.1,56.65,9,2272,2818.13
kreisfahrt,210.2,56.65,9,2272,2819.70
kreisfahrt,210.3,56.65,9,2272,2821.28
kreisfahrt,210.4,56.65,9,2272,2822.85
kreisfahrt,210.5,56.65,9,2272,2824.42
kreisfahrt,210.6,56.65,9,2272,2826.00
kreisfahrt,210.7,56.65,9,2272,2827.57
kreisfahrt,210.8,56.65,9,2272,2829.15
kreisfahrt,210.9,56.65,9,2272,2830.72
kreisfahrt,211.0,56.65,9,2272,2832.30
kreisfahrt,211.1,56.65,9,2272,2833.87
kreisfahrt,211.2,56.65,9,2272,2835.45
kreisfahrt,211.3,56.65,9,2272,2837.02
kreisfahrt,211.4,56.65,9,2272,2838.60
kreisfahrt,211.5,56.65,9,2272,2840.17
kreisfahrt,211.6,56.65,9,2272,2841.75
kreisfahrt,211.7,56.65,9,2272,2843.32
kreisfahrt,211.8,56.65,9,2272,2844.90
kreisfahrt,211.9,56.65,9,2272,2846.47
kreisfahrt,212.0,56.65,9,2272,2848.05
kreisfahrt,212.1,56.65,9,2272,2849.62
kreisfahrt,212.2,56.65,9,2272,2851.20
kreisfahrt,212.3,56.65,9,2272,2852.77
kreisfahrt,212.4,56.65,9,2272,2854.35
kreisfahrt,212.5,56.65,9,2272,2855.92
kreisfahrt,212.6,56.65,9,2272,2857.50
kreisfahrt,212.7,56.65,9,2272,2859.07
kreisfahrt,212.8,56.65,9,2272,2860.65
kreisfahrt,212.9,56.65,9,2272,2862.22
kreisfahrt,213.0,56.65,9,2272,2863.80
kreisfahrt,213.1,56.65,9,2272,2865.37
kreisfahrt,213.2,56.65,9,2272,2866.95
kreisfahrt,213.3,56.65,9,2272,2868.52
kreisfahrt,213.4,56.65,9,2272,2870.10
kreisfahrt,213.5,56.65,9,2272,2871.67
kreisfahrt,213.6,56.65,9,2272,2873.25
kreisfahrt,213.7,56.65,9,2272,2874.82
kreisfahrt,213.8,56.65,9,2272,2876.40
kreisfahrt,213.9,56.65,9,2272,2877.97
kreisfahrt,214.0,56.65,9,2272,2879.55
kreisfahrt,214.1,56.65,9,2272,2881.12
kreisfahrt,214.2,56.65,9,2272,2882.70
kreisfahrt,214.3,56.65,9,2272,2884.27
kreisfahrt,214.4,56.65,9,2272,2885.85
kreisfahrt,214.5,56.65,9,2272,2887.42
kreisfahrt,214.6,56.65,9,2272,2889.00
kreisfahrt,214.7,56.65,9,2272,2890.57
kreisfahrt,214.8,56.65,9,2272,2892.15
kreisfahrt,214.9,56.65,9,2272,2893.72
kreisfahrt,215.0,56.65,9,2272,2895.30
kreisfahrt,215.1,56.65,9,2272,2896.87
kreisfahrt,215.2,56.65,9,2272,2898.45
kreisfahrt,215.3,56.65,9,2272,2900.02
kreisfahrt,215.4,56.65,9,2272,2901.60
kreisfahrt,215.5,56.65,9,2272,2903.17
kreisfahrt,215.6,56.65,9,2272,2904.75
kreisfahrt,215.7,56.65,9,2272,2906.32
kreisfahrt,215.8,56.65,9,2272,2907.90
kreisfahrt,215.9,56.65,9,2272,2909.47
kreisfahrt,216.0,56.65,9,2272,2911.04
kreisfahrt,216.1,56.65,9,2272,2912.62
kreisfahrt,216.2,56.65,9,2272,2914.19
kreisfahrt,216.3,56.65,9,2272,2915.77
kreisfahrt,216.4,56.65,9,2272,2917.34
kreisfahrt,216.5,56.65,9,2272,2918.92
kreisfahrt,216.6,56.65,9,2272,2920.49
kreisfahrt,216.7,56.65,9,2272,2922.07
kreisfahrt,216.8,56.65,9,2272,2923.64
kreisfahrt,216.9,56.65,9,2272,2925.22
kreisfahrt,217.0,56.65,9,2272,2926.79
kreisfahrt,217.1,56.65,9,2272,2928.37
kreisfahrt,217.2,56.65,9,2272,2929.94
kreisfahrt,217.3,56.65,9,2272,2931.52
kreisfahrt,217.4,56.65,9,2272,2933.09
kreisfahrt,217.5,56.65,9,2272,2934.67
kreisfahrt,217.6,56.65,9,2272,2936.24
kreisfahrt,217.7,56.65,9,2272,2937.82
kreisfahrt,217.8,56.65,9,2272,2939.39
kreisfahrt,217.9,56.65,9,2272,2940.97
kreisfahrt,218.0,56.65,9,2272,2942.54
kreisfahrt,218.1,56.65,9,2272,2944.12
kreisfahrt,218.2,56.65,9,2272,2945.69
kreisfahrt,218.3,56.65,9,2272,2947.27
kreisfahrt,218.4,56.65,9,2272,2948.84
kreisfahrt,218.5,56.65,9,2272,2950.42
kreisfahrt,218.6,56.65,9,2272,2951.99
kreisfahrt,218.7,56.65,9,2272,2953.57
kreisfahrt,218.8,56.65,9,2272,2955.14
kreisfahrt,218.9,56.65,9,2272,2956.72
kreisfahrt,219.0,56.65,9,2272,2958.29
kreisfahrt,219.1,56.65,9,2272,2959.87
kreisfahrt,219.2,56.65,9,2272,2961.44
kreisfahrt,219.3,56.65,9,2272,2963.02
kreisfahrt,219.4,56.65,9,2272,2964.59
kreisfahrt,219.5,56.65,9,2272,2966.17
kreisfahrt,219.6,56.65,9,2272,2967.74
kreisfahrt,219.7,56.65,9,2272,2969.32
kreisfahrt,219.8,56.65,9,2272,2970.89
kreisfahrt,219.9,56.65,9,2272,2972.47
kreisfahrt,220.0,56.65,9,2272,2974.04
kreisfahrt,220.1,56.65,9,2272,2975.62
kreisfahrt,220.2,56.65,9,2272,2977.19
kreisfahrt,220.3,56.65,9,2272,2978.77
kreisfahrt,220.4,56.65,9,2272,2980.34
kreisfahrt,220.5,56.65,9,2272,2981.92
kreisfahrt,220.6,56.65,9,2272,2983.49
kreisfahrt,220.7,56.65,9,2272,2985.07
kreisfahrt,220.8,56.65,9,2272,2986.64
kreisfahrt,220.9,56.65,9,2272,2988.22
kreisfahrt,221.0,56.65,9,2272,2989.79
kreisfahrt,221.1,56.65,9,2272,2991.37
kreisfahrt,221.2,56.65,9,2272,2992.94
kreisfahrt,221.3,56.65,9,2272,2994.52
kreisfahrt,221.4,56.65,9,2272,2996.09
kreisfahrt,221.5,56.65,9,2272,2997.66
kreisfahrt,221.6,56.65,9,2272,2999.24
kreisfahrt,221.7,56.65,9,2272,3000.81
kreisfahrt,221.8,56.65,9,2272,3002.39
kreisfahrt,221.9,56.65,9,2272,3003.96
kreisfahrt,222.0,56.65,9,2272,3005.54
kreisfahrt,222.1,56.65,9,2272,3007.11
kreisfahrt,222.2,56.65,9,2272,3008.69
kreisfahrt,222.3,56.65,9,2272,3010.26
kreisfahrt,222.4,56.65,9,2272,3011.84
kreisfahrt,222.5,56.65,9,2272,3013.41
kreisfahrt,222.6,56.65,9,2272,3014.99
kreisfahrt,222.7,56.65,9,2272,3016.56
kreisfahrt,222.8,56.65,9,2272,3018.14
kreisfahrt,222.9,56.65,9,2272,3019.71
kreisfahrt,223.0,56.65,9,2272,3021.29
kreisfahrt,223.1,56.65,9,2272,3022.86
kreisfahrt,223.2,56.65,9,2272,3024.44
kreisfahrt,223.3,56.65,9,2272,3026.01
kreisfahrt,223.4,56.65,9,2272,3027.59
kreisfahrt,223.5,56.65,9,2272,3029.16
kreisfahrt,223.6,56.65,9,2272,3030.74
kreisfahrt,223.7,56.65,9,2272,3032.31
kreisfahrt,223.8,56.65,9,2272,3033.89
kreisfahrt,223.9,56.65,9,2272,3035.46
kreisfahrt,224.0,56.65,9,2272,3037.04
kreisfahrt,224.1,56.65,9,2272,3038.61
kreisfahrt,224.2,56.65,9,2272,3040.19
kreisfahrt,224.3,56.65,9,2272,3041.76
kreisfahrt,224.4,56.65,9,2272,3043.34
kreisfahrt,224.5,56.65,9,2272,3044.91
kreisfahrt,224.6,56.65,9,2272,3046.49
kreisfahrt,224.7,56.65,9,2272,3048.06
kreisfahrt,224.8,56.65,9,2272,3049.64
kreisfahrt,224.9,56.65,9,2272,3051.21
kreisfahrt,225.0,56.65,9,2272,3052.79
kreisfahrt,225.1,56.65,9,2272,3054.36
kreisfahrt,225.2,56.65,9,2272,3055.94
kreisfahrt,225.3,56.65,9,2272,3057.51
kreisfahrt,225.4,56.65,9,2272,3059.09
kreisfahrt,225.5,56.65,9,2272,3060.66
kreisfahrt,225.6,56.65,9,2272,3062.24
kreisfahrt,225.7,56.65,9,2272,3063.81
kreisfahrt,225.8,56.65,9,2272,3065.39
kreisfahrt,225.9,56.65,9,2272,3066.96
kreisfahrt,226.0,56.65,9,2272,3068.54
kreisfahrt,226.1,56.65,9,2272,3070.11
kreisfahrt,226.2,56.65,9,2272,3071.69
kreisfahrt,226.3,56.65,9,2272,3073.26
kreisfahrt,226.4,56.65,9,2272,3074.84
kreisfahrt,226.5,56.65,9,2272,3076.41
kreisfahrt,226.6,56.65,9,2272,3077.99
kreisfahrt,226.7,56.65,9,2272,3079.56
kreisfahrt,226.8,56.65,9,2272,3081.14
kreisfahrt,226.9,56.65,9,2272,3082.71
kreisfahrt,227.0,56.65,9,2272,3084.28
kreisfahrt,227.1,56.65,9,2272,3085.86
kreisfahrt,227.2,56.65,9,2272,3087.43
kreisfahrt,227.3,56.65,9,2272,3089.01
kreisfahrt,227.4,56.65,9,2272,3090.58
kreisfahrt,227.5,56.65,9,2272,3092.16
kreisfahrt,227.6,56.65,9,2272,3093.73
kreisfahrt,227.7,56.65,9,2272,3095.31
kreisfahrt,227.8,56.65,9,2272,3096.88
kreisfahrt,227.9,56.65,9,2272,3098.46
kreisfahrt,228.0,56.65,9,2272,3100.03
kreisfahrt,228.1,56.65,9,2272,3101.61
kreisfahrt,228.2,56.65,9,2272,3103.18
kreisfahrt,228.3,56.65,9,2272,3104.76
kreisfahrt,228.4,56.65,9,2272,3106.33
kreisfahrt,228.5,56.65,9,2272,3107.91
kreisfahrt,228.6,56.65,9,2272,3109.48
kreisfahrt,228.7,56.65,9,2272,3111.06
kreisfahrt,228.8,56.65,9,2272,3112.63
kreisfahrt,228.9,56.65,9,2272,3114.21
kreisfahrt,229.0,56.65,9,2272,3115.78
kreisfahrt,229.1,56.65,9,2272,3117.36
kreisfahrt,229.2,56.65,9,2272,3118.93
kreisfahrt,229.3,56.65,9,2272,3120.51
kreisfahrt,229.4,56.65,9,2272,3122.08
kreisfahrt,229.5,56.65,9,2272,3123.66
kreisfahrt,229.6,56.65,9,2272,3125.23
kreisfahrt,229.7,56.65,9,2272,3126.81
kreisfahrt,229.8,56.65,9,2272,3128.38
kreisfahrt,229.9,56.65,9,2272,3129.96
kreisfahrt,230.0,56.65,9,2272,3131.53
kreisfahrt,230.1,56.65,9,2272,3133.11
kreisfahrt,230.2,56.65,9,2272,3134.68
kreisfahrt,230.3,56.65,9,2272,3136.26
kreisfahrt,230.4,56.65,9,2272,3137.83
kreisfahrt,230.5,56.65,9,2272,3139.41
kreisfahrt,230.6,56.65,9,2272,3140.98
kreisfahrt,230.7,56.65,9,2272,3142.56
kreisfahrt,230.8,56.65,9,2272,3144.13
kreisfahrt,230.9,56.65,9,2272,3145.71
kreisfahrt,231.0,56.65,9,2272,3147.28
kreisfahrt,231.1,56.65,9,2272,3148.86
kreisfahrt,231.2,56.65,9,2272,3150.43
kreisfahrt,231.3,56.65,9,2272,3152.01
kreisfahrt,231.4,56.65,9,2272,3153.58
kreisfahrt,231.5,56.65,9,2272,3155.16
kreisfahrt,231.6,56.65,9,2272,3156.73
kreisfahrt,231.7,56.65,9,2272,3158.31
kreisfahrt,231.8,56.65,9,2272,3159.88
kreisfahrt,231.9,56.65,9,2272,3161.46
kreisfahrt,232.0,56.65,9,2272,3163.03
kreisfahrt,232.1,56.65,9,2272,3164.61
kreisfahrt,232.2,56.65,9,2272,3166.18
kreisfahrt,232.3,56.65,9,2272,3167.76
kreisfahrt,232.4,56.65,9,2272,3169.33
kreisfahrt,232.5,56.65,9,2272,3170.90
kreisfahrt,232.6,56.65,9,2272,3172.48
kreisfahrt,232.7,56.65,9,2272,3174.05
kreisfahrt,232.8,56.65,9,2272,3175.63
kreisfahrt,232.9,56.65,9,2272,3177.20
kreisfahrt,233.0,56.65,9,2272,3178.78
kreisfahrt,233.1,56.65,9,2272,3180.35
kreisfahrt,233.2,56.65,9,2272,3181.93
kreisfahrt,233.3,56.65,9,2272,3183.50
kreisfahrt,233.4,56.65,9,2272,3185.08
kreisfahrt,233.5,56.65,9,2272,3186.65
kreisfahrt,233.6,56.65,9,2272,3188.23
kreisfahrt,233.7,56.65,9,2272,3189.80
kreisfahrt,233.8,56.65,9,2272,3191.38
kreisfahrt,233.9,56.65,9,2272,3192.95
kreisfahrt,234.0,56.65,9,2272,3194.53
kreisfahrt,234.1,56.65,9,2272,3196.10
kreisfahrt,234.2,56.65,9,2272,3197.68
kreisfahrt,234.3,56.65,9,2272,3199.25
kreisfahrt,234.4,56.65,9,2272,3200.83
kreisfahrt,234.5,56.65,9,2272,3202.40
kreisfahrt,234.6,56.65,9,2272,3203.98
kreisfahrt,234.7,56.65,9,2272,3205.55
kreisfahrt,234.8,56.65,9,2272,3207.13
kreisfahrt,234.9,56.65,9,2272,3208.70
kreisfahrt,235.0,56.65,9,2272,3210.28
kreisfahrt,235.1,56.65,9,2272,3211.85
kreisfahrt,235.2,56.65,9,2272,3213.43
kreisfahrt,235.3,56.65,9,2272,3215.00
kreisfahrt,235.4,56.65,9,2272,3216.58
kreisfahrt,235.5,56.65,9,2272,3218.15
kreisfahrt,235.6,56.65,9,2272,3219.73
kreisfahrt,235.7,56.65,9,2272,3221.30
kreisfahrt,235.8,56.65,9,2272,3222.88
kreisfahrt,235.9,56.65,9,2272,3224.45
kreisfahrt,236.0,56.65,9,2272,3226.03
kreisfahrt,236.1,56.65,9,2272,3227.60
kreisfahrt,236.2,56.65,9,2272,3229.18
kreisfahrt,236.3,56.65,9,2272,3230.75
kreisfahrt,236.4,56.65,9,2272,3232.33
kreisfahrt,236.5,56.65,9,2272,3233.90
kreisfahrt,236.6,56.65,9,2272,3235.48
kreisfahrt,236.7,56.65,9,2272,3237.05
kreisfahrt,236.8,56.65,9,2272,3238.63
kreisfahrt,236.9,56.65,9,2272,3240.20
kreisfahrt,237.0,56.65,9,2272,3241.78
kreisfahrt,237.1,56.65,9,2272,3243.35
kreisfahrt,237.2,56.65,9,2272,3244.93
kreisfahrt,237.3,56.65,9,2272,3246.50
kreisfahrt,237.4,56.65,9,2272,3248.08
kreisfahrt,237.5,56.65,9,2272,3249.65
kreisfahrt,237.6,56.65,9,2272,3251.23
kreisfahrt,237.7,56.65,9,2272,3252.80
kreisfahrt,237.8,56.65,9,2272,3254.38
kreisfahrt,237.9,56.65,9,2272,3255.95
kreisfahrt,238.0,56.65,9,2272,3257.52
kreisfahrt,238.1,56.65,9,2272,3259.10
kreisfahrt,238.2,56.65,9,2272,3260.67
kreisfahrt,238.3,56.65,9,2272,3262.25
kreisfahrt,238.4,56.65,9,2272,3263.82
kreisfahrt,238.5,56.65,9,2272,3265.40
kreisfahrt,238.6,56.65,9,2272,3266.97
kreisfahrt,238.7,56.65,9,2272,3268.55
kreisfahrt,238.8,56.65,9,2272,3270.12
kreisfahrt,238.9,56.65,9,2272,3271.70
kreisfahrt,239.0,56.65,9,2272,3273.27
kreisfahrt,239.1,56.65,9,2272,3274.85
kreisfahrt,239.2,56.65,9,2272,3276.42
kreisfahrt,239.3,56.65,9,2272,3278.00
kreisfahrt,239.4,56.65,9,2272,3279.57
kreisfahrt,239.5,56.65,9,2272,3281.15
kreisfahrt,239.6,56.65,9,2272,3282.72
kreisfahrt,239.7,56.65,9,2272,3284.30
kreisfahrt,239.8,56.65,9,2272,3285.87
kreisfahrt,239.9,56.65,9,2272,3287.45
kreisfahrt,240.0,56.65,9,2272,3289.02
