test,t_s,kmh,gang,drehzahl,strecke_m
beschleunigung,0.0,0.00,1,0,0.00
beschleunigung,0.1,0.70,1,990,0.01
beschleunigung,0.2,1.39,1,990,0.04
beschleunigung,0.3,2.08,1,990,0.09
beschleunigung,0.4,2.77,1,990,0.16
beschleunigung,0.5,3.46,1,990,0.24
beschleunigung,0.6,4.15,1,990,0.35
beschleunigung,0.7,4.84,1,990,0.48
beschleunigung,0.8,5.53,1,990,0.62
beschleunigung,0.9,6.22,1,1056,0.79
beschleunigung,1.0,6.91,1,1174,0.97
beschleunigung,1.1,7.60,1,1293,1.17
beschleunigung,1.2,8.29,1,1411,1.39
beschleunigung,1.3,8.98,1,1529,1.63
beschleunigung,1.4,9.67,1,1647,1.89
beschleunigung,1.5,10.34,1,1762,2.17
beschleunigung,1.6,10.96,1,1870,2.47
beschleunigung,1.7,11.55,1,1972,2.78
beschleunigung,1.8,12.11,1,2068,3.11
beschleunigung,1.9,12.60,2,1391,3.46
beschleunigung,2.0,12.99,2,1435,3.81
beschleunigung,2.1,13.39,2,1478,4.18
beschleunigung,2.2,13.79,2,1522,4.56
beschleunigung,2.3,14.18,2,1566,4.94
beschleunigung,2.4,14.59,2,1611,5.34
beschleunigung,2.5,15.03,2,1660,5.76
beschleunigung,2.6,15.46,2,1708,6.18
beschleunigung,2.7,15.88,2,1754,6.62
beschleunigung,2.8,16.29,2,1800,7.06
beschleunigung,2.9,16.69,2,1844,7.52
beschleunigung,3.0,17.08,2,1887,7.99
beschleunigung,3.1,17.46,2,1929,8.47
beschleunigung,3.2,17.83,2,1970,8.96
beschleunigung,3.3,18.19,2,2010,9.46
beschleunigung,3.4,18.55,2,2049,9.97
beschleunigung,3.5,18.89,2,2088,10.49
beschleunigung,3.6,19.22,2,2124,11.02
beschleunigung,3.7,19.49,3,1395,11.56
beschleunigung,3.8,19.73,3,1413,12.11
beschleunigung,3.9,19.98,3,1431,12.66
beschleunigung,4.0,20.23,3,1448,13.22
beschleunigung,4.1,20.48,3,1466,13.78
beschleunigung,4.2,20.78,3,1487,14.36
beschleunigung,4.3,21.11,3,1511,14.94
beschleunigung,4.4,21.43,3,1534,15.53
beschleunigung,4.5,21.76,3,1558,16.13
beschleunigung,4.6,22.09,3,1581,16.74
beschleunigung,4.7,22.41,3,1604,17.36
beschleunigung,4.8,22.74,3,1628,17.99
beschleunigung,4.9,23.06,3,1651,18.62
beschleunigung,5.0,23.39,3,1674,19.27
beschleunigung,5.1,23.71,3,1697,19.92
beschleunigung,5.2,24.02,3,1720,20.59
beschleunigung,5.3,24.33,3,1742,21.26
beschleunigung,5.4,24.64,3,1764,21.94
beschleunigung,5.5,24.94,3,1786,22.63
beschleunigung,5.6,25.24,3,1807,23.32
beschleunigung,5.7,25.53,3,1828,24.03
beschleunigung,5.8,25.82,3,1849,24.74
beschleunigung,5.9,26.11,3,1870,25.46
beschleunigung,6.0,26.39,3,1890,26.19
beschleunigung,6.1,26.68,3,1910,26.93
beschleunigung,6.2,26.95,3,1930,27.68
beschleunigung,6.3,27.23,3,1950,28.43
beschleunigung,6.4,27.50,3,1969,29.19
beschleunigung,6.5,27.77,3,1988,29.96
beschleunigung,6.6,28.03,3,2007,30.73
beschleunigung,6.7,28.30,3,2026,31.52
beschleunigung,6.8,28.56,3,2045,32.31
beschleunigung,6.9,28.81,3,2063,33.10
beschleunigung,7.0,29.06,3,2081,33.91
beschleunigung,7.1,29.31,3,2099,34.72
beschleunigung,7.2,29.55,3,2116,35.54
beschleunigung,7.3,29.79,3,2134,36.36
beschleunigung,7.4,29.94,4,1390,37.19
beschleunigung,7.5,30.09,4,1397,38.02
beschleunigung,7.6,30.24,4,1404,38.86
beschleunigung,7.7,30.39,4,1411,39.70
beschleunigung,7.8,30.54,4,1418,40.55
beschleunigung,7.9,30.78,4,1429,41.40
beschleunigung,8.0,31.01,4,1440,42.26
beschleunigung,8.1,31.25,4,1451,43.13
beschleunigung,8.2,31.48,4,1462,44.00
beschleunigung,8.3,31.72,4,1473,44.88
beschleunigung,8.4,31.96,4,1484,45.76
beschleunigung,8.5,32.19,4,1495,46.65
beschleunigung,8.6,32.43,4,1506,47.55
beschleunigung,8.7,32.66,4,1517,48.45
beschleunigung,8.8,32.90,4,1527,49.37
beschleunigung,8.9,33.14,4,1538,50.28
beschleunigung,9.0,33.37,4,1549,51.21
beschleunigung,9.1,33.61,4,1560,52.14
beschleunigung,9.2,33.84,4,1571,53.07
beschleunigung,9.3,34.08,4,1582,54.02
beschleunigung,9.4,34.31,4,1593,54.97
beschleunigung,9.5,34.55,4,1604,55.92
beschleunigung,9.6,34.78,4,1615,56.89
beschleunigung,9.7,35.02,4,1626,57.86
beschleunigung,9.8,35.25,4,1637,58.83
beschleunigung,9.9,35.49,4,1648,59.82
beschleunigung,10.0,35.72,4,1659,60.81
beschleunigung,10.1,35.96,4,1670,61.80
beschleunigung,10.2,36.19,4,1680,62.80
beschleunigung,10.3,36.42,4,1691,63.81
beschleunigung,10.4,36.65,4,1702,64.83
beschleunigung,10.5,36.88,4,1712,65.85
beschleunigung,10.6,37.10,4,1723,66.88
beschleunigung,10.7,37.33,4,1733,67.91
beschleunigung,10.8,37.55,4,1743,68.95
beschleunigung,10.9,37.77,4,1754,70.00
beschleunigung,11.0,37.99,4,1764,71.05
beschleunigung,11.1,38.21,4,1774,72.11
beschleunigung,11.2,38.42,4,1784,73.17
beschleunigung,11.3,38.64,4,1794,74.24
beschleunigung,11.4,38.85,4,1804,75.32
beschleunigung,11.5,39.06,4,1814,76.40
beschleunigung,11.6,39.27,4,1824,77.49
beschleunigung,11.7,39.48,4,1833,78.59
beschleunigung,11.8,39.69,4,1843,79.69
beschleunigung,11.9,39.90,4,1853,80.79
beschleunigung,12.0,40.11,4,1862,81.90
beschleunigung,12.1,40.31,4,1872,83.02
beschleunigung,12.2,40.51,4,1881,84.14
beschleunigung,12.3,40.72,4,1891,85.27
beschleunigung,12.4,40.92,4,1900,86.40
beschleunigung,12.5,41.12,4,1909,87.54
beschleunigung,12.6,41.31,4,1919,88.69
beschleunigung,12.7,41.51,4,1928,89.84
beschleunigung,12.8,41.71,4,1937,91.00
beschleunigung,12.9,41.90,4,1946,92.16
beschleunigung,13.0,42.10,4,1955,93.32
beschleunigung,13.1,42.29,4,1964,94.50
beschleunigung,13.2,42.48,4,1973,95.67
beschleunigung,13.3,42.68,4,1982,96.86
beschleunigung,13.4,42.87,4,1991,98.05
beschleunigung,13.5,43.05,4,1999,99.24
beschleunigung,13.6,43.24,4,2008,100.44
beschleunigung,13.7,43.43,4,2017,101.64
beschleunigung,13.8,43.62,4,2026,102.85
beschleunigung,13.9,43.80,4,2034,104.07
beschleunigung,14.0,43.99,4,2043,105.29
beschleunigung,14.1,44.17,4,2051,106.51
beschleunigung,14.2,44.35,4,2060,107.74
beschleunigung,14.3,44.53,4,2068,108.97
beschleunigung,14.4,44.71,4,2076,110.21
beschleunigung,14.5,44.88,4,2084,111.46
beschleunigung,14.6,45.06,4,2092,112.71
beschleunigung,14.7,45.23,4,2101,113.96
beschleunigung,14.8,45.40,4,2109,115.22
beschleunigung,14.9,45.57,4,2116,116.48
beschleunigung,15.0,45.74,4,2124,117.75
beschleunigung,15.1,45.91,4,2132,119.03
beschleunigung,15.2,46.01,5,1393,120.30
beschleunigung,15.3,46.09,5,1395,121.58
beschleunigung,15.4,46.17,5,1398,122.86
beschleunigung,15.5,46.26,5,1400,124.15
beschleunigung,15.6,46.34,5,1403,125.43
beschleunigung,15.7,46.48,5,1407,126.72
beschleunigung,15.8,46.64,5,1411,128.02
beschleunigung,15.9,46.79,5,1416,129.31
beschleunigung,16.0,46.94,5,1421,130.62
beschleunigung,16.1,47.09,5,1425,131.92
beschleunigung,16.2,47.25,5,1430,133.23
beschleunigung,16.3,47.40,5,1435,134.55
beschleunigung,16.4,47.55,5,1439,135.87
beschleunigung,16.5,47.70,5,1444,137.19
beschleunigung,16.6,47.85,5,1448,138.52
beschleunigung,16.7,48.01,5,1453,139.85
beschleunigung,16.8,48.16,5,1458,141.18
beschleunigung,16.9,48.31,5,1462,142.52
beschleunigung,17.0,48.46,5,1467,143.87
beschleunigung,17.1,48.61,5,1471,145.22
beschleunigung,17.2,48.76,5,1476,146.57
beschleunigung,17.3,48.92,5,1480,147.93
beschleunigung,17.4,49.07,5,1485,149.29
beschleunigung,17.5,49.22,5,1490,150.65
beschleunigung,17.6,49.37,5,1494,152.02
beschleunigung,17.7,49.52,5,1499,153.40
beschleunigung,17.8,49.67,5,1503,154.77
beschleunigung,17.9,49.82,5,1508,156.16
beschleunigung,18.0,49.98,5,1513,157.54
vmax,0.0,0.00,1,0,0.00
vmax,0.1,0.42,1,990,0.01
vmax,0.2,0.88,1,990,0.02
vmax,0.3,1.39,1,990,0.06
vmax,0.4,1.94,1,990,0.10
vmax,0.5,2.51,1,990,0.17
vmax,0.6,3.11,1,990,0.24
vmax,0.7,3.73,1,990,0.34
vmax,0.8,4.36,1,990,0.45
vmax,0.9,5.00,1,990,0.58
vmax,1.0,5.66,1,990,0.73
vmax,1.1,6.32,1,1073,0.90
vmax,1.2,6.98,1,1187,1.09
vmax,1.3,7.66,1,1302,1.29
vmax,1.4,8.33,1,1418,1.51
vmax,1.5,9.01,1,1534,1.75
vmax,1.6,9.69,1,1651,2.01
vmax,1.7,10.35,1,1764,2.29
vmax,1.8,10.97,1,1871,2.59
vmax,1.9,11.55,1,1972,2.90
vmax,2.0,12.11,1,2068,3.23
vmax,2.1,12.59,2,1390,3.58
vmax,2.2,12.99,2,1434,3.93
vmax,2.3,13.38,2,1478,4.30
vmax,2.4,13.78,2,1521,4.68
vmax,2.5,14.17,2,1565,5.07
vmax,2.6,14.58,2,1610,5.47
vmax,2.7,15.02,2,1659,5.88
vmax,2.8,15.45,2,1707,6.30
vmax,2.9,15.87,2,1753,6.74
vmax,3.0,16.28,2,1798,7.18
vmax,3.1,16.68,2,1843,7.64
vmax,3.2,17.07,2,1886,8.11
vmax,3.3,17.45,2,1928,8.59
vmax,3.4,17.82,2,1969,9.08
vmax,3.5,18.18,2,2009,9.58
vmax,3.6,18.54,2,2048,10.09
vmax,3.7,18.88,2,2087,10.61
vmax,3.8,19.21,2,2123,11.14
vmax,3.9,19.48,3,1394,11.68
vmax,4.0,19.72,3,1412,12.22
vmax,4.1,19.97,3,1430,12.78
vmax,4.2,20.22,3,1448,13.34
vmax,4.3,20.47,3,1465,13.90
vmax,4.4,20.77,3,1487,14.47
vmax,4.5,21.10,3,1510,15.06
vmax,4.6,21.43,3,1534,15.65
vmax,4.7,21.75,3,1557,16.25
vmax,4.8,22.08,3,1580,16.86
vmax,4.9,22.40,3,1604,17.47
vmax,5.0,22.73,3,1627,18.10
vmax,5.1,23.05,3,1650,18.74
vmax,5.2,23.38,3,1673,19.38
vmax,5.3,23.70,3,1696,20.04
vmax,5.4,24.01,3,1719,20.70
vmax,5.5,24.32,3,1741,21.37
vmax,5.6,24.63,3,1763,22.05
vmax,5.7,24.93,3,1785,22.74
vmax,5.8,25.23,3,1806,23.44
vmax,5.9,25.52,3,1827,24.14
vmax,6.0,25.81,3,1848,24.86
vmax,6.1,26.10,3,1869,25.58
vmax,6.2,26.39,3,1889,26.31
vmax,6.3,26.67,3,1909,27.04
vmax,6.4,26.94,3,1929,27.79
vmax,6.5,27.22,3,1949,28.54
vmax,6.6,27.49,3,1969,29.30
vmax,6.7,27.76,3,1988,30.07
vmax,6.8,28.03,3,2007,30.84
vmax,6.9,28.29,3,2026,31.63
vmax,7.0,28.55,3,2044,32.42
vmax,7.1,28.80,3,2063,33.21
vmax,7.2,29.06,3,2081,34.02
vmax,7.3,29.30,3,2099,34.83
vmax,7.4,29.55,3,2116,35.65
vmax,7.5,29.78,3,2133,36.47
vmax,7.6,29.93,4,1390,37.30
vmax,7.7,30.08,4,1397,38.13
vmax,7.8,30.23,4,1404,38.97
vmax,7.9,30.38,4,1411,39.81
vmax,8.0,30.53,4,1418,40.66
vmax,8.1,30.77,4,1429,41.51
vmax,8.2,31.01,4,1439,42.37
vmax,8.3,31.24,4,1450,43.23
vmax,8.4,31.48,4,1461,44.11
vmax,8.5,31.71,4,1472,44.98
vmax,8.6,31.95,4,1483,45.87
vmax,8.7,32.19,4,1494,46.76
vmax,8.8,32.42,4,1505,47.66
vmax,8.9,32.66,4,1516,48.56
vmax,9.0,32.89,4,1527,49.47
vmax,9.1,33.13,4,1538,50.39
vmax,9.2,33.36,4,1549,51.31
vmax,9.3,33.60,4,1560,52.24
vmax,9.4,33.84,4,1571,53.18
vmax,9.5,34.07,4,1582,54.12
vmax,9.6,34.31,4,1593,55.07
vmax,9.7,34.54,4,1604,56.03
vmax,9.8,34.78,4,1615,56.99
vmax,9.9,35.01,4,1626,57.96
vmax,10.0,35.25,4,1637,58.94
vmax,10.1,35.48,4,1648,59.92
vmax,10.2,35.72,4,1658,60.91
vmax,10.3,35.95,4,1669,61.91
vmax,10.4,36.18,4,1680,62.91
vmax,10.5,36.41,4,1691,63.92
vmax,10.6,36.64,4,1701,64.93
vmax,10.7,36.87,4,1712,65.95
vmax,10.8,37.10,4,1722,66.98
vmax,10.9,37.32,4,1733,68.01
vmax,11.0,37.54,4,1743,69.05
vmax,11.1,37.76,4,1753,70.10
vmax,11.2,37.98,4,1764,71.15
vmax,11.3,38.20,4,1774,72.21
vmax,11.4,38.42,4,1784,73.28
vmax,11.5,38.63,4,1794,74.35
vmax,11.6,38.84,4,1804,75.42
vmax,11.7,39.06,4,1814,76.50
vmax,11.8,39.27,4,1823,77.59
vmax,11.9,39.48,4,1833,78.69
vmax,12.0,39.69,4,1843,79.79
vmax,12.1,39.89,4,1852,80.89
vmax,12.2,40.10,4,1862,82.00
vmax,12.3,40.30,4,1872,83.12
vmax,12.4,40.51,4,1881,84.24
vmax,12.5,40.71,4,1890,85.37
vmax,12.6,40.91,4,1900,86.50
vmax,12.7,41.11,4,1909,87.64
vmax,12.8,41.31,4,1918,88.79
vmax,12.9,41.51,4,1927,89.94
vmax,13.0,41.70,4,1937,91.10
vmax,13.1,41.90,4,1946,92.26
vmax,13.2,42.09,4,1955,93.42
vmax,13.3,42.29,4,1964,94.60
vmax,13.4,42.48,4,1973,95.77
vmax,13.5,42.67,4,1982,96.96
vmax,13.6,42.86,4,1990,98.14
vmax,13.7,43.05,4,1999,99.34
vmax,13.8,43.24,4,2008,100.54
vmax,13.9,43.42,4,2017,101.74
vmax,14.0,43.61,4,2025,102.95
vmax,14.1,43.80,4,2034,104.16
vmax,14.2,43.98,4,2042,105.38
vmax,14.3,44.16,4,2051,106.61
vmax,14.4,44.34,4,2059,107.84
vmax,14.5,44.52,4,2068,109.07
vmax,14.6,44.70,4,2076,110.31
vmax,14.7,44.88,4,2084,111.55
vmax,14.8,45.05,4,2092,112.80
vmax,14.9,45.22,4,2100,114.06
vmax,15.0,45.40,4,2108,115.32
vmax,15.1,45.57,4,2116,116.58
vmax,15.2,45.74,4,2124,117.85
vmax,15.3,45.90,4,2132,119.12
vmax,15.4,46.01,5,1393,120.40
vmax,15.5,46.09,5,1395,121.68
vmax,15.6,46.18,5,1398,122.96
vmax,15.7,46.26,5,1400,124.24
vmax,15.8,46.35,5,1403,125.53
vmax,15.9,46.48,5,1407,126.82
vmax,16.0,46.63,5,1411,128.11
vmax,16.1,46.79,5,1416,129.41
vmax,16.2,46.94,5,1421,130.71
vmax,16.3,47.09,5,1425,132.02
vmax,16.4,47.24,5,1430,133.33
vmax,16.5,47.39,5,1434,134.64
vmax,16.6,47.55,5,1439,135.96
vmax,16.7,47.70,5,1444,137.28
vmax,16.8,47.85,5,1448,138.61
vmax,16.9,48.00,5,1453,139.94
vmax,17.0,48.15,5,1457,141.28
vmax,17.1,48.31,5,1462,142.62
vmax,17.2,48.46,5,1467,143.96
vmax,17.3,48.61,5,1471,145.31
vmax,17.4,48.76,5,1476,146.66
vmax,17.5,48.91,5,1480,148.02
vmax,17.6,49.06,5,1485,149.38
vmax,17.7,49.21,5,1490,150.75
vmax,17.8,49.37,5,1494,152.12
vmax,17.9,49.52,5,1499,153.49
vmax,18.0,49.67,5,1503,154.87
vmax,18.1,49.82,5,1508,156.25
vmax,18.2,49.97,5,1512,157.64
vmax,18.3,50.12,5,1517,159.03
vmax,18.4,50.27,5,1522,160.42
vmax,18.5,50.43,5,1526,161.82
vmax,18.6,50.58,5,1531,163.22
vmax,18.7,50.73,5,1535,164.63
vmax,18.8,50.88,5,1540,166.04
vmax,18.9,51.03,5,1544,167.46
vmax,19.0,51.18,5,1549,168.88
vmax,19.1,51.33,5,1554,170.30
vmax,19.2,51.48,5,1558,171.73
vmax,19.3,51.63,5,1563,173.16
vmax,19.4,51.78,5,1567,174.60
vmax,19.5,51.93,5,1572,176.04
vmax,19.6,52.08,5,1576,177.48
vmax,19.7,52.24,5,1581,178.93
vmax,19.8,52.39,5,1586,180.38
vmax,19.9,52.54,5,1590,181.84
vmax,20.0,52.69,5,1595,183.30
vmax,20.1,52.84,5,1599,184.77
vmax,20.2,52.99,5,1604,186.24
vmax,20.3,53.14,5,1608,187.71
vmax,20.4,53.29,5,1613,189.19
vmax,20.5,53.44,5,1617,190.67
vmax,20.6,53.59,5,1622,192.16
vmax,20.7,53.74,5,1626,193.65
vmax,20.8,53.89,5,1631,195.15
vmax,20.9,54.04,5,1636,196.65
vmax,21.0,54.19,5,1640,198.15
vmax,21.1,54.34,5,1645,199.66
vmax,21.2,54.49,5,1649,201.17
vmax,21.3,54.64,5,1654,202.68
vmax,21.4,54.79,5,1658,204.20
vmax,21.5,54.93,5,1663,205.73
vmax,21.6,55.08,5,1667,207.26
vmax,21.7,55.23,5,1672,208.79
vmax,21.8,55.38,5,1676,210.33
vmax,21.9,55.53,5,1681,211.87
vmax,22.0,55.67,5,1685,213.41
vmax,22.1,55.82,5,1689,214.96
vmax,22.2,55.96,5,1694,216.51
vmax,22.3,56.11,5,1698,218.07
vmax,22.4,56.25,5,1703,219.63
vmax,22.5,56.40,5,1707,221.19
vmax,22.6,56.54,5,1711,222.76
vmax,22.7,56.68,5,1716,224.34
vmax,22.8,56.82,5,1720,225.91
vmax,22.9,56.97,5,1724,227.49
vmax,23.0,57.11,5,1729,229.08
vmax,23.1,57.25,5,1733,230.67
vmax,23.2,57.39,5,1737,232.26
vmax,23.3,57.53,5,1741,233.85
vmax,23.4,57.67,5,1746,235.45
vmax,23.5,57.81,5,1750,237.06
vmax,23.6,57.95,5,1754,238.67
vmax,23.7,58.08,5,1758,240.28
vmax,23.8,58.22,5,1762,241.89
vmax,23.9,58.36,5,1766,243.51
vmax,24.0,58.50,5,1771,245.14
vmax,24.1,58.63,5,1775,246.76
vmax,24.2,58.77,5,1779,248.39
vmax,24.3,58.90,5,1783,250.03
vmax,24.4,59.04,5,1787,251.67
vmax,24.5,59.17,5,1791,253.31
vmax,24.6,59.31,5,1795,254.95
vmax,24.7,59.44,5,1799,256.60
vmax,24.8,59.57,5,1803,258.26
vmax,24.9,59.71,5,1807,259.91
vmax,25.0,59.84,5,1811,261.57
vmax,25.1,59.97,5,1815,263.24
vmax,25.2,60.10,5,1819,264.91
vmax,25.3,60.23,5,1823,266.58
vmax,25.4,60.36,5,1827,268.25
vmax,25.5,60.49,5,1831,269.93
vmax,25.6,60.62,5,1835,271.61
vmax,25.7,60.75,5,1839,273.30
vmax,25.8,60.88,5,1843,274.99
vmax,25.9,61.01,5,1847,276.68
vmax,26.0,61.14,5,1851,278.38
vmax,26.1,61.27,5,1855,280.08
vmax,26.2,61.40,5,1858,281.78
vmax,26.3,61.52,5,1862,283.49
vmax,26.4,61.65,5,1866,285.20
vmax,26.5,61.78,5,1870,286.92
vmax,26.6,61.90,5,1874,288.63
vmax,26.7,62.03,5,1878,290.35
vmax,26.8,62.15,5,1881,292.08
vmax,26.9,62.28,5,1885,293.81
vmax,27.0,62.40,5,1889,295.54
vmax,27.1,62.53,5,1893,297.28
vmax,27.2,62.65,5,1896,299.01
vmax,27.3,62.77,5,1900,300.76
vmax,27.4,62.90,5,1904,302.50
vmax,27.5,63.02,5,1908,304.25
vmax,27.6,63.14,5,1911,306.00
vmax,27.7,63.26,5,1915,307.76
vmax,27.8,63.39,5,1919,309.52
vmax,27.9,63.51,5,1922,311.28
vmax,28.0,63.63,5,1926,313.05
vmax,28.1,63.75,5,1930,314.82
vmax,28.2,63.87,5,1933,316.59
vmax,28.3,63.99,5,1937,318.36
vmax,28.4,64.11,5,1941,320.14
vmax,28.5,64.23,5,1944,321.93
vmax,28.6,64.35,5,1948,323.71
vmax,28.7,64.47,5,1951,325.50
vmax,28.8,64.58,5,1955,327.29
vmax,28.9,64.70,5,1959,329.09
vmax,29.0,64.82,5,1962,330.89
vmax,29.1,64.94,5,1966,332.69
vmax,29.2,65.05,5,1969,334.50
vmax,29.3,65.17,5,1973,336.31
vmax,29.4,65.29,5,1976,338.12
vmax,29.5,65.40,5,1980,339.93
vmax,29.6,65.52,5,1983,341.75
vmax,29.7,65.63,5,1987,343.57
vmax,29.8,65.75,5,1990,345.40
vmax,29.9,65.86,5,1994,347.23
vmax,30.0,65.98,5,1997,349.06
vmax,30.1,66.09,5,2001,350.89
vmax,30.2,66.21,5,2004,352.73
vmax,30.3,66.32,5,2008,354.57
vmax,30.4,66.43,5,2011,356.41
vmax,30.5,66.55,5,2014,358.26
vmax,30.6,66.66,5,2018,360.11
vmax,30.7,66.77,5,2021,361.96
vmax,30.8,66.88,5,2025,363.82
vmax,30.9,67.00,5,2028,365.68
vmax,31.0,67.11,5,2031,367.54
vmax,31.1,67.22,5,2035,369.41
vmax,31.2,67.33,5,2038,371.28
vmax,31.3,67.44,5,2041,373.15
vmax,31.4,67.55,5,2045,375.02
vmax,31.5,67.66,5,2048,376.90
vmax,31.6,67.77,5,2051,378.78
vmax,31.7,67.88,5,2055,380.67
vmax,31.8,67.98,5,2058,382.55
vmax,31.9,68.09,5,2061,384.45
vmax,32.0,68.20,5,2064,386.34
vmax,32.1,68.30,5,2068,388.23
vmax,32.2,68.41,5,2071,390.13
vmax,32.3,68.52,5,2074,392.03
vmax,32.4,68.62,5,2077,393.94
vmax,32.5,68.73,5,2080,395.85
vmax,32.6,68.83,5,2084,397.76
vmax,32.7,68.93,5,2087,399.67
vmax,32.8,69.04,5,2090,401.59
vmax,32.9,69.14,5,2093,403.51
vmax,33.0,69.24,5,2096,405.43
vmax,33.1,69.35,5,2099,407.35
vmax,33.2,69.45,5,2102,409.28
vmax,33.3,69.55,5,2105,411.21
vmax,33.4,69.65,5,2108,413.15
vmax,33.5,69.75,5,2111,415.08
vmax,33.6,69.85,5,2114,417.02
vmax,33.7,69.95,5,2117,418.96
vmax,33.8,70.05,5,2120,420.91
vmax,33.9,70.15,5,2123,422.85
vmax,34.0,70.25,5,2126,424.80
vmax,34.1,70.34,5,2129,426.76
vmax,34.2,70.44,5,2132,428.71
vmax,34.3,70.51,6,1474,430.67
vmax,34.4,70.55,6,1474,432.63
vmax,34.5,70.59,6,1475,434.59
vmax,34.6,70.63,6,1476,436.55
vmax,34.7,70.67,6,1477,438.51
vmax,34.8,70.73,6,1478,440.48
vmax,34.9,70.82,6,1480,442.44
vmax,35.0,70.91,6,1482,444.41
vmax,35.1,71.00,6,1484,446.38
vmax,35.2,71.09,6,1486,448.36
vmax,35.3,71.18,6,1487,450.33
vmax,35.4,71.27,6,1489,452.31
vmax,35.5,71.36,6,1491,454.29
vmax,35.6,71.45,6,1493,456.28
vmax,35.7,71.54,6,1495,458.26
vmax,35.8,71.63,6,1497,460.25
vmax,35.9,71.71,6,1499,462.24
vmax,36.0,71.80,6,1501,464.24
vmax,36.1,71.89,6,1502,466.23
vmax,36.2,71.98,6,1504,468.23
vmax,36.3,72.07,6,1506,470.23
vmax,36.4,72.16,6,1508,472.23
vmax,36.5,72.25,6,1510,474.24
vmax,36.6,72.34,6,1512,476.25
vmax,36.7,72.43,6,1514,478.26
vmax,36.8,72.52,6,1515,480.27
vmax,36.9,72.60,6,1517,482.29
vmax,37.0,72.69,6,1519,484.31
vmax,37.1,72.78,6,1521,486.33
vmax,37.2,72.87,6,1523,488.35
vmax,37.3,72.96,6,1525,490.37
vmax,37.4,73.05,6,1527,492.40
vmax,37.5,73.14,6,1528,494.43
vmax,37.6,73.23,6,1530,496.47
vmax,37.7,73.31,6,1532,498.50
vmax,37.8,73.40,6,1534,500.54
vmax,37.9,73.49,6,1536,502.58
vmax,38.0,73.58,6,1538,504.62
vmax,38.1,73.67,6,1539,506.67
vmax,38.2,73.76,6,1541,508.72
vmax,38.3,73.84,6,1543,510.77
vmax,38.4,73.93,6,1545,512.82
vmax,38.5,74.02,6,1547,514.87
vmax,38.6,74.11,6,1549,516.93
vmax,38.7,74.20,6,1551,518.99
vmax,38.8,74.28,6,1552,521.05
vmax,38.9,74.37,6,1554,523.12
vmax,39.0,74.46,6,1556,525.18
vmax,39.1,74.55,6,1558,527.25
vmax,39.2,74.64,6,1560,529.33
vmax,39.3,74.72,6,1562,531.40
vmax,39.4,74.81,6,1563,533.48
vmax,39.5,74.90,6,1565,535.56
vmax,39.6,74.99,6,1567,537.64
vmax,39.7,75.07,6,1569,539.72
vmax,39.8,75.16,6,1571,541.81
vmax,39.9,75.25,6,1573,543.90
vmax,40.0,75.34,6,1574,545.99
vmax,40.1,75.42,6,1576,548.08
vmax,40.2,75.51,6,1578,550.18
vmax,40.3,75.60,6,1580,552.28
vmax,40.4,75.69,6,1582,554.38
vmax,40.5,75.77,6,1584,556.48
vmax,40.6,75.86,6,1585,558.59
vmax,40.7,75.95,6,1587,560.70
vmax,40.8,76.04,6,1589,562.81
vmax,40.9,76.12,6,1591,564.92
vmax,41.0,76.21,6,1593,567.04
vmax,41.1,76.30,6,1594,569.16
vmax,41.2,76.38,6,1596,571.28
vmax,41.3,76.47,6,1598,573.40
vmax,41.4,76.56,6,1600,575.53
vmax,41.5,76.64,6,1602,577.65
vmax,41.6,76.73,6,1604,579.79
vmax,41.7,76.82,6,1605,581.92
vmax,41.8,76.90,6,1607,584.05
vmax,41.9,76.99,6,1609,586.19
vmax,42.0,77.08,6,1611,588.33
vmax,42.1,77.16,6,1613,590.47
vmax,42.2,77.25,6,1614,592.62
vmax,42.3,77.34,6,1616,594.76
vmax,42.4,77.42,6,1618,596.91
vmax,42.5,77.51,6,1620,599.07
vmax,42.6,77.60,6,1622,601.22
vmax,42.7,77.68,6,1623,603.38
vmax,42.8,77.77,6,1625,605.54
vmax,42.9,77.86,6,1627,607.70
vmax,43.0,77.94,6,1629,609.86
vmax,43.1,78.03,6,1631,612.03
vmax,43.2,78.11,6,1632,614.20
vmax,43.3,78.20,6,1634,616.37
vmax,43.4,78.28,6,1636,618.54
vmax,43.5,78.36,6,1638,620.72
vmax,43.6,78.43,6,1639,622.90
vmax,43.7,78.50,6,1641,625.07
vmax,43.8,78.56,6,1642,627.26
vmax,43.9,78.62,6,1643,629.44
vmax,44.0,78.67,6,1644,631.62
vmax,44.1,78.72,6,1645,633.81
vmax,44.2,78.77,6,1646,636.00
vmax,44.3,78.81,6,1647,638.19
vmax,44.4,78.85,6,1648,640.38
vmax,44.5,78.89,6,1649,642.57
vmax,44.6,78.93,6,1650,644.76
vmax,44.7,78.96,6,1650,646.95
vmax,44.8,78.99,6,1651,649.15
vmax,44.9,79.02,6,1651,651.34
vmax,45.0,79.04,6,1652,653.54
vmax,45.1,79.07,6,1652,655.73
vmax,45.2,79.09,6,1653,657.93
vmax,45.3,79.11,6,1653,660.13
vmax,45.4,79.13,6,1654,662.32
vmax,45.5,79.15,6,1654,664.52
vmax,45.6,79.17,6,1655,666.72
vmax,45.7,79.18,6,1655,668.92
vmax,45.8,79.20,6,1655,671.12
vmax,45.9,79.21,6,1655,673.32
vmax,46.0,79.22,6,1656,675.52
vmax,46.1,79.23,6,1656,677.72
vmax,46.2,79.25,6,1656,679.92
vmax,46.3,79.26,6,1656,682.12
vmax,46.4,79.26,6,1657,684.33
vmax,46.5,79.27,6,1657,686.53
vmax,46.6,79.28,6,1657,688.73
vmax,46.7,79.29,6,1657,690.93
vmax,46.8,79.30,6,1657,693.13
vmax,46.9,79.30,6,1657,695.34
vmax,47.0,79.31,6,1658,697.54
vmax,47.1,79.31,6,1658,699.74
vmax,47.2,79.32,6,1658,701.95
vmax,47.3,79.32,6,1658,704.15
vmax,47.4,79.33,6,1658,706.35
vmax,47.5,79.33,6,1658,708.56
vmax,47.6,79.34,6,1658,710.76
vmax,47.7,79.34,6,1658,712.97
vmax,47.8,79.34,6,1658,715.17
vmax,47.9,79.35,6,1658,717.37
vmax,48.0,79.35,6,1658,719.58
vmax,48.1,79.35,6,1658,721.78
vmax,48.2,79.36,6,1659,723.99
vmax,48.3,79.36,6,1659,726.19
vmax,48.4,79.36,6,1659,728.39
vmax,48.5,79.36,6,1659,730.60
vmax,48.6,79.36,6,1659,732.80
vmax,48.7,79.37,6,1659,735.01
vmax,48.8,79.37,6,1659,737.21
vmax,48.9,79.37,6,1659,739.42
vmax,49.0,79.37,6,1659,741.62
vmax,49.1,79.37,6,1659,743.83
vmax,49.2,79.37,6,1659,746.03
vmax,49.3,79.37,6,1659,748.24
vmax,49.4,79.38,6,1659,750.44
vmax,49.5,79.38,6,1659,752.65
vmax,49.6,79.38,6,1659,754.85
vmax,49.7,79.38,6,1659,757.06
vmax,49.8,79.38,6,1659,759.26
vmax,49.9,79.38,6,1659,761.47
vmax,50.0,79.38,6,1659,763.67
vmax,50.1,79.38,6,1659,765.88
vmax,50.2,79.38,6,1659,768.08
vmax,50.3,79.38,6,1659,770.29
vmax,50.4,79.38,6,1659,772.49
vmax,50.5,79.38,6,1659,774.70
vmax,50.6,79.38,6,1659,776.90
vmax,50.7,79.38,6,1659,779.11
vmax,50.8,79.38,6,1659,781.31
vmax,50.9,79.39,6,1659,783.52
vmax,51.0,79.39,6,1659,785.72
vmax,51.1,79.39,6,1659,787.93
vmax,51.2,79.39,6,1659,790.13
vmax,51.3,79.39,6,1659,792.34
vmax,51.4,79.39,6,1659,794.54
vmax,51.5,79.39,6,1659,796.75
vmax,51.6,79.39,6,1659,798.95
bremsen_50,0.0,50.00,6,0,0.00
bremsen_50,0.1,49.62,6,1038,1.38
bremsen_50,0.2,49.00,6,1025,2.75
bremsen_50,0.3,48.14,6,1008,4.10
bremsen_50,0.4,47.03,6,985,5.42
bremsen_50,0.5,45.71,6,958,6.71
bremsen_50,0.6,44.37,6,930,7.96
bremsen_50,0.7,43.03,6,902,9.17
bremsen_50,0.8,41.69,6,874,10.35
bremsen_50,0.9,40.35,6,846,11.49
bremsen_50,1.0,39.01,6,818,12.59
bremsen_50,1.1,37.68,6,790,13.65
bremsen_50,1.2,36.34,6,762,14.68
bremsen_50,1.3,35.00,6,734,15.67
bremsen_50,1.4,33.66,6,706,16.62
bremsen_50,1.5,32.32,6,678,17.53
bremsen_50,1.6,30.99,6,650,18.41
bremsen_50,1.7,29.65,6,622,19.25
bremsen_50,1.8,28.28,5,860,20.05
bremsen_50,1.9,26.91,5,818,20.82
bremsen_50,2.0,25.54,5,777,21.55
bremsen_50,2.1,24.17,5,735,22.23
bremsen_50,2.2,22.80,5,694,22.89
bremsen_50,2.3,21.43,5,652,23.50
bremsen_50,2.4,20.05,4,937,24.07
bremsen_50,2.5,18.65,4,872,24.61
bremsen_50,2.6,17.24,4,806,25.11
bremsen_50,2.7,15.84,4,741,25.56
bremsen_50,2.8,14.43,4,676,25.98
bremsen_50,2.9,13.02,3,942,26.36
bremsen_50,3.0,11.58,3,839,26.70
bremsen_50,3.1,10.14,3,735,27.00
bremsen_50,3.2,8.70,3,632,27.26
bremsen_50,3.3,7.23,2,814,27.48
bremsen_50,3.4,5.76,2,651,27.66
bremsen_50,3.5,4.27,1,754,27.80
bremsen_50,3.6,2.96,1,523,27.90
bremsen_50,3.7,1.83,1,500,27.96
bremsen_50,3.8,0.71,1,500,27.99
bremsen_50,3.9,0.00,1,500,28.00
kreisfahrt,0.0,18.00,1,0,0.00
kreisfahrt,0.1,17.57,2,1949,0.49
kreisfahrt,0.2,17.50,2,1938,0.98
kreisfahrt,0.3,17.49,2,1936,1.47
kreisfahrt,0.4,17.48,2,1935,1.95
kreisfahrt,0.5,17.47,2,1934,2.44
kreisfahrt,0.6,17.46,3,1252,2.92
kreisfahrt,0.7,17.45,3,1251,3.41
kreisfahrt,0.8,17.45,3,1250,3.89
kreisfahrt,0.9,17.44,3,1250,4.38
kreisfahrt,1.0,17.43,3,1249,4.86
kreisfahrt,1.1,17.44,3,1250,5.35
kreisfahrt,1.2,17.45,3,1251,5.83
kreisfahrt,1.3,17.46,3,1251,6.32
kreisfahrt,1.4,17.48,3,1252,6.80
kreisfahrt,1.5,17.49,3,1253,7.29
kreisfahrt,1.6,17.51,3,1255,7.78
kreisfahrt,1.7,17.53,3,1256,8.26
kreisfahrt,1.8,17.55,3,1257,8.75
kreisfahrt,1.9,17.57,3,1259,9.24
kreisfahrt,2.0,17.60,3,1261,9.73
kreisfahrt,2.1,17.62,3,1263,10.22
kreisfahrt,2.2,17.65,3,1265,10.71
kreisfahrt,2.3,17.68,3,1267,11.20
kreisfahrt,2.4,17.71,3,1269,11.69
kreisfahrt,2.5,17.75,3,1272,12.18
kreisfahrt,2.6,17.78,3,1274,12.68
kreisfahrt,2.7,17.82,3,1277,13.17
kreisfahrt,2.8,17.86,3,1280,13.67
kreisfahrt,2.9,17.90,3,1283,14.17
kreisfahrt,3.0,17.95,3,1286,14.66
kreisfahrt,3.1,17.99,3,1289,15.16
kreisfahrt,3.2,18.04,3,1292,15.66
kreisfahrt,3.3,18.09,3,1296,16.17
kreisfahrt,3.4,18.13,3,1299,16.67
kreisfahrt,3.5,18.19,3,1303,17.17
kreisfahrt,3.6,18.24,3,1307,17.68
kreisfahrt,3.7,18.29,3,1310,18.19
kreisfahrt,3.8,18.34,3,1314,18.70
kreisfahrt,3.9,18.40,3,1318,19.21
kreisfahrt,4.0,18.46,3,1322,19.72
kreisfahrt,4.1,18.51,3,1327,20.23
kreisfahrt,4.2,18.57,3,1331,20.75
kreisfahrt,4.3,18.63,3,1335,21.27
kreisfahrt,4.4,18.69,3,1339,21.79
kreisfahrt,4.5,18.76,3,1344,22.31
kreisfahrt,4.6,18.82,3,1348,22.83
kreisfahrt,4.7,18.88,3,1353,23.35
kreisfahrt,4.8,18.95,3,1357,23.88
kreisfahrt,4.9,19.01,3,1362,24.41
kreisfahrt,5.0,19.08,3,1367,24.94
kreisfahrt,5.1,19.14,3,1371,25.47
kreisfahrt,5.2,19.21,3,1376,26.00
kreisfahrt,5.3,19.28,3,1381,26.54
kreisfahrt,5.4,19.34,3,1386,27.07
kreisfahrt,5.5,19.41,3,1391,27.61
kreisfahrt,5.6,19.48,3,1396,28.15
kreisfahrt,5.7,19.55,3,1401,28.69
kreisfahrt,5.8,19.62,3,1406,29.24
kreisfahrt,5.9,19.69,3,1411,29.79
kreisfahrt,6.0,19.76,3,1416,30.33
kreisfahrt,6.1,19.83,3,1421,30.88
kreisfahrt,6.2,19.90,3,1426,31.44
kreisfahrt,6.3,19.97,3,1431,31.99
kreisfahrt,6.4,20.04,3,1436,32.55
kreisfahrt,6.5,20.11,3,1441,33.10
kreisfahrt,6.6,20.18,3,1446,33.66
kreisfahrt,6.7,20.25,3,1451,34.23
kreisfahrt,6.8,20.32,3,1456,34.79
kreisfahrt,6.9,20.39,3,1461,35.36
kreisfahrt,7.0,20.46,3,1466,35.92
kreisfahrt,7.1,20.53,3,1471,36.49
kreisfahrt,7.2,20.60,3,1476,37.06
kreisfahrt,7.3,20.66,3,1481,37.64
kreisfahrt,7.4,20.73,3,1485,38.21
kreisfahrt,7.5,20.80,3,1490,38.79
kreisfahrt,7.6,20.87,3,1495,39.37
kreisfahrt,7.7,20.94,3,1500,39.95
kreisfahrt,7.8,21.00,3,1505,40.53
kreisfahrt,7.9,21.07,3,1510,41.12
kreisfahrt,8.0,21.14,3,1515,41.71
kreisfahrt,8.1,21.21,3,1519,42.29
kreisfahrt,8.2,21.27,3,1524,42.89
kreisfahrt,8.3,21.34,3,1529,43.48
kreisfahrt,8.4,21.40,3,1533,44.07
kreisfahrt,8.5,21.47,3,1538,44.67
kreisfahrt,8.6,21.53,3,1543,45.26
kreisfahrt,8.7,21.59,3,1547,45.86
kreisfahrt,8.8,21.66,3,1552,46.47
kreisfahrt,8.9,21.72,3,1556,47.07
kreisfahrt,9.0,21.78,3,1561,47.67
kreisfahrt,9.1,21.84,3,1565,48.28
kreisfahrt,9.2,21.90,3,1569,48.89
kreisfahrt,9.3,21.96,3,1574,49.50
kreisfahrt,9.4,22.02,3,1578,50.11
kreisfahrt,9.5,22.08,3,1582,50.72
kreisfahrt,9.6,22.14,3,1587,51.34
kreisfahrt,9.7,22.20,3,1591,51.95
kreisfahrt,9.8,22.22,4,1032,52.57
kreisfahrt,9.9,22.23,4,1033,53.19
kreisfahrt,10.0,22.25,4,1033,53.81
kreisfahrt,10.1,22.26,4,1034,54.42
kreisfahrt,10.2,22.28,4,1035,55.04
kreisfahrt,10.3,22.31,4,1036,55.66
kreisfahrt,10.4,22.35,4,1038,56.28
kreisfahrt,10.5,22.39,4,1040,56.91
kreisfahrt,10.6,22.43,4,1042,57.53
kreisfahrt,10.7,22.47,4,1044,58.15
kreisfahrt,10.8,22.51,4,1045,58.78
kreisfahrt,10.9,22.55,4,1047,59.40
kreisfahrt,11.0,22.59,4,1049,60.03
kreisfahrt,11.1,22.63,4,1051,60.66
kreisfahrt,11.2,22.67,4,1053,61.29
kreisfahrt,11.3,22.71,4,1055,61.92
kreisfahrt,11.4,22.75,4,1057,62.55
kreisfahrt,11.5,22.79,4,1059,63.18
kreisfahrt,11.6,22.83,4,1060,63.82
kreisfahrt,11.7,22.87,4,1062,64.45
kreisfahrt,11.8,22.91,4,1064,65.09
kreisfahrt,11.9,22.95,4,1066,65.73
kreisfahrt,12.0,23.00,4,1068,66.37
kreisfahrt,12.1,23.04,4,1070,67.01
kreisfahrt,12.2,23.08,4,1072,67.65
kreisfahrt,12.3,23.12,4,1074,68.29
kreisfahrt,12.4,23.17,4,1076,68.93
kreisfahrt,12.5,23.21,4,1078,69.58
kreisfahrt,12.6,23.25,4,1080,70.22
kreisfahrt,12.7,23.30,4,1082,70.87
kreisfahrt,12.8,23.34,4,1084,71.52
kreisfahrt,12.9,23.38,4,1086,72.17
kreisfahrt,13.0,23.43,4,1088,72.82
kreisfahrt,13.1,23.47,4,1090,73.47
kreisfahrt,13.2,23.51,4,1092,74.12
kreisfahrt,13.3,23.56,4,1094,74.78
kreisfahrt,13.4,23.60,4,1096,75.43
kreisfahrt,13.5,23.65,4,1098,76.09
kreisfahrt,13.6,23.69,4,1100,76.75
kreisfahrt,13.7,23.73,4,1102,77.41
kreisfahrt,13.8,23.78,4,1104,78.07
kreisfahrt,13.9,23.82,4,1107,78.73
kreisfahrt,14.0,23.87,4,1109,79.39
kreisfahrt,14.1,23.91,4,1111,80.05
kreisfahrt,14.2,23.96,4,1113,80.72
kreisfahrt,14.3,24.00,4,1115,81.39
kreisfahrt,14.4,24.05,4,1117,82.05
kreisfahrt,14.5,24.09,4,1119,82.72
kreisfahrt,14.6,24.14,4,1121,83.39
kreisfahrt,14.7,24.18,4,1123,84.06
kreisfahrt,14.8,24.23,4,1125,84.74
kreisfahrt,14.9,24.27,4,1128,85.41
kreisfahrt,15.0,24.32,4,1130,86.09
kreisfahrt,15.1,24.37,4,1132,86.76
kreisfahrt,15.2,24.41,4,1134,87.44
kreisfahrt,15.3,24.46,4,1136,88.12
kreisfahrt,15.4,24.50,4,1138,88.80
kreisfahrt,15.5,24.55,4,1140,89.48
kreisfahrt,15.6,24.59,4,1142,90.17
kreisfahrt,15.7,24.64,4,1145,90.85
kreisfahrt,15.8,24.69,4,1147,91.54
kreisfahrt,15.9,24.73,4,1149,92.22
kreisfahrt,16.0,24.78,4,1151,92.91
kreisfahrt,16.1,24.82,4,1153,93.60
kreisfahrt,16.2,24.87,4,1155,94.29
kreisfahrt,16.3,24.92,4,1157,94.98
kreisfahrt,16.4,24.96,4,1159,95.68
kreisfahrt,16.5,25.01,4,1162,96.37
kreisfahrt,16.6,25.05,4,1164,97.07
kreisfahrt,16.7,25.10,4,1166,97.76
kreisfahrt,16.8,25.15,4,1168,98.46
kreisfahrt,16.9,25.19,4,1170,99.16
kreisfahrt,17.0,25.24,4,1172,99.86
kreisfahrt,17.1,25.28,4,1174,100.56
kreisfahrt,17.2,25.33,4,1177,101.27
kreisfahrt,17.3,25.38,4,1179,101.97
kreisfahrt,17.4,25.42,4,1181,102.68
kreisfahrt,17.5,25.47,4,1183,103.38
kreisfahrt,17.6,25.51,4,1185,104.09
kreisfahrt,17.7,25.56,4,1187,104.80
kreisfahrt,17.8,25.61,4,1189,105.51
kreisfahrt,17.9,25.65,4,1191,106.23
kreisfahrt,18.0,25.70,4,1194,106.94
kreisfahrt,18.1,25.74,4,1196,107.65
kreisfahrt,18.2,25.79,4,1198,108.37
kreisfahrt,18.3,25.83,4,1200,109.09
kreisfahrt,18.4,25.88,4,1202,109.81
kreisfahrt,18.5,25.92,4,1204,110.53
kreisfahrt,18.6,25.97,4,1206,111.25
kreisfahrt,18.7,26.02,4,1208,111.97
kreisfahrt,18.8,26.06,4,1211,112.69
kreisfahrt,18.9,26.11,4,1213,113.42
kreisfahrt,19.0,26.15,4,1215,114.15
kreisfahrt,19.1,26.20,4,1217,114.87
kreisfahrt,19.2,26.24,4,1219,115.60
kreisfahrt,19.3,26.29,4,1221,116.33
kreisfahrt,19.4,26.33,4,1223,117.06
kreisfahrt,19.5,26.38,4,1225,117.80
kreisfahrt,19.6,26.42,4,1227,118.53
kreisfahrt,19.7,26.47,4,1229,119.26
kreisfahrt,19.8,26.51,4,1231,120.00
kreisfahrt,19.9,26.56,4,1234,120.74
kreisfahrt,20.0,26.60,4,1236,121.48
kreisfahrt,20.1,26.65,4,1238,122.22
kreisfahrt,20.2,26.69,4,1240,122.96
kreisfahrt,20.3,26.74,4,1242,123.70
kreisfahrt,20.4,26.78,4,1244,124.44
kreisfahrt,20.5,26.83,4,1246,125.19
kreisfahrt,20.6,26.87,4,1248,125.94
kreisfahrt,20.7,26.91,4,1250,126.68
kreisfahrt,20.8,26.96,4,1252,127.43
kreisfahrt,20.9,27.00,4,1254,128.18
kreisfahrt,21.0,27.05,4,1256,128.93
kreisfahrt,21.1,27.09,4,1258,129.68
kreisfahrt,21.2,27.14,4,1260,130.44
kreisfahrt,21.3,27.18,4,1262,131.19
kreisfahrt,21.4,27.22,4,1265,131.95
kreisfahrt,21.5,27.27,4,1267,132.71
kreisfahrt,21.6,27.31,4,1269,133.46
kreisfahrt,21.7,27.36,4,1271,134.22
kreisfahrt,21.8,27.40,4,1273,134.99
kreisfahrt,21.9,27.44,4,1275,135.75
kreisfahrt,22.0,27.49,4,1277,136.51
kreisfahrt,22.1,27.53,4,1279,137.28
kreisfahrt,22.2,27.57,4,1281,138.04
kreisfahrt,22.3,27.62,4,1283,138.81
kreisfahrt,22.4,27.66,4,1285,139.58
kreisfahrt,22.5,27.70,4,1287,140.35
kreisfahrt,22.6,27.75,4,1289,141.12
kreisfahrt,22.7,27.79,4,1291,141.89
kreisfahrt,22.8,27.83,4,1293,142.66
kreisfahrt,22.9,27.88,4,1295,143.43
kreisfahrt,23.0,27.92,4,1297,144.21
kreisfahrt,23.1,27.96,4,1299,144.99
kreisfahrt,23.2,28.01,4,1301,145.76
kreisfahrt,23.3,28.05,4,1303,146.54
kreisfahrt,23.4,28.09,4,1305,147.32
kreisfahrt,23.5,28.14,4,1307,148.10
kreisfahrt,23.6,28.18,4,1309,148.89
kreisfahrt,23.7,28.22,4,1311,149.67
kreisfahrt,23.8,28.26,4,1313,150.46
kreisfahrt,23.9,28.31,4,1315,151.24
kreisfahrt,24.0,28.35,4,1317,152.03
kreisfahrt,24.1,28.39,4,1319,152.82
kreisfahrt,24.2,28.44,4,1321,153.61
kreisfahrt,24.3,28.48,4,1323,154.40
kreisfahrt,24.4,28.52,4,1325,155.19
kreisfahrt,24.5,28.56,4,1327,155.98
kreisfahrt,24.6,28.61,4,1329,156.78
kreisfahrt,24.7,28.65,4,1331,157.57
kreisfahrt,24.8,28.69,4,1333,158.37
kreisfahrt,24.9,28.73,4,1335,159.17
kreisfahrt,25.0,28.78,4,1337,159.97
kreisfahrt,25.1,28.82,4,1339,160.77
kreisfahrt,25.2,28.86,4,1341,161.57
kreisfahrt,25.3,28.90,4,1343,162.37
kreisfahrt,25.4,28.95,4,1345,163.18
kreisfahrt,25.5,28.99,4,1347,163.98
kreisfahrt,25.6,29.03,4,1349,164.79
kreisfahrt,25.7,29.07,4,1351,165.59
kreisfahrt,25.8,29.12,4,1352,166.40
kreisfahrt,25.9,29.16,4,1354,167.21
kreisfahrt,26.0,29.20,4,1356,168.02
kreisfahrt,26.1,29.24,4,1358,168.84
kreisfahrt,26.2,29.29,4,1360,169.65
kreisfahrt,26.3,29.33,4,1362,170.46
kreisfahrt,26.4,29.37,4,1364,171.28
kreisfahrt,26.5,29.41,4,1366,172.10
kreisfahrt,26.6,29.46,4,1368,172.91
kreisfahrt,26.7,29.50,4,1370,173.73
kreisfahrt,26.8,29.54,4,1372,174.55
kreisfahrt,26.9,29.58,4,1374,175.38
kreisfahrt,27.0,29.62,4,1376,176.20
kreisfahrt,27.1,29.67,4,1378,177.02
kreisfahrt,27.2,29.71,4,1380,177.85
kreisfahrt,27.3,29.75,4,1382,178.67
kreisfahrt,27.4,29.79,4,1384,179.50
kreisfahrt,27.5,29.84,4,1386,180.33
kreisfahrt,27.6,29.88,4,1388,181.16
kreisfahrt,27.7,29.92,4,1390,181.99
kreisfahrt,27.8,29.96,4,1392,182.82
kreisfahrt,27.9,30.00,4,1394,183.66
kreisfahrt,28.0,30.05,4,1396,184.49
kreisfahrt,28.1,30.09,4,1398,185.33
kreisfahrt,28.2,30.13,4,1400,186.16
kreisfahrt,28.3,30.17,4,1402,187.00
kreisfahrt,28.4,30.22,4,1404,187.84
kreisfahrt,28.5,30.26,4,1406,188.68
kreisfahrt,28.6,30.30,4,1407,189.52
kreisfahrt,28.7,30.34,4,1409,190.36
kreisfahrt,28.8,30.38,4,1411,191.21
kreisfahrt,28.9,30.43,4,1413,192.05
kreisfahrt,29.0,30.47,4,1415,192.90
kreisfahrt,29.1,30.51,4,1417,193.75
kreisfahrt,29.2,30.55,4,1419,194.59
kreisfahrt,29.3,30.60,4,1421,195.44
kreisfahrt,29.4,30.64,4,1423,196.29
kreisfahrt,29.5,30.68,4,1425,197.15
kreisfahrt,29.6,30.72,4,1427,198.00
kreisfahrt,29.7,30.77,4,1429,198.85
kreisfahrt,29.8,30.81,4,1431,199.71
kreisfahrt,29.9,30.85,4,1433,200.57
kreisfahrt,30.0,30.89,4,1435,201.42
kreisfahrt,30.1,30.94,4,1437,202.28
kreisfahrt,30.2,30.98,4,1439,203.14
kreisfahrt,30.3,31.02,4,1441,204.00
kreisfahrt,30.4,31.06,4,1443,204.87
kreisfahrt,30.5,31.11,4,1445,205.73
kreisfahrt,30.6,31.15,4,1447,206.60
kreisfahrt,30.7,31.19,4,1449,207.46
kreisfahrt,30.8,31.23,4,1451,208.33
kreisfahrt,30.9,31.27,4,1453,209.20
kreisfahrt,31.0,31.32,4,1455,210.07
kreisfahrt,31.1,31.36,4,1457,210.94
kreisfahrt,31.2,31.40,4,1459,211.81
kreisfahrt,31.3,31.45,4,1461,212.68
kreisfahrt,31.4,31.49,4,1463,213.56
kreisfahrt,31.5,31.53,4,1465,214.43
kreisfahrt,31.6,31.57,4,1467,215.31
kreisfahrt,31.7,31.62,4,1469,216.19
kreisfahrt,31.8,31.66,4,1471,217.07
kreisfahrt,31.9,31.70,4,1473,217.95
kreisfahrt,32.0,31.74,4,1475,218.83
kreisfahrt,32.1,31.79,4,1476,219.71
kreisfahrt,32.2,31.83,4,1478,220.60
kreisfahrt,32.3,31.87,4,1480,221.48
kreisfahrt,32.4,31.91,4,1482,222.37
kreisfahrt,32.5,31.96,4,1484,223.25
kreisfahrt,32.6,32.00,4,1486,224.14
kreisfahrt,32.7,32.04,4,1488,225.03
kreisfahrt,32.8,32.08,4,1490,225.92
kreisfahrt,32.9,32.13,4,1492,226.82
kreisfahrt,33.0,32.17,4,1494,227.71
kreisfahrt,33.1,32.21,4,1496,228.60
kreisfahrt,33.2,32.26,4,1498,229.50
kreisfahrt,33.3,32.30,4,1500,230.40
kreisfahrt,33.4,32.34,4,1502,231.29
kreisfahrt,33.5,32.38,4,1504,232.19
kreisfahrt,33.6,32.43,4,1506,233.09
kreisfahrt,33.7,32.47,4,1508,234.00
kreisfahrt,33.8,32.51,4,1510,234.90
kreisfahrt,33.9,32.56,4,1512,235.80
kreisfahrt,34.0,32.60,4,1514,236.71
kreisfahrt,34.1,32.64,4,1516,237.61
kreisfahrt,34.2,32.68,4,1518,238.52
kreisfahrt,34.3,32.73,4,1520,239.43
kreisfahrt,34.4,32.77,4,1522,240.34
kreisfahrt,34.5,32.81,4,1524,241.25
kreisfahrt,34.6,32.86,4,1526,242.16
kreisfahrt,34.7,32.90,4,1528,243.08
kreisfahrt,34.8,32.94,4,1530,243.99
kreisfahrt,34.9,32.98,4,1532,244.91
kreisfahrt,35.0,33.03,4,1534,245.83
kreisfahrt,35.1,33.07,4,1536,246.74
kreisfahrt,35.2,33.11,4,1538,247.66
kreisfahrt,35.3,33.16,4,1540,248.58
kreisfahrt,35.4,33.20,4,1542,249.51
kreisfahrt,35.5,33.24,4,1544,250.43
kreisfahrt,35.6,33.28,4,1546,251.35
kreisfahrt,35.7,33.33,4,1548,252.28
kreisfahrt,35.8,33.37,4,1550,253.21
kreisfahrt,35.9,33.41,4,1552,254.13
kreisfahrt,36.0,33.46,4,1554,255.06
kreisfahrt,36.1,33.50,4,1556,255.99
kreisfahrt,36.2,33.54,4,1558,256.92
kreisfahrt,36.3,33.59,4,1560,257.86
kreisfahrt,36.4,33.63,4,1562,258.79
kreisfahrt,36.5,33.67,4,1564,259.73
kreisfahrt,36.6,33.71,4,1566,260.66
kreisfahrt,36.7,33.76,4,1568,261.60
kreisfahrt,36.8,33.80,4,1570,262.54
kreisfahrt,36.9,33.84,4,1572,263.48
kreisfahrt,37.0,33.89,4,1574,264.42
kreisfahrt,37.1,33.93,4,1576,265.36
kreisfahrt,37.2,33.97,4,1578,266.30
kreisfahrt,37.3,34.02,4,1580,267.25
kreisfahrt,37.4,34.06,4,1582,268.19
kreisfahrt,37.5,34.10,4,1584,269.14
kreisfahrt,37.6,34.14,4,1586,270.09
kreisfahrt,37.7,34.19,4,1588,271.04
kreisfahrt,37.8,34.23,4,1590,271.99
kreisfahrt,37.9,34.27,4,1592,272.94
kreisfahrt,38.0,34.32,4,1594,273.89
kreisfahrt,38.1,34.36,4,1596,274.85
kreisfahrt,38.2,34.40,4,1598,275.80
kreisfahrt,38.3,34.45,4,1600,276.76
kreisfahrt,38.4,34.49,4,1602,277.72
kreisfahrt,38.5,34.53,4,1604,278.68
kreisfahrt,38.6,34.57,4,1606,279.64
kreisfahrt,38.7,34.62,4,1608,280.60
kreisfahrt,38.8,34.66,4,1610,281.56
kreisfahrt,38.9,34.70,4,1612,282.52
kreisfahrt,39.0,34.75,4,1614,283.49
kreisfahrt,39.1,34.79,4,1616,284.46
kreisfahrt,39.2,34.83,4,1618,285.42
kreisfahrt,39.3,34.88,4,1620,286.39
kreisfahrt,39.4,34.92,4,1622,287.36
kreisfahrt,39.5,34.96,4,1624,288.33
kreisfahrt,39.6,35.00,4,1626,289.30
kreisfahrt,39.7,35.05,4,1628,290.28
kreisfahrt,39.8,35.09,4,1630,291.25
kreisfahrt,39.9,35.13,4,1632,292.23
kreisfahrt,40.0,35.18,4,1634,293.20
kreisfahrt,40.1,35.22,4,1636,294.18
kreisfahrt,40.2,35.26,4,1638,295.16
kreisfahrt,40.3,35.31,4,1640,296.14
kreisfahrt,40.4,35.35,4,1642,297.12
kreisfahrt,40.5,35.39,4,1644,298.11
kreisfahrt,40.6,35.43,4,1646,299.09
kreisfahrt,40.7,35.48,4,1648,300.07
kreisfahrt,40.8,35.52,4,1650,301.06
kreisfahrt,40.9,35.56,4,1652,302.05
kreisfahrt,41.0,35.61,4,1654,303.04
kreisfahrt,41.1,35.65,4,1656,304.03
kreisfahrt,41.2,35.69,4,1658,305.02
kreisfahrt,41.3,35.73,4,1660,306.01
kreisfahrt,41.4,35.78,4,1662,307.00
kreisfahrt,41.5,35.82,4,1664,308.00
kreisfahrt,41.6,35.86,4,1666,308.99
kreisfahrt,41.7,35.90,4,1668,309.99
kreisfahrt,41.8,35.95,4,1670,310.99
kreisfahrt,41.9,35.99,4,1672,311.99
kreisfahrt,42.0,36.03,4,1674,312.99
kreisfahrt,42.1,36.07,4,1676,313.99
kreisfahrt,42.2,36.11,4,1678,314.99
kreisfahrt,42.3,36.16,4,1679,316.00
kreisfahrt,42.4,36.20,4,1681,317.00
kreisfahrt,42.5,36.24,4,1683,318.01
kreisfahrt,42.6,36.28,4,1685,319.02
kreisfahrt,42.7,36.32,4,1687,320.02
kreisfahrt,42.8,36.36,4,1689,321.03
kreisfahrt,42.9,36.41,4,1691,322.05
kreisfahrt,43.0,36.45,4,1693,323.06
kreisfahrt,43.1,36.49,4,1695,324.07
kreisfahrt,43.2,36.53,4,1697,325.08
kreisfahrt,43.3,36.57,4,1699,326.10
kreisfahrt,43.4,36.61,4,1701,327.12
kreisfahrt,43.5,36.65,4,1703,328.13
kreisfahrt,43.6,36.69,4,1705,329.15
kreisfahrt,43.7,36.74,4,1706,330.17
kreisfahrt,43.8,36.77,5,1113,331.19
kreisfahrt,43.9,36.76,5,1113,332.22
kreisfahrt,44.0,36.75,5,1112,333.24
kreisfahrt,44.1,36.74,5,1112,334.26
kreisfahrt,44.2,36.73,5,1112,335.28
kreisfahrt,44.3,36.72,5,1112,336.30
kreisfahrt,44.4,36.74,5,1112,337.32
kreisfahrt,44.5,36.76,5,1113,338.34
kreisfahrt,44.6,36.79,5,1114,339.36
kreisfahrt,44.7,36.81,5,1114,340.38
kreisfahrt,44.8,36.83,5,1115,341.41
kreisfahrt,44.9,36.86,5,1116,342.43
kreisfahrt,45.0,36.88,5,1116,343.46
kreisfahrt,45.1,36.91,5,1117,344.48
kreisfahrt,45.2,36.93,5,1118,345.51
kreisfahrt,45.3,36.96,5,1119,346.53
kreisfahrt,45.4,36.99,5,1120,347.56
kreisfahrt,45.5,37.01,5,1120,348.59
kreisfahrt,45.6,37.04,5,1121,349.62
kreisfahrt,45.7,37.07,5,1122,350.65
kreisfahrt,45.8,37.10,5,1123,351.68
kreisfahrt,45.9,37.13,5,1124,352.71
kreisfahrt,46.0,37.17,5,1125,353.74
kreisfahrt,46.1,37.20,5,1126,354.77
kreisfahrt,46.2,37.23,5,1127,355.81
kreisfahrt,46.3,37.27,5,1128,356.84
kreisfahrt,46.4,37.30,5,1129,357.88
kreisfahrt,46.5,37.34,5,1130,358.91
kreisfahrt,46.6,37.37,5,1131,359.95
kreisfahrt,46.7,37.41,5,1132,360.99
kreisfahrt,46.8,37.44,5,1134,362.03
kreisfahrt,46.9,37.48,5,1135,363.07
kreisfahrt,47.0,37.52,5,1136,364.11
kreisfahrt,47.1,37.56,5,1137,365.16
kreisfahrt,47.2,37.60,5,1138,366.20
kreisfahrt,47.3,37.64,5,1139,367.25
kreisfahrt,47.4,37.68,5,1141,368.29
kreisfahrt,47.5,37.72,5,1142,369.34
kreisfahrt,47.6,37.77,5,1143,370.39
kreisfahrt,47.7,37.81,5,1145,371.44
kreisfahrt,47.8,37.85,5,1146,372.49
kreisfahrt,47.9,37.90,5,1147,373.54
kreisfahrt,48.0,37.94,5,1148,374.59
kreisfahrt,48.1,37.98,5,1150,375.65
kreisfahrt,48.2,38.03,5,1151,376.70
kreisfahrt,48.3,38.08,5,1153,377.76
kreisfahrt,48.4,38.12,5,1154,378.82
kreisfahrt,48.5,38.17,5,1155,379.88
kreisfahrt,48.6,38.22,5,1157,380.94
kreisfahrt,48.7,38.26,5,1158,382.00
kreisfahrt,48.8,38.31,5,1160,383.07
kreisfahrt,48.9,38.36,5,1161,384.13
kreisfahrt,49.0,38.41,5,1163,385.20
kreisfahrt,49.1,38.46,5,1164,386.27
kreisfahrt,49.2,38.51,5,1166,387.34
kreisfahrt,49.3,38.56,5,1167,388.41
kreisfahrt,49.4,38.61,5,1169,389.48
kreisfahrt,49.5,38.66,5,1170,390.55
kreisfahrt,49.6,38.71,5,1172,391.63
kreisfahrt,49.7,38.76,5,1173,392.70
kreisfahrt,49.8,38.81,5,1175,393.78
kreisfahrt,49.9,38.86,5,1176,394.86
kreisfahrt,50.0,38.91,5,1178,395.94
kreisfahrt,50.1,38.97,5,1180,397.02
kreisfahrt,50.2,39.02,5,1181,398.10
kreisfahrt,50.3,39.07,5,1183,399.19
kreisfahrt,50.4,39.12,5,1184,400.28
kreisfahrt,50.5,39.18,5,1186,401.36
kreisfahrt,50.6,39.23,5,1187,402.45
kreisfahrt,50.7,39.28,5,1189,403.54
kreisfahrt,50.8,39.34,5,1191,404.63
kreisfahrt,50.9,39.39,5,1192,405.73
kreisfahrt,51.0,39.44,5,1194,406.82
kreisfahrt,51.1,39.50,5,1196,407.92
kreisfahrt,51.2,39.55,5,1197,409.02
kreisfahrt,51.3,39.60,5,1199,410.12
kreisfahrt,51.4,39.66,5,1200,411.22
kreisfahrt,51.5,39.71,5,1202,412.32
kreisfahrt,51.6,39.76,5,1204,413.42
kreisfahrt,51.7,39.82,5,1205,414.53
kreisfahrt,51.8,39.87,5,1207,415.64
kreisfahrt,51.9,39.92,5,1209,416.75
kreisfahrt,52.0,39.98,5,1210,417.86
kreisfahrt,52.1,40.03,5,1212,418.97
kreisfahrt,52.2,40.09,5,1213,420.08
kreisfahrt,52.3,40.14,5,1215,421.19
kreisfahrt,52.4,40.19,5,1217,422.31
kreisfahrt,52.5,40.25,5,1218,423.43
kreisfahrt,52.6,40.30,5,1220,424.55
kreisfahrt,52.7,40.35,5,1222,425.67
kreisfahrt,52.8,40.41,5,1223,426.79
kreisfahrt,52.9,40.46,5,1225,427.91
kreisfahrt,53.0,40.51,5,1226,429.04
kreisfahrt,53.1,40.57,5,1228,430.16
kreisfahrt,53.2,40.62,5,1230,431.29
kreisfahrt,53.3,40.67,5,1231,432.42
kreisfahrt,53.4,40.72,5,1233,433.55
kreisfahrt,53.5,40.78,5,1234,434.68
kreisfahrt,53.6,40.83,5,1236,435.82
kreisfahrt,53.7,40.88,5,1237,436.95
kreisfahrt,53.8,40.93,5,1239,438.09
kreisfahrt,53.9,40.98,5,1241,439.22
kreisfahrt,54.0,41.04,5,1242,440.36
kreisfahrt,54.1,41.09,5,1244,441.50
kreisfahrt,54.2,41.14,5,1245,442.65
kreisfahrt,54.3,41.19,5,1247,443.79
kreisfahrt,54.4,41.24,5,1248,444.94
kreisfahrt,54.5,41.29,5,1250,446.08
kreisfahrt,54.6,41.34,5,1251,447.23
kreisfahrt,54.7,41.39,5,1253,448.38
kreisfahrt,54.8,41.44,5,1254,449.53
kreisfahrt,54.9,41.49,5,1256,450.68
kreisfahrt,55.0,41.54,5,1258,451.83
kreisfahrt,55.1,41.59,5,1259,452.99
kreisfahrt,55.2,41.64,5,1261,454.15
kreisfahrt,55.3,41.69,5,1262,455.30
kreisfahrt,55.4,41.74,5,1263,456.46
kreisfahrt,55.5,41.79,5,1265,457.62
kreisfahrt,55.6,41.84,5,1266,458.78
kreisfahrt,55.7,41.88,5,1268,459.95
kreisfahrt,55.8,41.93,5,1269,461.11
kreisfahrt,55.9,41.98,5,1271,462.28
kreisfahrt,56.0,42.03,5,1272,463.44
kreisfahrt,56.1,42.08,5,1274,464.61
kreisfahrt,56.2,42.12,5,1275,465.78
kreisfahrt,56.3,42.17,5,1277,466.95
kreisfahrt,56.4,42.22,5,1278,468.12
kreisfahrt,56.5,42.26,5,1279,469.30
kreisfahrt,56.6,42.31,5,1281,470.47
kreisfahrt,56.7,42.36,5,1282,471.65
kreisfahrt,56.8,42.40,5,1284,472.83
kreisfahrt,56.9,42.45,5,1285,474.00
kreisfahrt,57.0,42.50,5,1286,475.18
kreisfahrt,57.1,42.54,5,1288,476.37
kreisfahrt,57.2,42.59,5,1289,477.55
kreisfahrt,57.3,42.63,5,1291,478.73
kreisfahrt,57.4,42.68,5,1292,479.92
kreisfahrt,57.5,42.72,5,1293,481.10
kreisfahrt,57.6,42.77,5,1295,482.29
kreisfahrt,57.7,42.81,5,1296,483.48
kreisfahrt,57.8,42.85,5,1297,484.67
kreisfahrt,57.9,42.90,5,1299,485.86
kreisfahrt,58.0,42.94,5,1300,487.05
kreisfahrt,58.1,42.99,5,1301,488.24
kreisfahrt,58.2,43.03,5,1303,489.44
kreisfahrt,58.3,43.07,5,1304,490.64
kreisfahrt,58.4,43.12,5,1305,491.83
kreisfahrt,58.5,43.16,5,1307,493.03
kreisfahrt,58.6,43.20,5,1308,494.23
kreisfahrt,58.7,43.25,5,1309,495.43
kreisfahrt,58.8,43.29,5,1310,496.63
kreisfahrt,58.9,43.33,5,1312,497.84
kreisfahrt,59.0,43.37,5,1313,499.04
kreisfahrt,59.1,43.42,5,1314,500.25
kreisfahrt,59.2,43.46,5,1316,501.45
kreisfahrt,59.3,43.50,5,1317,502.66
kreisfahrt,59.4,43.54,5,1318,503.87
kreisfahrt,59.5,43.58,5,1319,505.08
kreisfahrt,59.6,43.63,5,1321,506.29
kreisfahrt,59.7,43.67,5,1322,507.50
kreisfahrt,59.8,43.71,5,1323,508.72
kreisfahrt,59.9,43.75,5,1324,509.93
kreisfahrt,60.0,43.79,5,1326,511.15
kreisfahrt,60.1,43.83,5,1327,512.37
kreisfahrt,60.2,43.87,5,1328,513.58
kreisfahrt,60.3,43.91,5,1329,514.80
kreisfahrt,60.4,43.95,5,1330,516.02
kreisfahrt,60.5,43.99,5,1332,517.24
kreisfahrt,60.6,44.03,5,1333,518.47
kreisfahrt,60.7,44.07,5,1334,519.69
kreisfahrt,60.8,44.11,5,1335,520.92
kreisfahrt,60.9,44.15,5,1336,522.14
kreisfahrt,61.0,44.19,5,1338,523.37
kreisfahrt,61.1,44.22,5,1339,524.60
kreisfahrt,61.2,44.26,5,1340,525.82
kreisfahrt,61.3,44.30,5,1341,527.05
kreisfahrt,61.4,44.34,5,1342,528.29
kreisfahrt,61.5,44.38,5,1343,529.52
kreisfahrt,61.6,44.42,5,1345,530.75
kreisfahrt,61.7,44.45,5,1346,531.99
kreisfahrt,61.8,44.49,5,1347,533.22
kreisfahrt,61.9,44.53,5,1348,534.46
kreisfahrt,62.0,44.57,5,1349,535.70
kreisfahrt,62.1,44.61,5,1350,536.93
kreisfahrt,62.2,44.64,5,1351,538.17
kreisfahrt,62.3,44.68,5,1353,539.41
kreisfahrt,62.4,44.72,5,1354,540.66
kreisfahrt,62.5,44.75,5,1355,541.90
kreisfahrt,62.6,44.79,5,1356,543.14
kreisfahrt,62.7,44.83,5,1357,544.39
kreisfahrt,62.8,44.87,5,1358,545.63
kreisfahrt,62.9,44.90,5,1359,546.88
kreisfahrt,63.0,44.94,5,1360,548.13
kreisfahrt,63.1,44.98,5,1362,549.38
kreisfahrt,63.2,45.01,5,1363,550.63
kreisfahrt,63.3,45.05,5,1364,551.88
kreisfahrt,63.4,45.09,5,1365,553.13
kreisfahrt,63.5,45.12,5,1366,554.38
kreisfahrt,63.6,45.16,5,1367,555.64
kreisfahrt,63.7,45.19,5,1368,556.89
kreisfahrt,63.8,45.23,5,1369,558.15
kreisfahrt,63.9,45.27,5,1370,559.40
kreisfahrt,64.0,45.30,5,1371,560.66
kreisfahrt,64.1,45.34,5,1372,561.92
kreisfahrt,64.2,45.37,5,1374,563.18
kreisfahrt,64.3,45.41,5,1375,564.44
kreisfahrt,64.4,45.44,5,1376,565.70
kreisfahrt,64.5,45.48,5,1377,566.97
kreisfahrt,64.6,45.52,5,1378,568.23
kreisfahrt,64.7,45.55,5,1379,569.49
kreisfahrt,64.8,45.59,5,1380,570.76
kreisfahrt,64.9,45.62,5,1381,572.03
kreisfahrt,65.0,45.66,5,1382,573.30
kreisfahrt,65.1,45.69,5,1383,574.56
kreisfahrt,65.2,45.73,5,1384,575.83
kreisfahrt,65.3,45.76,5,1385,577.10
kreisfahrt,65.4,45.80,5,1386,578.38
kreisfahrt,65.5,45.83,5,1387,579.65
kreisfahrt,65.6,45.87,5,1389,580.92
kreisfahrt,65.7,45.90,5,1390,582.20
kreisfahrt,65.8,45.94,5,1391,583.47
kreisfahrt,65.9,45.97,5,1392,584.75
kreisfahrt,66.0,46.01,5,1393,586.03
kreisfahrt,66.1,46.04,5,1394,587.31
kreisfahrt,66.2,46.08,5,1395,588.58
kreisfahrt,66.3,46.11,5,1396,589.87
kreisfahrt,66.4,46.15,5,1397,591.15
kreisfahrt,66.5,46.18,5,1398,592.43
kreisfahrt,66.6,46.21,5,1399,593.71
kreisfahrt,66.7,46.25,5,1400,595.00
kreisfahrt,66.8,46.28,5,1401,596.28
kreisfahrt,66.9,46.32,5,1402,597.57
kreisfahrt,67.0,46.35,5,1403,598.86
kreisfahrt,67.1,46.39,5,1404,600.14
kreisfahrt,67.2,46.42,5,1405,601.43
kreisfahrt,67.3,46.45,5,1406,602.72
kreisfahrt,67.4,46.49,5,1407,604.01
kreisfahrt,67.5,46.52,5,1408,605.31
kreisfahrt,67.6,46.56,5,1409,606.60
kreisfahrt,67.7,46.59,5,1410,607.89
kreisfahrt,67.8,46.62,5,1411,609.19
kreisfahrt,67.9,46.66,5,1412,610.48
kreisfahrt,68.0,46.69,5,1413,611.78
kreisfahrt,68.1,46.73,5,1415,613.08
kreisfahrt,68.2,46.76,5,1416,614.37
kreisfahrt,68.3,46.79,5,1417,615.67
kreisfahrt,68.4,46.83,5,1418,616.97
kreisfahrt,68.5,46.86,5,1419,618.28
kreisfahrt,68.6,46.90,5,1420,619.58
kreisfahrt,68.7,46.93,5,1421,620.88
kreisfahrt,68.8,46.96,5,1422,622.19
kreisfahrt,68.9,47.00,5,1423,623.49
kreisfahrt,69.0,47.03,5,1424,624.80
kreisfahrt,69.1,47.06,5,1425,626.10
kreisfahrt,69.2,47.10,5,1426,627.41
kreisfahrt,69.3,47.13,5,1427,628.72
kreisfahrt,69.4,47.16,5,1428,630.03
kreisfahrt,69.5,47.20,5,1429,631.34
kreisfahrt,69.6,47.23,5,1430,632.65
kreisfahrt,69.7,47.26,5,1431,633.96
kreisfahrt,69.8,47.30,5,1432,635.28
kreisfahrt,69.9,47.33,5,1433,636.59
kreisfahrt,70.0,47.36,5,1434,637.91
kreisfahrt,70.1,47.40,5,1435,639.22
kreisfahrt,70.2,47.43,5,1436,640.54
kreisfahrt,70.3,47.46,5,1437,641.86
kreisfahrt,70.4,47.50,5,1438,643.18
kreisfahrt,70.5,47.53,5,1439,644.50
kreisfahrt,70.6,47.56,5,1440,645.82
kreisfahrt,70.7,47.60,5,1441,647.14
kreisfahrt,70.8,47.63,5,1442,648.46
kreisfahrt,70.9,47.66,5,1443,649.79
kreisfahrt,71.0,47.70,5,1444,651.11
kreisfahrt,71.1,47.73,5,1445,652.44
kreisfahrt,71.2,47.76,5,1446,653.76
kreisfahrt,71.3,47.79,5,1447,655.09
kreisfahrt,71.4,47.83,5,1448,656.42
kreisfahrt,71.5,47.86,5,1449,657.75
kreisfahrt,71.6,47.89,5,1450,659.08
kreisfahrt,71.7,47.93,5,1451,660.41
kreisfahrt,71.8,47.96,5,1452,661.74
kreisfahrt,71.9,47.99,5,1453,663.07
kreisfahrt,72.0,48.02,5,1454,664.41
kreisfahrt,72.1,48.06,5,1455,665.74
kreisfahrt,72.2,48.09,5,1456,667.08
kreisfahrt,72.3,48.12,5,1457,668.41
kreisfahrt,72.4,48.15,5,1458,669.75
kreisfahrt,72.5,48.19,5,1459,671.09
kreisfahrt,72.6,48.22,5,1460,672.43
kreisfahrt,72.7,48.25,5,1461,673.77
kreisfahrt,72.8,48.28,5,1462,675.11
kreisfahrt,72.9,48.32,5,1463,676.45
kreisfahrt,73.0,48.35,5,1464,677.79
kreisfahrt,73.1,48.38,5,1465,679.14
kreisfahrt,73.2,48.41,5,1466,680.48
kreisfahrt,73.3,48.45,5,1467,681.83
kreisfahrt,73.4,48.48,5,1468,683.17
kreisfahrt,73.5,48.51,5,1469,684.52
kreisfahrt,73.6,48.54,5,1469,685.87
kreisfahrt,73.7,48.57,5,1470,687.22
kreisfahrt,73.8,48.61,5,1471,688.57
kreisfahrt,73.9,48.64,5,1472,689.92
kreisfahrt,74.0,48.67,5,1473,691.27
kreisfahrt,74.1,48.70,5,1474,692.62
kreisfahrt,74.2,48.74,5,1475,693.97
kreisfahrt,74.3,48.77,5,1476,695.33
kreisfahrt,74.4,48.80,5,1477,696.68
kreisfahrt,74.5,48.83,5,1478,698.04
kreisfahrt,74.6,48.86,5,1479,699.40
kreisfahrt,74.7,48.90,5,1480,700.75
kreisfahrt,74.8,48.93,5,1481,702.11
kreisfahrt,74.9,48.96,5,1482,703.47
kreisfahrt,75.0,48.99,5,1483,704.83
kreisfahrt,75.1,49.02,5,1484,706.20
kreisfahrt,75.2,49.05,5,1485,707.56
kreisfahrt,75.3,49.09,5,1486,708.92
kreisfahrt,75.4,49.12,5,1487,710.28
kreisfahrt,75.5,49.15,5,1488,711.65
kreisfahrt,75.6,49.18,5,1489,713.02
kreisfahrt,75.7,49.21,5,1490,714.38
kreisfahrt,75.8,49.24,5,1491,715.75
kreisfahrt,75.9,49.28,5,1492,717.12
kreisfahrt,76.0,49.31,5,1493,718.49
kreisfahrt,76.1,49.34,5,1494,719.86
kreisfahrt,76.2,49.37,5,1495,721.23
kreisfahrt,76.3,49.40,5,1496,722.60
kreisfahrt,76.4,49.43,5,1496,723.97
kreisfahrt,76.5,49.47,5,1497,725.35
kreisfahrt,76.6,49.50,5,1498,726.72
kreisfahrt,76.7,49.53,5,1499,728.10
kreisfahrt,76.8,49.56,5,1500,729.47
kreisfahrt,76.9,49.59,5,1501,730.85
kreisfahrt,77.0,49.62,5,1502,732.23
kreisfahrt,77.1,49.65,5,1503,733.61
kreisfahrt,77.2,49.68,5,1504,734.99
kreisfahrt,77.3,49.72,5,1505,736.37
kreisfahrt,77.4,49.75,5,1506,737.75
kreisfahrt,77.5,49.78,5,1507,739.13
kreisfahrt,77.6,49.81,5,1508,740.52
kreisfahrt,77.7,49.84,5,1509,741.90
kreisfahrt,77.8,49.87,5,1510,743.29
kreisfahrt,77.9,49.90,5,1511,744.67
kreisfahrt,78.0,49.93,5,1512,746.06
kreisfahrt,78.1,49.96,5,1513,747.45
kreisfahrt,78.2,50.00,5,1513,748.84
kreisfahrt,78.3,50.03,5,1514,750.22
kreisfahrt,78.4,50.06,5,1515,751.62
kreisfahrt,78.5,50.09,5,1516,753.01
kreisfahrt,78.6,50.12,5,1517,754.40
kreisfahrt,78.7,50.15,5,1518,755.79
kreisfahrt,78.8,50.18,5,1519,757.18
kreisfahrt,78.9,50.21,5,1520,758.58
kreisfahrt,79.0,50.24,5,1521,759.97
kreisfahrt,79.1,50.27,5,1522,761.37
kreisfahrt,79.2,50.30,5,1523,762.77
kreisfahrt,79.3,50.33,5,1524,764.17
kreisfahrt,79.4,50.36,5,1525,765.56
kreisfahrt,79.5,50.40,5,1526,766.96
kreisfahrt,79.6,50.43,5,1527,768.37
kreisfahrt,79.7,50.46,5,1527,769.77
kreisfahrt,79.8,50.49,5,1528,771.17
kreisfahrt,79.9,50.52,5,1529,772.57
kreisfahrt,80.0,50.55,5,1530,773.98
kreisfahrt,80.1,50.58,5,1531,775.38
kreisfahrt,80.2,50.61,5,1532,776.79
kreisfahrt,80.3,50.64,5,1533,778.19
kreisfahrt,80.4,50.67,5,1534,779.60
kreisfahrt,80.5,50.70,5,1535,781.01
kreisfahrt,80.6,50.73,5,1536,782.42
kreisfahrt,80.7,50.76,5,1537,783.83
kreisfahrt,80.8,50.79,5,1538,785.24
kreisfahrt,80.9,50.82,5,1538,786.65
kreisfahrt,81.0,50.85,5,1539,788.06
kreisfahrt,81.1,50.88,5,1540,789.48
kreisfahrt,81.2,50.91,5,1541,790.89
kreisfahrt,81.3,50.94,5,1542,792.30
kreisfahrt,81.4,50.97,5,1543,793.72
kreisfahrt,81.5,51.00,5,1544,795.14
kreisfahrt,81.6,51.03,5,1545,796.55
kreisfahrt,81.7,51.06,5,1546,797.97
kreisfahrt,81.8,51.09,5,1547,799.39
kreisfahrt,81.9,51.12,5,1548,800.81
kreisfahrt,82.0,51.15,5,1548,802.23
kreisfahrt,82.1,51.18,5,1549,803.65
kreisfahrt,82.2,51.21,5,1550,805.08
kreisfahrt,82.3,51.23,5,1551,806.50
kreisfahrt,82.4,51.26,5,1552,807.92
kreisfahrt,82.5,51.29,5,1553,809.35
kreisfahrt,82.6,51.32,5,1554,810.77
kreisfahrt,82.7,51.34,5,1554,812.20
kreisfahrt,82.8,51.37,5,1555,813.63
kreisfahrt,82.9,51.40,5,1556,815.05
kreisfahrt,83.0,51.42,5,1557,816.48
kreisfahrt,83.1,51.45,5,1557,817.91
kreisfahrt,83.2,51.47,5,1558,819.34
kreisfahrt,83.3,51.50,5,1559,820.77
kreisfahrt,83.4,51.52,5,1560,822.20
kreisfahrt,83.5,51.54,5,1560,823.64
kreisfahrt,83.6,51.57,5,1561,825.07
kreisfahrt,83.7,51.59,5,1562,826.50
kreisfahrt,83.8,51.61,5,1563,827.93
kreisfahrt,83.9,51.64,5,1563,829.37
kreisfahrt,84.0,51.66,5,1564,830.80
kreisfahrt,84.1,51.68,5,1565,832.24
kreisfahrt,84.2,51.70,5,1565,833.68
kreisfahrt,84.3,51.72,5,1566,835.11
kreisfahrt,84.4,51.74,5,1566,836.55
kreisfahrt,84.5,51.76,5,1567,837.99
kreisfahrt,84.6,51.78,5,1568,839.43
kreisfahrt,84.7,51.80,5,1568,840.87
kreisfahrt,84.8,51.82,5,1569,842.31
kreisfahrt,84.9,51.84,5,1569,843.75
kreisfahrt,85.0,51.86,5,1570,845.19
kreisfahrt,85.1,51.88,5,1571,846.63
kreisfahrt,85.2,51.90,5,1571,848.07
kreisfahrt,85.3,51.92,5,1572,849.51
kreisfahrt,85.4,51.94,5,1572,850.96
kreisfahrt,85.5,51.95,5,1573,852.40
kreisfahrt,85.6,51.97,5,1573,853.84
kreisfahrt,85.7,51.99,5,1574,855.29
kreisfahrt,85.8,52.00,5,1574,856.73
kreisfahrt,85.9,52.02,5,1575,858.18
kreisfahrt,86.0,52.04,5,1575,859.62
kreisfahrt,86.1,52.05,5,1576,861.07
kreisfahrt,86.2,52.07,5,1576,862.52
kreisfahrt,86.3,52.08,5,1577,863.96
kreisfahrt,86.4,52.10,5,1577,865.41
kreisfahrt,86.5,52.11,5,1578,866.86
kreisfahrt,86.6,52.13,5,1578,868.31
kreisfahrt,86.7,52.14,5,1579,869.76
kreisfahrt,86.8,52.16,5,1579,871.21
kreisfahrt,86.9,52.17,5,1579,872.66
kreisfahrt,87.0,52.18,5,1580,874.11
kreisfahrt,87.1,52.20,5,1580,875.56
kreisfahrt,87.2,52.21,5,1581,877.01
kreisfahrt,87.3,52.22,5,1581,878.46
kreisfahrt,87.4,52.24,5,1581,879.91
kreisfahrt,87.5,52.25,5,1582,881.36
kreisfahrt,87.6,52.26,5,1582,882.81
kreisfahrt,87.7,52.28,5,1583,884.27
kreisfahrt,87.8,52.29,5,1583,885.72
kreisfahrt,87.9,52.30,5,1583,887.17
kreisfahrt,88.0,52.31,5,1584,888.62
kreisfahrt,88.1,52.32,5,1584,890.08
kreisfahrt,88.2,52.33,5,1584,891.53
kreisfahrt,88.3,52.34,5,1585,892.99
kreisfahrt,88.4,52.36,5,1585,894.44
kreisfahrt,88.5,52.37,5,1585,895.90
kreisfahrt,88.6,52.38,5,1586,897.35
kreisfahrt,88.7,52.39,5,1586,898.81
kreisfahrt,88.8,52.40,5,1586,900.26
kreisfahrt,88.9,52.41,5,1587,901.72
kreisfahrt,89.0,52.42,5,1587,903.18
kreisfahrt,89.1,52.43,5,1587,904.63
kreisfahrt,89.2,52.44,5,1587,906.09
kreisfahrt,89.3,52.45,5,1588,907.55
kreisfahrt,89.4,52.45,5,1588,909.01
kreisfahrt,89.5,52.46,5,1588,910.46
kreisfahrt,89.6,52.47,5,1589,911.92
kreisfahrt,89.7,52.48,5,1589,913.38
kreisfahrt,89.8,52.49,5,1589,914.84
kreisfahrt,89.9,52.50,5,1589,916.30
kreisfahrt,90.0,52.51,5,1590,917.76
kreisfahrt,90.1,52.51,5,1590,919.22
kreisfahrt,90.2,52.52,5,1590,920.67
kreisfahrt,90.3,52.53,5,1590,922.13
kreisfahrt,90.4,52.54,5,1591,923.59
kreisfahrt,90.5,52.55,5,1591,925.05
kreisfahrt,90.6,52.55,5,1591,926.51
kreisfahrt,90.7,52.56,5,1591,927.98
kreisfahrt,90.8,52.57,5,1591,929.44
kreisfahrt,90.9,52.57,5,1592,930.90
kreisfahrt,91.0,52.58,5,1592,932.36
kreisfahrt,91.1,52.59,5,1592,933.82
kreisfahrt,91.2,52.60,5,1592,935.28
kreisfahrt,91.3,52.60,5,1592,936.74
kreisfahrt,91.4,52.61,5,1593,938.20
kreisfahrt,91.5,52.61,5,1593,939.67
kreisfahrt,91.6,52.62,5,1593,941.13
kreisfahrt,91.7,52.63,5,1593,942.59
kreisfahrt,91.8,52.63,5,1593,944.05
kreisfahrt,91.9,52.64,5,1594,945.52
kreisfahrt,92.0,52.65,5,1594,946.98
kreisfahrt,92.1,52.65,5,1594,948.44
kreisfahrt,92.2,52.66,5,1594,949.91
kreisfahrt,92.3,52.66,5,1594,951.37
kreisfahrt,92.4,52.67,5,1594,952.83
kreisfahrt,92.5,52.67,5,1595,954.30
kreisfahrt,92.6,52.68,5,1595,955.76
kreisfahrt,92.7,52.68,5,1595,957.22
kreisfahrt,92.8,52.69,5,1595,958.69
kreisfahrt,92.9,52.69,5,1595,960.15
kreisfahrt,93.0,52.70,5,1595,961.62
kreisfahrt,93.1,52.70,5,1596,963.08
kreisfahrt,93.2,52.71,5,1596,964.55
kreisfahrt,93.3,52.71,5,1596,966.01
kreisfahrt,93.4,52.72,5,1596,967.48
kreisfahrt,93.5,52.72,5,1596,968.94
kreisfahrt,93.6,52.73,5,1596,970.41
kreisfahrt,93.7,52.73,5,1596,971.87
kreisfahrt,93.8,52.73,5,1596,973.34
kreisfahrt,93.9,52.74,5,1597,974.80
kreisfahrt,94.0,52.74,5,1597,976.27
kreisfahrt,94.1,52.75,5,1597,977.74
kreisfahrt,94.2,52.75,5,1597,979.20
kreisfahrt,94.3,52.75,5,1597,980.67
kreisfahrt,94.4,52.76,5,1597,982.13
kreisfahrt,94.5,52.76,5,1597,983.60
kreisfahrt,94.6,52.77,5,1597,985.07
kreisfahrt,94.7,52.77,5,1598,986.53
kreisfahrt,94.8,52.77,5,1598,988.00
kreisfahrt,94.9,52.78,5,1598,989.47
kreisfahrt,95.0,52.78,5,1598,990.93
kreisfahrt,95.1,52.78,5,1598,992.40
kreisfahrt,95.2,52.79,5,1598,993.87
kreisfahrt,95.3,52.79,5,1598,995.33
kreisfahrt,95.4,52.79,5,1598,996.80
kreisfahrt,95.5,52.80,5,1598,998.27
kreisfahrt,95.6,52.80,5,1598,999.73
kreisfahrt,95.7,52.80,5,1598,1001.20
kreisfahrt,95.8,52.80,5,1599,1002.67
kreisfahrt,95.9,52.81,5,1599,1004.14
kreisfahrt,96.0,52.81,5,1599,1005.60
kreisfahrt,96.1,52.81,5,1599,1007.07
kreisfahrt,96.2,52.82,5,1599,1008.54
kreisfahrt,96.3,52.82,5,1599,1010.01
kreisfahrt,96.4,52.82,5,1599,1011.48
kreisfahrt,96.5,52.82,5,1599,1012.94
kreisfahrt,96.6,52.83,5,1599,1014.41
kreisfahrt,96.7,52.83,5,1599,1015.88
kreisfahrt,96.8,52.83,5,1599,1017.35
kreisfahrt,96.9,52.83,5,1599,1018.82
kreisfahrt,97.0,52.84,5,1600,1020.28
kreisfahrt,97.1,52.84,5,1600,1021.75
kreisfahrt,97.2,52.84,5,1600,1023.22
kreisfahrt,97.3,52.84,5,1600,1024.69
kreisfahrt,97.4,52.84,5,1600,1026.16
kreisfahrt,97.5,52.85,5,1600,1027.63
kreisfahrt,97.6,52.85,5,1600,1029.10
kreisfahrt,97.7,52.85,5,1600,1030.57
kreisfahrt,97.8,52.85,5,1600,1032.03
kreisfahrt,97.9,52.85,5,1600,1033.50
kreisfahrt,98.0,52.86,5,1600,1034.97
kreisfahrt,98.1,52.86,5,1600,1036.44
kreisfahrt,98.2,52.86,5,1600,1037.91
kreisfahrt,98.3,52.86,5,1600,1039.38
kreisfahrt,98.4,52.86,5,1600,1040.85
kreisfahrt,98.5,52.87,5,1600,1042.32
kreisfahrt,98.6,52.87,5,1601,1043.79
kreisfahrt,98.7,52.87,5,1601,1045.26
kreisfahrt,98.8,52.87,5,1601,1046.73
kreisfahrt,98.9,52.87,5,1601,1048.19
kreisfahrt,99.0,52.87,5,1601,1049.66
kreisfahrt,99.1,52.88,5,1601,1051.13
kreisfahrt,99.2,52.88,5,1601,1052.60
kreisfahrt,99.3,52.88,5,1601,1054.07
kreisfahrt,99.4,52.88,5,1601,1055.54
kreisfahrt,99.5,52.88,5,1601,1057.01
kreisfahrt,99.6,52.88,5,1601,1058.48
kreisfahrt,99.7,52.89,5,1601,1059.95
kreisfahrt,99.8,52.89,5,1601,1061.42
kreisfahrt,99.9,52.89,5,1601,1062.89
kreisfahrt,100.0,52.89,5,1601,1064.36
kreisfahrt,100.1,52.89,5,1601,1065.83
kreisfahrt,100.2,52.89,5,1601,1067.30
kreisfahrt,100.3,52.89,5,1601,1068.77
kreisfahrt,100.4,52.89,5,1601,1070.24
kreisfahrt,100.5,52.90,5,1601,1071.71
kreisfahrt,100.6,52.90,5,1601,1073.18
kreisfahrt,100.7,52.90,5,1601,1074.65
kreisfahrt,100.8,52.90,5,1601,1076.12
kreisfahrt,100.9,52.90,5,1602,1077.59
kreisfahrt,101.0,52.90,5,1602,1079.06
kreisfahrt,101.1,52.90,5,1602,1080.53
kreisfahrt,101.2,52.90,5,1602,1082.00
kreisfahrt,101.3,52.91,5,1602,1083.47
kreisfahrt,101.4,52.91,5,1602,1084.94
kreisfahrt,101.5,52.91,5,1602,1086.41
kreisfahrt,101.6,52.91,5,1602,1087.88
kreisfahrt,101.7,52.91,5,1602,1089.35
kreisfahrt,101.8,52.91,5,1602,1090.82
kreisfahrt,101.9,52.91,5,1602,1092.30
kreisfahrt,102.0,52.91,5,1602,1093.77
kreisfahrt,102.1,52.91,5,1602,1095.24
kreisfahrt,102.2,52.91,5,1602,1096.71
kreisfahrt,102.3,52.91,5,1602,1098.18
kreisfahrt,102.4,52.92,5,1602,1099.65
kreisfahrt,102.5,52.92,5,1602,1101.12
kreisfahrt,102.6,52.92,5,1602,1102.59
kreisfahrt,102.7,52.92,5,1602,1104.06
kreisfahrt,102.8,52.92,5,1602,1105.53
kreisfahrt,102.9,52.92,5,1602,1107.00
kreisfahrt,103.0,52.92,5,1602,1108.47
kreisfahrt,103.1,52.92,5,1602,1109.94
kreisfahrt,103.2,52.92,5,1602,1111.41
kreisfahrt,103.3,52.92,5,1602,1112.88
kreisfahrt,103.4,52.92,5,1602,1114.36
kreisfahrt,103.5,52.92,5,1602,1115.83
kreisfahrt,103.6,52.92,5,1602,1117.30
kreisfahrt,103.7,52.93,5,1602,1118.77
kreisfahrt,103.8,52.93,5,1602,1120.24
kreisfahrt,103.9,52.93,5,1602,1121.71
kreisfahrt,104.0,52.93,5,1602,1123.18
kreisfahrt,104.1,52.93,5,1602,1124.65
kreisfahrt,104.2,52.93,5,1602,1126.12
kreisfahrt,104.3,52.93,5,1602,1127.59
kreisfahrt,104.4,52.93,5,1602,1129.06
kreisfahrt,104.5,52.93,5,1602,1130.54
kreisfahrt,104.6,52.93,5,1602,1132.01
kreisfahrt,104.7,52.93,5,1602,1133.48
kreisfahrt,104.8,52.93,5,1602,1134.95
kreisfahrt,104.9,52.93,5,1602,1136.42
kreisfahrt,105.0,52.93,5,1603,1137.89
kreisfahrt,105.1,52.93,5,1603,1139.36
kreisfahrt,105.2,52.93,5,1603,1140.83
kreisfahrt,105.3,52.93,5,1603,1142.30
kreisfahrt,105.4,52.94,5,1603,1143.78
kreisfahrt,105.5,52.94,5,1603,1145.25
kreisfahrt,105.6,52.94,5,1603,1146.72
kreisfahrt,105.7,52.94,5,1603,1148.19
kreisfahrt,105.8,52.94,5,1603,1149.66
kreisfahrt,105.9,52.94,5,1603,1151.13
kreisfahrt,106.0,52.94,5,1603,1152.60
kreisfahrt,106.1,52.94,5,1603,1154.07
kreisfahrt,106.2,52.94,5,1603,1155.55
kreisfahrt,106.3,52.94,5,1603,1157.02
kreisfahrt,106.4,52.94,5,1603,1158.49
kreisfahrt,106.5,52.94,5,1603,1159.96
kreisfahrt,106.6,52.94,5,1603,1161.43
kreisfahrt,106.7,52.94,5,1603,1162.90
kreisfahrt,106.8,52.94,5,1603,1164.37
kreisfahrt,106.9,52.94,5,1603,1165.85
kreisfahrt,107.0,52.94,5,1603,1167.32
kreisfahrt,107.1,52.94,5,1603,1168.79
kreisfahrt,107.2,52.94,5,1603,1170.26
kreisfahrt,107.3,52.94,5,1603,1171.73
kreisfahrt,107.4,52.94,5,1603,1173.20
kreisfahrt,107.5,52.94,5,1603,1174.67
kreisfahrt,107.6,52.94,5,1603,1176.15
kreisfahrt,107.7,52.94,5,1603,1177.62
kreisfahrt,107.8,52.94,5,1603,1179.09
kreisfahrt,107.9,52.95,5,1603,1180.56
kreisfahrt,108.0,52.95,5,1603,1182.03
kreisfahrt,108.1,52.95,5,1603,1183.50
kreisfahrt,108.2,52.95,5,1603,1184.97
kreisfahrt,108.3,52.95,5,1603,1186.45
kreisfahrt,108.4,52.95,5,1603,1187.92
kreisfahrt,108.5,52.95,5,1603,1189.39
kreisfahrt,108.6,52.95,5,1603,1190.86
kreisfahrt,108.7,52.95,5,1603,1192.33
kreisfahrt,108.8,52.95,5,1603,1193.80
kreisfahrt,108.9,52.95,5,1603,1195.27
kreisfahrt,109.0,52.95,5,1603,1196.75
kreisfahrt,109.1,52.95,5,1603,1198.22
kreisfahrt,109.2,52.95,5,1603,1199.69
kreisfahrt,109.3,52.95,5,1603,1201.16
kreisfahrt,109.4,52.95,5,1603,1202.63
kreisfahrt,109.5,52.95,5,1603,1204.10
kreisfahrt,109.6,52.95,5,1603,1205.58
kreisfahrt,109.7,52.95,5,1603,1207.05
kreisfahrt,109.8,52.95,5,1603,1208.52
kreisfahrt,109.9,52.95,5,1603,1209.99
kreisfahrt,110.0,52.95,5,1603,1211.46
kreisfahrt,110.1,52.95,5,1603,1212.93
kreisfahrt,110.2,52.95,5,1603,1214.41
kreisfahrt,110.3,52.95,5,1603,1215.88
kreisfahrt,110.4,52.95,5,1603,1217.35
kreisfahrt,110.5,52.95,5,1603,1218.82
kreisfahrt,110.6,52.95,5,1603,1220.29
kreisfahrt,110.7,52.95,5,1603,1221.76
kreisfahrt,110.8,52.95,5,1603,1223.23
kreisfahrt,110.9,52.95,5,1603,1224.71
kreisfahrt,111.0,52.95,5,1603,1226.18
kreisfahrt,111.1,52.95,5,1603,1227.65
kreisfahrt,111.2,52.95,5,1603,1229.12
kreisfahrt,111.3,52.95,5,1603,1230.59
kreisfahrt,111.4,52.95,5,1603,1232.06
kreisfahrt,111.5,52.95,5,1603,1233.54
kreisfahrt,111.6,52.95,5,1603,1235.01
kreisfahrt,111.7,52.95,5,1603,1236.48
kreisfahrt,111.8,52.95,5,1603,1237.95
kreisfahrt,111.9,52.95,5,1603,1239.42
kreisfahrt,112.0,52.95,5,1603,1240.90
kreisfahrt,112.1,52.95,5,1603,1242.37
kreisfahrt,112.2,52.95,5,1603,1243.84
kreisfahrt,112.3,52.95,5,1603,1245.31
kreisfahrt,112.4,52.95,5,1603,1246.78
kreisfahrt,112.5,52.95,5,1603,1248.25
kreisfahrt,112.6,52.95,5,1603,1249.73
kreisfahrt,112.7,52.96,5,1603,1251.20
kreisfahrt,112.8,52.96,5,1603,1252.67
kreisfahrt,112.9,52.96,5,1603,1254.14
kreisfahrt,113.0,52.96,5,1603,1255.61
kreisfahrt,113.1,52.96,5,1603,1257.08
kreisfahrt,113.2,52.96,5,1603,1258.56
kreisfahrt,113.3,52.96,5,1603,1260.03
kreisfahrt,113.4,52.96,5,1603,1261.50
kreisfahrt,113.5,52.96,5,1603,1262.97
kreisfahrt,113.6,52.96,5,1603,1264.44
kreisfahrt,113.7,52.96,5,1603,1265.91
kreisfahrt,113.8,52.96,5,1603,1267.39
kreisfahrt,113.9,52.96,5,1603,1268.86
kreisfahrt,114.0,52.96,5,1603,1270.33
kreisfahrt,114.1,52.96,5,1603,1271.80
kreisfahrt,114.2,52.96,5,1603,1273.27
kreisfahrt,114.3,52.96,5,1603,1274.75
kreisfahrt,114.4,52.96,5,1603,1276.22
kreisfahrt,114.5,52.96,5,1603,1277.69
kreisfahrt,114.6,52.96,5,1603,1279.16
kreisfahrt,114.7,52.96,5,1603,1280.63
kreisfahrt,114.8,52.96,5,1603,1282.10
kreisfahrt,114.9,52.96,5,1603,1283.58
kreisfahrt,115.0,52.96,5,1603,1285.05
kreisfahrt,115.1,52.96,5,1603,1286.52
kreisfahrt,115.2,52.96,5,1603,1287.99
kreisfahrt,115.3,52.96,5,1603,1289.46
kreisfahrt,115.4,52.96,5,1603,1290.94
kreisfahrt,115.5,52.96,5,1603,1292.41
kreisfahrt,115.6,52.96,5,1603,1293.88
kreisfahrt,115.7,52.96,5,1603,1295.35
kreisfahrt,115.8,52.96,5,1603,1296.82
kreisfahrt,115.9,52.96,5,1603,1298.29
kreisfahrt,116.0,52.96,5,1603,1299.77
kreisfahrt,116.1,52.96,5,1603,1301.24
kreisfahrt,116.2,52.96,5,1603,1302.71
kreisfahrt,116.3,52.96,5,1603,1304.18
kreisfahrt,116.4,52.96,5,1603,1305.65
kreisfahrt,116.5,52.96,5,1603,1307.13
kreisfahrt,116.6,52.96,5,1603,1308.60
kreisfahrt,116.7,52.96,5,1603,1310.07
kreisfahrt,116.8,52.96,5,1603,1311.54
kreisfahrt,116.9,52.96,5,1603,1313.01
kreisfahrt,117.0,52.96,5,1603,1314.48
kreisfahrt,117.1,52.96,5,1603,1315.96
kreisfahrt,117.2,52.96,5,1603,1317.43
kreisfahrt,117.3,52.96,5,1603,1318.90
kreisfahrt,117.4,52.96,5,1603,1320.37
kreisfahrt,117.5,52.96,5,1603,1321.84
kreisfahrt,117.6,52.96,5,1603,1323.32
kreisfahrt,117.7,52.96,5,1603,1324.79
kreisfahrt,117.8,52.96,5,1603,1326.26
kreisfahrt,117.9,52.96,5,1603,1327.73
kreisfahrt,118.0,52.96,5,1603,1329.20
kreisfahrt,118.1,52.96,5,1603,1330.67
kreisfahrt,118.2,52.96,5,1603,1332.15
kreisfahrt,118.3,52.96,5,1603,1333.62
kreisfahrt,118.4,52.96,5,1603,1335.09
kreisfahrt,118.5,52.96,5,1603,1336.56
kreisfahrt,118.6,52.96,5,1603,1338.03
kreisfahrt,118.7,52.96,5,1603,1339.51
kreisfahrt,118.8,52.96,5,1603,1340.98
kreisfahrt,118.9,52.96,5,1603,1342.45
kreisfahrt,119.0,52.96,5,1603,1343.92
kreisfahrt,119.1,52.96,5,1603,1345.39
kreisfahrt,119.2,52.96,5,1603,1346.87
kreisfahrt,119.3,52.96,5,1603,1348.34
kreisfahrt,119.4,52.96,5,1603,1349.81
kreisfahrt,119.5,52.96,5,1603,1351.28
kreisfahrt,119.6,52.96,5,1603,1352.75
kreisfahrt,119.7,52.96,5,1603,1354.22
kreisfahrt,119.8,52.96,5,1603,1355.70
kreisfahrt,119.9,52.96,5,1603,1357.17
kreisfahrt,120.0,52.96,5,1603,1358.64
kreisfahrt,120.1,52.96,5,1603,1360.11
kreisfahrt,120.2,52.96,5,1603,1361.58
kreisfahrt,120.3,52.96,5,1603,1363.06
kreisfahrt,120.4,52.96,5,1603,1364.53
kreisfahrt,120.5,52.96,5,1603,1366.00
kreisfahrt,120.6,52.96,5,1603,1367.47
kreisfahrt,120.7,52.96,5,1603,1368.94
kreisfahrt,120.8,52.96,5,1603,1370.42
kreisfahrt,120.9,52.96,5,1603,1371.89
kreisfahrt,121.0,52.96,5,1603,1373.36
kreisfahrt,121.1,52.96,5,1603,1374.83
kreisfahrt,121.2,52.96,5,1603,1376.30
kreisfahrt,121.3,52.96,5,1603,1377.77
kreisfahrt,121.4,52.96,5,1603,1379.25
kreisfahrt,121.5,52.96,5,1603,1380.72
kreisfahrt,121.6,52.96,5,1603,1382.19
kreisfahrt,121.7,52.96,5,1603,1383.66
kreisfahrt,121.8,52.96,5,1603,1385.13
kreisfahrt,121.9,52.96,5,1603,1386.61
kreisfahrt,122.0,52.96,5,1603,1388.08
kreisfahrt,122.1,52.96,5,1603,1389.55
kreisfahrt,122.2,52.96,5,1603,1391.02
kreisfahrt,122.3,52.96,5,1603,1392.49
kreisfahrt,122.4,52.96,5,1603,1393.97
kreisfahrt,122.5,52.96,5,1603,1395.44
kreisfahrt,122.6,52.96,5,1603,1396.91
kreisfahrt,122.7,52.96,5,1603,1398.38
kreisfahrt,122.8,52.96,5,1603,1399.85
kreisfahrt,122.9,52.96,5,1603,1401.33
kreisfahrt,123.0,52.96,5,1603,1402.80
kreisfahrt,123.1,52.96,5,1603,1404.27
kreisfahrt,123.2,52.96,5,1603,1405.74
kreisfahrt,123.3,52.96,5,1603,1407.21
kreisfahrt,123.4,52.96,5,1603,1408.68
kreisfahrt,123.5,52.96,5,1603,1410.16
kreisfahrt,123.6,52.96,5,1603,1411.63
kreisfahrt,123.7,52.96,5,1603,1413.10
kreisfahrt,123.8,52.96,5,1603,1414.57
kreisfahrt,123.9,52.96,5,1603,1416.04
kreisfahrt,124.0,52.96,5,1603,1417.52
kreisfahrt,124.1,52.96,5,1603,1418.99
kreisfahrt,124.2,52.96,5,1603,1420.46
kreisfahrt,124.3,52.96,5,1603,1421.93
kreisfahrt,124.4,52.96,5,1603,1423.40
kreisfahrt,124.5,52.96,5,1603,1424.88
kreisfahrt,124.6,52.96,5,1603,1426.35
kreisfahrt,124.7,52.96,5,1603,1427.82
kreisfahrt,124.8,52.96,5,1603,1429.29
kreisfahrt,124.9,52.96,5,1603,1430.76
kreisfahrt,125.0,52.96,5,1603,1432.24
kreisfahrt,125.1,52.96,5,1603,1433.71
kreisfahrt,125.2,52.96,5,1603,1435.18
kreisfahrt,125.3,52.96,5,1603,1436.65
kreisfahrt,125.4,52.96,5,1603,1438.12
kreisfahrt,125.5,52.96,5,1603,1439.59
kreisfahrt,125.6,52.96,5,1603,1441.07
kreisfahrt,125.7,52.96,5,1603,1442.54
kreisfahrt,125.8,52.96,5,1603,1444.01
kreisfahrt,125.9,52.96,5,1603,1445.48
kreisfahrt,126.0,52.96,5,1603,1446.95
kreisfahrt,126.1,52.96,5,1603,1448.43
kreisfahrt,126.2,52.96,5,1603,1449.90
kreisfahrt,126.3,52.96,5,1603,1451.37
kreisfahrt,126.4,52.96,5,1603,1452.84
kreisfahrt,126.5,52.96,5,1603,1454.31
kreisfahrt,126.6,52.96,5,1603,1455.79
kreisfahrt,126.7,52.96,5,1603,1457.26
kreisfahrt,126.8,52.96,5,1603,1458.73
kreisfahrt,126.9,52.96,5,1603,1460.20
kreisfahrt,127.0,52.96,5,1603,1461.67
kreisfahrt,127.1,52.96,5,1603,1463.15
kreisfahrt,127.2,52.96,5,1603,1464.62
kreisfahrt,127.3,52.96,5,1603,1466.09
kreisfahrt,127.4,52.96,5,1603,1467.56
kreisfahrt,127.5,52.96,5,1603,1469.03
kreisfahrt,127.6,52.96,5,1603,1470.51
kreisfahrt,127.7,52.96,5,1603,1471.98
kreisfahrt,127.8,52.96,5,1603,1473.45
kreisfahrt,127.9,52.96,5,1603,1474.92
kreisfahrt,128.0,52.96,5,1603,1476.39
kreisfahrt,128.1,52.96,5,1603,1477.86
kreisfahrt,128.2,52.96,5,1603,1479.34
kreisfahrt,128.3,52.96,5,1603,1480.81
kreisfahrt,128.4,52.96,5,1603,1482.28
kreisfahrt,128.5,52.96,5,1603,1483.75
kreisfahrt,128.6,52.96,5,1603,1485.22
kreisfahrt,128.7,52.96,5,1603,1486.70
kreisfahrt,128.8,52.96,5,1603,1488.17
kreisfahrt,128.9,52.96,5,1603,1489.64
kreisfahrt,129.0,52.96,5,1603,1491.11
kreisfahrt,129.1,52.96,5,1603,1492.58
kreisfahrt,129.2,52.96,5,1603,1494.06
kreisfahrt,129.3,52.96,5,1603,1495.53
kreisfahrt,129.4,52.96,5,1603,1497.00
kreisfahrt,129.5,52.96,5,1603,1498.47
kreisfahrt,129.6,52.96,5,1603,1499.94
kreisfahrt,129.7,52.96,5,1603,1501.42
kreisfahrt,129.8,52.96,5,1603,1502.89
kreisfahrt,129.9,52.96,5,1603,1504.36
kreisfahrt,130.0,52.96,5,1603,1505.83
kreisfahrt,130.1,52.96,5,1603,1507.30
kreisfahrt,130.2,52.96,5,1603,1508.77
kreisfahrt,130.3,52.96,5,1603,1510.25
kreisfahrt,130.4,52.96,5,1603,1511.72
kreisfahrt,130.5,52.96,5,1603,1513.19
kreisfahrt,130.6,52.96,5,1603,1514.66
kreisfahrt,130.7,52.96,5,1603,1516.13
kreisfahrt,130.8,52.96,5,1603,1517.61
kreisfahrt,130.9,52.96,5,1603,1519.08
kreisfahrt,131.0,52.96,5,1603,1520.55
kreisfahrt,131.1,52.96,5,1603,1522.02
kreisfahrt,131.2,52.96,5,1603,1523.49
kreisfahrt,131.3,52.96,5,1603,1524.97
kreisfahrt,131.4,52.96,5,1603,1526.44
kreisfahrt,131.5,52.96,5,1603,1527.91
kreisfahrt,131.6,52.96,5,1603,1529.38
kreisfahrt,131.7,52.96,5,1603,1530.85
kreisfahrt,131.8,52.96,5,1603,1532.33
kreisfahrt,131.9,52.96,5,1603,1533.80
kreisfahrt,132.0,52.96,5,1603,1535.27
kreisfahrt,132.1,52.96,5,1603,1536.74
kreisfahrt,132.2,52.96,5,1603,1538.21
kreisfahrt,132.3,52.96,5,1603,1539.69
kreisfahrt,132.4,52.96,5,1603,1541.16
kreisfahrt,132.5,52.96,5,1603,1542.63
kreisfahrt,132.6,52.96,5,1603,1544.10
kreisfahrt,132.7,52.96,5,1603,1545.57
kreisfahrt,132.8,52.96,5,1603,1547.04
kreisfahrt,132.9,52.96,5,1603,1548.52
kreisfahrt,133.0,52.96,5,1603,1549.99
kreisfahrt,133.1,52.96,5,1603,1551.46
kreisfahrt,133.2,52.96,5,1603,1552.93
kreisfahrt,133.3,52.96,5,1603,1554.40
kreisfahrt,133.4,52.96,5,1603,1555.88
kreisfahrt,133.5,52.96,5,1603,1557.35
kreisfahrt,133.6,52.96,5,1603,1558.82
kreisfahrt,133.7,52.96,5,1603,1560.29
kreisfahrt,133.8,52.96,5,1603,1561.76
kreisfahrt,133.9,52.96,5,1603,1563.24
kreisfahrt,134.0,52.96,5,1603,1564.71
kreisfahrt,134.1,52.96,5,1603,1566.18
kreisfahrt,134.2,52.96,5,1603,1567.65
kreisfahrt,134.3,52.96,5,1603,1569.12
kreisfahrt,134.4,52.96,5,1603,1570.60
kreisfahrt,134.5,52.96,5,1603,1572.07
kreisfahrt,134.6,52.96,5,1603,1573.54
kreisfahrt,134.7,52.96,5,1603,1575.01
kreisfahrt,134.8,52.96,5,1603,1576.48
kreisfahrt,134.9,52.96,5,1603,1577.96
kreisfahrt,135.0,52.96,5,1603,1579.43
kreisfahrt,135.1,52.96,5,1603,1580.90
kreisfahrt,135.2,52.96,5,1603,1582.37
kreisfahrt,135.3,52.96,5,1603,1583.84
kreisfahrt,135.4,52.96,5,1603,1585.31
kreisfahrt,135.5,52.96,5,1603,1586.79
kreisfahrt,135.6,52.96,5,1603,1588.26
kreisfahrt,135.7,52.96,5,1603,1589.73
kreisfahrt,135.8,52.96,5,1603,1591.20
kreisfahrt,135.9,52.96,5,1603,1592.67
kreisfahrt,136.0,52.96,5,1603,1594.15
kreisfahrt,136.1,52.96,5,1603,1595.62
kreisfahrt,136.2,52.96,5,1603,1597.09
kreisfahrt,136.3,52.96,5,1603,1598.56
kreisfahrt,136.4,52.96,5,1603,1600.03
kreisfahrt,136.5,52.96,5,1603,1601.51
kreisfahrt,136.6,52.96,5,1603,1602.98
kreisfahrt,136.7,52.96,5,1603,1604.45
kreisfahrt,136.8,52.96,5,1603,1605.92
kreisfahrt,136.9,52.96,5,1603,1607.39
kreisfahrt,137.0,52.96,5,1603,1608.87
kreisfahrt,137.1,52.96,5,1603,1610.34
kreisfahrt,137.2,52.96,5,1603,1611.81
kreisfahrt,137.3,52.96,5,1603,1613.28
kreisfahrt,137.4,52.96,5,1603,1614.75
kreisfahrt,137.5,52.96,5,1603,1616.23
kreisfahrt,137.6,52.96,5,1603,1617.70
kreisfahrt,137.7,52.96,5,1603,1619.17
kreisfahrt,137.8,52.96,5,1603,1620.64
kreisfahrt,137.9,52.96,5,1603,1622.11
kreisfahrt,138.0,52.96,5,1603,1623.59
kreisfahrt,138.1,52.96,5,1603,1625.06
kreisfahrt,138.2,52.96,5,1603,1626.53
kreisfahrt,138.3,52.96,5,1603,1628.00
kreisfahrt,138.4,52.96,5,1603,1629.47
kreisfahrt,138.5,52.96,5,1603,1630.94
kreisfahrt,138.6,52.96,5,1603,1632.42
kreisfahrt,138.7,52.96,5,1603,1633.89
kreisfahrt,138.8,52.96,5,1603,1635.36
kreisfahrt,138.9,52.96,5,1603,1636.83
kreisfahrt,139.0,52.96,5,1603,1638.30
kreisfahrt,139.1,52.96,5,1603,1639.78
kreisfahrt,139.2,52.96,5,1603,1641.25
kreisfahrt,139.3,52.96,5,1603,1642.72
kreisfahrt,139.4,52.96,5,1603,1644.19
kreisfahrt,139.5,52.96,5,1603,1645.66
kreisfahrt,139.6,52.96,5,1603,1647.14
kreisfahrt,139.7,52.96,5,1603,1648.61
kreisfahrt,139.8,52.96,5,1603,1650.08
kreisfahrt,139.9,52.96,5,1603,1651.55
kreisfahrt,140.0,52.96,5,1603,1653.02
kreisfahrt,140.1,52.96,5,1603,1654.50
kreisfahrt,140.2,52.96,5,1603,1655.97
kreisfahrt,140.3,52.96,5,1603,1657.44
kreisfahrt,140.4,52.96,5,1603,1658.91
kreisfahrt,140.5,52.96,5,1603,1660.38
kreisfahrt,140.6,52.96,5,1603,1661.86
kreisfahrt,140.7,52.96,5,1603,1663.33
kreisfahrt,140.8,52.96,5,1603,1664.80
kreisfahrt,140.9,52.96,5,1603,1666.27
kreisfahrt,141.0,52.96,5,1603,1667.74
kreisfahrt,141.1,52.96,5,1603,1669.21
kreisfahrt,141.2,52.96,5,1603,1670.69
kreisfahrt,141.3,52.96,5,1603,1672.16
kreisfahrt,141.4,52.96,5,1603,1673.63
kreisfahrt,141.5,52.96,5,1603,1675.10
kreisfahrt,141.6,52.96,5,1603,1676.57
kreisfahrt,141.7,52.96,5,1603,1678.05
kreisfahrt,141.8,52.96,5,1603,1679.52
kreisfahrt,141.9,52.96,5,1603,1680.99
kreisfahrt,142.0,52.96,5,1603,1682.46
kreisfahrt,142.1,52.96,5,1603,1683.93
kreisfahrt,142.2,52.96,5,1603,1685.41
kreisfahrt,142.3,52.96,5,1603,1686.88
kreisfahrt,142.4,52.96,5,1603,1688.35
kreisfahrt,142.5,52.96,5,1603,1689.82
kreisfahrt,142.6,52.96,5,1603,1691.29
kreisfahrt,142.7,52.96,5,1603,1692.77
kreisfahrt,142.8,52.96,5,1603,1694.24
kreisfahrt,142.9,52.96,5,1603,1695.71
kreisfahrt,143.0,52.96,5,1603,1697.18
kreisfahrt,143.1,52.96,5,1603,1698.65
kreisfahrt,143.2,52.96,5,1603,1700.13
kreisfahrt,143.3,52.96,5,1603,1701.60
kreisfahrt,143.4,52.96,5,1603,1703.07
kreisfahrt,143.5,52.96,5,1603,1704.54
kreisfahrt,143.6,52.96,5,1603,1706.01
kreisfahrt,143.7,52.96,5,1603,1707.48
kreisfahrt,143.8,52.96,5,1603,1708.96
kreisfahrt,143.9,52.96,5,1603,1710.43
kreisfahrt,144.0,52.96,5,1603,1711.90
kreisfahrt,144.1,52.96,5,1603,1713.37
kreisfahrt,144.2,52.96,5,1603,1714.84
kreisfahrt,144.3,52.96,5,1603,1716.32
kreisfahrt,144.4,52.96,5,1603,1717.79
kreisfahrt,144.5,52.96,5,1603,1719.26
kreisfahrt,144.6,52.96,5,1603,1720.73
kreisfahrt,144.7,52.96,5,1603,1722.20
kreisfahrt,144.8,52.96,5,1603,1723.68
kreisfahrt,144.9,52.96,5,1603,1725.15
kreisfahrt,145.0,52.96,5,1603,1726.62
kreisfahrt,145.1,52.96,5,1603,1728.09
kreisfahrt,145.2,52.96,5,1603,1729.56
kreisfahrt,145.3,52.96,5,1603,1731.04
kreisfahrt,145.4,52.96,5,1603,1732.51
kreisfahrt,145.5,52.96,5,1603,1733.98
kreisfahrt,145.6,52.96,5,1603,1735.45
kreisfahrt,145.7,52.96,5,1603,1736.92
kreisfahrt,145.8,52.96,5,1603,1738.40
kreisfahrt,145.9,52.96,5,1603,1739.87
kreisfahrt,146.0,52.96,5,1603,1741.34
kreisfahrt,146.1,52.96,5,1603,1742.81
kreisfahrt,146.2,52.96,5,1603,1744.28
kreisfahrt,146.3,52.96,5,1603,1745.76
kreisfahrt,146.4,52.96,5,1603,1747.23
kreisfahrt,146.5,52.96,5,1603,1748.70
kreisfahrt,146.6,52.96,5,1603,1750.17
kreisfahrt,146.7,52.96,5,1603,1751.64
kreisfahrt,146.8,52.96,5,1603,1753.11
kreisfahrt,146.9,52.96,5,1603,1754.59
kreisfahrt,147.0,52.96,5,1603,1756.06
kreisfahrt,147.1,52.96,5,1603,1757.53
kreisfahrt,147.2,52.96,5,1603,1759.00
kreisfahrt,147.3,52.96,5,1603,1760.47
kreisfahrt,147.4,52.96,5,1603,1761.95
kreisfahrt,147.5,52.96,5,1603,1763.42
kreisfahrt,147.6,52.96,5,1603,1764.89
kreisfahrt,147.7,52.96,5,1603,1766.36
kreisfahrt,147.8,52.96,5,1603,1767.83
kreisfahrt,147.9,52.96,5,1603,1769.31
kreisfahrt,148.0,52.96,5,1603,1770.78
kreisfahrt,148.1,52.96,5,1603,1772.25
kreisfahrt,148.2,52.96,5,1603,1773.72
kreisfahrt,148.3,52.96,5,1603,1775.19
kreisfahrt,148.4,52.96,5,1603,1776.67
kreisfahrt,148.5,52.96,5,1603,1778.14
kreisfahrt,148.6,52.96,5,1603,1779.61
kreisfahrt,148.7,52.96,5,1603,1781.08
kreisfahrt,148.8,52.96,5,1603,1782.55
kreisfahrt,148.9,52.96,5,1603,1784.03
kreisfahrt,149.0,52.96,5,1603,1785.50
kreisfahrt,149.1,52.96,5,1603,1786.97
kreisfahrt,149.2,52.96,5,1603,1788.44
kreisfahrt,149.3,52.96,5,1603,1789.91
kreisfahrt,149.4,52.96,5,1603,1791.38
kreisfahrt,149.5,52.96,5,1603,1792.86
kreisfahrt,149.6,52.96,5,1603,1794.33
kreisfahrt,149.7,52.96,5,1603,1795.80
kreisfahrt,149.8,52.96,5,1603,1797.27
kreisfahrt,149.9,52.96,5,1603,1798.74
kreisfahrt,150.0,52.96,5,1603,1800.22
kreisfahrt,150.1,52.96,5,1603,1801.69
kreisfahrt,150.2,52.96,5,1603,1803.16
kreisfahrt,150.3,52.96,5,1603,1804.63
kreisfahrt,150.4,52.96,5,1603,1806.10
kreisfahrt,150.5,52.96,5,1603,1807.58
kreisfahrt,150.6,52.96,5,1603,1809.05
kreisfahrt,150.7,52.96,5,1603,1810.52
kreisfahrt,150.8,52.96,5,1603,1811.99
kreisfahrt,150.9,52.96,5,1603,1813.46
kreisfahrt,151.0,52.96,5,1603,1814.94
kreisfahrt,151.1,52.96,5,1603,1816.41
kreisfahrt,151.2,52.96,5,1603,1817.88
kreisfahrt,151.3,52.96,5,1603,1819.35
kreisfahrt,151.4,52.96,5,1603,1820.82
kreisfahrt,151.5,52.96,5,1603,1822.30
kreisfahrt,151.6,52.96,5,1603,1823.77
kreisfahrt,151.7,52.96,5,1603,1825.24
kreisfahrt,151.8,52.96,5,1603,1826.71
kreisfahrt,151.9,52.96,5,1603,1828.18
kreisfahrt,152.0,52.96,5,1603,1829.66
kreisfahrt,152.1,52.96,5,1603,1831.13
kreisfahrt,152.2,52.96,5,1603,1832.60
kreisfahrt,152.3,52.96,5,1603,1834.07
kreisfahrt,152.4,52.96,5,1603,1835.54
kreisfahrt,152.5,52.96,5,1603,1837.01
kreisfahrt,152.6,52.96,5,1603,1838.49
kreisfahrt,152.7,52.96,5,1603,1839.96
kreisfahrt,152.8,52.96,5,1603,1841.43
kreisfahrt,152.9,52.96,5,1603,1842.90
kreisfahrt,153.0,52.96,5,1603,1844.37
kreisfahrt,153.1,52.96,5,1603,1845.85
kreisfahrt,153.2,52.96,5,1603,1847.32
kreisfahrt,153.3,52.96,5,1603,1848.79
kreisfahrt,153.4,52.96,5,1603,1850.26
kreisfahrt,153.5,52.96,5,1603,1851.73
kreisfahrt,153.6,52.96,5,1603,1853.21
kreisfahrt,153.7,52.96,5,1603,1854.68
kreisfahrt,153.8,52.96,5,1603,1856.15
kreisfahrt,153.9,52.96,5,1603,1857.62
kreisfahrt,154.0,52.96,5,1603,1859.09
kreisfahrt,154.1,52.96,5,1603,1860.57
kreisfahrt,154.2,52.96,5,1603,1862.04
kreisfahrt,154.3,52.96,5,1603,1863.51
kreisfahrt,154.4,52.96,5,1603,1864.98
kreisfahrt,154.5,52.96,5,1603,1866.45
kreisfahrt,154.6,52.96,5,1603,1867.93
kreisfahrt,154.7,52.96,5,1603,1869.40
kreisfahrt,154.8,52.96,5,1603,1870.87
kreisfahrt,154.9,52.96,5,1603,1872.34
kreisfahrt,155.0,52.96,5,1603,1873.81
kreisfahrt,155.1,52.96,5,1603,1875.28
kreisfahrt,155.2,52.96,5,1603,1876.76
kreisfahrt,155.3,52.96,5,1603,1878.23
kreisfahrt,155.4,52.96,5,1603,1879.70
kreisfahrt,155.5,52.96,5,1603,1881.17
kreisfahrt,155.6,52.96,5,1603,1882.64
kreisfahrt,155.7,52.96,5,1603,1884.12
kreisfahrt,155.8,52.96,5,1603,1885.59
kreisfahrt,155.9,52.96,5,1603,1887.06
kreisfahrt,156.0,52.96,5,1603,1888.53
kreisfahrt,156.1,52.96,5,1603,1890.00
kreisfahrt,156.2,52.96,5,1603,1891.48
kreisfahrt,156.3,52.96,5,1603,1892.95
kreisfahrt,156.4,52.96,5,1603,1894.42
kreisfahrt,156.5,52.96,5,1603,1895.89
kreisfahrt,156.6,52.96,5,1603,1897.36
kreisfahrt,156.7,52.96,5,1603,1898.84
kreisfahrt,156.8,52.96,5,1603,1900.31
kreisfahrt,156.9,52.96,5,1603,1901.78
kreisfahrt,157.0,52.96,5,1603,1903.25
kreisfahrt,157.1,52.96,5,1603,1904.72
kreisfahrt,157.2,52.96,5,1603,1906.20
kreisfahrt,157.3,52.96,5,1603,1907.67
kreisfahrt,157.4,52.96,5,1603,1909.14
kreisfahrt,157.5,52.96,5,1603,1910.61
kreisfahrt,157.6,52.96,5,1603,1912.08
kreisfahrt,157.7,52.96,5,1603,1913.55
kreisfahrt,157.8,52.96,5,1603,1915.03
kreisfahrt,157.9,52.96,5,1603,1916.50
kreisfahrt,158.0,52.96,5,1603,1917.97
kreisfahrt,158.1,52.96,5,1603,1919.44
kreisfahrt,158.2,52.96,5,1603,1920.91
kreisfahrt,158.3,52.96,5,1603,1922.39
kreisfahrt,158.4,52.96,5,1603,1923.86
kreisfahrt,158.5,52.96,5,1603,1925.33
kreisfahrt,158.6,52.96,5,1603,1926.80
kreisfahrt,158.7,52.96,5,1603,1928.27
kreisfahrt,158.8,52.96,5,1603,1929.75
kreisfahrt,158.9,52.96,5,1603,1931.22
kreisfahrt,159.0,52.96,5,1603,1932.69
kreisfahrt,159.1,52.96,5,1603,1934.16
kreisfahrt,159.2,52.96,5,1603,1935.63
kreisfahrt,159.3,52.96,5,1603,1937.11
kreisfahrt,159.4,52.96,5,1603,1938.58
kreisfahrt,159.5,52.96,5,1603,1940.05
kreisfahrt,159.6,52.96,5,1603,1941.52
kreisfahrt,159.7,52.96,5,1603,1942.99
kreisfahrt,159.8,52.96,5,1603,1944.47
kreisfahrt,159.9,52.96,5,1603,1945.94
kreisfahrt,160.0,52.96,5,1603,1947.41
kreisfahrt,160.1,52.96,5,1603,1948.88
kreisfahrt,160.2,52.96,5,1603,1950.35
kreisfahrt,160.3,52.96,5,1603,1951.83
kreisfahrt,160.4,52.96,5,1603,1953.30
kreisfahrt,160.5,52.96,5,1603,1954.77
kreisfahrt,160.6,52.96,5,1603,1956.24
kreisfahrt,160.7,52.96,5,1603,1957.71
kreisfahrt,160.8,52.96,5,1603,1959.18
kreisfahrt,160.9,52.96,5,1603,1960.66
kreisfahrt,161.0,52.96,5,1603,1962.13
kreisfahrt,161.1,52.96,5,1603,1963.60
kreisfahrt,161.2,52.96,5,1603,1965.07
kreisfahrt,161.3,52.96,5,1603,1966.54
kreisfahrt,161.4,52.96,5,1603,1968.02
kreisfahrt,161.5,52.96,5,1603,1969.49
kreisfahrt,161.6,52.96,5,1603,1970.96
kreisfahrt,161.7,52.96,5,1603,1972.43
kreisfahrt,161.8,52.96,5,1603,1973.90
kreisfahrt,161.9,52.96,5,1603,1975.38
kreisfahrt,162.0,52.96,5,1603,1976.85
kreisfahrt,162.1,52.96,5,1603,1978.32
kreisfahrt,162.2,52.96,5,1603,1979.79
kreisfahrt,162.3,52.96,5,1603,1981.26
kreisfahrt,162.4,52.96,5,1603,1982.74
kreisfahrt,162.5,52.96,5,1603,1984.21
kreisfahrt,162.6,52.96,5,1603,1985.68
kreisfahrt,162.7,52.96,5,1603,1987.15
kreisfahrt,162.8,52.96,5,1603,1988.62
kreisfahrt,162.9,52.96,5,1603,1990.10
kreisfahrt,163.0,52.96,5,1603,1991.57
kreisfahrt,163.1,52.96,5,1603,1993.04
kreisfahrt,163.2,52.96,5,1603,1994.51
kreisfahrt,163.3,52.96,5,1603,1995.98
kreisfahrt,163.4,52.96,5,1603,1997.45
kreisfahrt,163.5,52.96,5,1603,1998.93
kreisfahrt,163.6,52.96,5,1603,2000.40
kreisfahrt,163.7,52.96,5,1603,2001.87
kreisfahrt,163.8,52.96,5,1603,2003.34
kreisfahrt,163.9,52.96,5,1603,2004.81
kreisfahrt,164.0,52.96,5,1603,2006.29
kreisfahrt,164.1,52.96,5,1603,2007.76
kreisfahrt,164.2,52.96,5,1603,2009.23
kreisfahrt,164.3,52.96,5,1603,2010.70
kreisfahrt,164.4,52.96,5,1603,2012.17
kreisfahrt,164.5,52.96,5,1603,2013.65
kreisfahrt,164.6,52.96,5,1603,2015.12
kreisfahrt,164.7,52.96,5,1603,2016.59
kreisfahrt,164.8,52.96,5,1603,2018.06
kreisfahrt,164.9,52.96,5,1603,2019.53
kreisfahrt,165.0,52.96,5,1603,2021.01
kreisfahrt,165.1,52.96,5,1603,2022.48
kreisfahrt,165.2,52.96,5,1603,2023.95
kreisfahrt,165.3,52.96,5,1603,2025.42
kreisfahrt,165.4,52.96,5,1603,2026.89
kreisfahrt,165.5,52.96,5,1603,2028.37
kreisfahrt,165.6,52.96,5,1603,2029.84
kreisfahrt,165.7,52.96,5,1603,2031.31
kreisfahrt,165.8,52.96,5,1603,2032.78
kreisfahrt,165.9,52.96,5,1603,2034.25
kreisfahrt,166.0,52.96,5,1603,2035.73
kreisfahrt,166.1,52.96,5,1603,2037.20
kreisfahrt,166.2,52.96,5,1603,2038.67
kreisfahrt,166.3,52.96,5,1603,2040.14
kreisfahrt,166.4,52.96,5,1603,2041.61
kreisfahrt,166.5,52.96,5,1603,2043.08
kreisfahrt,166.6,52.96,5,1603,2044.56
kreisfahrt,166.7,52.96,5,1603,2046.03
kreisfahrt,166.8,52.96,5,1603,2047.50
kreisfahrt,166.9,52.96,5,1603,2048.97
kreisfahrt,167.0,52.96,5,1603,2050.44
kreisfahrt,167.1,52.96,5,1603,2051.92
kreisfahrt,167.2,52.96,5,1603,2053.39
kreisfahrt,167.3,52.96,5,1603,2054.86
kreisfahrt,167.4,52.96,5,1603,2056.33
kreisfahrt,167.5,52.96,5,1603,2057.80
kreisfahrt,167.6,52.96,5,1603,2059.28
kreisfahrt,167.7,52.96,5,1603,2060.75
kreisfahrt,167.8,52.96,5,1603,2062.22
kreisfahrt,167.9,52.96,5,1603,2063.69
kreisfahrt,168.0,52.96,5,1603,2065.16
kreisfahrt,168.1,52.96,5,1603,2066.64
kreisfahrt,168.2,52.96,5,1603,2068.11
kreisfahrt,168.3,52.96,5,1603,2069.58
kreisfahrt,168.4,52.96,5,1603,2071.05
kreisfahrt,168.5,52.96,5,1603,2072.52
kreisfahrt,168.6,52.96,5,1603,2074.00
kreisfahrt,168.7,52.96,5,1603,2075.47
kreisfahrt,168.8,52.96,5,1603,2076.94
kreisfahrt,168.9,52.96,5,1603,2078.41
kreisfahrt,169.0,52.96,5,1603,2079.88
kreisfahrt,169.1,52.96,5,1603,2081.35
kreisfahrt,169.2,52.96,5,1603,2082.83
kreisfahrt,169.3,52.96,5,1603,2084.30
kreisfahrt,169.4,52.96,5,1603,2085.77
kreisfahrt,169.5,52.96,5,1603,2087.24
kreisfahrt,169.6,52.96,5,1603,2088.71
kreisfahrt,169.7,52.96,5,1603,2090.19
kreisfahrt,169.8,52.96,5,1603,2091.66
kreisfahrt,169.9,52.96,5,1603,2093.13
kreisfahrt,170.0,52.96,5,1603,2094.60
kreisfahrt,170.1,52.96,5,1603,2096.07
kreisfahrt,170.2,52.96,5,1603,2097.55
kreisfahrt,170.3,52.96,5,1603,2099.02
kreisfahrt,170.4,52.96,5,1603,2100.49
kreisfahrt,170.5,52.96,5,1603,2101.96
kreisfahrt,170.6,52.96,5,1603,2103.43
kreisfahrt,170.7,52.96,5,1603,2104.91
kreisfahrt,170.8,52.96,5,1603,2106.38
kreisfahrt,170.9,52.96,5,1603,2107.85
kreisfahrt,171.0,52.96,5,1603,2109.32
kreisfahrt,171.1,52.96,5,1603,2110.79
kreisfahrt,171.2,52.96,5,1603,2112.27
kreisfahrt,171.3,52.96,5,1603,2113.74
kreisfahrt,171.4,52.96,5,1603,2115.21
kreisfahrt,171.5,52.96,5,1603,2116.68
kreisfahrt,171.6,52.96,5,1603,2118.15
kreisfahrt,171.7,52.96,5,1603,2119.63
kreisfahrt,171.8,52.96,5,1603,2121.10
kreisfahrt,171.9,52.96,5,1603,2122.57
kreisfahrt,172.0,52.96,5,1603,2124.04
kreisfahrt,172.1,52.96,5,1603,2125.51
kreisfahrt,172.2,52.96,5,1603,2126.98
kreisfahrt,172.3,52.96,5,1603,2128.46
kreisfahrt,172.4,52.96,5,1603,2129.93
kreisfahrt,172.5,52.96,5,1603,2131.40
kreisfahrt,172.6,52.96,5,1603,2132.87
kreisfahrt,172.7,52.96,5,1603,2134.34
kreisfahrt,172.8,52.96,5,1603,2135.82
kreisfahrt,172.9,52.96,5,1603,2137.29
kreisfahrt,173.0,52.96,5,1603,2138.76
kreisfahrt,173.1,52.96,5,1603,2140.23
kreisfahrt,173.2,52.96,5,1603,2141.70
kreisfahrt,173.3,52.96,5,1603,2143.18
kreisfahrt,173.4,52.96,5,1603,2144.65
kreisfahrt,173.5,52.96,5,1603,2146.12
kreisfahrt,173.6,52.96,5,1603,2147.59
kreisfahrt,173.7,52.96,5,1603,2149.06
kreisfahrt,173.8,52.96,5,1603,2150.54
kreisfahrt,173.9,52.96,5,1603,2152.01
kreisfahrt,174.0,52.96,5,1603,2153.48
kreisfahrt,174.1,52.96,5,1603,2154.95
kreisfahrt,174.2,52.96,5,1603,2156.42
kreisfahrt,174.3,52.96,5,1603,2157.90
kreisfahrt,174.4,52.96,5,1603,2159.37
kreisfahrt,174.5,52.96,5,1603,2160.84
kreisfahrt,174.6,52.96,5,1603,2162.31
kreisfahrt,174.7,52.96,5,1603,2163.78
kreisfahrt,174.8,52.96,5,1603,2165.25
kreisfahrt,174.9,52.96,5,1603,2166.73
kreisfahrt,175.0,52.96,5,1603,2168.20
kreisfahrt,175.1,52.96,5,1603,2169.67
kreisfahrt,175.2,52.96,5,1603,2171.14
kreisfahrt,175.3,52.96,5,1603,2172.61
kreisfahrt,175.4,52.96,5,1603,2174.09
kreisfahrt,175.5,52.96,5,1603,2175.56
kreisfahrt,175.6,52.96,5,1603,2177.03
kreisfahrt,175.7,52.96,5,1603,2178.50
kreisfahrt,175.8,52.96,5,1603,2179.97
kreisfahrt,175.9,52.96,5,1603,2181.45
kreisfahrt,176.0,52.96,5,1603,2182.92
kreisfahrt,176.1,52.96,5,1603,2184.39
kreisfahrt,176.2,52.96,5,1603,2185.86
kreisfahrt,176.3,52.96,5,1603,2187.33
kreisfahrt,176.4,52.96,5,1603,2188.81
kreisfahrt,176.5,52.96,5,1603,2190.28
kreisfahrt,176.6,52.96,5,1603,2191.75
kreisfahrt,176.7,52.96,5,1603,2193.22
kreisfahrt,176.8,52.96,5,1603,2194.69
kreisfahrt,176.9,52.96,5,1603,2196.17
kreisfahrt,177.0,52.96,5,1603,2197.64
kreisfahrt,177.1,52.96,5,1603,2199.11
kreisfahrt,177.2,52.96,5,1603,2200.58
kreisfahrt,177.3,52.96,5,1603,2202.05
kreisfahrt,177.4,52.96,5,1603,2203.52
kreisfahrt,177.5,52.96,5,1603,2205.00
kreisfahrt,177.6,52.96,5,1603,2206.47
kreisfahrt,177.7,52.96,5,1603,2207.94
kreisfahrt,177.8,52.96,5,1603,2209.41
kreisfahrt,177.9,52.96,5,1603,2210.88
kreisfahrt,178.0,52.96,5,1603,2212.36
kreisfahrt,178.1,52.96,5,1603,2213.83
kreisfahrt,178.2,52.96,5,1603,2215.30
kreisfahrt,178.3,52.96,5,1603,2216.77
kreisfahrt,178.4,52.96,5,1603,2218.24
kreisfahrt,178.5,52.96,5,1603,2219.72
kreisfahrt,178.6,52.96,5,1603,2221.19
kreisfahrt,178.7,52.96,5,1603,2222.66
kreisfahrt,178.8,52.96,5,1603,2224.13
kreisfahrt,178.9,52.96,5,1603,2225.60
kreisfahrt,179.0,52.96,5,1603,2227.08
kreisfahrt,179.1,52.96,5,1603,2228.55
kreisfahrt,179.2,52.96,5,1603,2230.02
kreisfahrt,179.3,52.96,5,1603,2231.49
kreisfahrt,179.4,52.96,5,1603,2232.96
kreisfahrt,179.5,52.96,5,1603,2234.44
kreisfahrt,179.6,52.96,5,1603,2235.91
kreisfahrt,179.7,52.96,5,1603,2237.38
kreisfahrt,179.8,52.96,5,1603,2238.85
kreisfahrt,179.9,52.96,5,1603,2240.32
kreisfahrt,180.0,52.96,5,1603,2241.80
kreisfahrt,180.1,52.96,5,1603,2243.27
kreisfahrt,180.2,52.96,5,1603,2244.74
kreisfahrt,180.3,52.96,5,1603,2246.21
kreisfahrt,180.4,52.96,5,1603,2247.68
kreisfahrt,180.5,52.96,5,1603,2249.15
kreisfahrt,180.6,52.96,5,1603,2250.63
kreisfahrt,180.7,52.96,5,1603,2252.10
kreisfahrt,180.8,52.96,5,1603,2253.57
kreisfahrt,180.9,52.96,5,1603,2255.04
kreisfahrt,181.0,52.96,5,1603,2256.51
kreisfahrt,181.1,52.96,5,1603,2257.99
kreisfahrt,181.2,52.96,5,1603,2259.46
kreisfahrt,181.3,52.96,5,1603,2260.93
kreisfahrt,181.4,52.96,5,1603,2262.40
kreisfahrt,181.5,52.96,5,1603,2263.87
kreisfahrt,181.6,52.96,5,1603,2265.35
kreisfahrt,181.7,52.96,5,1603,2266.82
kreisfahrt,181.8,52.96,5,1603,2268.29
kreisfahrt,181.9,52.96,5,1603,2269.76
kreisfahrt,182.0,52.96,5,1603,2271.23
kreisfahrt,182.1,52.96,5,1603,2272.71
kreisfahrt,182.2,52.96,5,1603,2274.18
kreisfahrt,182.3,52.96,5,1603,2275.65
kreisfahrt,182.4,52.96,5,1603,2277.12
kreisfahrt,182.5,52.96,5,1603,2278.59
kreisfahrt,182.6,52.96,5,1603,2280.07
kreisfahrt,182.7,52.96,5,1603,2281.54
kreisfahrt,182.8,52.96,5,1603,2283.01
kreisfahrt,182.9,52.96,5,1603,2284.48
kreisfahrt,183.0,52.96,5,1603,2285.95
kreisfahrt,183.1,52.96,5,1603,2287.42
kreisfahrt,183.2,52.96,5,1603,2288.90
kreisfahrt,183.3,52.96,5,1603,2290.37
kreisfahrt,183.4,52.96,5,1603,2291.84
kreisfahrt,183.5,52.96,5,1603,2293.31
kreisfahrt,183.6,52.96,5,1603,2294.78
kreisfahrt,183.7,52.96,5,1603,2296.26
kreisfahrt,183.8,52.96,5,1603,2297.73
kreisfahrt,183.9,52.96,5,1603,2299.20
kreisfahrt,184.0,52.96,5,1603,2300.67
kreisfahrt,184.1,52.96,5,1603,2302.14
kreisfahrt,184.2,52.96,5,1603,2303.62
kreisfahrt,184.3,52.96,5,1603,2305.09
kreisfahrt,184.4,52.96,5,1603,2306.56
kreisfahrt,184.5,52.96,5,1603,2308.03
kreisfahrt,184.6,52.96,5,1603,2309.50
kreisfahrt,184.7,52.96,5,1603,2310.98
kreisfahrt,184.8,52.96,5,1603,2312.45
kreisfahrt,184.9,52.96,5,1603,2313.92
kreisfahrt,185.0,52.96,5,1603,2315.39
kreisfahrt,185.1,52.96,5,1603,2316.86
kreisfahrt,185.2,52.96,5,1603,2318.34
kreisfahrt,185.3,52.96,5,1603,2319.81
kreisfahrt,185.4,52.96,5,1603,2321.28
kreisfahrt,185.5,52.96,5,1603,2322.75
kreisfahrt,185.6,52.96,5,1603,2324.22
kreisfahrt,185.7,52.96,5,1603,2325.70
kreisfahrt,185.8,52.96,5,1603,2327.17
kreisfahrt,185.9,52.96,5,1603,2328.64
kreisfahrt,186.0,52.96,5,1603,2330.11
kreisfahrt,186.1,52.96,5,1603,2331.58
kreisfahrt,186.2,52.96,5,1603,2333.05
kreisfahrt,186.3,52.96,5,1603,2334.53
kreisfahrt,186.4,52.96,5,1603,2336.00
kreisfahrt,186.5,52.96,5,1603,2337.47
kreisfahrt,186.6,52.96,5,1603,2338.94
kreisfahrt,186.7,52.96,5,1603,2340.41
kreisfahrt,186.8,52.96,5,1603,2341.89
kreisfahrt,186.9,52.96,5,1603,2343.36
kreisfahrt,187.0,52.96,5,1603,2344.83
kreisfahrt,187.1,52.96,5,1603,2346.30
kreisfahrt,187.2,52.96,5,1603,2347.77
kreisfahrt,187.3,52.96,5,1603,2349.25
kreisfahrt,187.4,52.96,5,1603,2350.72
kreisfahrt,187.5,52.96,5,1603,2352.19
kreisfahrt,187.6,52.96,5,1603,2353.66
kreisfahrt,187.7,52.96,5,1603,2355.13
kreisfahrt,187.8,52.96,5,1603,2356.61
kreisfahrt,187.9,52.96,5,1603,2358.08
kreisfahrt,188.0,52.96,5,1603,2359.55
kreisfahrt,188.1,52.96,5,1603,2361.02
kreisfahrt,188.2,52.96,5,1603,2362.49
kreisfahrt,188.3,52.96,5,1603,2363.97
kreisfahrt,188.4,52.96,5,1603,2365.44
kreisfahrt,188.5,52.96,5,1603,2366.91
kreisfahrt,188.6,52.96,5,1603,2368.38
kreisfahrt,188.7,52.96,5,1603,2369.85
kreisfahrt,188.8,52.96,5,1603,2371.32
kreisfahrt,188.9,52.96,5,1603,2372.80
kreisfahrt,189.0,52.96,5,1603,2374.27
kreisfahrt,189.1,52.96,5,1603,2375.74
kreisfahrt,189.2,52.96,5,1603,2377.21
kreisfahrt,189.3,52.96,5,1603,2378.68
kreisfahrt,189.4,52.96,5,1603,2380.16
kreisfahrt,189.5,52.96,5,1603,2381.63
kreisfahrt,189.6,52.96,5,1603,2383.10
kreisfahrt,189.7,52.96,5,1603,2384.57
kreisfahrt,189.8,52.96,5,1603,2386.04
kreisfahrt,189.9,52.96,5,1603,2387.52
kreisfahrt,190.0,52.96,5,1603,2388.99
kreisfahrt,190.1,52.96,5,1603,2390.46
kreisfahrt,190.2,52.96,5,1603,2391.93
kreisfahrt,190.3,52.96,5,1603,2393.40
kreisfahrt,190.4,52.96,5,1603,2394.88
kreisfahrt,190.5,52.96,5,1603,2396.35
kreisfahrt,190.6,52.96,5,1603,2397.82
kreisfahrt,190.7,52.96,5,1603,2399.29
kreisfahrt,190.8,52.96,5,1603,2400.76
kreisfahrt,190.9,52.96,5,1603,2402.24
kreisfahrt,191.0,52.96,5,1603,2403.71
kreisfahrt,191.1,52.96,5,1603,2405.18
kreisfahrt,191.2,52.96,5,1603,2406.65
kreisfahrt,191.3,52.96,5,1603,2408.12
kreisfahrt,191.4,52.96,5,1603,2409.60
kreisfahrt,191.5,52.96,5,1603,2411.07
kreisfahrt,191.6,52.96,5,1603,2412.54
kreisfahrt,191.7,52.96,5,1603,2414.01
kreisfahrt,191.8,52.96,5,1603,2415.48
kreisfahrt,191.9,52.96,5,1603,2416.95
kreisfahrt,192.0,52.96,5,1603,2418.43
kreisfahrt,192.1,52.96,5,1603,2419.90
kreisfahrt,192.2,52.96,5,1603,2421.37
kreisfahrt,192.3,52.96,5,1603,2422.84
kreisfahrt,192.4,52.96,5,1603,2424.31
kreisfahrt,192.5,52.96,5,1603,2425.79
kreisfahrt,192.6,52.96,5,1603,2427.26
kreisfahrt,192.7,52.96,5,1603,2428.73
kreisfahrt,192.8,52.96,5,1603,2430.20
kreisfahrt,192.9,52.96,5,1603,2431.67
kreisfahrt,193.0,52.96,5,1603,2433.15
kreisfahrt,193.1,52.96,5,1603,2434.62
kreisfahrt,193.2,52.96,5,1603,2436.09
kreisfahrt,193.3,52.96,5,1603,2437.56
kreisfahrt,193.4,52.96,5,1603,2439.03
kreisfahrt,193.5,52.96,5,1603,2440.51
kreisfahrt,193.6,52.96,5,1603,2441.98
kreisfahrt,193.7,52.96,5,1603,2443.45
kreisfahrt,193.8,52.96,5,1603,2444.92
kreisfahrt,193.9,52.96,5,1603,2446.39
kreisfahrt,194.0,52.96,5,1603,2447.87
kreisfahrt,194.1,52.96,5,1603,2449.34
kreisfahrt,194.2,52.96,5,1603,2450.81
kreisfahrt,194.3,52.96,5,1603,2452.28
kreisfahrt,194.4,52.96,5,1603,2453.75
kreisfahrt,194.5,52.96,5,1603,2455.22
kreisfahrt,194.6,52.96,5,1603,2456.70
kreisfahrt,194.7,52.96,5,1603,2458.17
kreisfahrt,194.8,52.96,5,1603,2459.64
kreisfahrt,194.9,52.96,5,1603,2461.11
kreisfahrt,195.0,52.96,5,1603,2462.58
kreisfahrt,195.1,52.96,5,1603,2464.06
kreisfahrt,195.2,52.96,5,1603,2465.53
kreisfahrt,195.3,52.96,5,1603,2467.00
kreisfahrt,195.4,52.96,5,1603,2468.47
kreisfahrt,195.5,52.96,5,1603,2469.94
kreisfahrt,195.6,52.96,5,1603,2471.42
kreisfahrt,195.7,52.96,5,1603,2472.89
kreisfahrt,195.8,52.96,5,1603,2474.36
kreisfahrt,195.9,52.96,5,1603,2475.83
kreisfahrt,196.0,52.96,5,1603,2477.30
kreisfahrt,196.1,52.96,5,1603,2478.78
kreisfahrt,196.2,52.96,5,1603,2480.25
kreisfahrt,196.3,52.96,5,1603,2481.72
kreisfahrt,196.4,52.96,5,1603,2483.19
kreisfahrt,196.5,52.96,5,1603,2484.66
kreisfahrt,196.6,52.96,5,1603,2486.14
kreisfahrt,196.7,52.96,5,1603,2487.61
kreisfahrt,196.8,52.96,5,1603,2489.08
kreisfahrt,196.9,52.96,5,1603,2490.55
kreisfahrt,197.0,52.96,5,1603,2492.02
kreisfahrt,197.1,52.96,5,1603,2493.49
kreisfahrt,197.2,52.96,5,1603,2494.97
kreisfahrt,197.3,52.96,5,1603,2496.44
kreisfahrt,197.4,52.96,5,1603,2497.91
kreisfahrt,197.5,52.96,5,1603,2499.38
kreisfahrt,197.6,52.96,5,1603,2500.85
kreisfahrt,197.7,52.96,5,1603,2502.33
kreisfahrt,197.8,52.96,5,1603,2503.80
kreisfahrt,197.9,52.96,5,1603,2505.27
kreisfahrt,198.0,52.96,5,1603,2506.74
kreisfahrt,198.1,52.96,5,1603,2508.21
kreisfahrt,198.2,52.96,5,1603,2509.69
kreisfahrt,198.3,52.96,5,1603,2511.16
kreisfahrt,198.4,52.96,5,1603,2512.63
kreisfahrt,198.5,52.96,5,1603,2514.10
kreisfahrt,198.6,52.96,5,1603,2515.57
kreisfahrt,198.7,52.96,5,1603,2517.05
kreisfahrt,198.8,52.96,5,1603,2518.52
kreisfahrt,198.9,52.96,5,1603,2519.99
kreisfahrt,199.0,52.96,5,1603,2521.46
kreisfahrt,199.1,52.96,5,1603,2522.93
kreisfahrt,199.2,52.96,5,1603,2524.41
kreisfahrt,199.3,52.96,5,1603,2525.88
kreisfahrt,199.4,52.96,5,1603,2527.35
kreisfahrt,199.5,52.96,5,1603,2528.82
kreisfahrt,199.6,52.96,5,1603,2530.29
kreisfahrt,199.7,52.96,5,1603,2531.77
kreisfahrt,199.8,52.96,5,1603,2533.24
kreisfahrt,199.9,52.96,5,1603,2534.71
kreisfahrt,200.0,52.96,5,1603,2536.18
kreisfahrt,200.1,52.96,5,1603,2537.65
kreisfahrt,200.2,52.96,5,1603,2539.12
kreisfahrt,200.3,52.96,5,1603,2540.60
kreisfahrt,200.4,52.96,5,1603,2542.07
kreisfahrt,200.5,52.96,5,1603,2543.54
kreisfahrt,200.6,52.96,5,1603,2545.01
kreisfahrt,200.7,52.96,5,1603,2546.48
kreisfahrt,200.8,52.96,5,1603,2547.96
kreisfahrt,200.9,52.96,5,1603,2549.43
kreisfahrt,201.0,52.96,5,1603,2550.90
kreisfahrt,201.1,52.96,5,1603,2552.37
kreisfahrt,201.2,52.96,5,1603,2553.84
kreisfahrt,201.3,52.96,5,1603,2555.32
kreisfahrt,201.4,52.96,5,1603,2556.79
kreisfahrt,201.5,52.96,5,1603,2558.26
kreisfahrt,201.6,52.96,5,1603,2559.73
kreisfahrt,201.7,52.96,5,1603,2561.20
kreisfahrt,201.8,52.96,5,1603,2562.68
kreisfahrt,201.9,52.96,5,1603,2564.15
kreisfahrt,202.0,52.96,5,1603,2565.62
kreisfahrt,202.1,52.96,5,1603,2567.09
kreisfahrt,202.2,52.96,5,1603,2568.56
kreisfahrt,202.3,52.96,5,1603,2570.04
kreisfahrt,202.4,52.96,5,1603,2571.51
kreisfahrt,202.5,52.96,5,1603,2572.98
kreisfahrt,202.6,52.96,5,1603,2574.45
kreisfahrt,202.7,52.96,5,1603,2575.92
kreisfahrt,202.8,52.96,5,1603,2577.39
kreisfahrt,202.9,52.96,5,1603,2578.87
kreisfahrt,203.0,52.96,5,1603,2580.34
kreisfahrt,203.1,52.96,5,1603,2581.81
kreisfahrt,203.2,52.96,5,1603,2583.28
kreisfahrt,203.3,52.96,5,1603,2584.75
kreisfahrt,203.4,52.96,5,1603,2586.23
kreisfahrt,203.5,52.96,5,1603,2587.70
kreisfahrt,203.6,52.96,5,1603,2589.17
kreisfahrt,203.7,52.96,5,1603,2590.64
kreisfahrt,203.8,52.96,5,1603,2592.11
kreisfahrt,203.9,52.96,5,1603,2593.59
kreisfahrt,204.0,52.96,5,1603,2595.06
kreisfahrt,204.1,52.96,5,1603,2596.53
kreisfahrt,204.2,52.96,5,1603,2598.00
kreisfahrt,204.3,52.96,5,1603,2599.47
kreisfahrt,204.4,52.96,5,1603,2600.95
kreisfahrt,204.5,52.96,5,1603,2602.42
kreisfahrt,204.6,52.96,5,1603,2603.89
kreisfahrt,204.7,52.96,5,1603,2605.36
kreisfahrt,204.8,52.96,5,1603,2606.83
kreisfahrt,204.9,52.96,5,1603,2608.31
kreisfahrt,205.0,52.96,5,1603,2609.78
kreisfahrt,205.1,52.96,5,1603,2611.25
kreisfahrt,205.2,52.96,5,1603,2612.72
kreisfahrt,205.3,52.96,5,1603,2614.19
kreisfahrt,205.4,52.96,5,1603,2615.67
kreisfahrt,205.5,52.96,5,1603,2617.14
kreisfahrt,205.6,52.96,5,1603,2618.61
kreisfahrt,205.7,52.96,5,1603,2620.08
kreisfahrt,205.8,52.96,5,1603,2621.55
kreisfahrt,205.9,52.96,5,1603,2623.02
kreisfahrt,206.0,52.96,5,1603,2624.50
kreisfahrt,206.1,52.96,5,1603,2625.97
kreisfahrt,206.2,52.96,5,1603,2627.44
kreisfahrt,206.3,52.96,5,1603,2628.91
kreisfahrt,206.4,52.96,5,1603,2630.38
kreisfahrt,206.5,52.96,5,1603,2631.86
kreisfahrt,206.6,52.96,5,1603,2633.33
kreisfahrt,206.7,52.96,5,1603,2634.80
kreisfahrt,206.8,52.96,5,1603,2636.27
kreisfahrt,206.9,52.96,5,1603,2637.74
kreisfahrt,207.0,52.96,5,1603,2639.22
kreisfahrt,207.1,52.96,5,1603,2640.69
kreisfahrt,207.2,52.96,5,1603,2642.16
kreisfahrt,207.3,52.96,5,1603,2643.63
kreisfahrt,207.4,52.96,5,1603,2645.10
kreisfahrt,207.5,52.96,5,1603,2646.58
kreisfahrt,207.6,52.96,5,1603,2648.05
kreisfahrt,207.7,52.96,5,1603,2649.52
kreisfahrt,207.8,52.96,5,1603,2650.99
kreisfahrt,207.9,52.96,5,1603,2652.46
kreisfahrt,208.0,52.96,5,1603,2653.94
kreisfahrt,208.1,52.96,5,1603,2655.41
kreisfahrt,208.2,52.96,5,1603,2656.88
kreisfahrt,208.3,52.96,5,1603,2658.35
kreisfahrt,208.4,52.96,5,1603,2659.82
kreisfahrt,208.5,52.96,5,1603,2661.29
kreisfahrt,208.6,52.96,5,1603,2662.77
kreisfahrt,208.7,52.96,5,1603,2664.24
kreisfahrt,208.8,52.96,5,1603,2665.71
kreisfahrt,208.9,52.96,5,1603,2667.18
kreisfahrt,209.0,52.96,5,1603,2668.65
kreisfahrt,209.1,52.96,5,1603,2670.13
kreisfahrt,209.2,52.96,5,1603,2671.60
kreisfahrt,209.3,52.96,5,1603,2673.07
kreisfahrt,209.4,52.96,5,1603,2674.54
kreisfahrt,209.5,52.96,5,1603,2676.01
kreisfahrt,209.6,52.96,5,1603,2677.49
kreisfahrt,209.7,52.96,5,1603,2678.96
kreisfahrt,209.8,52.96,5,1603,2680.43
kreisfahrt,209.9,52.96,5,1603,2681.90
kreisfahrt,210.0,52.96,5,1603,2683.37
kreisfahrt,210.1,52.96,5,1603,2684.85
kreisfahrt,210.2,52.96,5,1603,2686.32
kreisfahrt,210.3,52.96,5,1603,2687.79
kreisfahrt,210.4,52.96,5,1603,2689.26
kreisfahrt,210.5,52.96,5,1603,2690.73
kreisfahrt,210.6,52.96,5,1603,2692.21
kreisfahrt,210.7,52.96,5,1603,2693.68
kreisfahrt,210.8,52.96,5,1603,2695.15
kreisfahrt,210.9,52.96,5,1603,2696.62
kreisfahrt,211.0,52.96,5,1603,2698.09
kreisfahrt,211.1,52.96,5,1603,2699.57
kreisfahrt,211.2,52.96,5,1603,2701.04
kreisfahrt,211.3,52.96,5,1603,2702.51
kreisfahrt,211.4,52.96,5,1603,2703.98
kreisfahrt,211.5,52.96,5,1603,2705.45
kreisfahrt,211.6,52.96,5,1603,2706.92
kreisfahrt,211.7,52.96,5,1603,2708.40
kreisfahrt,211.8,52.96,5,1603,2709.87
kreisfahrt,211.9,52.96,5,1603,2711.34
kreisfahrt,212.0,52.96,5,1603,2712.81
kreisfahrt,212.1,52.96,5,1603,2714.28
kreisfahrt,212.2,52.96,5,1603,2715.76
kreisfahrt,212.3,52.96,5,1603,2717.23
kreisfahrt,212.4,52.96,5,1603,2718.70
kreisfahrt,212.5,52.96,5,1603,2720.17
kreisfahrt,212.6,52.96,5,1603,2721.64
kreisfahrt,212.7,52.96,5,1603,2723.12
kreisfahrt,212.8,52.96,5,1603,2724.59
kreisfahrt,212.9,52.96,5,1603,2726.06
kreisfahrt,213.0,52.96,5,1603,2727.53
kreisfahrt,213.1,52.96,5,1603,2729.00
kreisfahrt,213.2,52.96,5,1603,2730.48
kreisfahrt,213.3,52.96,5,1603,2731.95
kreisfahrt,213.4,52.96,5,1603,2733.42
kreisfahrt,213.5,52.96,5,1603,2734.89
kreisfahrt,213.6,52.96,5,1603,2736.36
kreisfahrt,213.7,52.96,5,1603,2737.84
kreisfahrt,213.8,52.96,5,1603,2739.31
kreisfahrt,213.9,52.96,5,1603,2740.78
kreisfahrt,214.0,52.96,5,1603,2742.25
kreisfahrt,214.1,52.96,5,1603,2743.72
kreisfahrt,214.2,52.96,5,1603,2745.19
kreisfahrt,214.3,52.96,5,1603,2746.67
kreisfahrt,214.4,52.96,5,1603,2748.14
kreisfahrt,214.5,52.96,5,1603,2749.61
kreisfahrt,214.6,52.96,5,1603,2751.08
kreisfahrt,214.7,52.96,5,1603,2752.55
kreisfahrt,214.8,52.96,5,1603,2754.03
kreisfahrt,214.9,52.96,5,1603,2755.50
kreisfahrt,215.0,52.96,5,1603,2756.97
kreisfahrt,215.1,52.96,5,1603,2758.44
kreisfahrt,215.2,52.96,5,1603,2759.91
kreisfahrt,215.3,52.96,5,1603,2761.39
kreisfahrt,215.4,52.96,5,1603,2762.86
kreisfahrt,215.5,52.96,5,1603,2764.33
kreisfahrt,215.6,52.96,5,1603,2765.80
kreisfahrt,215.7,52.96,5,1603,2767.27
kreisfahrt,215.8,52.96,5,1603,2768.75
kreisfahrt,215.9,52.96,5,1603,2770.22
kreisfahrt,216.0,52.96,5,1603,2771.69
kreisfahrt,216.1,52.96,5,1603,2773.16
kreisfahrt,216.2,52.96,5,1603,2774.63
kreisfahrt,216.3,52.96,5,1603,2776.11
kreisfahrt,216.4,52.96,5,1603,2777.58
kreisfahrt,216.5,52.96,5,1603,2779.05
kreisfahrt,216.6,52.96,5,1603,2780.52
kreisfahrt,216.7,52.96,5,1603,2781.99
kreisfahrt,216.8,52.96,5,1603,2783.46
kreisfahrt,216.9,52.96,5,1603,2784.94
kreisfahrt,217.0,52.96,5,1603,2786.41
kreisfahrt,217.1,52.96,5,1603,2787.88
kreisfahrt,217.2,52.96,5,1603,2789.35
kreisfahrt,217.3,52.96,5,1603,2790.82
kreisfahrt,217.4,52.96,5,1603,2792.30
kreisfahrt,217.5,52.96,5,1603,2793.77
kreisfahrt,217.6,52.96,5,1603,2795.24
kreisfahrt,217.7,52.96,5,1603,2796.71
kreisfahrt,217.8,52.96,5,1603,2798.18
kreisfahrt,217.9,52.96,5,1603,2799.66
kreisfahrt,218.0,52.96,5,1603,2801.13
kreisfahrt,218.1,52.96,5,1603,2802.60
kreisfahrt,218.2,52.96,5,1603,2804.07
kreisfahrt,218.3,52.96,5,1603,2805.54
kreisfahrt,218.4,52.96,5,1603,2807.02
kreisfahrt,218.5,52.96,5,1603,2808.49
kreisfahrt,218.6,52.96,5,1603,2809.96
kreisfahrt,218.7,52.96,5,1603,2811.43
kreisfahrt,218.8,52.96,5,1603,2812.90
kreisfahrt,218.9,52.96,5,1603,2814.38
kreisfahrt,219.0,52.96,5,1603,2815.85
kreisfahrt,219.1,52.96,5,1603,2817.32
kreisfahrt,219.2,52.96,5,1603,2818.79
kreisfahrt,219.3,52.96,5,1603,2820.26
kreisfahrt,219.4,52.96,5,1603,2821.74
kreisfahrt,219.5,52.96,5,1603,2823.21
kreisfahrt,219.6,52.96,5,1603,2824.68
kreisfahrt,219.7,52.96,5,1603,2826.15
kreisfahrt,219.8,52.96,5,1603,2827.62
kreisfahrt,219.9,52.96,5,1603,2829.09
kreisfahrt,220.0,52.96,5,1603,2830.57
kreisfahrt,220.1,52.96,5,1603,2832.04
kreisfahrt,220.2,52.96,5,1603,2833.51
kreisfahrt,220.3,52.96,5,1603,2834.98
kreisfahrt,220.4,52.96,5,1603,2836.45
kreisfahrt,220.5,52.96,5,1603,2837.93
kreisfahrt,220.6,52.96,5,1603,2839.40
kreisfahrt,220.7,52.96,5,1603,2840.87
kreisfahrt,220.8,52.96,5,1603,2842.34
kreisfahrt,220.9,52.96,5,1603,2843.81
kreisfahrt,221.0,52.96,5,1603,2845.29
kreisfahrt,221.1,52.96,5,1603,2846.76
kreisfahrt,221.2,52.96,5,1603,2848.23
kreisfahrt,221.3,52.96,5,1603,2849.70
kreisfahrt,221.4,52.96,5,1603,2851.17
kreisfahrt,221.5,52.96,5,1603,2852.65
kreisfahrt,221.6,52.96,5,1603,2854.12
kreisfahrt,221.7,52.96,5,1603,2855.59
kreisfahrt,221.8,52.96,5,1603,2857.06
kreisfahrt,221.9,52.96,5,1603,2858.53
kreisfahrt,222.0,52.96,5,1603,2860.01
kreisfahrt,222.1,52.96,5,1603,2861.48
kreisfahrt,222.2,52.96,5,1603,2862.95
kreisfahrt,222.3,52.96,5,1603,2864.42
kreisfahrt,222.4,52.96,5,1603,2865.89
kreisfahrt,222.5,52.96,5,1603,2867.36
kreisfahrt,222.6,52.96,5,1603,2868.84
kreisfahrt,222.7,52.96,5,1603,2870.31
kreisfahrt,222.8,52.96,5,1603,2871.78
kreisfahrt,222.9,52.96,5,1603,2873.25
kreisfahrt,223.0,52.96,5,1603,2874.72
kreisfahrt,223.1,52.96,5,1603,2876.20
kreisfahrt,223.2,52.96,5,1603,2877.67
kreisfahrt,223.3,52.96,5,1603,2879.14
kreisfahrt,223.4,52.96,5,1603,2880.61
kreisfahrt,223.5,52.96,5,1603,2882.08
kreisfahrt,223.6,52.96,5,1603,2883.56
kreisfahrt,223.7,52.96,5,1603,2885.03
kreisfahrt,223.8,52.96,5,1603,2886.50
kreisfahrt,223.9,52.96,5,1603,2887.97
kreisfahrt,224.0,52.96,5,1603,2889.44
kreisfahrt,224.1,52.96,5,1603,2890.92
kreisfahrt,224.2,52.96,5,1603,2892.39
kreisfahrt,224.3,52.96,5,1603,2893.86
kreisfahrt,224.4,52.96,5,1603,2895.33
kreisfahrt,224.5,52.96,5,1603,2896.80
kreisfahrt,224.6,52.96,5,1603,2898.28
kreisfahrt,224.7,52.96,5,1603,2899.75
kreisfahrt,224.8,52.96,5,1603,2901.22
kreisfahrt,224.9,52.96,5,1603,2902.69
kreisfahrt,225.0,52.96,5,1603,2904.16
kreisfahrt,225.1,52.96,5,1603,2905.64
kreisfahrt,225.2,52.96,5,1603,2907.11
kreisfahrt,225.3,52.96,5,1603,2908.58
kreisfahrt,225.4,52.96,5,1603,2910.05
kreisfahrt,225.5,52.96,5,1603,2911.52
kreisfahrt,225.6,52.96,5,1603,2912.99
kreisfahrt,225.7,52.96,5,1603,2914.47
kreisfahrt,225.8,52.96,5,1603,2915.94
kreisfahrt,225.9,52.96,5,1603,2917.41
kreisfahrt,226.0,52.96,5,1603,2918.88
kreisfahrt,226.1,52.96,5,1603,2920.35
kreisfahrt,226.2,52.96,5,1603,2921.83
kreisfahrt,226.3,52.96,5,1603,2923.30
kreisfahrt,226.4,52.96,5,1603,2924.77
kreisfahrt,226.5,52.96,5,1603,2926.24
kreisfahrt,226.6,52.96,5,1603,2927.71
kreisfahrt,226.7,52.96,5,1603,2929.19
kreisfahrt,226.8,52.96,5,1603,2930.66
kreisfahrt,226.9,52.96,5,1603,2932.13
kreisfahrt,227.0,52.96,5,1603,2933.60
kreisfahrt,227.1,52.96,5,1603,2935.07
kreisfahrt,227.2,52.96,5,1603,2936.55
kreisfahrt,227.3,52.96,5,1603,2938.02
kreisfahrt,227.4,52.96,5,1603,2939.49
kreisfahrt,227.5,52.96,5,1603,2940.96
kreisfahrt,227.6,52.96,5,1603,2942.43
kreisfahrt,227.7,52.96,5,1603,2943.91
kreisfahrt,227.8,52.96,5,1603,2945.38
kreisfahrt,227.9,52.96,5,1603,2946.85
kreisfahrt,228.0,52.96,5,1603,2948.32
kreisfahrt,228.1,52.96,5,1603,2949.79
kreisfahrt,228.2,52.96,5,1603,2951.26
kreisfahrt,228.3,52.96,5,1603,2952.74
kreisfahrt,228.4,52.96,5,1603,2954.21
kreisfahrt,228.5,52.96,5,1603,2955.68
kreisfahrt,228.6,52.96,5,1603,2957.15
kreisfahrt,228.7,52.96,5,1603,2958.62
kreisfahrt,228.8,52.96,5,1603,2960.10
kreisfahrt,228.9,52.96,5,1603,2961.57
kreisfahrt,229.0,52.96,5,1603,2963.04
kreisfahrt,229.1,52.96,5,1603,2964.51
kreisfahrt,229.2,52.96,5,1603,2965.98
kreisfahrt,229.3,52.96,5,1603,2967.46
kreisfahrt,229.4,52.96,5,1603,2968.93
kreisfahrt,229.5,52.96,5,1603,2970.40
kreisfahrt,229.6,52.96,5,1603,2971.87
kreisfahrt,229.7,52.96,5,1603,2973.34
kreisfahrt,229.8,52.96,5,1603,2974.82
kreisfahrt,229.9,52.96,5,1603,2976.29
kreisfahrt,230.0,52.96,5,1603,2977.76
kreisfahrt,230.1,52.96,5,1603,2979.23
kreisfahrt,230.2,52.96,5,1603,2980.70
kreisfahrt,230.3,52.96,5,1603,2982.18
kreisfahrt,230.4,52.96,5,1603,2983.65
kreisfahrt,230.5,52.96,5,1603,2985.12
kreisfahrt,230.6,52.96,5,1603,2986.59
kreisfahrt,230.7,52.96,5,1603,2988.06
kreisfahrt,230.8,52.96,5,1603,2989.54
kreisfahrt,230.9,52.96,5,1603,2991.01
kreisfahrt,231.0,52.96,5,1603,2992.48
kreisfahrt,231.1,52.96,5,1603,2993.95
kreisfahrt,231.2,52.96,5,1603,2995.42
kreisfahrt,231.3,52.96,5,1603,2996.89
kreisfahrt,231.4,52.96,5,1603,2998.37
kreisfahrt,231.5,52.96,5,1603,2999.84
kreisfahrt,231.6,52.96,5,1603,3001.31
kreisfahrt,231.7,52.96,5,1603,3002.78
kreisfahrt,231.8,52.96,5,1603,3004.25
kreisfahrt,231.9,52.96,5,1603,3005.73
kreisfahrt,232.0,52.96,5,1603,3007.20
kreisfahrt,232.1,52.96,5,1603,3008.67
kreisfahrt,232.2,52.96,5,1603,3010.14
kreisfahrt,232.3,52.96,5,1603,3011.61
kreisfahrt,232.4,52.96,5,1603,3013.09
kreisfahrt,232.5,52.96,5,1603,3014.56
kreisfahrt,232.6,52.96,5,1603,3016.03
kreisfahrt,232.7,52.96,5,1603,3017.50
kreisfahrt,232.8,52.96,5,1603,3018.97
kreisfahrt,232.9,52.96,5,1603,3020.45
kreisfahrt,233.0,52.96,5,1603,3021.92
kreisfahrt,233.1,52.96,5,1603,3023.39
kreisfahrt,233.2,52.96,5,1603,3024.86
kreisfahrt,233.3,52.96,5,1603,3026.33
kreisfahrt,233.4,52.96,5,1603,3027.81
kreisfahrt,233.5,52.96,5,1603,3029.28
kreisfahrt,233.6,52.96,5,1603,3030.75
kreisfahrt,233.7,52.96,5,1603,3032.22
kreisfahrt,233.8,52.96,5,1603,3033.69
kreisfahrt,233.9,52.96,5,1603,3035.16
kreisfahrt,234.0,52.96,5,1603,3036.64
kreisfahrt,234.1,52.96,5,1603,3038.11
kreisfahrt,234.2,52.96,5,1603,3039.58
kreisfahrt,234.3,52.96,5,1603,3041.05
kreisfahrt,234.4,52.96,5,1603,3042.52
kreisfahrt,234.5,52.96,5,1603,3044.00
kreisfahrt,234.6,52.96,5,1603,3045.47
kreisfahrt,234.7,52.96,5,1603,3046.94
kreisfahrt,234.8,52.96,5,1603,3048.41
kreisfahrt,234.9,52.96,5,1603,3049.88
kreisfahrt,235.0,52.96,5,1603,3051.36
kreisfahrt,235.1,52.96,5,1603,3052.83
kreisfahrt,235.2,52.96,5,1603,3054.30
kreisfahrt,235.3,52.96,5,1603,3055.77
kreisfahrt,235.4,52.96,5,1603,3057.24
kreisfahrt,235.5,52.96,5,1603,3058.72
kreisfahrt,235.6,52.96,5,1603,3060.19
kreisfahrt,235.7,52.96,5,1603,3061.66
kreisfahrt,235.8,52.96,5,1603,3063.13
kreisfahrt,235.9,52.96,5,1603,3064.60
kreisfahrt,236.0,52.96,5,1603,3066.08
kreisfahrt,236.1,52.96,5,1603,3067.55
kreisfahrt,236.2,52.96,5,1603,3069.02
kreisfahrt,236.3,52.96,5,1603,3070.49
kreisfahrt,236.4,52.96,5,1603,3071.96
kreisfahrt,236.5,52.96,5,1603,3073.43
kreisfahrt,236.6,52.96,5,1603,3074.91
kreisfahrt,236.7,52.96,5,1603,3076.38
kreisfahrt,236.8,52.96,5,1603,3077.85
kreisfahrt,236.9,52.96,5,1603,3079.32
kreisfahrt,237.0,52.96,5,1603,3080.79
kreisfahrt,237.1,52.96,5,1603,3082.27
kreisfahrt,237.2,52.96,5,1603,3083.74
kreisfahrt,237.3,52.96,5,1603,3085.21
kreisfahrt,237.4,52.96,5,1603,3086.68
kreisfahrt,237.5,52.96,5,1603,3088.15
kreisfahrt,237.6,52.96,5,1603,3089.63
kreisfahrt,237.7,52.96,5,1603,3091.10
kreisfahrt,237.8,52.96,5,1603,3092.57
kreisfahrt,237.9,52.96,5,1603,3094.04
kreisfahrt,238.0,52.96,5,1603,3095.51
kreisfahrt,238.1,52.96,5,1603,3096.99
kreisfahrt,238.2,52.96,5,1603,3098.46
kreisfahrt,238.3,52.96,5,1603,3099.93
kreisfahrt,238.4,52.96,5,1603,3101.40
kreisfahrt,238.5,52.96,5,1603,3102.87
kreisfahrt,238.6,52.96,5,1603,3104.35
kreisfahrt,238.7,52.96,5,1603,3105.82
kreisfahrt,238.8,52.96,5,1603,3107.29
kreisfahrt,238.9,52.96,5,1603,3108.76
kreisfahrt,239.0,52.96,5,1603,3110.23
kreisfahrt,239.1,52.96,5,1603,3111.71
kreisfahrt,239.2,52.96,5,1603,3113.18
kreisfahrt,239.3,52.96,5,1603,3114.65
kreisfahrt,239.4,52.96,5,1603,3116.12
kreisfahrt,239.5,52.96,5,1603,3117.59
kreisfahrt,239.6,52.96,5,1603,3119.06
kreisfahrt,239.7,52.96,5,1603,3120.54
kreisfahrt,239.8,52.96,5,1603,3122.01
kreisfahrt,239.9,52.96,5,1603,3123.48
kreisfahrt,240.0,52.96,5,1603,3124.95
