test,t_s,kmh,gang,drehzahl,strecke_m
beschleunigung,0.0,0.00,1,0,0.00
beschleunigung,0.1,2.28,1,1950,0.03
beschleunigung,0.2,4.39,1,1950,0.13
beschleunigung,0.3,6.43,1,1950,0.28
beschleunigung,0.4,8.43,1,1950,0.49
beschleunigung,0.5,10.42,1,1950,0.76
beschleunigung,0.6,12.41,1,2170,1.08
beschleunigung,0.7,14.39,1,2521,1.45
beschleunigung,0.8,16.36,1,2872,1.88
beschleunigung,0.9,18.34,1,3223,2.36
beschleunigung,1.0,20.32,1,3573,2.90
beschleunigung,1.1,22.30,1,3924,3.50
beschleunigung,1.2,24.27,1,4274,4.15
beschleunigung,1.3,26.25,1,4624,4.85
beschleunigung,1.4,28.23,1,4975,5.61
beschleunigung,1.5,30.12,1,5314,6.42
beschleunigung,1.6,31.90,1,5631,7.29
beschleunigung,1.7,33.59,1,5931,8.20
beschleunigung,1.8,35.19,1,6216,9.15
beschleunigung,1.9,37.10,2,4441,10.16
beschleunigung,2.0,39.09,2,4682,11.22
beschleunigung,2.1,40.70,2,4879,12.33
beschleunigung,2.2,42.21,2,5061,13.48
beschleunigung,2.3,43.67,2,5238,14.68
beschleunigung,2.4,45.08,2,5408,15.91
beschleunigung,2.5,46.45,2,5572,17.19
beschleunigung,2.6,47.77,2,5732,18.50
beschleunigung,2.7,49.06,2,5887,19.84
beschleunigung,2.8,50.31,2,6038,21.22
beschleunigung,2.9,51.53,2,6185,22.64
beschleunigung,3.0,52.76,3,4305,24.09
beschleunigung,3.1,54.16,3,4420,25.58
beschleunigung,3.2,55.50,3,4530,27.10
beschleunigung,3.3,56.77,3,4634,28.66
beschleunigung,3.4,58.02,3,4736,30.26
beschleunigung,3.5,59.23,3,4836,31.89
beschleunigung,3.6,60.42,3,4934,33.55
beschleunigung,3.7,61.59,3,5029,35.25
beschleunigung,3.8,62.73,3,5122,36.98
beschleunigung,3.9,63.85,3,5214,38.73
beschleunigung,4.0,64.95,3,5304,40.52
beschleunigung,4.1,66.02,3,5392,42.34
beschleunigung,4.2,67.08,3,5479,44.19
beschleunigung,4.3,68.12,3,5564,46.07
beschleunigung,4.4,69.15,3,5648,47.98
beschleunigung,4.5,70.15,3,5731,49.92
beschleunigung,4.6,71.14,3,5812,51.88
beschleunigung,4.7,72.12,3,5892,53.87
beschleunigung,4.8,73.08,3,5970,55.89
beschleunigung,4.9,74.03,3,6048,57.93
beschleunigung,5.0,74.96,3,6124,60.00
beschleunigung,5.1,75.88,3,6199,62.10
beschleunigung,5.2,76.79,3,6274,64.22
beschleunigung,5.3,77.70,4,4323,66.37
beschleunigung,5.4,78.61,4,4374,68.54
beschleunigung,5.5,79.54,4,4425,70.74
beschleunigung,5.6,80.46,4,4477,72.96
beschleunigung,5.7,81.38,4,4528,75.21
beschleunigung,5.8,82.28,4,4578,77.48
beschleunigung,5.9,83.17,4,4628,79.78
beschleunigung,6.0,84.05,4,4677,82.11
beschleunigung,6.1,84.92,4,4725,84.46
beschleunigung,6.2,85.78,4,4773,86.83
beschleunigung,6.3,86.63,4,4820,89.22
beschleunigung,6.4,87.46,4,4867,91.64
beschleunigung,6.5,88.29,4,4913,94.08
beschleunigung,6.6,89.11,4,4959,96.55
beschleunigung,6.7,89.92,4,5004,99.04
beschleunigung,6.8,90.72,4,5049,101.55
beschleunigung,6.9,91.51,4,5093,104.08
beschleunigung,7.0,92.30,4,5136,106.63
beschleunigung,7.1,93.07,4,5180,109.21
beschleunigung,7.2,93.84,4,5222,111.80
beschleunigung,7.3,94.60,4,5265,114.42
beschleunigung,7.4,95.35,4,5307,117.06
beschleunigung,7.5,96.09,4,5348,119.72
beschleunigung,7.6,96.83,4,5389,122.40
beschleunigung,7.7,97.56,4,5430,125.10
beschleunigung,7.8,98.28,4,5470,127.82
beschleunigung,7.9,99.00,4,5510,130.56
beschleunigung,8.0,99.71,4,5549,133.32
beschleunigung,8.1,100.41,4,5589,136.10
beschleunigung,8.2,101.10,4,5627,138.90
beschleunigung,8.3,101.79,4,5666,141.72
beschleunigung,8.4,102.48,4,5704,144.56
beschleunigung,8.5,103.15,4,5742,147.42
beschleunigung,8.6,103.82,4,5779,150.29
beschleunigung,8.7,104.49,4,5816,153.19
beschleunigung,8.8,105.15,4,5853,156.10
beschleunigung,8.9,105.80,4,5889,159.03
beschleunigung,9.0,106.45,4,5925,161.98
beschleunigung,9.1,107.09,4,5961,164.95
beschleunigung,9.2,107.73,4,5997,167.93
beschleunigung,9.3,108.36,4,6032,170.93
beschleunigung,9.4,108.99,4,6067,173.95
beschleunigung,9.5,109.61,4,6102,176.99
beschleunigung,9.6,110.23,4,6136,180.04
beschleunigung,9.7,110.84,4,6170,183.11
beschleunigung,9.8,111.45,4,6204,186.20
beschleunigung,9.9,112.05,4,6237,189.31
beschleunigung,10.0,112.65,4,6271,192.43
beschleunigung,10.1,113.24,4,6304,195.57
beschleunigung,10.2,113.80,5,4318,198.72
beschleunigung,10.3,114.36,5,4339,201.89
beschleunigung,10.4,114.96,5,4362,205.08
beschleunigung,10.5,115.56,5,4385,208.28
beschleunigung,10.6,116.15,5,4407,211.50
beschleunigung,10.7,116.74,5,4430,214.73
beschleunigung,10.8,117.32,5,4452,217.98
beschleunigung,10.9,117.90,5,4474,221.25
beschleunigung,11.0,118.48,5,4496,224.53
beschleunigung,11.1,119.05,5,4517,227.83
beschleunigung,11.2,119.61,5,4539,231.15
beschleunigung,11.3,120.17,5,4560,234.48
beschleunigung,11.4,120.73,5,4581,237.83
beschleunigung,11.5,121.29,5,4602,241.19
beschleunigung,11.6,121.84,5,4623,244.57
beschleunigung,11.7,122.38,5,4644,247.96
beschleunigung,11.8,122.92,5,4665,251.37
beschleunigung,11.9,123.46,5,4685,254.79
beschleunigung,12.0,124.00,5,4705,258.23
beschleunigung,12.1,124.53,5,4726,261.68
beschleunigung,12.2,125.05,5,4746,265.15
beschleunigung,12.3,125.58,5,4765,268.63
beschleunigung,12.4,126.10,5,4785,272.12
beschleunigung,12.5,126.61,5,4805,275.63
beschleunigung,12.6,127.12,5,4824,279.16
beschleunigung,12.7,127.63,5,4844,282.70
beschleunigung,12.8,128.14,5,4863,286.25
beschleunigung,12.9,128.64,5,4882,289.82
beschleunigung,13.0,129.14,5,4901,293.40
beschleunigung,13.1,129.64,5,4920,296.99
beschleunigung,13.2,130.13,5,4938,300.60
beschleunigung,13.3,130.62,5,4957,304.22
beschleunigung,13.4,131.10,5,4975,307.86
beschleunigung,13.5,131.58,5,4994,311.51
beschleunigung,13.6,132.06,5,5012,315.17
beschleunigung,13.7,132.54,5,5030,318.85
beschleunigung,13.8,133.01,5,5048,322.53
beschleunigung,13.9,133.48,5,5066,326.24
beschleunigung,14.0,133.95,5,5084,329.95
beschleunigung,14.1,134.41,5,5101,333.68
beschleunigung,14.2,134.87,5,5119,337.42
beschleunigung,14.3,135.33,5,5136,341.17
beschleunigung,14.4,135.79,5,5153,344.94
beschleunigung,14.5,136.24,5,5171,348.72
beschleunigung,14.6,136.69,5,5188,352.51
beschleunigung,14.7,137.14,5,5205,356.31
beschleunigung,14.8,137.58,5,5221,360.13
beschleunigung,14.9,138.02,5,5238,363.96
beschleunigung,15.0,138.46,5,5255,367.80
beschleunigung,15.1,138.90,5,5271,371.65
beschleunigung,15.2,139.33,5,5288,375.52
beschleunigung,15.3,139.76,5,5304,379.39
beschleunigung,15.4,140.19,5,5320,383.28
beschleunigung,15.5,140.61,5,5337,387.18
beschleunigung,15.6,141.04,5,5353,391.09
beschleunigung,15.7,141.46,5,5369,395.02
beschleunigung,15.8,141.87,5,5384,398.95
beschleunigung,15.9,142.29,5,5400,402.90
beschleunigung,16.0,142.70,5,5416,406.86
beschleunigung,16.1,143.11,5,5431,410.83
beschleunigung,16.2,143.52,5,5447,414.81
beschleunigung,16.3,143.92,5,5462,418.80
beschleunigung,16.4,144.33,5,5478,422.81
beschleunigung,16.5,144.73,5,5493,426.82
beschleunigung,16.6,145.13,5,5508,430.85
beschleunigung,16.7,145.52,5,5523,434.89
beschleunigung,16.8,145.91,5,5538,438.93
beschleunigung,16.9,146.31,5,5553,442.99
beschleunigung,17.0,146.69,5,5568,447.06
beschleunigung,17.1,147.08,5,5582,451.14
beschleunigung,17.2,147.47,5,5597,455.23
beschleunigung,17.3,147.85,5,5611,459.34
beschleunigung,17.4,148.23,5,5626,463.45
beschleunigung,17.5,148.61,5,5640,467.57
beschleunigung,17.6,148.98,5,5654,471.71
beschleunigung,17.7,149.36,5,5669,475.85
beschleunigung,17.8,149.73,5,5683,480.00
beschleunigung,17.9,150.10,5,5697,484.17
beschleunigung,18.0,150.46,5,5711,488.34
beschleunigung,18.1,150.83,5,5725,492.53
beschleunigung,18.2,151.19,5,5738,496.72
beschleunigung,18.3,151.55,5,5752,500.93
beschleunigung,18.4,151.91,5,5766,505.14
beschleunigung,18.5,152.27,5,5779,509.37
beschleunigung,18.6,152.62,5,5793,513.60
beschleunigung,18.7,152.98,5,5806,517.85
beschleunigung,18.8,153.33,5,5820,522.10
beschleunigung,18.9,153.68,5,5833,526.37
beschleunigung,19.0,154.02,5,5846,530.64
beschleunigung,19.1,154.37,5,5859,534.93
beschleunigung,19.2,154.71,5,5872,539.22
beschleunigung,19.3,155.05,5,5885,543.52
beschleunigung,19.4,155.39,5,5898,547.83
beschleunigung,19.5,155.73,5,5911,552.16
beschleunigung,19.6,156.07,5,5924,556.49
beschleunigung,19.7,156.40,5,5936,560.83
beschleunigung,19.8,156.73,5,5949,565.18
beschleunigung,19.9,157.06,5,5961,569.54
beschleunigung,20.0,157.39,5,5974,573.90
beschleunigung,20.1,157.72,5,5986,578.28
beschleunigung,20.2,158.04,5,5999,582.67
beschleunigung,20.3,158.37,5,6011,587.06
beschleunigung,20.4,158.69,5,6023,591.47
beschleunigung,20.5,159.01,5,6035,595.88
beschleunigung,20.6,159.33,5,6047,600.30
beschleunigung,20.7,159.64,5,6059,604.73
beschleunigung,20.8,159.96,5,6071,609.17
beschleunigung,20.9,160.27,5,6083,613.62
beschleunigung,21.0,160.58,5,6095,618.07
beschleunigung,21.1,160.89,5,6107,622.54
beschleunigung,21.2,161.20,5,6119,627.01
beschleunigung,21.3,161.51,5,6130,631.50
beschleunigung,21.4,161.81,5,6142,635.99
beschleunigung,21.5,162.12,5,6153,640.49
beschleunigung,21.6,162.42,5,6165,644.99
beschleunigung,21.7,162.72,5,6176,649.51
beschleunigung,21.8,163.02,5,6187,654.03
beschleunigung,21.9,163.31,5,6199,658.57
beschleunigung,22.0,163.61,5,6210,663.11
beschleunigung,22.1,163.90,5,6221,667.66
beschleunigung,22.2,164.19,5,6232,672.21
beschleunigung,22.3,164.48,5,6243,676.78
beschleunigung,22.4,164.77,5,6254,681.35
beschleunigung,22.5,165.06,5,6265,685.93
beschleunigung,22.6,165.35,5,6276,690.52
beschleunigung,22.7,165.63,5,6287,695.12
beschleunigung,22.8,165.91,5,6298,699.73
beschleunigung,22.9,166.18,6,4327,704.34
beschleunigung,23.0,166.42,6,4333,708.96
beschleunigung,23.1,166.68,6,4340,713.58
beschleunigung,23.2,166.96,6,4347,718.22
beschleunigung,23.3,167.24,6,4355,722.86
beschleunigung,23.4,167.52,6,4362,727.51
beschleunigung,23.5,167.80,6,4369,732.17
beschleunigung,23.6,168.08,6,4377,736.83
beschleunigung,23.7,168.35,6,4384,741.51
beschleunigung,23.8,168.63,6,4391,746.19
beschleunigung,23.9,168.90,6,4398,750.88
beschleunigung,24.0,169.17,6,4405,755.57
beschleunigung,24.1,169.44,6,4412,760.27
beschleunigung,24.2,169.71,6,4419,764.99
beschleunigung,24.3,169.97,6,4426,769.70
beschleunigung,24.4,170.24,6,4433,774.43
beschleunigung,24.5,170.50,6,4440,779.16
beschleunigung,24.6,170.77,6,4447,783.90
beschleunigung,24.7,171.03,6,4453,788.65
beschleunigung,24.8,171.29,6,4460,793.40
beschleunigung,24.9,171.55,6,4467,798.17
beschleunigung,25.0,171.80,6,4474,802.94
beschleunigung,25.1,172.06,6,4480,807.71
beschleunigung,25.2,172.31,6,4487,812.49
beschleunigung,25.3,172.57,6,4493,817.29
beschleunigung,25.4,172.82,6,4500,822.08
beschleunigung,25.5,173.07,6,4507,826.89
beschleunigung,25.6,173.32,6,4513,831.70
beschleunigung,25.7,173.57,6,4520,836.52
beschleunigung,25.8,173.81,6,4526,841.34
beschleunigung,25.9,174.06,6,4532,846.17
beschleunigung,26.0,174.30,6,4539,851.01
beschleunigung,26.1,174.55,6,4545,855.86
beschleunigung,26.2,174.79,6,4551,860.71
beschleunigung,26.3,175.03,6,4558,865.57
beschleunigung,26.4,175.27,6,4564,870.43
beschleunigung,26.5,175.51,6,4570,875.31
beschleunigung,26.6,175.74,6,4576,880.18
beschleunigung,26.7,175.98,6,4582,885.07
beschleunigung,26.8,176.21,6,4588,889.96
beschleunigung,26.9,176.45,6,4595,894.86
beschleunigung,27.0,176.68,6,4601,899.76
beschleunigung,27.1,176.91,6,4607,904.68
beschleunigung,27.2,177.14,6,4613,909.59
beschleunigung,27.3,177.37,6,4619,914.52
beschleunigung,27.4,177.60,6,4624,919.45
beschleunigung,27.5,177.82,6,4630,924.38
beschleunigung,27.6,178.05,6,4636,929.33
beschleunigung,27.7,178.27,6,4642,934.28
beschleunigung,27.8,178.49,6,4648,939.23
beschleunigung,27.9,178.72,6,4654,944.19
beschleunigung,28.0,178.94,6,4659,949.16
beschleunigung,28.1,179.16,6,4665,954.13
beschleunigung,28.2,179.37,6,4671,959.11
beschleunigung,28.3,179.59,6,4676,964.10
beschleunigung,28.4,179.81,6,4682,969.09
beschleunigung,28.5,180.02,6,4688,974.09
beschleunigung,28.6,180.24,6,4693,979.09
beschleunigung,28.7,180.45,6,4699,984.10
beschleunigung,28.8,180.66,6,4704,989.12
beschleunigung,28.9,180.87,6,4710,994.14
beschleunigung,29.0,181.08,6,4715,999.17
beschleunigung,29.1,181.29,6,4721,1004.20
beschleunigung,29.2,181.50,6,4726,1009.24
beschleunigung,29.3,181.70,6,4732,1014.29
beschleunigung,29.4,181.91,6,4737,1019.34
beschleunigung,29.5,182.11,6,4742,1024.39
beschleunigung,29.6,182.32,6,4748,1029.45
beschleunigung,29.7,182.52,6,4753,1034.52
beschleunigung,29.8,182.72,6,4758,1039.59
beschleunigung,29.9,182.92,6,4763,1044.67
beschleunigung,30.0,183.12,6,4768,1049.76
beschleunigung,30.1,183.32,6,4774,1054.85
beschleunigung,30.2,183.52,6,4779,1059.94
beschleunigung,30.3,183.72,6,4784,1065.04
beschleunigung,30.4,183.91,6,4789,1070.15
beschleunigung,30.5,184.11,6,4794,1075.26
beschleunigung,30.6,184.30,6,4799,1080.38
beschleunigung,30.7,184.49,6,4804,1085.50
beschleunigung,30.8,184.68,6,4809,1090.63
beschleunigung,30.9,184.87,6,4814,1095.76
beschleunigung,31.0,185.06,6,4819,1100.90
beschleunigung,31.1,185.25,6,4824,1106.04
beschleunigung,31.2,185.44,6,4829,1111.19
beschleunigung,31.3,185.63,6,4834,1116.34
beschleunigung,31.4,185.81,6,4839,1121.50
beschleunigung,31.5,186.00,6,4843,1126.67
beschleunigung,31.6,186.18,6,4848,1131.84
beschleunigung,31.7,186.37,6,4853,1137.01
beschleunigung,31.8,186.55,6,4858,1142.19
beschleunigung,31.9,186.73,6,4862,1147.38
beschleunigung,32.0,186.91,6,4867,1152.57
beschleunigung,32.1,187.09,6,4872,1157.76
beschleunigung,32.2,187.27,6,4877,1162.96
beschleunigung,32.3,187.45,6,4881,1168.17
beschleunigung,32.4,187.63,6,4886,1173.37
beschleunigung,32.5,187.80,6,4890,1178.59
beschleunigung,32.6,187.98,6,4895,1183.81
beschleunigung,32.7,188.15,6,4900,1189.03
beschleunigung,32.8,188.33,6,4904,1194.26
beschleunigung,32.9,188.50,6,4909,1199.50
beschleunigung,33.0,188.67,6,4913,1204.73
beschleunigung,33.1,188.84,6,4917,1209.98
beschleunigung,33.2,189.01,6,4922,1215.23
beschleunigung,33.3,189.18,6,4926,1220.48
beschleunigung,33.4,189.35,6,4931,1225.74
beschleunigung,33.5,189.52,6,4935,1231.00
beschleunigung,33.6,189.69,6,4939,1236.27
beschleunigung,33.7,189.85,6,4944,1241.54
beschleunigung,33.8,190.02,6,4948,1246.81
beschleunigung,33.9,190.18,6,4952,1252.09
beschleunigung,34.0,190.35,6,4957,1257.38
beschleunigung,34.1,190.51,6,4961,1262.67
beschleunigung,34.2,190.67,6,4965,1267.96
beschleunigung,34.3,190.83,6,4969,1273.26
beschleunigung,34.4,190.99,6,4973,1278.57
beschleunigung,34.5,191.15,6,4978,1283.87
beschleunigung,34.6,191.31,6,4982,1289.19
beschleunigung,34.7,191.47,6,4986,1294.50
beschleunigung,34.8,191.63,6,4990,1299.82
beschleunigung,34.9,191.78,6,4994,1305.15
beschleunigung,35.0,191.94,6,4998,1310.48
beschleunigung,35.1,192.10,6,5002,1315.81
beschleunigung,35.2,192.25,6,5006,1321.15
beschleunigung,35.3,192.40,6,5010,1326.49
beschleunigung,35.4,192.56,6,5014,1331.84
beschleunigung,35.5,192.71,6,5018,1337.19
beschleunigung,35.6,192.86,6,5022,1342.55
beschleunigung,35.7,193.01,6,5026,1347.91
beschleunigung,35.8,193.16,6,5030,1353.27
beschleunigung,35.9,193.31,6,5034,1358.64
beschleunigung,36.0,193.46,6,5038,1364.01
beschleunigung,36.1,193.61,6,5042,1369.39
beschleunigung,36.2,193.75,6,5045,1374.77
beschleunigung,36.3,193.90,6,5049,1380.15
beschleunigung,36.4,194.05,6,5053,1385.54
beschleunigung,36.5,194.19,6,5057,1390.93
beschleunigung,36.6,194.33,6,5061,1396.33
beschleunigung,36.7,194.48,6,5064,1401.73
beschleunigung,36.8,194.62,6,5068,1407.13
beschleunigung,36.9,194.76,6,5072,1412.54
beschleunigung,37.0,194.90,6,5075,1417.95
beschleunigung,37.1,195.05,6,5079,1423.37
beschleunigung,37.2,195.19,6,5083,1428.79
beschleunigung,37.3,195.33,6,5086,1434.21
beschleunigung,37.4,195.46,6,5090,1439.64
beschleunigung,37.5,195.60,6,5094,1445.07
beschleunigung,37.6,195.74,6,5097,1450.51
beschleunigung,37.7,195.88,6,5101,1455.95
beschleunigung,37.8,196.01,6,5104,1461.39
beschleunigung,37.9,196.15,6,5108,1466.84
beschleunigung,38.0,196.28,6,5111,1472.29
beschleunigung,38.1,196.42,6,5115,1477.74
beschleunigung,38.2,196.55,6,5118,1483.20
beschleunigung,38.3,196.68,6,5122,1488.66
beschleunigung,38.4,196.82,6,5125,1494.13
beschleunigung,38.5,196.95,6,5129,1499.60
beschleunigung,38.6,197.08,6,5132,1505.07
beschleunigung,38.7,197.21,6,5135,1510.54
beschleunigung,38.8,197.34,6,5139,1516.02
beschleunigung,38.9,197.47,6,5142,1521.51
beschleunigung,39.0,197.60,6,5146,1527.00
beschleunigung,39.1,197.72,6,5149,1532.49
beschleunigung,39.2,197.85,6,5152,1537.98
beschleunigung,39.3,197.98,6,5155,1543.48
beschleunigung,39.4,198.10,6,5159,1548.98
beschleunigung,39.5,198.23,6,5162,1554.48
beschleunigung,39.6,198.35,6,5165,1559.99
beschleunigung,39.7,198.48,6,5169,1565.50
beschleunigung,39.8,198.60,6,5172,1571.02
beschleunigung,39.9,198.72,6,5175,1576.54
beschleunigung,40.0,198.85,6,5178,1582.06
beschleunigung,40.1,198.97,6,5181,1587.58
beschleunigung,40.2,199.09,6,5184,1593.11
beschleunigung,40.3,199.21,6,5188,1598.65
beschleunigung,40.4,199.33,6,5191,1604.18
beschleunigung,40.5,199.45,6,5194,1609.72
beschleunigung,40.6,199.57,6,5197,1615.26
beschleunigung,40.7,199.69,6,5200,1620.81
beschleunigung,40.8,199.81,6,5203,1626.36
beschleunigung,40.9,199.92,6,5206,1631.91
vmax,0.0,0.00,1,0,0.00
vmax,0.1,1.48,1,1950,0.02
vmax,0.2,3.25,1,1950,0.09
vmax,0.3,5.21,1,1950,0.21
vmax,0.4,7.25,1,1950,0.38
vmax,0.5,9.25,1,1950,0.62
vmax,0.6,11.24,1,1964,0.90
vmax,0.7,13.22,1,2315,1.24
vmax,0.8,15.20,1,2666,1.64
vmax,0.9,17.18,1,3017,2.09
vmax,1.0,19.16,1,3368,2.60
vmax,1.1,21.14,1,3718,3.16
vmax,1.2,23.11,1,4069,3.78
vmax,1.3,25.09,1,4419,4.45
vmax,1.4,27.07,1,4769,5.18
vmax,1.5,29.03,1,5119,5.96
vmax,1.6,30.87,1,5447,6.79
vmax,1.7,32.61,1,5757,7.68
vmax,1.8,34.26,1,6051,8.61
vmax,1.9,35.91,2,4299,9.58
vmax,2.0,37.94,2,4543,10.61
vmax,2.1,39.78,2,4768,11.70
vmax,2.2,41.33,2,4955,12.82
vmax,2.3,42.82,2,5135,13.99
vmax,2.4,44.26,2,5308,15.21
vmax,2.5,45.65,2,5476,16.46
vmax,2.6,47.00,2,5639,17.74
vmax,2.7,48.31,2,5797,19.07
vmax,2.8,49.58,2,5950,20.43
vmax,2.9,50.82,2,6099,21.83
vmax,3.0,52.03,2,6245,23.26
vmax,3.1,53.34,3,4353,24.72
vmax,3.2,54.72,3,4466,26.22
vmax,3.3,56.03,3,4573,27.76
vmax,3.4,57.29,3,4677,29.34
vmax,3.5,58.52,3,4778,30.95
vmax,3.6,59.73,3,4877,32.59
vmax,3.7,60.91,3,4973,34.27
vmax,3.8,62.06,3,5068,35.98
vmax,3.9,63.19,3,5161,37.72
vmax,4.0,64.30,3,5252,39.49
vmax,4.1,65.39,3,5341,41.29
vmax,4.2,66.46,3,5428,43.13
vmax,4.3,67.51,3,5515,44.99
vmax,4.4,68.55,3,5599,46.88
vmax,4.5,69.56,3,5682,48.80
vmax,4.6,70.56,3,5764,50.75
vmax,4.7,71.55,3,5845,52.72
vmax,4.8,72.52,3,5924,54.72
vmax,4.9,73.47,3,6002,56.75
vmax,5.0,74.41,3,6079,58.81
vmax,5.1,75.34,3,6155,60.89
vmax,5.2,76.25,3,6230,63.00
vmax,5.3,77.16,3,6304,65.13
vmax,5.4,78.08,4,4344,67.28
vmax,5.5,78.99,4,4395,69.47
vmax,5.6,79.92,4,4447,71.68
vmax,5.7,80.84,4,4498,73.91
vmax,5.8,81.75,4,4549,76.17
vmax,5.9,82.65,4,4599,78.45
vmax,6.0,83.54,4,4648,80.76
vmax,6.1,84.41,4,4697,83.10
vmax,6.2,85.28,4,4745,85.45
vmax,6.3,86.13,4,4793,87.84
vmax,6.4,86.97,4,4840,90.24
vmax,6.5,87.81,4,4886,92.67
vmax,6.6,88.63,4,4932,95.12
vmax,6.7,89.45,4,4978,97.60
vmax,6.8,90.25,4,5023,100.09
vmax,6.9,91.05,4,5067,102.61
vmax,7.0,91.84,4,5111,105.15
vmax,7.1,92.62,4,5154,107.71
vmax,7.2,93.39,4,5197,110.30
vmax,7.3,94.15,4,5240,112.90
vmax,7.4,94.91,4,5282,115.53
vmax,7.5,95.66,4,5324,118.18
vmax,7.6,96.40,4,5365,120.85
vmax,7.7,97.13,4,5406,123.54
vmax,7.8,97.86,4,5446,126.25
vmax,7.9,98.58,4,5487,128.97
vmax,8.0,99.29,4,5526,131.72
vmax,8.1,100.00,4,5566,134.49
vmax,8.2,100.70,4,5605,137.28
vmax,8.3,101.39,4,5643,140.09
vmax,8.4,102.08,4,5682,142.91
vmax,8.5,102.76,4,5719,145.76
vmax,8.6,103.43,4,5757,148.63
vmax,8.7,104.10,4,5794,151.51
vmax,8.8,104.76,4,5831,154.41
vmax,8.9,105.42,4,5868,157.33
vmax,9.0,106.07,4,5904,160.27
vmax,9.1,106.72,4,5940,163.22
vmax,9.2,107.36,4,5976,166.20
vmax,9.3,107.99,4,6011,169.19
vmax,9.4,108.62,4,6046,172.20
vmax,9.5,109.25,4,6081,175.23
vmax,9.6,109.87,4,6116,178.27
vmax,9.7,110.48,4,6150,181.33
vmax,9.8,111.09,4,6184,184.41
vmax,9.9,111.70,4,6218,187.50
vmax,10.0,112.30,4,6251,190.62
vmax,10.1,112.89,4,6284,193.74
vmax,10.2,113.47,5,4306,196.89
vmax,10.3,114.03,5,4327,200.05
vmax,10.4,114.61,5,4349,203.23
vmax,10.5,115.21,5,4372,206.42
vmax,10.6,115.80,5,4394,209.63
vmax,10.7,116.39,5,4417,212.85
vmax,10.8,116.98,5,4439,216.10
vmax,10.9,117.56,5,4461,219.35
vmax,11.0,118.14,5,4483,222.63
vmax,11.1,118.71,5,4505,225.92
vmax,11.2,119.28,5,4526,229.22
vmax,11.3,119.84,5,4548,232.55
vmax,11.4,120.41,5,4569,235.88
vmax,11.5,120.96,5,4590,239.24
vmax,11.6,121.51,5,4611,242.60
vmax,11.7,122.06,5,4632,245.99
vmax,11.8,122.61,5,4653,249.39
vmax,11.9,123.15,5,4673,252.80
vmax,12.0,123.68,5,4694,256.23
vmax,12.1,124.22,5,4714,259.67
vmax,12.2,124.74,5,4734,263.13
vmax,12.3,125.27,5,4754,266.60
vmax,12.4,125.79,5,4774,270.09
vmax,12.5,126.31,5,4793,273.59
vmax,12.6,126.82,5,4813,277.11
vmax,12.7,127.34,5,4832,280.64
vmax,12.8,127.84,5,4852,284.19
vmax,12.9,128.35,5,4871,287.74
vmax,13.0,128.85,5,4890,291.32
vmax,13.1,129.35,5,4909,294.90
vmax,13.2,129.84,5,4927,298.50
vmax,13.3,130.33,5,4946,302.12
vmax,13.4,130.82,5,4965,305.75
vmax,13.5,131.30,5,4983,309.39
vmax,13.6,131.78,5,5001,313.04
vmax,13.7,132.26,5,5019,316.71
vmax,13.8,132.74,5,5037,320.39
vmax,13.9,133.21,5,5055,324.08
vmax,14.0,133.68,5,5073,327.79
vmax,14.1,134.14,5,5091,331.51
vmax,14.2,134.60,5,5108,335.25
vmax,14.3,135.06,5,5126,338.99
vmax,14.4,135.52,5,5143,342.75
vmax,14.5,135.98,5,5160,346.52
vmax,14.6,136.43,5,5178,350.31
vmax,14.7,136.87,5,5195,354.10
vmax,14.8,137.32,5,5212,357.91
vmax,14.9,137.76,5,5228,361.73
vmax,15.0,138.20,5,5245,365.57
vmax,15.1,138.64,5,5262,369.41
vmax,15.2,139.08,5,5278,373.27
vmax,15.3,139.51,5,5295,377.14
vmax,15.4,139.94,5,5311,381.02
vmax,15.5,140.36,5,5327,384.91
vmax,15.6,140.79,5,5343,388.82
vmax,15.7,141.21,5,5359,392.74
vmax,15.8,141.63,5,5375,396.66
vmax,15.9,142.04,5,5391,400.60
vmax,16.0,142.46,5,5407,404.56
vmax,16.1,142.87,5,5422,408.52
vmax,16.2,143.28,5,5438,412.50
vmax,16.3,143.69,5,5453,416.48
vmax,16.4,144.09,5,5469,420.48
vmax,16.5,144.49,5,5484,424.49
vmax,16.6,144.89,5,5499,428.51
vmax,16.7,145.29,5,5514,432.54
vmax,16.8,145.68,5,5529,436.58
vmax,16.9,146.08,5,5544,440.63
vmax,17.0,146.47,5,5559,444.70
vmax,17.1,146.85,5,5574,448.77
vmax,17.2,147.24,5,5588,452.86
vmax,17.3,147.62,5,5603,456.95
vmax,17.4,148.01,5,5617,461.06
vmax,17.5,148.38,5,5632,465.17
vmax,17.6,148.76,5,5646,469.30
vmax,17.7,149.14,5,5660,473.44
vmax,17.8,149.51,5,5674,477.59
vmax,17.9,149.88,5,5689,481.75
vmax,18.0,150.25,5,5703,485.92
vmax,18.1,150.61,5,5716,490.09
vmax,18.2,150.98,5,5730,494.28
vmax,18.3,151.34,5,5744,498.48
vmax,18.4,151.70,5,5758,502.69
vmax,18.5,152.06,5,5771,506.91
vmax,18.6,152.42,5,5785,511.14
vmax,18.7,152.77,5,5798,515.38
vmax,18.8,153.12,5,5812,519.63
vmax,18.9,153.47,5,5825,523.89
vmax,19.0,153.82,5,5838,528.16
vmax,19.1,154.17,5,5851,532.43
vmax,19.2,154.51,5,5864,536.72
vmax,19.3,154.85,5,5877,541.02
vmax,19.4,155.20,5,5890,545.33
vmax,19.5,155.53,5,5903,549.64
vmax,19.6,155.87,5,5916,553.97
vmax,19.7,156.21,5,5929,558.30
vmax,19.8,156.54,5,5941,562.65
vmax,19.9,156.87,5,5954,567.00
vmax,20.0,157.20,5,5967,571.36
vmax,20.1,157.53,5,5979,575.73
vmax,20.2,157.85,5,5991,580.11
vmax,20.3,158.18,5,6004,584.50
vmax,20.4,158.50,5,6016,588.90
vmax,20.5,158.82,5,6028,593.31
vmax,20.6,159.14,5,6040,597.73
vmax,20.7,159.46,5,6052,602.15
vmax,20.8,159.77,5,6064,606.59
vmax,20.9,160.09,5,6076,611.03
vmax,21.0,160.40,5,6088,615.48
vmax,21.1,160.71,5,6100,619.94
vmax,21.2,161.02,5,6112,624.41
vmax,21.3,161.33,5,6123,628.89
vmax,21.4,161.63,5,6135,633.37
vmax,21.5,161.94,5,6147,637.87
vmax,21.6,162.24,5,6158,642.37
vmax,21.7,162.54,5,6169,646.88
vmax,21.8,162.84,5,6181,651.40
vmax,21.9,163.14,5,6192,655.93
vmax,22.0,163.43,5,6203,660.46
vmax,22.1,163.73,5,6215,665.01
vmax,22.2,164.02,5,6226,669.56
vmax,22.3,164.31,5,6237,674.12
vmax,22.4,164.60,5,6248,678.69
vmax,22.5,164.89,5,6259,683.27
vmax,22.6,165.18,5,6270,687.85
vmax,22.7,165.46,5,6280,692.44
vmax,22.8,165.75,5,6291,697.05
vmax,22.9,166.03,5,6302,701.65
vmax,23.0,166.28,6,4330,706.27
vmax,23.1,166.52,6,4336,710.89
vmax,23.2,166.80,6,4343,715.52
vmax,23.3,167.08,6,4350,720.16
vmax,23.4,167.36,6,4358,724.80
vmax,23.5,167.64,6,4365,729.46
vmax,23.6,167.92,6,4372,734.12
vmax,23.7,168.19,6,4379,738.79
vmax,23.8,168.47,6,4387,743.46
vmax,23.9,168.74,6,4394,748.15
vmax,24.0,169.01,6,4401,752.84
vmax,24.1,169.28,6,4408,757.54
vmax,24.2,169.55,6,4415,762.24
vmax,24.3,169.82,6,4422,766.96
vmax,24.4,170.08,6,4429,771.68
vmax,24.5,170.35,6,4436,776.41
vmax,24.6,170.61,6,4443,781.14
vmax,24.7,170.87,6,4449,785.89
vmax,24.8,171.14,6,4456,790.64
vmax,24.9,171.39,6,4463,795.39
vmax,25.0,171.65,6,4470,800.16
vmax,25.1,171.91,6,4476,804.93
vmax,25.2,172.16,6,4483,809.71
vmax,25.3,172.42,6,4490,814.50
vmax,25.4,172.67,6,4496,819.29
vmax,25.5,172.92,6,4503,824.09
vmax,25.6,173.17,6,4509,828.90
vmax,25.7,173.42,6,4516,833.71
vmax,25.8,173.67,6,4522,838.53
vmax,25.9,173.92,6,4529,843.36
vmax,26.0,174.16,6,4535,848.19
vmax,26.1,174.40,6,4541,853.04
vmax,26.2,174.65,6,4548,857.88
vmax,26.3,174.89,6,4554,862.74
vmax,26.4,175.13,6,4560,867.60
vmax,26.5,175.37,6,4566,872.47
vmax,26.6,175.60,6,4573,877.34
vmax,26.7,175.84,6,4579,882.23
vmax,26.8,176.08,6,4585,887.11
vmax,26.9,176.31,6,4591,892.01
vmax,27.0,176.54,6,4597,896.91
vmax,27.1,176.77,6,4603,901.82
vmax,27.2,177.00,6,4609,906.73
vmax,27.3,177.23,6,4615,911.65
vmax,27.4,177.46,6,4621,916.58
vmax,27.5,177.69,6,4627,921.51
vmax,27.6,177.91,6,4633,926.45
vmax,27.7,178.14,6,4639,931.39
vmax,27.8,178.36,6,4644,936.35
vmax,27.9,178.59,6,4650,941.30
vmax,28.0,178.81,6,4656,946.27
vmax,28.1,179.03,6,4662,951.24
vmax,28.2,179.25,6,4667,956.21
vmax,28.3,179.46,6,4673,961.20
vmax,28.4,179.68,6,4679,966.19
vmax,28.5,179.90,6,4684,971.18
vmax,28.6,180.11,6,4690,976.18
vmax,28.7,180.32,6,4696,981.19
vmax,28.8,180.54,6,4701,986.20
vmax,28.9,180.75,6,4707,991.22
vmax,29.0,180.96,6,4712,996.24
vmax,29.1,181.17,6,4718,1001.27
vmax,29.2,181.38,6,4723,1006.31
vmax,29.3,181.58,6,4728,1011.35
vmax,29.4,181.79,6,4734,1016.39
vmax,29.5,182.00,6,4739,1021.45
vmax,29.6,182.20,6,4744,1026.51
vmax,29.7,182.40,6,4750,1031.57
vmax,29.8,182.60,6,4755,1036.64
vmax,29.9,182.81,6,4760,1041.71
vmax,30.0,183.01,6,4765,1046.80
vmax,30.1,183.20,6,4771,1051.88
vmax,30.2,183.40,6,4776,1056.97
vmax,30.3,183.60,6,4781,1062.07
vmax,30.4,183.80,6,4786,1067.17
vmax,30.5,183.99,6,4791,1072.28
vmax,30.6,184.19,6,4796,1077.40
vmax,30.7,184.38,6,4801,1082.52
vmax,30.8,184.57,6,4806,1087.64
vmax,30.9,184.76,6,4811,1092.77
vmax,31.0,184.95,6,4816,1097.91
vmax,31.1,185.14,6,4821,1103.05
vmax,31.2,185.33,6,4826,1108.19
vmax,31.3,185.52,6,4831,1113.34
vmax,31.4,185.71,6,4836,1118.50
vmax,31.5,185.89,6,4841,1123.66
vmax,31.6,186.08,6,4845,1128.83
vmax,31.7,186.26,6,4850,1134.00
vmax,31.8,186.44,6,4855,1139.17
vmax,31.9,186.63,6,4860,1144.36
vmax,32.0,186.81,6,4864,1149.54
vmax,32.1,186.99,6,4869,1154.73
vmax,32.2,187.17,6,4874,1159.93
vmax,32.3,187.34,6,4878,1165.13
vmax,32.4,187.52,6,4883,1170.34
vmax,32.5,187.70,6,4888,1175.55
vmax,32.6,187.88,6,4892,1180.77
vmax,32.7,188.05,6,4897,1185.99
vmax,32.8,188.22,6,4901,1191.22
vmax,32.9,188.40,6,4906,1196.45
vmax,33.0,188.57,6,4910,1201.68
vmax,33.1,188.74,6,4915,1206.92
vmax,33.2,188.91,6,4919,1212.17
vmax,33.3,189.08,6,4924,1217.42
vmax,33.4,189.25,6,4928,1222.67
vmax,33.5,189.42,6,4933,1227.93
vmax,33.6,189.59,6,4937,1233.20
vmax,33.7,189.75,6,4941,1238.47
vmax,33.8,189.92,6,4946,1243.74
vmax,33.9,190.09,6,4950,1249.02
vmax,34.0,190.25,6,4954,1254.30
vmax,34.1,190.41,6,4958,1259.59
vmax,34.2,190.58,6,4963,1264.88
vmax,34.3,190.74,6,4967,1270.18
vmax,34.4,190.90,6,4971,1275.48
vmax,34.5,191.06,6,4975,1280.78
vmax,34.6,191.22,6,4979,1286.09
vmax,34.7,191.38,6,4984,1291.40
vmax,34.8,191.53,6,4988,1296.72
vmax,34.9,191.69,6,4992,1302.05
vmax,35.0,191.85,6,4996,1307.37
vmax,35.1,192.00,6,5000,1312.70
vmax,35.2,192.16,6,5004,1318.04
vmax,35.3,192.31,6,5008,1323.38
vmax,35.4,192.47,6,5012,1328.72
vmax,35.5,192.62,6,5016,1334.07
vmax,35.6,192.77,6,5020,1339.43
vmax,35.7,192.92,6,5024,1344.78
vmax,35.8,193.07,6,5028,1350.14
vmax,35.9,193.22,6,5032,1355.51
vmax,36.0,193.37,6,5035,1360.88
vmax,36.1,193.52,6,5039,1366.25
vmax,36.2,193.67,6,5043,1371.63
vmax,36.3,193.81,6,5047,1377.01
vmax,36.4,193.96,6,5051,1382.40
vmax,36.5,194.11,6,5055,1387.79
vmax,36.6,194.25,6,5058,1393.18
vmax,36.7,194.39,6,5062,1398.58
vmax,36.8,194.54,6,5066,1403.98
vmax,36.9,194.68,6,5070,1409.39
vmax,37.0,194.82,6,5073,1414.80
vmax,37.1,194.96,6,5077,1420.21
vmax,37.2,195.10,6,5081,1425.63
vmax,37.3,195.24,6,5084,1431.05
vmax,37.4,195.38,6,5088,1436.48
vmax,37.5,195.52,6,5091,1441.91
vmax,37.6,195.66,6,5095,1447.34
vmax,37.7,195.80,6,5099,1452.78
vmax,37.8,195.93,6,5102,1458.22
vmax,37.9,196.07,6,5106,1463.66
vmax,38.0,196.20,6,5109,1469.11
vmax,38.1,196.34,6,5113,1474.56
vmax,38.2,196.47,6,5116,1480.02
vmax,38.3,196.61,6,5120,1485.48
vmax,38.4,196.74,6,5123,1490.94
vmax,38.5,196.87,6,5127,1496.41
vmax,38.6,197.00,6,5130,1501.88
vmax,38.7,197.13,6,5133,1507.35
vmax,38.8,197.26,6,5137,1512.83
vmax,38.9,197.39,6,5140,1518.31
vmax,39.0,197.52,6,5144,1523.80
vmax,39.1,197.65,6,5147,1529.29
vmax,39.2,197.78,6,5150,1534.78
vmax,39.3,197.90,6,5154,1540.27
vmax,39.4,198.03,6,5157,1545.77
vmax,39.5,198.16,6,5160,1551.28
vmax,39.6,198.28,6,5163,1556.78
vmax,39.7,198.41,6,5167,1562.29
vmax,39.8,198.53,6,5170,1567.81
vmax,39.9,198.65,6,5173,1573.32
vmax,40.0,198.78,6,5176,1578.84
vmax,40.1,198.90,6,5179,1584.37
vmax,40.2,199.02,6,5183,1589.89
vmax,40.3,199.14,6,5186,1595.42
vmax,40.4,199.26,6,5189,1600.96
vmax,40.5,199.38,6,5192,1606.49
vmax,40.6,199.50,6,5195,1612.03
vmax,40.7,199.62,6,5198,1617.58
vmax,40.8,199.74,6,5201,1623.12
vmax,40.9,199.85,6,5204,1628.67
vmax,41.0,199.97,6,5207,1634.23
vmax,41.1,200.09,6,5210,1639.78
vmax,41.2,200.20,6,5213,1645.34
vmax,41.3,200.32,6,5216,1650.91
vmax,41.4,200.43,6,5219,1656.47
vmax,41.5,200.55,6,5222,1662.04
vmax,41.6,200.66,6,5225,1667.61
vmax,41.7,200.78,6,5228,1673.19
vmax,41.8,200.89,6,5231,1678.77
vmax,41.9,201.00,6,5234,1684.35
vmax,42.0,201.11,6,5237,1689.93
vmax,42.1,201.22,6,5240,1695.52
vmax,42.2,201.33,6,5243,1701.11
vmax,42.3,201.44,6,5246,1706.71
vmax,42.4,201.55,6,5249,1712.31
vmax,42.5,201.66,6,5251,1717.91
vmax,42.6,201.77,6,5254,1723.51
vmax,42.7,201.88,6,5257,1729.12
vmax,42.8,201.98,6,5260,1734.72
vmax,42.9,202.09,6,5263,1740.34
vmax,43.0,202.20,6,5265,1745.95
vmax,43.1,202.30,6,5268,1751.57
vmax,43.2,202.41,6,5271,1757.19
vmax,43.3,202.51,6,5274,1762.82
vmax,43.4,202.62,6,5276,1768.44
vmax,43.5,202.72,6,5279,1774.07
vmax,43.6,202.82,6,5282,1779.71
vmax,43.7,202.93,6,5284,1785.34
vmax,43.8,203.03,6,5287,1790.98
vmax,43.9,203.13,6,5290,1796.62
vmax,44.0,203.23,6,5292,1802.26
vmax,44.1,203.33,6,5295,1807.91
vmax,44.2,203.43,6,5298,1813.56
vmax,44.3,203.53,6,5300,1819.21
vmax,44.4,203.63,6,5303,1824.87
vmax,44.5,203.73,6,5305,1830.53
vmax,44.6,203.83,6,5308,1836.19
vmax,44.7,203.93,6,5311,1841.85
vmax,44.8,204.03,6,5313,1847.52
vmax,44.9,204.12,6,5316,1853.19
vmax,45.0,204.22,6,5318,1858.86
vmax,45.1,204.32,6,5321,1864.53
vmax,45.2,204.41,6,5323,1870.21
vmax,45.3,204.51,6,5326,1875.89
vmax,45.4,204.60,6,5328,1881.57
vmax,45.5,204.70,6,5331,1887.26
vmax,45.6,204.79,6,5333,1892.94
vmax,45.7,204.88,6,5335,1898.63
vmax,45.8,204.98,6,5338,1904.33
vmax,45.9,205.07,6,5340,1910.02
vmax,46.0,205.16,6,5343,1915.72
vmax,46.1,205.25,6,5345,1921.42
vmax,46.2,205.34,6,5347,1927.12
vmax,46.3,205.44,6,5350,1932.83
vmax,46.4,205.53,6,5352,1938.53
vmax,46.5,205.62,6,5354,1944.25
vmax,46.6,205.71,6,5357,1949.96
vmax,46.7,205.79,6,5359,1955.67
vmax,46.8,205.88,6,5361,1961.39
vmax,46.9,205.97,6,5364,1967.11
vmax,47.0,206.06,6,5366,1972.83
vmax,47.1,206.15,6,5368,1978.56
vmax,47.2,206.23,6,5371,1984.29
vmax,47.3,206.32,6,5373,1990.02
vmax,47.4,206.41,6,5375,1995.75
vmax,47.5,206.49,6,5377,2001.48
vmax,47.6,206.58,6,5380,2007.22
vmax,47.7,206.66,6,5382,2012.96
vmax,47.8,206.75,6,5384,2018.70
vmax,47.9,206.83,6,5386,2024.45
vmax,48.0,206.92,6,5388,2030.19
vmax,48.1,207.00,6,5390,2035.94
vmax,48.2,207.08,6,5393,2041.69
vmax,48.3,207.16,6,5395,2047.45
vmax,48.4,207.25,6,5397,2053.20
vmax,48.5,207.33,6,5399,2058.96
vmax,48.6,207.41,6,5401,2064.72
vmax,48.7,207.49,6,5403,2070.48
vmax,48.8,207.57,6,5405,2076.25
vmax,48.9,207.65,6,5407,2082.02
vmax,49.0,207.73,6,5410,2087.79
vmax,49.1,207.81,6,5412,2093.56
vmax,49.2,207.89,6,5414,2099.33
vmax,49.3,207.97,6,5416,2105.11
vmax,49.4,208.05,6,5418,2110.88
vmax,49.5,208.12,6,5420,2116.66
vmax,49.6,208.20,6,5422,2122.45
vmax,49.7,208.28,6,5424,2128.23
vmax,49.8,208.36,6,5426,2134.02
vmax,49.9,208.43,6,5428,2139.81
vmax,50.0,208.51,6,5430,2145.60
vmax,50.1,208.58,6,5432,2151.39
vmax,50.2,208.66,6,5434,2157.19
vmax,50.3,208.74,6,5436,2162.98
vmax,50.4,208.81,6,5438,2168.78
vmax,50.5,208.88,6,5440,2174.58
vmax,50.6,208.96,6,5442,2180.39
vmax,50.7,209.03,6,5443,2186.19
vmax,50.8,209.11,6,5445,2192.00
vmax,50.9,209.18,6,5447,2197.81
vmax,51.0,209.25,6,5449,2203.62
vmax,51.1,209.32,6,5451,2209.44
vmax,51.2,209.40,6,5453,2215.25
vmax,51.3,209.47,6,5455,2221.07
vmax,51.4,209.54,6,5457,2226.89
vmax,51.5,209.61,6,5459,2232.71
vmax,51.6,209.68,6,5460,2238.53
vmax,51.7,209.75,6,5462,2244.36
vmax,51.8,209.82,6,5464,2250.19
vmax,51.9,209.89,6,5466,2256.02
vmax,52.0,209.96,6,5468,2261.85
vmax,52.1,210.03,6,5469,2267.68
vmax,52.2,210.10,6,5471,2273.52
vmax,52.3,210.16,6,5473,2279.35
vmax,52.4,210.23,6,5475,2285.19
vmax,52.5,210.30,6,5477,2291.03
vmax,52.6,210.37,6,5478,2296.88
vmax,52.7,210.43,6,5480,2302.72
vmax,52.8,210.50,6,5482,2308.57
vmax,52.9,210.57,6,5483,2314.41
vmax,53.0,210.63,6,5485,2320.26
vmax,53.1,210.70,6,5487,2326.12
vmax,53.2,210.77,6,5489,2331.97
vmax,53.3,210.83,6,5490,2337.83
vmax,53.4,210.90,6,5492,2343.68
vmax,53.5,210.96,6,5494,2349.54
vmax,53.6,211.02,6,5495,2355.40
vmax,53.7,211.09,6,5497,2361.27
vmax,53.8,211.15,6,5499,2367.13
vmax,53.9,211.21,6,5500,2373.00
vmax,54.0,211.28,6,5502,2378.87
vmax,54.1,211.34,6,5504,2384.73
vmax,54.2,211.40,6,5505,2390.61
vmax,54.3,211.46,6,5507,2396.48
vmax,54.4,211.53,6,5508,2402.35
vmax,54.5,211.59,6,5510,2408.23
vmax,54.6,211.65,6,5512,2414.11
vmax,54.7,211.71,6,5513,2419.99
vmax,54.8,211.77,6,5515,2425.87
vmax,54.9,211.83,6,5516,2431.75
vmax,55.0,211.89,6,5518,2437.64
vmax,55.1,211.95,6,5520,2443.53
vmax,55.2,212.01,6,5521,2449.42
vmax,55.3,212.07,6,5523,2455.31
vmax,55.4,212.13,6,5524,2461.20
vmax,55.5,212.19,6,5526,2467.09
vmax,55.6,212.25,6,5527,2472.99
vmax,55.7,212.30,6,5529,2478.88
vmax,55.8,212.36,6,5530,2484.78
vmax,55.9,212.42,6,5532,2490.68
vmax,56.0,212.48,6,5533,2496.58
vmax,56.1,212.53,6,5535,2502.48
vmax,56.2,212.59,6,5536,2508.39
vmax,56.3,212.65,6,5538,2514.30
vmax,56.4,212.70,6,5539,2520.20
vmax,56.5,212.76,6,5541,2526.11
vmax,56.6,212.82,6,5542,2532.02
vmax,56.7,212.87,6,5543,2537.94
vmax,56.8,212.93,6,5545,2543.85
vmax,56.9,212.98,6,5546,2549.76
vmax,57.0,213.04,6,5548,2555.68
vmax,57.1,213.09,6,5549,2561.60
vmax,57.2,213.14,6,5551,2567.52
vmax,57.3,213.20,6,5552,2573.44
vmax,57.4,213.25,6,5553,2579.36
vmax,57.5,213.31,6,5555,2585.29
vmax,57.6,213.36,6,5556,2591.21
vmax,57.7,213.41,6,5558,2597.14
vmax,57.8,213.46,6,5559,2603.07
vmax,57.9,213.52,6,5560,2609.00
vmax,58.0,213.57,6,5562,2614.93
vmax,58.1,213.62,6,5563,2620.87
vmax,58.2,213.67,6,5564,2626.80
vmax,58.3,213.72,6,5566,2632.74
vmax,58.4,213.77,6,5567,2638.67
vmax,58.5,213.83,6,5568,2644.61
vmax,58.6,213.88,6,5570,2650.55
vmax,58.7,213.93,6,5571,2656.50
vmax,58.8,213.98,6,5572,2662.44
vmax,58.9,214.03,6,5574,2668.38
vmax,59.0,214.08,6,5575,2674.33
vmax,59.1,214.13,6,5576,2680.28
vmax,59.2,214.18,6,5577,2686.23
vmax,59.3,214.22,6,5579,2692.18
vmax,59.4,214.27,6,5580,2698.13
vmax,59.5,214.32,6,5581,2704.08
vmax,59.6,214.37,6,5583,2710.03
vmax,59.7,214.42,6,5584,2715.99
vmax,59.8,214.47,6,5585,2721.95
vmax,59.9,214.51,6,5586,2727.90
vmax,60.0,214.56,6,5588,2733.86
vmax,60.1,214.61,6,5589,2739.82
vmax,60.2,214.66,6,5590,2745.79
vmax,60.3,214.70,6,5591,2751.75
vmax,60.4,214.75,6,5592,2757.71
vmax,60.5,214.80,6,5594,2763.68
vmax,60.6,214.84,6,5595,2769.65
vmax,60.7,214.89,6,5596,2775.62
vmax,60.8,214.93,6,5597,2781.59
vmax,60.9,214.98,6,5598,2787.56
vmax,61.0,215.02,6,5600,2793.53
vmax,61.1,215.07,6,5601,2799.50
vmax,61.2,215.11,6,5602,2805.48
vmax,61.3,215.16,6,5603,2811.45
vmax,61.4,215.20,6,5604,2817.43
vmax,61.5,215.25,6,5605,2823.41
vmax,61.6,215.29,6,5607,2829.39
vmax,61.7,215.33,6,5608,2835.37
vmax,61.8,215.38,6,5609,2841.35
vmax,61.9,215.42,6,5610,2847.34
vmax,62.0,215.46,6,5611,2853.32
vmax,62.1,215.51,6,5612,2859.31
vmax,62.2,215.55,6,5613,2865.29
vmax,62.3,215.59,6,5614,2871.28
vmax,62.4,215.64,6,5616,2877.27
vmax,62.5,215.68,6,5617,2883.26
vmax,62.6,215.72,6,5618,2889.25
vmax,62.7,215.76,6,5619,2895.25
vmax,62.8,215.80,6,5620,2901.24
vmax,62.9,215.84,6,5621,2907.24
vmax,63.0,215.89,6,5622,2913.23
vmax,63.1,215.93,6,5623,2919.23
vmax,63.2,215.97,6,5624,2925.23
vmax,63.3,216.01,6,5625,2931.23
vmax,63.4,216.05,6,5626,2937.23
vmax,63.5,216.09,6,5627,2943.23
vmax,63.6,216.13,6,5628,2949.23
vmax,63.7,216.17,6,5629,2955.24
vmax,63.8,216.21,6,5630,2961.24
vmax,63.9,216.25,6,5632,2967.25
vmax,64.0,216.29,6,5633,2973.26
vmax,64.1,216.33,6,5634,2979.26
vmax,64.2,216.37,6,5635,2985.27
vmax,64.3,216.40,6,5636,2991.28
vmax,64.4,216.44,6,5637,2997.30
vmax,64.5,216.48,6,5638,3003.31
vmax,64.6,216.52,6,5639,3009.32
vmax,64.7,216.56,6,5640,3015.34
vmax,64.8,216.59,6,5641,3021.35
vmax,64.9,216.63,6,5642,3027.37
vmax,65.0,216.67,6,5642,3033.39
vmax,65.1,216.71,6,5643,3039.41
vmax,65.2,216.74,6,5644,3045.43
vmax,65.3,216.78,6,5645,3051.45
vmax,65.4,216.82,6,5646,3057.47
vmax,65.5,216.85,6,5647,3063.50
vmax,65.6,216.89,6,5648,3069.52
vmax,65.7,216.93,6,5649,3075.55
vmax,65.8,216.96,6,5650,3081.57
vmax,65.9,217.00,6,5651,3087.60
vmax,66.0,217.04,6,5652,3093.63
vmax,66.1,217.07,6,5653,3099.66
vmax,66.2,217.11,6,5654,3105.69
vmax,66.3,217.14,6,5655,3111.72
vmax,66.4,217.18,6,5656,3117.75
vmax,66.5,217.21,6,5657,3123.78
vmax,66.6,217.25,6,5658,3129.82
vmax,66.7,217.28,6,5658,3135.85
vmax,66.8,217.32,6,5659,3141.89
vmax,66.9,217.35,6,5660,3147.93
vmax,67.0,217.38,6,5661,3153.96
vmax,67.1,217.42,6,5662,3160.00
vmax,67.2,217.45,6,5663,3166.04
vmax,67.3,217.49,6,5664,3172.08
vmax,67.4,217.52,6,5665,3178.13
vmax,67.5,217.55,6,5665,3184.17
vmax,67.6,217.59,6,5666,3190.21
vmax,67.7,217.62,6,5667,3196.26
vmax,67.8,217.65,6,5668,3202.30
vmax,67.9,217.68,6,5669,3208.35
vmax,68.0,217.72,6,5670,3214.39
vmax,68.1,217.75,6,5671,3220.44
vmax,68.2,217.78,6,5671,3226.49
vmax,68.3,217.81,6,5672,3232.54
vmax,68.4,217.84,6,5673,3238.59
vmax,68.5,217.88,6,5674,3244.64
vmax,68.6,217.91,6,5675,3250.70
vmax,68.7,217.94,6,5676,3256.75
vmax,68.8,217.97,6,5676,3262.80
vmax,68.9,218.00,6,5677,3268.86
vmax,69.0,218.03,6,5678,3274.92
vmax,69.1,218.06,6,5679,3280.97
vmax,69.2,218.09,6,5680,3287.03
vmax,69.3,218.13,6,5680,3293.09
vmax,69.4,218.16,6,5681,3299.15
vmax,69.5,218.19,6,5682,3305.21
vmax,69.6,218.22,6,5683,3311.27
vmax,69.7,218.25,6,5684,3317.33
vmax,69.8,218.28,6,5684,3323.40
vmax,69.9,218.31,6,5685,3329.46
vmax,70.0,218.34,6,5686,3335.52
vmax,70.1,218.37,6,5687,3341.59
vmax,70.2,218.39,6,5687,3347.65
vmax,70.3,218.42,6,5688,3353.72
vmax,70.4,218.45,6,5689,3359.79
vmax,70.5,218.48,6,5690,3365.86
vmax,70.6,218.51,6,5690,3371.93
vmax,70.7,218.54,6,5691,3378.00
vmax,70.8,218.57,6,5692,3384.07
vmax,70.9,218.60,6,5693,3390.14
vmax,71.0,218.62,6,5693,3396.21
vmax,71.1,218.65,6,5694,3402.29
vmax,71.2,218.68,6,5695,3408.36
vmax,71.3,218.71,6,5696,3414.44
vmax,71.4,218.74,6,5696,3420.51
vmax,71.5,218.76,6,5697,3426.59
vmax,71.6,218.79,6,5698,3432.66
vmax,71.7,218.82,6,5698,3438.74
vmax,71.8,218.85,6,5699,3444.82
vmax,71.9,218.87,6,5700,3450.90
vmax,72.0,218.90,6,5701,3456.98
vmax,72.1,218.93,6,5701,3463.06
vmax,72.2,218.95,6,5702,3469.14
vmax,72.3,218.98,6,5703,3475.23
vmax,72.4,219.01,6,5703,3481.31
vmax,72.5,219.03,6,5704,3487.39
vmax,72.6,219.06,6,5705,3493.48
vmax,72.7,219.09,6,5705,3499.56
vmax,72.8,219.11,6,5706,3505.65
vmax,72.9,219.14,6,5707,3511.74
vmax,73.0,219.16,6,5707,3517.82
vmax,73.1,219.19,6,5708,3523.91
vmax,73.2,219.21,6,5709,3530.00
vmax,73.3,219.24,6,5709,3536.09
vmax,73.4,219.26,6,5710,3542.18
vmax,73.5,219.29,6,5711,3548.27
vmax,73.6,219.31,6,5711,3554.36
vmax,73.7,219.34,6,5712,3560.46
vmax,73.8,219.36,6,5713,3566.55
vmax,73.9,219.39,6,5713,3572.64
vmax,74.0,219.41,6,5714,3578.74
vmax,74.1,219.44,6,5715,3584.83
vmax,74.2,219.46,6,5715,3590.93
vmax,74.3,219.49,6,5716,3597.02
vmax,74.4,219.51,6,5716,3603.12
vmax,74.5,219.53,6,5717,3609.22
vmax,74.6,219.56,6,5718,3615.32
vmax,74.7,219.58,6,5718,3621.42
vmax,74.8,219.61,6,5719,3627.52
vmax,74.9,219.63,6,5720,3633.62
vmax,75.0,219.65,6,5720,3639.72
vmax,75.1,219.68,6,5721,3645.82
vmax,75.2,219.70,6,5721,3651.92
vmax,75.3,219.72,6,5722,3658.03
vmax,75.4,219.75,6,5723,3664.13
vmax,75.5,219.77,6,5723,3670.23
vmax,75.6,219.79,6,5724,3676.34
vmax,75.7,219.81,6,5724,3682.44
vmax,75.8,219.84,6,5725,3688.55
vmax,75.9,219.86,6,5726,3694.66
vmax,76.0,219.88,6,5726,3700.77
vmax,76.1,219.90,6,5727,3706.87
vmax,76.2,219.93,6,5727,3712.98
vmax,76.3,219.95,6,5728,3719.09
vmax,76.4,219.97,6,5728,3725.20
vmax,76.5,219.99,6,5729,3731.31
vmax,76.6,220.01,6,5730,3737.42
vmax,76.7,220.03,6,5730,3743.53
vmax,76.8,220.06,6,5731,3749.65
vmax,76.9,220.08,6,5731,3755.76
vmax,77.0,220.10,6,5732,3761.87
vmax,77.1,220.12,6,5732,3767.99
vmax,77.2,220.14,6,5733,3774.10
vmax,77.3,220.16,6,5733,3780.22
vmax,77.4,220.18,6,5734,3786.33
vmax,77.5,220.20,6,5735,3792.45
vmax,77.6,220.22,6,5735,3798.57
vmax,77.7,220.24,6,5736,3804.69
vmax,77.8,220.27,6,5736,3810.80
vmax,77.9,220.29,6,5737,3816.92
vmax,78.0,220.31,6,5737,3823.04
vmax,78.1,220.33,6,5738,3829.16
vmax,78.2,220.35,6,5738,3835.28
vmax,78.3,220.37,6,5739,3841.40
vmax,78.4,220.39,6,5739,3847.52
vmax,78.5,220.41,6,5740,3853.65
vmax,78.6,220.43,6,5740,3859.77
vmax,78.7,220.45,6,5741,3865.89
vmax,78.8,220.47,6,5741,3872.02
vmax,78.9,220.48,6,5742,3878.14
vmax,79.0,220.50,6,5742,3884.27
vmax,79.1,220.52,6,5743,3890.39
vmax,79.2,220.54,6,5743,3896.52
vmax,79.3,220.56,6,5744,3902.64
vmax,79.4,220.58,6,5744,3908.77
vmax,79.5,220.60,6,5745,3914.90
vmax,79.6,220.62,6,5745,3921.03
vmax,79.7,220.64,6,5746,3927.15
vmax,79.8,220.66,6,5746,3933.28
vmax,79.9,220.67,6,5747,3939.41
vmax,80.0,220.69,6,5747,3945.54
vmax,80.1,220.71,6,5748,3951.67
vmax,80.2,220.73,6,5748,3957.80
vmax,80.3,220.75,6,5749,3963.94
vmax,80.4,220.77,6,5749,3970.07
vmax,80.5,220.78,6,5750,3976.20
vmax,80.6,220.80,6,5750,3982.33
vmax,80.7,220.82,6,5751,3988.47
vmax,80.8,220.84,6,5751,3994.60
vmax,80.9,220.86,6,5752,4000.74
vmax,81.0,220.87,6,5752,4006.87
vmax,81.1,220.89,6,5752,4013.01
vmax,81.2,220.91,6,5753,4019.14
vmax,81.3,220.93,6,5753,4025.28
vmax,81.4,220.94,6,5754,4031.42
vmax,81.5,220.96,6,5754,4037.56
vmax,81.6,220.98,6,5755,4043.69
vmax,81.7,220.99,6,5755,4049.83
vmax,81.8,221.01,6,5756,4055.97
vmax,81.9,221.03,6,5756,4062.11
vmax,82.0,221.05,6,5756,4068.25
vmax,82.1,221.06,6,5757,4074.39
vmax,82.2,221.08,6,5757,4080.53
vmax,82.3,221.10,6,5758,4086.67
vmax,82.4,221.11,6,5758,4092.81
vmax,82.5,221.13,6,5759,4098.96
vmax,82.6,221.15,6,5759,4105.10
vmax,82.7,221.16,6,5759,4111.24
vmax,82.8,221.18,6,5760,4117.39
vmax,82.9,221.19,6,5760,4123.53
vmax,83.0,221.21,6,5761,4129.67
vmax,83.1,221.23,6,5761,4135.82
vmax,83.2,221.24,6,5762,4141.97
vmax,83.3,221.26,6,5762,4148.11
vmax,83.4,221.27,6,5762,4154.26
vmax,83.5,221.29,6,5763,4160.40
vmax,83.6,221.30,6,5763,4166.55
vmax,83.7,221.32,6,5764,4172.70
vmax,83.8,221.34,6,5764,4178.85
vmax,83.9,221.35,6,5764,4185.00
vmax,84.0,221.37,6,5765,4191.14
vmax,84.1,221.38,6,5765,4197.29
vmax,84.2,221.40,6,5766,4203.44
vmax,84.3,221.41,6,5766,4209.59
vmax,84.4,221.43,6,5766,4215.74
vmax,84.5,221.44,6,5767,4221.89
vmax,84.6,221.46,6,5767,4228.05
vmax,84.7,221.47,6,5768,4234.20
vmax,84.8,221.49,6,5768,4240.35
vmax,84.9,221.50,6,5768,4246.50
vmax,85.0,221.52,6,5769,4252.66
vmax,85.1,221.53,6,5769,4258.81
vmax,85.2,221.55,6,5769,4264.96
vmax,85.3,221.56,6,5770,4271.12
vmax,85.4,221.57,6,5770,4277.27
vmax,85.5,221.59,6,5771,4283.43
vmax,85.6,221.60,6,5771,4289.58
vmax,85.7,221.62,6,5771,4295.74
vmax,85.8,221.63,6,5772,4301.89
vmax,85.9,221.64,6,5772,4308.05
vmax,86.0,221.66,6,5772,4314.21
vmax,86.1,221.67,6,5773,4320.37
vmax,86.2,221.69,6,5773,4326.52
vmax,86.3,221.70,6,5774,4332.68
vmax,86.4,221.71,6,5774,4338.84
vmax,86.5,221.73,6,5774,4345.00
vmax,86.6,221.74,6,5775,4351.16
vmax,86.7,221.75,6,5775,4357.32
vmax,86.8,221.77,6,5775,4363.48
vmax,86.9,221.78,6,5776,4369.64
vmax,87.0,221.79,6,5776,4375.80
vmax,87.1,221.81,6,5776,4381.96
vmax,87.2,221.82,6,5777,4388.12
vmax,87.3,221.83,6,5777,4394.28
vmax,87.4,221.85,6,5777,4400.45
vmax,87.5,221.86,6,5778,4406.61
vmax,87.6,221.87,6,5778,4412.77
vmax,87.7,221.89,6,5778,4418.93
vmax,87.8,221.90,6,5779,4425.10
vmax,87.9,221.91,6,5779,4431.26
vmax,88.0,221.92,6,5779,4437.43
vmax,88.1,221.94,6,5780,4443.59
vmax,88.2,221.95,6,5780,4449.76
vmax,88.3,221.96,6,5780,4455.92
vmax,88.4,221.97,6,5781,4462.09
vmax,88.5,221.99,6,5781,4468.25
vmax,88.6,222.00,6,5781,4474.42
vmax,88.7,222.01,6,5782,4480.59
vmax,88.8,222.02,6,5782,4486.75
vmax,88.9,222.04,6,5782,4492.92
vmax,89.0,222.05,6,5783,4499.09
vmax,89.1,222.06,6,5783,4505.26
vmax,89.2,222.07,6,5783,4511.43
vmax,89.3,222.08,6,5784,4517.60
vmax,89.4,222.10,6,5784,4523.76
vmax,89.5,222.11,6,5784,4529.93
vmax,89.6,222.12,6,5784,4536.10
vmax,89.7,222.13,6,5785,4542.27
vmax,89.8,222.14,6,5785,4548.44
vmax,89.9,222.16,6,5785,4554.62
vmax,90.0,222.17,6,5786,4560.79
vmax,90.1,222.18,6,5786,4566.96
vmax,90.2,222.19,6,5786,4573.13
vmax,90.3,222.20,6,5787,4579.30
vmax,90.4,222.21,6,5787,4585.47
vmax,90.5,222.22,6,5787,4591.65
vmax,90.6,222.23,6,5787,4597.82
vmax,90.7,222.25,6,5788,4603.99
vmax,90.8,222.26,6,5788,4610.17
vmax,90.9,222.27,6,5788,4616.34
vmax,91.0,222.28,6,5789,4622.52
vmax,91.1,222.29,6,5789,4628.69
vmax,91.2,222.30,6,5789,4634.87
vmax,91.3,222.31,6,5789,4641.04
vmax,91.4,222.32,6,5790,4647.22
vmax,91.5,222.33,6,5790,4653.39
vmax,91.6,222.34,6,5790,4659.57
vmax,91.7,222.36,6,5791,4665.74
vmax,91.8,222.37,6,5791,4671.92
vmax,91.9,222.38,6,5791,4678.10
vmax,92.0,222.39,6,5791,4684.27
vmax,92.1,222.40,6,5792,4690.45
vmax,92.2,222.41,6,5792,4696.63
vmax,92.3,222.42,6,5792,4702.81
vmax,92.4,222.43,6,5792,4708.99
vmax,92.5,222.44,6,5793,4715.17
vmax,92.6,222.45,6,5793,4721.34
vmax,92.7,222.46,6,5793,4727.52
vmax,92.8,222.47,6,5794,4733.70
vmax,92.9,222.48,6,5794,4739.88
vmax,93.0,222.49,6,5794,4746.06
vmax,93.1,222.50,6,5794,4752.24
vmax,93.2,222.51,6,5795,4758.42
vmax,93.3,222.52,6,5795,4764.61
vmax,93.4,222.53,6,5795,4770.79
vmax,93.5,222.54,6,5795,4776.97
vmax,93.6,222.55,6,5796,4783.15
vmax,93.7,222.56,6,5796,4789.33
vmax,93.8,222.57,6,5796,4795.51
vmax,93.9,222.58,6,5796,4801.70
vmax,94.0,222.59,6,5797,4807.88
vmax,94.1,222.60,6,5797,4814.06
vmax,94.2,222.61,6,5797,4820.25
vmax,94.3,222.62,6,5797,4826.43
vmax,94.4,222.63,6,5798,4832.61
vmax,94.5,222.63,6,5798,4838.80
vmax,94.6,222.64,6,5798,4844.98
vmax,94.7,222.65,6,5798,4851.17
vmax,94.8,222.66,6,5799,4857.35
vmax,94.9,222.67,6,5799,4863.54
vmax,95.0,222.68,6,5799,4869.72
vmax,95.1,222.69,6,5799,4875.91
vmax,95.2,222.70,6,5800,4882.09
vmax,95.3,222.71,6,5800,4888.28
vmax,95.4,222.72,6,5800,4894.47
vmax,95.5,222.73,6,5800,4900.65
vmax,95.6,222.73,6,5800,4906.84
vmax,95.7,222.74,6,5801,4913.03
vmax,95.8,222.75,6,5801,4919.22
vmax,95.9,222.76,6,5801,4925.40
vmax,96.0,222.77,6,5801,4931.59
vmax,96.1,222.78,6,5802,4937.78
vmax,96.2,222.79,6,5802,4943.97
vmax,96.3,222.80,6,5802,4950.16
vmax,96.4,222.80,6,5802,4956.35
vmax,96.5,222.81,6,5803,4962.53
vmax,96.6,222.82,6,5803,4968.72
vmax,96.7,222.83,6,5803,4974.91
vmax,96.8,222.84,6,5803,4981.10
vmax,96.9,222.85,6,5803,4987.29
vmax,97.0,222.86,6,5804,4993.48
vmax,97.1,222.86,6,5804,4999.67
vmax,97.2,222.87,6,5804,5005.87
vmax,97.3,222.88,6,5804,5012.06
vmax,97.4,222.89,6,5804,5018.25
vmax,97.5,222.90,6,5805,5024.44
vmax,97.6,222.90,6,5805,5030.63
vmax,97.7,222.91,6,5805,5036.82
vmax,97.8,222.92,6,5805,5043.01
vmax,97.9,222.93,6,5806,5049.21
vmax,98.0,222.94,6,5806,5055.40
vmax,98.1,222.94,6,5806,5061.59
vmax,98.2,222.95,6,5806,5067.79
vmax,98.3,222.96,6,5806,5073.98
vmax,98.4,222.97,6,5807,5080.17
vmax,98.5,222.98,6,5807,5086.37
vmax,98.6,222.98,6,5807,5092.56
vmax,98.7,222.99,6,5807,5098.75
vmax,98.8,223.00,6,5807,5104.95
vmax,98.9,223.01,6,5808,5111.14
vmax,99.0,223.01,6,5808,5117.34
vmax,99.1,223.02,6,5808,5123.53
vmax,99.2,223.03,6,5808,5129.73
vmax,99.3,223.04,6,5808,5135.92
vmax,99.4,223.04,6,5809,5142.12
vmax,99.5,223.05,6,5809,5148.31
vmax,99.6,223.06,6,5809,5154.51
vmax,99.7,223.07,6,5809,5160.71
vmax,99.8,223.07,6,5809,5166.90
vmax,99.9,223.08,6,5809,5173.10
vmax,100.0,223.09,6,5810,5179.30
vmax,100.1,223.09,6,5810,5185.49
vmax,100.2,223.10,6,5810,5191.69
vmax,100.3,223.11,6,5810,5197.89
vmax,100.4,223.12,6,5810,5204.08
vmax,100.5,223.12,6,5811,5210.28
vmax,100.6,223.13,6,5811,5216.48
vmax,100.7,223.14,6,5811,5222.68
vmax,100.8,223.14,6,5811,5228.88
vmax,100.9,223.15,6,5811,5235.08
vmax,101.0,223.16,6,5811,5241.27
vmax,101.1,223.17,6,5812,5247.47
vmax,101.2,223.17,6,5812,5253.67
vmax,101.3,223.18,6,5812,5259.87
vmax,101.4,223.19,6,5812,5266.07
vmax,101.5,223.19,6,5812,5272.27
vmax,101.6,223.20,6,5813,5278.47
vmax,101.7,223.21,6,5813,5284.67
vmax,101.8,223.21,6,5813,5290.87
vmax,101.9,223.22,6,5813,5297.07
vmax,102.0,223.23,6,5813,5303.27
vmax,102.1,223.23,6,5813,5309.47
vmax,102.2,223.24,6,5814,5315.67
vmax,102.3,223.25,6,5814,5321.88
vmax,102.4,223.25,6,5814,5328.08
vmax,102.5,223.26,6,5814,5334.28
vmax,102.6,223.26,6,5814,5340.48
vmax,102.7,223.27,6,5814,5346.68
vmax,102.8,223.28,6,5815,5352.88
vmax,102.9,223.28,6,5815,5359.09
vmax,103.0,223.29,6,5815,5365.29
vmax,103.1,223.30,6,5815,5371.49
vmax,103.2,223.30,6,5815,5377.69
vmax,103.3,223.31,6,5815,5383.90
vmax,103.4,223.31,6,5816,5390.10
vmax,103.5,223.32,6,5816,5396.30
vmax,103.6,223.33,6,5816,5402.51
vmax,103.7,223.33,6,5816,5408.71
vmax,103.8,223.34,6,5816,5414.91
vmax,103.9,223.34,6,5816,5421.12
vmax,104.0,223.35,6,5817,5427.32
vmax,104.1,223.36,6,5817,5433.53
vmax,104.2,223.36,6,5817,5439.73
vmax,104.3,223.37,6,5817,5445.94
vmax,104.4,223.37,6,5817,5452.14
vmax,104.5,223.38,6,5817,5458.35
vmax,104.6,223.39,6,5817,5464.55
vmax,104.7,223.39,6,5818,5470.76
vmax,104.8,223.40,6,5818,5476.96
vmax,104.9,223.40,6,5818,5483.17
vmax,105.0,223.41,6,5818,5489.37
vmax,105.1,223.42,6,5818,5495.58
vmax,105.2,223.42,6,5818,5501.78
vmax,105.3,223.43,6,5818,5507.99
vmax,105.4,223.43,6,5819,5514.20
vmax,105.5,223.44,6,5819,5520.40
vmax,105.6,223.44,6,5819,5526.61
vmax,105.7,223.45,6,5819,5532.82
vmax,105.8,223.45,6,5819,5539.02
vmax,105.9,223.46,6,5819,5545.23
vmax,106.0,223.47,6,5819,5551.44
vmax,106.1,223.47,6,5820,5557.65
vmax,106.2,223.48,6,5820,5563.85
vmax,106.3,223.48,6,5820,5570.06
vmax,106.4,223.49,6,5820,5576.27
vmax,106.5,223.49,6,5820,5582.48
vmax,106.6,223.50,6,5820,5588.69
vmax,106.7,223.50,6,5820,5594.89
vmax,106.8,223.51,6,5821,5601.10
vmax,106.9,223.51,6,5821,5607.31
vmax,107.0,223.52,6,5821,5613.52
vmax,107.1,223.52,6,5821,5619.73
vmax,107.2,223.53,6,5821,5625.94
vmax,107.3,223.53,6,5821,5632.15
vmax,107.4,223.54,6,5821,5638.36
vmax,107.5,223.54,6,5822,5644.57
vmax,107.6,223.55,6,5822,5650.77
vmax,107.7,223.55,6,5822,5656.98
vmax,107.8,223.56,6,5822,5663.19
vmax,107.9,223.56,6,5822,5669.40
vmax,108.0,223.57,6,5822,5675.61
vmax,108.1,223.57,6,5822,5681.83
vmax,108.2,223.58,6,5822,5688.04
vmax,108.3,223.58,6,5823,5694.25
vmax,108.4,223.59,6,5823,5700.46
vmax,108.5,223.59,6,5823,5706.67
vmax,108.6,223.60,6,5823,5712.88
vmax,108.7,223.60,6,5823,5719.09
vmax,108.8,223.61,6,5823,5725.30
vmax,108.9,223.61,6,5823,5731.51
vmax,109.0,223.62,6,5823,5737.72
vmax,109.1,223.62,6,5824,5743.94
vmax,109.2,223.63,6,5824,5750.15
vmax,109.3,223.63,6,5824,5756.36
vmax,109.4,223.64,6,5824,5762.57
vmax,109.5,223.64,6,5824,5768.78
vmax,109.6,223.65,6,5824,5775.00
vmax,109.7,223.65,6,5824,5781.21
vmax,109.8,223.65,6,5824,5787.42
vmax,109.9,223.66,6,5825,5793.63
vmax,110.0,223.66,6,5825,5799.85
vmax,110.1,223.67,6,5825,5806.06
vmax,110.2,223.67,6,5825,5812.27
vmax,110.3,223.68,6,5825,5818.49
vmax,110.4,223.68,6,5825,5824.70
vmax,110.5,223.69,6,5825,5830.91
vmax,110.6,223.69,6,5825,5837.13
vmax,110.7,223.69,6,5825,5843.34
vmax,110.8,223.70,6,5826,5849.55
vmax,110.9,223.70,6,5826,5855.77
vmax,111.0,223.71,6,5826,5861.98
vmax,111.1,223.71,6,5826,5868.20
vmax,111.2,223.72,6,5826,5874.41
vmax,111.3,223.72,6,5826,5880.62
vmax,111.4,223.72,6,5826,5886.84
vmax,111.5,223.73,6,5826,5893.05
vmax,111.6,223.73,6,5826,5899.27
vmax,111.7,223.74,6,5827,5905.48
vmax,111.8,223.74,6,5827,5911.70
vmax,111.9,223.75,6,5827,5917.91
vmax,112.0,223.75,6,5827,5924.13
vmax,112.1,223.75,6,5827,5930.34
vmax,112.2,223.76,6,5827,5936.56
vmax,112.3,223.76,6,5827,5942.77
vmax,112.4,223.77,6,5827,5948.99
vmax,112.5,223.77,6,5827,5955.21
vmax,112.6,223.77,6,5828,5961.42
vmax,112.7,223.78,6,5828,5967.64
vmax,112.8,223.78,6,5828,5973.85
vmax,112.9,223.79,6,5828,5980.07
vmax,113.0,223.79,6,5828,5986.29
vmax,113.1,223.79,6,5828,5992.50
vmax,113.2,223.80,6,5828,5998.72
vmax,113.3,223.80,6,5828,6004.94
vmax,113.4,223.81,6,5828,6011.15
vmax,113.5,223.81,6,5828,6017.37
vmax,113.6,223.81,6,5829,6023.59
vmax,113.7,223.82,6,5829,6029.80
vmax,113.8,223.82,6,5829,6036.02
vmax,113.9,223.82,6,5829,6042.24
vmax,114.0,223.83,6,5829,6048.46
vmax,114.1,223.83,6,5829,6054.67
vmax,114.2,223.84,6,5829,6060.89
vmax,114.3,223.84,6,5829,6067.11
vmax,114.4,223.84,6,5829,6073.33
vmax,114.5,223.85,6,5829,6079.54
vmax,114.6,223.85,6,5830,6085.76
vmax,114.7,223.85,6,5830,6091.98
vmax,114.8,223.86,6,5830,6098.20
vmax,114.9,223.86,6,5830,6104.42
vmax,115.0,223.86,6,5830,6110.64
vmax,115.1,223.87,6,5830,6116.85
vmax,115.2,223.87,6,5830,6123.07
vmax,115.3,223.88,6,5830,6129.29
vmax,115.4,223.88,6,5830,6135.51
vmax,115.5,223.88,6,5830,6141.73
vmax,115.6,223.89,6,5830,6147.95
vmax,115.7,223.89,6,5831,6154.17
vmax,115.8,223.89,6,5831,6160.39
vmax,115.9,223.90,6,5831,6166.61
vmax,116.0,223.90,6,5831,6172.83
vmax,116.1,223.90,6,5831,6179.05
vmax,116.2,223.91,6,5831,6185.26
vmax,116.3,223.91,6,5831,6191.48
vmax,116.4,223.91,6,5831,6197.70
vmax,116.5,223.92,6,5831,6203.92
vmax,116.6,223.92,6,5831,6210.14
vmax,116.7,223.92,6,5831,6216.36
vmax,116.8,223.93,6,5832,6222.58
vmax,116.9,223.93,6,5832,6228.80
vmax,117.0,223.93,6,5832,6235.02
vmax,117.1,223.94,6,5832,6241.25
vmax,117.2,223.94,6,5832,6247.47
vmax,117.3,223.94,6,5832,6253.69
vmax,117.4,223.95,6,5832,6259.91
vmax,117.5,223.95,6,5832,6266.13
vmax,117.6,223.95,6,5832,6272.35
vmax,117.7,223.96,6,5832,6278.57
vmax,117.8,223.96,6,5832,6284.79
vmax,117.9,223.96,6,5832,6291.01
vmax,118.0,223.96,6,5833,6297.23
vmax,118.1,223.97,6,5833,6303.45
vmax,118.2,223.97,6,5833,6309.68
vmax,118.3,223.97,6,5833,6315.90
vmax,118.4,223.98,6,5833,6322.12
vmax,118.5,223.98,6,5833,6328.34
vmax,118.6,223.98,6,5833,6334.56
vmax,118.7,223.99,6,5833,6340.78
vmax,118.8,223.99,6,5833,6347.01
vmax,118.9,223.99,6,5833,6353.23
vmax,119.0,224.00,6,5833,6359.45
vmax,119.1,224.00,6,5833,6365.67
bremsen_100,0.0,100.00,6,0,0.00
bremsen_100,0.1,97.24,6,2541,2.75
bremsen_100,0.2,93.10,6,2433,5.38
bremsen_100,0.3,88.98,6,2326,7.91
bremsen_100,0.4,84.90,6,2220,10.32
bremsen_100,0.5,80.83,6,2114,12.62
bremsen_100,0.6,76.77,6,2008,14.80
bremsen_100,0.7,72.71,6,1902,16.87
bremsen_100,0.8,68.66,5,2619,18.83
bremsen_100,0.9,64.62,5,2466,20.68
bremsen_100,1.0,60.57,5,2312,22.41
bremsen_100,1.1,56.54,5,2159,24.03
bremsen_100,1.2,52.50,5,2006,25.54
bremsen_100,1.3,48.47,5,1853,26.94
bremsen_100,1.4,44.44,4,2494,28.23
bremsen_100,1.5,40.41,4,2269,29.40
bremsen_100,1.6,36.39,4,2045,30.46
bremsen_100,1.7,32.37,4,1821,31.41
bremsen_100,1.8,28.35,3,2346,32.25
bremsen_100,1.9,24.33,3,2017,32.98
bremsen_100,2.0,20.31,2,2483,33.59
bremsen_100,2.1,16.29,2,2000,34.10
bremsen_100,2.2,12.28,1,2236,34.49
bremsen_100,2.3,8.26,1,1524,34.77
bremsen_100,2.4,4.25,1,845,34.94
bremsen_100,2.5,0.23,1,845,35.00
bremsen_100,2.5,0.00,1,845,35.00
kreisfahrt,0.0,18.00,1,0,0.00
kreisfahrt,0.1,17.67,1,3138,0.50
kreisfahrt,0.2,17.64,1,3127,0.99
kreisfahrt,0.3,17.68,1,3135,1.48
kreisfahrt,0.4,17.73,1,3143,1.97
kreisfahrt,0.5,17.78,1,3151,2.46
kreisfahrt,0.6,17.83,1,3160,2.96
kreisfahrt,0.7,17.88,1,3169,3.45
kreisfahrt,0.8,17.93,1,3178,3.95
kreisfahrt,0.9,17.98,1,3188,4.45
kreisfahrt,1.0,18.04,1,3197,4.95
kreisfahrt,1.1,18.09,1,3207,5.45
kreisfahrt,1.2,18.15,1,3217,5.96
kreisfahrt,1.3,18.20,1,3227,6.46
kreisfahrt,1.4,18.26,1,3236,6.97
kreisfahrt,1.5,18.31,1,3246,7.48
kreisfahrt,1.6,18.37,1,3256,7.99
kreisfahrt,1.7,18.43,1,3266,8.50
kreisfahrt,1.8,18.48,1,3276,9.01
kreisfahrt,1.9,18.54,1,3286,9.53
kreisfahrt,2.0,18.59,1,3295,10.04
kreisfahrt,2.1,18.65,1,3305,10.56
kreisfahrt,2.2,18.70,1,3315,11.08
kreisfahrt,2.3,18.75,1,3324,11.60
kreisfahrt,2.4,18.81,1,3334,12.12
kreisfahrt,2.5,18.86,1,3343,12.64
kreisfahrt,2.6,18.91,1,3353,13.17
kreisfahrt,2.7,18.97,1,3362,13.70
kreisfahrt,2.8,19.02,1,3372,14.22
kreisfahrt,2.9,19.07,1,3381,14.75
kreisfahrt,3.0,19.12,1,3390,15.28
kreisfahrt,3.1,19.18,1,3399,15.82
kreisfahrt,3.2,19.23,1,3408,16.35
kreisfahrt,3.3,19.28,1,3417,16.89
kreisfahrt,3.4,19.33,1,3426,17.42
kreisfahrt,3.5,19.38,1,3435,17.96
kreisfahrt,3.6,19.43,1,3444,18.50
kreisfahrt,3.7,19.48,1,3453,19.04
kreisfahrt,3.8,19.53,1,3462,19.58
kreisfahrt,3.9,19.58,1,3470,20.13
kreisfahrt,4.0,19.63,1,3479,20.67
kreisfahrt,4.1,19.67,1,3487,21.22
kreisfahrt,4.2,19.72,1,3496,21.76
kreisfahrt,4.3,19.77,1,3505,22.31
kreisfahrt,4.4,19.82,1,3513,22.86
kreisfahrt,4.5,19.87,1,3521,23.42
kreisfahrt,4.6,19.91,1,3530,23.97
kreisfahrt,4.7,19.96,1,3538,24.52
kreisfahrt,4.8,20.01,1,3547,25.08
kreisfahrt,4.9,20.05,1,3555,25.64
kreisfahrt,5.0,20.10,1,3563,26.19
kreisfahrt,5.1,20.15,1,3571,26.75
kreisfahrt,5.2,20.19,1,3579,27.31
kreisfahrt,5.3,20.24,1,3588,27.88
kreisfahrt,5.4,20.28,1,3596,28.44
kreisfahrt,5.5,20.33,1,3604,29.00
kreisfahrt,5.6,20.38,1,3612,29.57
kreisfahrt,5.7,20.42,1,3620,30.14
kreisfahrt,5.8,20.47,1,3628,30.70
kreisfahrt,5.9,20.51,1,3636,31.27
kreisfahrt,6.0,20.56,1,3644,31.84
kreisfahrt,6.1,20.60,1,3652,32.42
kreisfahrt,6.2,20.65,1,3660,32.99
kreisfahrt,6.3,20.69,1,3668,33.56
kreisfahrt,6.4,20.74,1,3676,34.14
kreisfahrt,6.5,20.78,1,3684,34.72
kreisfahrt,6.6,20.83,1,3692,35.30
kreisfahrt,6.7,20.87,1,3700,35.88
kreisfahrt,6.8,20.91,1,3708,36.46
kreisfahrt,6.9,20.96,1,3715,37.04
kreisfahrt,7.0,21.00,1,3723,37.62
kreisfahrt,7.1,21.05,1,3731,38.21
kreisfahrt,7.2,21.09,1,3739,38.79
kreisfahrt,7.3,21.14,1,3747,39.38
kreisfahrt,7.4,21.18,1,3755,39.97
kreisfahrt,7.5,21.22,1,3762,40.56
kreisfahrt,7.6,21.27,1,3770,41.15
kreisfahrt,7.7,21.31,1,3778,41.74
kreisfahrt,7.8,21.36,1,3786,42.33
kreisfahrt,7.9,21.40,1,3793,42.93
kreisfahrt,8.0,21.44,1,3801,43.52
kreisfahrt,8.1,21.49,1,3809,44.12
kreisfahrt,8.2,21.53,1,3817,44.72
kreisfahrt,8.3,21.57,1,3825,45.32
kreisfahrt,8.4,21.62,1,3832,45.92
kreisfahrt,8.5,21.66,1,3840,46.52
kreisfahrt,8.6,21.71,1,3848,47.12
kreisfahrt,8.7,21.75,1,3855,47.72
kreisfahrt,8.8,21.79,1,3863,48.33
kreisfahrt,8.9,21.84,1,3871,48.94
kreisfahrt,9.0,21.88,1,3879,49.54
kreisfahrt,9.1,21.92,1,3886,50.15
kreisfahrt,9.2,21.97,1,3894,50.76
kreisfahrt,9.3,22.01,1,3902,51.37
kreisfahrt,9.4,22.05,1,3909,51.99
kreisfahrt,9.5,22.10,1,3917,52.60
kreisfahrt,9.6,22.14,1,3925,53.21
kreisfahrt,9.7,22.18,1,3933,53.83
kreisfahrt,9.8,22.23,1,3940,54.45
kreisfahrt,9.9,22.27,1,3948,55.07
kreisfahrt,10.0,22.31,1,3956,55.69
kreisfahrt,10.1,22.36,1,3963,56.31
kreisfahrt,10.2,22.40,1,3971,56.93
kreisfahrt,10.3,22.44,1,3979,57.55
kreisfahrt,10.4,22.49,1,3986,58.18
kreisfahrt,10.5,22.53,1,3994,58.80
kreisfahrt,10.6,22.57,1,4002,59.43
kreisfahrt,10.7,22.62,1,4009,60.06
kreisfahrt,10.8,22.66,1,4017,60.69
kreisfahrt,10.9,22.70,1,4025,61.32
kreisfahrt,11.0,22.74,2,2735,61.95
kreisfahrt,11.1,22.77,2,2738,62.58
kreisfahrt,11.2,22.79,2,2741,63.21
kreisfahrt,11.3,22.82,2,2744,63.85
kreisfahrt,11.4,22.85,2,2748,64.48
kreisfahrt,11.5,22.89,2,2752,65.12
kreisfahrt,11.6,22.92,2,2756,65.76
kreisfahrt,11.7,22.95,2,2760,66.39
kreisfahrt,11.8,22.99,2,2765,67.03
kreisfahrt,11.9,23.03,2,2769,67.67
kreisfahrt,12.0,23.07,2,2774,68.31
kreisfahrt,12.1,23.11,2,2779,68.95
kreisfahrt,12.2,23.15,2,2784,69.60
kreisfahrt,12.3,23.19,2,2789,70.24
kreisfahrt,12.4,23.23,2,2794,70.89
kreisfahrt,12.5,23.28,2,2799,71.53
kreisfahrt,12.6,23.32,2,2804,72.18
kreisfahrt,12.7,23.37,2,2809,72.83
kreisfahrt,12.8,23.41,2,2815,73.48
kreisfahrt,12.9,23.45,2,2820,74.13
kreisfahrt,13.0,23.50,2,2826,74.78
kreisfahrt,13.1,23.55,2,2831,75.44
kreisfahrt,13.2,23.59,2,2837,76.09
kreisfahrt,13.3,23.64,2,2842,76.75
kreisfahrt,13.4,23.68,2,2848,77.41
kreisfahrt,13.5,23.73,2,2853,78.07
kreisfahrt,13.6,23.78,2,2859,78.73
kreisfahrt,13.7,23.82,2,2864,79.39
kreisfahrt,13.8,23.87,2,2870,80.05
kreisfahrt,13.9,23.91,2,2875,80.71
kreisfahrt,14.0,23.96,2,2881,81.38
kreisfahrt,14.1,24.01,2,2887,82.05
kreisfahrt,14.2,24.05,2,2892,82.71
kreisfahrt,14.3,24.10,2,2898,83.38
kreisfahrt,14.4,24.15,2,2903,84.05
kreisfahrt,14.5,24.19,2,2909,84.73
kreisfahrt,14.6,24.24,2,2914,85.40
kreisfahrt,14.7,24.28,2,2920,86.07
kreisfahrt,14.8,24.33,2,2926,86.75
kreisfahrt,14.9,24.38,2,2931,87.43
kreisfahrt,15.0,24.42,2,2937,88.10
kreisfahrt,15.1,24.47,2,2942,88.78
kreisfahrt,15.2,24.51,2,2948,89.47
kreisfahrt,15.3,24.56,2,2953,90.15
kreisfahrt,15.4,24.60,2,2959,90.83
kreisfahrt,15.5,24.65,2,2964,91.51
kreisfahrt,15.6,24.70,2,2969,92.20
kreisfahrt,15.7,24.74,2,2975,92.89
kreisfahrt,15.8,24.79,2,2980,93.58
kreisfahrt,15.9,24.83,2,2986,94.27
kreisfahrt,16.0,24.88,2,2991,94.96
kreisfahrt,16.1,24.92,2,2997,95.65
kreisfahrt,16.2,24.97,2,3002,96.34
kreisfahrt,16.3,25.01,2,3007,97.04
kreisfahrt,16.4,25.06,2,3013,97.73
kreisfahrt,16.5,25.10,2,3018,98.43
kreisfahrt,16.6,25.14,2,3023,99.13
kreisfahrt,16.7,25.19,2,3029,99.83
kreisfahrt,16.8,25.23,2,3034,100.53
kreisfahrt,16.9,25.28,2,3039,101.23
kreisfahrt,17.0,25.32,2,3045,101.93
kreisfahrt,17.1,25.37,2,3050,102.64
kreisfahrt,17.2,25.41,2,3055,103.34
kreisfahrt,17.3,25.45,2,3061,104.05
kreisfahrt,17.4,25.50,2,3066,104.76
kreisfahrt,17.5,25.54,2,3071,105.47
kreisfahrt,17.6,25.59,2,3077,106.18
kreisfahrt,17.7,25.63,2,3082,106.89
kreisfahrt,17.8,25.67,2,3087,107.60
kreisfahrt,17.9,25.72,2,3092,108.32
kreisfahrt,18.0,25.76,2,3098,109.03
kreisfahrt,18.1,25.81,2,3103,109.75
kreisfahrt,18.2,25.85,2,3108,110.47
kreisfahrt,18.3,25.89,2,3114,111.19
kreisfahrt,18.4,25.94,2,3119,111.91
kreisfahrt,18.5,25.98,2,3124,112.63
kreisfahrt,18.6,26.02,2,3129,113.35
kreisfahrt,18.7,26.07,2,3135,114.08
kreisfahrt,18.8,26.11,2,3140,114.80
kreisfahrt,18.9,26.16,2,3145,115.53
kreisfahrt,19.0,26.20,2,3150,116.26
kreisfahrt,19.1,26.24,2,3155,116.98
kreisfahrt,19.2,26.29,2,3161,117.71
kreisfahrt,19.3,26.33,2,3166,118.45
kreisfahrt,19.4,26.37,2,3171,119.18
kreisfahrt,19.5,26.42,2,3176,119.91
kreisfahrt,19.6,26.46,2,3182,120.65
kreisfahrt,19.7,26.50,2,3187,121.38
kreisfahrt,19.8,26.55,2,3192,122.12
kreisfahrt,19.9,26.59,2,3197,122.86
kreisfahrt,20.0,26.63,2,3202,123.60
kreisfahrt,20.1,26.68,2,3208,124.34
kreisfahrt,20.2,26.72,2,3213,125.08
kreisfahrt,20.3,26.76,2,3218,125.82
kreisfahrt,20.4,26.81,2,3223,126.57
kreisfahrt,20.5,26.85,2,3228,127.31
kreisfahrt,20.6,26.89,2,3234,128.06
kreisfahrt,20.7,26.94,2,3239,128.81
kreisfahrt,20.8,26.98,2,3244,129.56
kreisfahrt,20.9,27.02,2,3249,130.31
kreisfahrt,21.0,27.07,2,3254,131.06
kreisfahrt,21.1,27.11,2,3260,131.81
kreisfahrt,21.2,27.15,2,3265,132.57
kreisfahrt,21.3,27.20,2,3270,133.32
kreisfahrt,21.4,27.24,2,3275,134.08
kreisfahrt,21.5,27.28,2,3280,134.84
kreisfahrt,21.6,27.32,2,3286,135.60
kreisfahrt,21.7,27.37,2,3291,136.36
kreisfahrt,21.8,27.41,2,3296,137.12
kreisfahrt,21.9,27.45,2,3301,137.88
kreisfahrt,22.0,27.50,2,3306,138.64
kreisfahrt,22.1,27.54,2,3312,139.41
kreisfahrt,22.2,27.58,2,3317,140.18
kreisfahrt,22.3,27.63,2,3322,140.94
kreisfahrt,22.4,27.67,2,3327,141.71
kreisfahrt,22.5,27.71,2,3332,142.48
kreisfahrt,22.6,27.76,2,3338,143.25
kreisfahrt,22.7,27.80,2,3343,144.02
kreisfahrt,22.8,27.84,2,3348,144.80
kreisfahrt,22.9,27.89,2,3353,145.57
kreisfahrt,23.0,27.93,2,3358,146.35
kreisfahrt,23.1,27.97,2,3364,147.12
kreisfahrt,23.2,28.02,2,3369,147.90
kreisfahrt,23.3,28.06,2,3374,148.68
kreisfahrt,23.4,28.10,2,3379,149.46
kreisfahrt,23.5,28.15,2,3384,150.24
kreisfahrt,23.6,28.19,2,3390,151.03
kreisfahrt,23.7,28.23,2,3395,151.81
kreisfahrt,23.8,28.28,2,3400,152.60
kreisfahrt,23.9,28.32,2,3405,153.38
kreisfahrt,24.0,28.36,2,3410,154.17
kreisfahrt,24.1,28.40,2,3416,154.96
kreisfahrt,24.2,28.45,2,3421,155.75
kreisfahrt,24.3,28.49,2,3426,156.54
kreisfahrt,24.4,28.53,2,3431,157.33
kreisfahrt,24.5,28.58,2,3436,158.13
kreisfahrt,24.6,28.62,2,3442,158.92
kreisfahrt,24.7,28.66,2,3447,159.72
kreisfahrt,24.8,28.71,2,3452,160.52
kreisfahrt,24.9,28.75,2,3457,161.31
kreisfahrt,25.0,28.79,2,3462,162.11
kreisfahrt,25.1,28.84,2,3467,162.91
kreisfahrt,25.2,28.88,2,3473,163.72
kreisfahrt,25.3,28.92,2,3478,164.52
kreisfahrt,25.4,28.97,2,3483,165.32
kreisfahrt,25.5,29.01,2,3488,166.13
kreisfahrt,25.6,29.05,2,3493,166.94
kreisfahrt,25.7,29.10,2,3499,167.75
kreisfahrt,25.8,29.14,2,3504,168.55
kreisfahrt,25.9,29.18,2,3509,169.37
kreisfahrt,26.0,29.22,2,3514,170.18
kreisfahrt,26.1,29.27,2,3519,170.99
kreisfahrt,26.2,29.31,2,3525,171.80
kreisfahrt,26.3,29.35,2,3530,172.62
kreisfahrt,26.4,29.40,2,3535,173.44
kreisfahrt,26.5,29.44,2,3540,174.25
kreisfahrt,26.6,29.48,2,3545,175.07
kreisfahrt,26.7,29.53,2,3551,175.89
kreisfahrt,26.8,29.57,2,3556,176.71
kreisfahrt,26.9,29.61,2,3561,177.54
kreisfahrt,27.0,29.66,2,3566,178.36
kreisfahrt,27.1,29.70,2,3571,179.19
kreisfahrt,27.2,29.74,2,3576,180.01
kreisfahrt,27.3,29.79,2,3582,180.84
kreisfahrt,27.4,29.83,2,3587,181.67
kreisfahrt,27.5,29.87,2,3592,182.50
kreisfahrt,27.6,29.92,2,3597,183.33
kreisfahrt,27.7,29.96,2,3602,184.16
kreisfahrt,27.8,30.00,2,3608,184.99
kreisfahrt,27.9,30.05,2,3613,185.83
kreisfahrt,28.0,30.09,2,3618,186.66
kreisfahrt,28.1,30.13,2,3623,187.50
kreisfahrt,28.2,30.17,2,3628,188.34
kreisfahrt,28.3,30.22,2,3634,189.18
kreisfahrt,28.4,30.26,2,3639,190.02
kreisfahrt,28.5,30.30,2,3644,190.86
kreisfahrt,28.6,30.35,2,3649,191.70
kreisfahrt,28.7,30.39,2,3654,192.55
kreisfahrt,28.8,30.43,2,3660,193.39
kreisfahrt,28.9,30.48,2,3665,194.24
kreisfahrt,29.0,30.52,2,3670,195.09
kreisfahrt,29.1,30.56,2,3675,195.94
kreisfahrt,29.2,30.61,2,3680,196.79
kreisfahrt,29.3,30.65,2,3686,197.64
kreisfahrt,29.4,30.69,2,3691,198.49
kreisfahrt,29.5,30.74,2,3696,199.34
kreisfahrt,29.6,30.78,2,3701,200.20
kreisfahrt,29.7,30.82,2,3706,201.05
kreisfahrt,29.8,30.87,2,3711,201.91
kreisfahrt,29.9,30.91,2,3717,202.77
kreisfahrt,30.0,30.95,2,3722,203.63
kreisfahrt,30.1,31.00,2,3727,204.49
kreisfahrt,30.2,31.04,2,3732,205.35
kreisfahrt,30.3,31.08,2,3737,206.22
kreisfahrt,30.4,31.12,2,3743,207.08
kreisfahrt,30.5,31.17,2,3748,207.95
kreisfahrt,30.6,31.21,2,3753,208.81
kreisfahrt,30.7,31.25,2,3758,209.68
kreisfahrt,30.8,31.30,2,3763,210.55
kreisfahrt,30.9,31.34,2,3769,211.42
kreisfahrt,31.0,31.38,2,3774,212.29
kreisfahrt,31.1,31.43,2,3779,213.16
kreisfahrt,31.2,31.47,2,3784,214.04
kreisfahrt,31.3,31.51,2,3789,214.91
kreisfahrt,31.4,31.56,2,3795,215.79
kreisfahrt,31.5,31.60,2,3800,216.67
kreisfahrt,31.6,31.64,2,3805,217.55
kreisfahrt,31.7,31.69,2,3810,218.43
kreisfahrt,31.8,31.73,2,3815,219.31
kreisfahrt,31.9,31.77,2,3821,220.19
kreisfahrt,32.0,31.82,2,3826,221.07
kreisfahrt,32.1,31.86,2,3831,221.96
kreisfahrt,32.2,31.90,2,3836,222.85
kreisfahrt,32.3,31.94,2,3841,223.73
kreisfahrt,32.4,31.99,2,3846,224.62
kreisfahrt,32.5,32.03,2,3852,225.51
kreisfahrt,32.6,32.07,2,3857,226.40
kreisfahrt,32.7,32.12,2,3862,227.29
kreisfahrt,32.8,32.16,2,3867,228.19
kreisfahrt,32.9,32.20,2,3872,229.08
kreisfahrt,33.0,32.25,2,3878,229.98
kreisfahrt,33.1,32.29,2,3883,230.87
kreisfahrt,33.2,32.33,2,3888,231.77
kreisfahrt,33.3,32.38,2,3893,232.67
kreisfahrt,33.4,32.42,2,3898,233.57
kreisfahrt,33.5,32.46,2,3904,234.47
kreisfahrt,33.6,32.51,2,3909,235.38
kreisfahrt,33.7,32.55,2,3914,236.28
kreisfahrt,33.8,32.59,2,3919,237.19
kreisfahrt,33.9,32.64,2,3924,238.09
kreisfahrt,34.0,32.68,2,3930,239.00
kreisfahrt,34.1,32.72,2,3935,239.91
kreisfahrt,34.2,32.77,2,3940,240.82
kreisfahrt,34.3,32.81,2,3945,241.73
kreisfahrt,34.4,32.85,2,3950,242.64
kreisfahrt,34.5,32.89,2,3956,243.56
kreisfahrt,34.6,32.94,2,3961,244.47
kreisfahrt,34.7,32.98,2,3966,245.39
kreisfahrt,34.8,33.02,2,3971,246.30
kreisfahrt,34.9,33.07,2,3976,247.22
kreisfahrt,35.0,33.11,2,3981,248.14
kreisfahrt,35.1,33.15,2,3987,249.06
kreisfahrt,35.2,33.20,2,3992,249.99
kreisfahrt,35.3,33.24,2,3997,250.91
kreisfahrt,35.4,33.28,2,4002,251.83
kreisfahrt,35.5,33.33,2,4007,252.76
kreisfahrt,35.6,33.37,2,4013,253.69
kreisfahrt,35.7,33.41,2,4018,254.61
kreisfahrt,35.8,33.46,2,4023,255.54
kreisfahrt,35.9,33.50,2,4028,256.47
kreisfahrt,36.0,33.54,2,4033,257.40
kreisfahrt,36.1,33.59,2,4039,258.34
kreisfahrt,36.2,33.63,2,4044,259.27
kreisfahrt,36.3,33.67,2,4049,260.21
kreisfahrt,36.4,33.71,2,4054,261.14
kreisfahrt,36.5,33.76,2,4059,262.08
kreisfahrt,36.6,33.80,2,4065,263.02
kreisfahrt,36.7,33.84,2,4070,263.96
kreisfahrt,36.8,33.89,2,4075,264.90
kreisfahrt,36.9,33.93,2,4080,265.84
kreisfahrt,37.0,33.97,2,4085,266.79
kreisfahrt,37.1,34.02,2,4090,267.73
kreisfahrt,37.2,34.05,3,2784,268.68
kreisfahrt,37.3,34.06,3,2786,269.62
kreisfahrt,37.4,34.09,3,2788,270.57
kreisfahrt,37.5,34.11,3,2790,271.52
kreisfahrt,37.6,34.14,3,2792,272.47
kreisfahrt,37.7,34.17,3,2794,273.42
kreisfahrt,37.8,34.20,3,2797,274.37
kreisfahrt,37.9,34.24,3,2800,275.32
kreisfahrt,38.0,34.27,3,2803,276.27
kreisfahrt,38.1,34.31,3,2805,277.22
kreisfahrt,38.2,34.34,3,2808,278.18
kreisfahrt,38.3,34.38,3,2812,279.13
kreisfahrt,38.4,34.42,3,2815,280.09
kreisfahrt,38.5,34.46,3,2818,281.04
kreisfahrt,38.6,34.50,3,2821,282.00
kreisfahrt,38.7,34.54,3,2825,282.96
kreisfahrt,38.8,34.59,3,2828,283.92
kreisfahrt,38.9,34.63,3,2832,284.88
kreisfahrt,39.0,34.67,3,2836,285.85
kreisfahrt,39.1,34.72,3,2839,286.81
kreisfahrt,39.2,34.76,3,2843,287.78
kreisfahrt,39.3,34.81,3,2847,288.74
kreisfahrt,39.4,34.85,3,2850,289.71
kreisfahrt,39.5,34.90,3,2854,290.68
kreisfahrt,39.6,34.95,3,2858,291.65
kreisfahrt,39.7,34.99,3,2862,292.62
kreisfahrt,39.8,35.04,3,2865,293.60
kreisfahrt,39.9,35.09,3,2869,294.57
kreisfahrt,40.0,35.13,3,2873,295.55
kreisfahrt,40.1,35.18,3,2877,296.53
kreisfahrt,40.2,35.23,3,2881,297.50
kreisfahrt,40.3,35.28,3,2885,298.48
kreisfahrt,40.4,35.32,3,2889,299.46
kreisfahrt,40.5,35.37,3,2892,300.45
kreisfahrt,40.6,35.42,3,2896,301.43
kreisfahrt,40.7,35.47,3,2900,302.42
kreisfahrt,40.8,35.51,3,2904,303.40
kreisfahrt,40.9,35.56,3,2908,304.39
kreisfahrt,41.0,35.61,3,2912,305.38
kreisfahrt,41.1,35.65,3,2916,306.37
kreisfahrt,41.2,35.70,3,2919,307.36
kreisfahrt,41.3,35.75,3,2923,308.35
kreisfahrt,41.4,35.80,3,2927,309.35
kreisfahrt,41.5,35.84,3,2931,310.34
kreisfahrt,41.6,35.89,3,2935,311.34
kreisfahrt,41.7,35.94,3,2939,312.34
kreisfahrt,41.8,35.98,3,2942,313.34
kreisfahrt,41.9,36.03,3,2946,314.34
kreisfahrt,42.0,36.07,3,2950,315.34
kreisfahrt,42.1,36.12,3,2954,316.34
kreisfahrt,42.2,36.17,3,2958,317.35
kreisfahrt,42.3,36.21,3,2961,318.35
kreisfahrt,42.4,36.26,3,2965,319.36
kreisfahrt,42.5,36.30,3,2969,320.37
kreisfahrt,42.6,36.35,3,2972,321.38
kreisfahrt,42.7,36.39,3,2976,322.39
kreisfahrt,42.8,36.44,3,2980,323.40
kreisfahrt,42.9,36.49,3,2984,324.41
kreisfahrt,43.0,36.53,3,2987,325.43
kreisfahrt,43.1,36.58,3,2991,326.44
kreisfahrt,43.2,36.62,3,2995,327.46
kreisfahrt,43.3,36.67,3,2998,328.48
kreisfahrt,43.4,36.71,3,3002,329.50
kreisfahrt,43.5,36.76,3,3006,330.52
kreisfahrt,43.6,36.80,3,3009,331.54
kreisfahrt,43.7,36.84,3,3013,332.57
kreisfahrt,43.8,36.89,3,3017,333.59
kreisfahrt,43.9,36.93,3,3020,334.62
kreisfahrt,44.0,36.98,3,3024,335.64
kreisfahrt,44.1,37.02,3,3028,336.67
kreisfahrt,44.2,37.07,3,3031,337.70
kreisfahrt,44.3,37.11,3,3035,338.73
kreisfahrt,44.4,37.15,3,3038,339.76
kreisfahrt,44.5,37.20,3,3042,340.80
kreisfahrt,44.6,37.24,3,3046,341.83
kreisfahrt,44.7,37.29,3,3049,342.87
kreisfahrt,44.8,37.33,3,3053,343.90
kreisfahrt,44.9,37.37,3,3056,344.94
kreisfahrt,45.0,37.42,3,3060,345.98
kreisfahrt,45.1,37.46,3,3063,347.02
kreisfahrt,45.2,37.51,3,3067,348.06
kreisfahrt,45.3,37.55,3,3071,349.11
kreisfahrt,45.4,37.59,3,3074,350.15
kreisfahrt,45.5,37.64,3,3078,351.20
kreisfahrt,45.6,37.68,3,3081,352.24
kreisfahrt,45.7,37.72,3,3085,353.29
kreisfahrt,45.8,37.77,3,3088,354.34
kreisfahrt,45.9,37.81,3,3092,355.39
kreisfahrt,46.0,37.85,3,3096,356.44
kreisfahrt,46.1,37.90,3,3099,357.49
kreisfahrt,46.2,37.94,3,3103,358.55
kreisfahrt,46.3,37.98,3,3106,359.60
kreisfahrt,46.4,38.03,3,3110,360.66
kreisfahrt,46.5,38.07,3,3113,361.71
kreisfahrt,46.6,38.11,3,3117,362.77
kreisfahrt,46.7,38.16,3,3120,363.83
kreisfahrt,46.8,38.20,3,3124,364.89
kreisfahrt,46.9,38.24,3,3127,365.96
kreisfahrt,47.0,38.29,3,3131,367.02
kreisfahrt,47.1,38.33,3,3135,368.08
kreisfahrt,47.2,38.37,3,3138,369.15
kreisfahrt,47.3,38.42,3,3142,370.22
kreisfahrt,47.4,38.46,3,3145,371.29
kreisfahrt,47.5,38.50,3,3149,372.35
kreisfahrt,47.6,38.55,3,3152,373.43
kreisfahrt,47.7,38.59,3,3156,374.50
kreisfahrt,47.8,38.63,3,3159,375.57
kreisfahrt,47.9,38.68,3,3163,376.64
kreisfahrt,48.0,38.72,3,3166,377.72
kreisfahrt,48.1,38.76,3,3170,378.80
kreisfahrt,48.2,38.80,3,3173,379.87
kreisfahrt,48.3,38.85,3,3177,380.95
kreisfahrt,48.4,38.89,3,3180,382.03
kreisfahrt,48.5,38.93,3,3184,383.11
kreisfahrt,48.6,38.98,3,3187,384.20
kreisfahrt,48.7,39.02,3,3191,385.28
kreisfahrt,48.8,39.06,3,3195,386.37
kreisfahrt,48.9,39.11,3,3198,387.45
kreisfahrt,49.0,39.15,3,3202,388.54
kreisfahrt,49.1,39.19,3,3205,389.63
kreisfahrt,49.2,39.24,3,3209,390.72
kreisfahrt,49.3,39.28,3,3212,391.81
kreisfahrt,49.4,39.32,3,3216,392.90
kreisfahrt,49.5,39.37,3,3219,393.99
kreisfahrt,49.6,39.41,3,3223,395.09
kreisfahrt,49.7,39.45,3,3226,396.18
kreisfahrt,49.8,39.50,3,3230,397.28
kreisfahrt,49.9,39.54,3,3233,398.38
kreisfahrt,50.0,39.58,3,3237,399.48
kreisfahrt,50.1,39.62,3,3240,400.58
kreisfahrt,50.2,39.67,3,3244,401.68
kreisfahrt,50.3,39.71,3,3247,402.78
kreisfahrt,50.4,39.75,3,3251,403.89
kreisfahrt,50.5,39.80,3,3254,404.99
kreisfahrt,50.6,39.84,3,3258,406.10
kreisfahrt,50.7,39.88,3,3262,407.21
kreisfahrt,50.8,39.93,3,3265,408.32
kreisfahrt,50.9,39.97,3,3269,409.43
kreisfahrt,51.0,40.01,3,3272,410.54
kreisfahrt,51.1,40.06,3,3276,411.65
kreisfahrt,51.2,40.10,3,3279,412.76
kreisfahrt,51.3,40.14,3,3283,413.88
kreisfahrt,51.4,40.18,3,3286,415.00
kreisfahrt,51.5,40.23,3,3290,416.11
kreisfahrt,51.6,40.27,3,3293,417.23
kreisfahrt,51.7,40.31,3,3297,418.35
kreisfahrt,51.8,40.36,3,3300,419.47
kreisfahrt,51.9,40.40,3,3304,420.59
kreisfahrt,52.0,40.44,3,3307,421.72
kreisfahrt,52.1,40.49,3,3311,422.84
kreisfahrt,52.2,40.53,3,3314,423.97
kreisfahrt,52.3,40.57,3,3318,425.09
kreisfahrt,52.4,40.62,3,3321,426.22
kreisfahrt,52.5,40.66,3,3325,427.35
kreisfahrt,52.6,40.70,3,3329,428.48
kreisfahrt,52.7,40.75,3,3332,429.61
kreisfahrt,52.8,40.79,3,3336,430.75
kreisfahrt,52.9,40.83,3,3339,431.88
kreisfahrt,53.0,40.87,3,3343,433.02
kreisfahrt,53.1,40.92,3,3346,434.15
kreisfahrt,53.2,40.96,3,3350,435.29
kreisfahrt,53.3,41.00,3,3353,436.43
kreisfahrt,53.4,41.05,3,3357,437.57
kreisfahrt,53.5,41.09,3,3360,438.71
kreisfahrt,53.6,41.13,3,3364,439.85
kreisfahrt,53.7,41.18,3,3367,441.00
kreisfahrt,53.8,41.22,3,3371,442.14
kreisfahrt,53.9,41.26,3,3374,443.29
kreisfahrt,54.0,41.31,3,3378,444.44
kreisfahrt,54.1,41.35,3,3381,445.58
kreisfahrt,54.2,41.39,3,3385,446.73
kreisfahrt,54.3,41.44,3,3389,447.88
kreisfahrt,54.4,41.48,3,3392,449.04
kreisfahrt,54.5,41.52,3,3396,450.19
kreisfahrt,54.6,41.57,3,3399,451.34
kreisfahrt,54.7,41.61,3,3403,452.50
kreisfahrt,54.8,41.65,3,3406,453.66
kreisfahrt,54.9,41.69,3,3410,454.81
kreisfahrt,55.0,41.74,3,3413,455.97
kreisfahrt,55.1,41.78,3,3417,457.13
kreisfahrt,55.2,41.82,3,3420,458.30
kreisfahrt,55.3,41.87,3,3424,459.46
kreisfahrt,55.4,41.91,3,3427,460.62
kreisfahrt,55.5,41.95,3,3431,461.79
kreisfahrt,55.6,42.00,3,3434,462.95
kreisfahrt,55.7,42.04,3,3438,464.12
kreisfahrt,55.8,42.08,3,3441,465.29
kreisfahrt,55.9,42.13,3,3445,466.46
kreisfahrt,56.0,42.17,3,3448,467.63
kreisfahrt,56.1,42.21,3,3452,468.80
kreisfahrt,56.2,42.26,3,3456,469.98
kreisfahrt,56.3,42.30,3,3459,471.15
kreisfahrt,56.4,42.34,3,3463,472.33
kreisfahrt,56.5,42.38,3,3466,473.51
kreisfahrt,56.6,42.43,3,3470,474.68
kreisfahrt,56.7,42.47,3,3473,475.86
kreisfahrt,56.8,42.51,3,3477,477.04
kreisfahrt,56.9,42.56,3,3480,478.23
kreisfahrt,57.0,42.60,3,3484,479.41
kreisfahrt,57.1,42.64,3,3487,480.59
kreisfahrt,57.2,42.69,3,3491,481.78
kreisfahrt,57.3,42.73,3,3494,482.97
kreisfahrt,57.4,42.77,3,3498,484.15
kreisfahrt,57.5,42.82,3,3501,485.34
kreisfahrt,57.6,42.86,3,3505,486.53
kreisfahrt,57.7,42.90,3,3508,487.72
kreisfahrt,57.8,42.95,3,3512,488.92
kreisfahrt,57.9,42.99,3,3516,490.11
kreisfahrt,58.0,43.03,3,3519,491.31
kreisfahrt,58.1,43.07,3,3523,492.50
kreisfahrt,58.2,43.12,3,3526,493.70
kreisfahrt,58.3,43.16,3,3530,494.90
kreisfahrt,58.4,43.20,3,3533,496.10
kreisfahrt,58.5,43.25,3,3537,497.30
kreisfahrt,58.6,43.29,3,3540,498.50
kreisfahrt,58.7,43.33,3,3544,499.71
kreisfahrt,58.8,43.38,3,3547,500.91
kreisfahrt,58.9,43.42,3,3551,502.12
kreisfahrt,59.0,43.46,3,3554,503.32
kreisfahrt,59.1,43.51,3,3558,504.53
kreisfahrt,59.2,43.55,3,3561,505.74
kreisfahrt,59.3,43.59,3,3565,506.95
kreisfahrt,59.4,43.64,3,3568,508.16
kreisfahrt,59.5,43.68,3,3572,509.38
kreisfahrt,59.6,43.72,3,3575,510.59
kreisfahrt,59.7,43.76,3,3579,511.81
kreisfahrt,59.8,43.81,3,3583,513.02
kreisfahrt,59.9,43.85,3,3586,514.24
kreisfahrt,60.0,43.89,3,3590,515.46
kreisfahrt,60.1,43.94,3,3593,516.68
kreisfahrt,60.2,43.98,3,3597,517.90
kreisfahrt,60.3,44.02,3,3600,519.13
kreisfahrt,60.4,44.07,3,3604,520.35
kreisfahrt,60.5,44.11,3,3607,521.57
kreisfahrt,60.6,44.15,3,3611,522.80
kreisfahrt,60.7,44.20,3,3614,524.03
kreisfahrt,60.8,44.24,3,3618,525.26
kreisfahrt,60.9,44.28,3,3621,526.49
kreisfahrt,61.0,44.33,3,3625,527.72
kreisfahrt,61.1,44.37,3,3628,528.95
kreisfahrt,61.2,44.41,3,3632,530.18
kreisfahrt,61.3,44.45,3,3635,531.42
kreisfahrt,61.4,44.50,3,3639,532.65
kreisfahrt,61.5,44.54,3,3642,533.89
kreisfahrt,61.6,44.58,3,3646,535.13
kreisfahrt,61.7,44.63,3,3650,536.37
kreisfahrt,61.8,44.67,3,3653,537.61
kreisfahrt,61.9,44.71,3,3657,538.85
kreisfahrt,62.0,44.76,3,3660,540.09
kreisfahrt,62.1,44.80,3,3664,541.34
kreisfahrt,62.2,44.84,3,3667,542.58
kreisfahrt,62.3,44.89,3,3671,543.83
kreisfahrt,62.4,44.93,3,3674,545.08
kreisfahrt,62.5,44.97,3,3678,546.33
kreisfahrt,62.6,45.02,3,3681,547.58
kreisfahrt,62.7,45.06,3,3685,548.83
kreisfahrt,62.8,45.10,3,3688,550.08
kreisfahrt,62.9,45.14,3,3692,551.34
kreisfahrt,63.0,45.19,3,3695,552.59
kreisfahrt,63.1,45.23,3,3699,553.85
kreisfahrt,63.2,45.27,3,3702,555.10
kreisfahrt,63.3,45.32,3,3706,556.36
kreisfahrt,63.4,45.36,3,3709,557.62
kreisfahrt,63.5,45.40,3,3713,558.88
kreisfahrt,63.6,45.45,3,3717,560.15
kreisfahrt,63.7,45.49,3,3720,561.41
kreisfahrt,63.8,45.53,3,3724,562.67
kreisfahrt,63.9,45.58,3,3727,563.94
kreisfahrt,64.0,45.62,3,3731,565.21
kreisfahrt,64.1,45.66,3,3734,566.47
kreisfahrt,64.2,45.71,3,3738,567.74
kreisfahrt,64.3,45.75,3,3741,569.01
kreisfahrt,64.4,45.79,3,3745,570.29
kreisfahrt,64.5,45.83,3,3748,571.56
kreisfahrt,64.6,45.88,3,3752,572.83
kreisfahrt,64.7,45.92,3,3755,574.11
kreisfahrt,64.8,45.96,3,3759,575.39
kreisfahrt,64.9,46.01,3,3762,576.66
kreisfahrt,65.0,46.05,3,3766,577.94
kreisfahrt,65.1,46.09,3,3769,579.22
kreisfahrt,65.2,46.14,3,3773,580.50
kreisfahrt,65.3,46.18,3,3776,581.79
kreisfahrt,65.4,46.22,3,3780,583.07
kreisfahrt,65.5,46.27,3,3784,584.35
kreisfahrt,65.6,46.31,3,3787,585.64
kreisfahrt,65.7,46.35,3,3791,586.93
kreisfahrt,65.8,46.40,3,3794,588.22
kreisfahrt,65.9,46.44,3,3798,589.51
kreisfahrt,66.0,46.48,3,3801,590.80
kreisfahrt,66.1,46.52,3,3805,592.09
kreisfahrt,66.2,46.57,3,3808,593.38
kreisfahrt,66.3,46.61,3,3812,594.68
kreisfahrt,66.4,46.65,3,3815,595.97
kreisfahrt,66.5,46.70,3,3819,597.27
kreisfahrt,66.6,46.74,3,3822,598.57
kreisfahrt,66.7,46.78,3,3826,599.87
kreisfahrt,66.8,46.83,3,3829,601.17
kreisfahrt,66.9,46.87,3,3833,602.47
kreisfahrt,67.0,46.91,3,3836,603.77
kreisfahrt,67.1,46.96,3,3840,605.08
kreisfahrt,67.2,47.00,3,3843,606.38
kreisfahrt,67.3,47.04,3,3847,607.69
kreisfahrt,67.4,47.09,3,3851,609.00
kreisfahrt,67.5,47.13,3,3854,610.30
kreisfahrt,67.6,47.17,3,3858,611.62
kreisfahrt,67.7,47.21,3,3861,612.93
kreisfahrt,67.8,47.26,3,3865,614.24
kreisfahrt,67.9,47.30,3,3868,615.55
kreisfahrt,68.0,47.34,3,3872,616.87
kreisfahrt,68.1,47.39,3,3875,618.18
kreisfahrt,68.2,47.43,3,3879,619.50
kreisfahrt,68.3,47.47,3,3882,620.82
kreisfahrt,68.4,47.52,3,3886,622.14
kreisfahrt,68.5,47.56,3,3889,623.46
kreisfahrt,68.6,47.60,3,3893,624.78
kreisfahrt,68.7,47.65,3,3896,626.10
kreisfahrt,68.8,47.69,3,3900,627.43
kreisfahrt,68.9,47.73,3,3903,628.75
kreisfahrt,69.0,47.77,3,3907,630.08
kreisfahrt,69.1,47.82,3,3910,631.41
kreisfahrt,69.2,47.86,3,3914,632.74
kreisfahrt,69.3,47.90,3,3918,634.07
kreisfahrt,69.4,47.95,3,3921,635.40
kreisfahrt,69.5,47.99,3,3925,636.73
kreisfahrt,69.6,48.03,3,3928,638.07
kreisfahrt,69.7,48.08,3,3932,639.40
kreisfahrt,69.8,48.12,3,3935,640.74
kreisfahrt,69.9,48.16,3,3939,642.08
kreisfahrt,70.0,48.21,3,3942,643.42
kreisfahrt,70.1,48.25,3,3946,644.76
kreisfahrt,70.2,48.29,3,3949,646.10
kreisfahrt,70.3,48.34,3,3953,647.44
kreisfahrt,70.4,48.38,3,3956,648.78
kreisfahrt,70.5,48.42,3,3960,650.13
kreisfahrt,70.6,48.46,3,3963,651.47
kreisfahrt,70.7,48.51,3,3967,652.82
kreisfahrt,70.8,48.55,3,3970,654.17
kreisfahrt,70.9,48.59,3,3974,655.52
kreisfahrt,71.0,48.64,3,3977,656.87
kreisfahrt,71.1,48.68,3,3981,658.22
kreisfahrt,71.2,48.72,3,3985,659.57
kreisfahrt,71.3,48.77,3,3988,660.93
kreisfahrt,71.4,48.81,3,3992,662.28
kreisfahrt,71.5,48.85,3,3995,663.64
kreisfahrt,71.6,48.90,3,3999,665.00
kreisfahrt,71.7,48.94,3,4002,666.36
kreisfahrt,71.8,48.98,3,4006,667.72
kreisfahrt,71.9,49.02,3,4009,669.08
kreisfahrt,72.0,49.07,3,4013,670.44
kreisfahrt,72.1,49.11,3,4016,671.81
kreisfahrt,72.2,49.15,3,4020,673.17
kreisfahrt,72.3,49.20,3,4023,674.54
kreisfahrt,72.4,49.24,3,4027,675.91
kreisfahrt,72.5,49.28,3,4030,677.27
kreisfahrt,72.6,49.33,3,4034,678.64
kreisfahrt,72.7,49.37,3,4037,680.02
kreisfahrt,72.8,49.41,3,4041,681.39
kreisfahrt,72.9,49.46,3,4044,682.76
kreisfahrt,73.0,49.50,3,4048,684.14
kreisfahrt,73.1,49.54,3,4051,685.51
kreisfahrt,73.2,49.59,3,4055,686.89
kreisfahrt,73.3,49.63,3,4059,688.27
kreisfahrt,73.4,49.67,3,4062,689.65
kreisfahrt,73.5,49.71,3,4066,691.03
kreisfahrt,73.6,49.76,3,4069,692.41
kreisfahrt,73.7,49.80,3,4073,693.79
kreisfahrt,73.8,49.84,3,4076,695.18
kreisfahrt,73.9,49.89,3,4080,696.56
kreisfahrt,74.0,49.93,3,4083,697.95
kreisfahrt,74.1,49.97,3,4087,699.34
kreisfahrt,74.2,50.02,3,4090,700.72
kreisfahrt,74.3,50.06,3,4094,702.12
kreisfahrt,74.4,50.10,3,4097,703.51
kreisfahrt,74.5,50.15,3,4101,704.90
kreisfahrt,74.6,50.19,3,4104,706.29
kreisfahrt,74.7,50.23,3,4108,707.69
kreisfahrt,74.8,50.27,3,4111,709.08
kreisfahrt,74.9,50.32,3,4115,710.48
kreisfahrt,75.0,50.36,3,4118,711.88
kreisfahrt,75.1,50.40,3,4122,713.28
kreisfahrt,75.2,50.45,3,4125,714.68
kreisfahrt,75.3,50.49,3,4129,716.08
kreisfahrt,75.4,50.53,3,4133,717.49
kreisfahrt,75.5,50.58,3,4136,718.89
kreisfahrt,75.6,50.62,3,4140,720.30
kreisfahrt,75.7,50.66,3,4143,721.70
kreisfahrt,75.8,50.71,3,4147,723.11
kreisfahrt,75.9,50.75,3,4150,724.52
kreisfahrt,76.0,50.79,3,4154,725.93
kreisfahrt,76.1,50.83,3,4157,727.34
kreisfahrt,76.2,50.88,3,4161,728.76
kreisfahrt,76.3,50.92,3,4164,730.17
kreisfahrt,76.4,50.96,3,4168,731.59
kreisfahrt,76.5,51.01,3,4171,733.00
kreisfahrt,76.6,51.05,3,4175,734.42
kreisfahrt,76.7,51.09,3,4178,735.84
kreisfahrt,76.8,51.14,3,4182,737.26
kreisfahrt,76.9,51.18,3,4185,738.68
kreisfahrt,77.0,51.22,3,4189,740.10
kreisfahrt,77.1,51.27,3,4192,741.53
kreisfahrt,77.2,51.31,3,4196,742.95
kreisfahrt,77.3,51.35,3,4199,744.38
kreisfahrt,77.4,51.39,3,4203,745.81
kreisfahrt,77.5,51.44,3,4207,747.23
kreisfahrt,77.6,51.48,3,4210,748.66
kreisfahrt,77.7,51.52,3,4214,750.09
kreisfahrt,77.8,51.57,3,4217,751.53
kreisfahrt,77.9,51.61,3,4221,752.96
kreisfahrt,78.0,51.65,3,4224,754.39
kreisfahrt,78.1,51.69,3,4227,755.83
kreisfahrt,78.2,51.74,3,4231,757.27
kreisfahrt,78.3,51.78,3,4234,758.70
kreisfahrt,78.4,51.82,3,4238,760.14
kreisfahrt,78.5,51.86,3,4241,761.58
kreisfahrt,78.6,51.91,3,4245,763.03
kreisfahrt,78.7,51.95,3,4248,764.47
kreisfahrt,78.8,51.99,3,4252,765.91
kreisfahrt,78.9,52.03,3,4255,767.36
kreisfahrt,79.0,52.08,3,4259,768.80
kreisfahrt,79.1,52.12,3,4262,770.25
kreisfahrt,79.2,52.16,3,4266,771.70
kreisfahrt,79.3,52.20,3,4269,773.15
kreisfahrt,79.4,52.25,3,4273,774.60
kreisfahrt,79.5,52.29,3,4276,776.05
kreisfahrt,79.6,52.33,3,4280,777.50
kreisfahrt,79.7,52.33,4,2914,778.96
kreisfahrt,79.8,52.33,4,2914,780.41
kreisfahrt,79.9,52.34,4,2915,781.87
kreisfahrt,80.0,52.36,4,2916,783.32
kreisfahrt,80.1,52.37,4,2917,784.78
kreisfahrt,80.2,52.39,4,2918,786.23
kreisfahrt,80.3,52.42,4,2919,787.69
kreisfahrt,80.4,52.44,4,2920,789.14
kreisfahrt,80.5,52.47,4,2922,790.60
kreisfahrt,80.6,52.50,4,2924,792.06
kreisfahrt,80.7,52.53,4,2925,793.52
kreisfahrt,80.8,52.56,4,2927,794.98
kreisfahrt,80.9,52.60,4,2929,796.44
kreisfahrt,81.0,52.64,4,2931,797.90
kreisfahrt,81.1,52.68,4,2933,799.36
kreisfahrt,81.2,52.71,4,2936,800.83
kreisfahrt,81.3,52.76,4,2938,802.29
kreisfahrt,81.4,52.80,4,2940,803.76
kreisfahrt,81.5,52.84,4,2943,805.23
kreisfahrt,81.6,52.89,4,2945,806.69
kreisfahrt,81.7,52.93,4,2948,808.16
kreisfahrt,81.8,52.98,4,2950,809.64
kreisfahrt,81.9,53.02,4,2953,811.11
kreisfahrt,82.0,53.07,4,2955,812.58
kreisfahrt,82.1,53.12,4,2958,814.06
kreisfahrt,82.2,53.17,4,2961,815.53
kreisfahrt,82.3,53.22,4,2963,817.01
kreisfahrt,82.4,53.26,4,2966,818.49
kreisfahrt,82.5,53.31,4,2969,819.97
kreisfahrt,82.6,53.36,4,2972,821.45
kreisfahrt,82.7,53.41,4,2974,822.94
kreisfahrt,82.8,53.46,4,2977,824.42
kreisfahrt,82.9,53.51,4,2980,825.91
kreisfahrt,83.0,53.56,4,2983,827.39
kreisfahrt,83.1,53.62,4,2986,828.88
kreisfahrt,83.2,53.67,4,2988,830.37
kreisfahrt,83.3,53.72,4,2991,831.86
kreisfahrt,83.4,53.77,4,2994,833.36
kreisfahrt,83.5,53.82,4,2997,834.85
kreisfahrt,83.6,53.87,4,3000,836.35
kreisfahrt,83.7,53.92,4,3003,837.85
kreisfahrt,83.8,53.97,4,3005,839.34
kreisfahrt,83.9,54.02,4,3008,840.84
kreisfahrt,84.0,54.07,4,3011,842.35
kreisfahrt,84.1,54.12,4,3014,843.85
kreisfahrt,84.2,54.17,4,3016,845.35
kreisfahrt,84.3,54.22,4,3019,846.86
kreisfahrt,84.4,54.27,4,3022,848.37
kreisfahrt,84.5,54.32,4,3025,849.87
kreisfahrt,84.6,54.37,4,3028,851.38
kreisfahrt,84.7,54.42,4,3030,852.89
kreisfahrt,84.8,54.46,4,3033,854.41
kreisfahrt,84.9,54.51,4,3036,855.92
kreisfahrt,85.0,54.56,4,3038,857.44
kreisfahrt,85.1,54.61,4,3041,858.95
kreisfahrt,85.2,54.66,4,3044,860.47
kreisfahrt,85.3,54.71,4,3046,861.99
kreisfahrt,85.4,54.75,4,3049,863.51
kreisfahrt,85.5,54.80,4,3052,865.03
kreisfahrt,85.6,54.85,4,3054,866.55
kreisfahrt,85.7,54.89,4,3057,868.08
kreisfahrt,85.8,54.94,4,3060,869.60
kreisfahrt,85.9,54.99,4,3062,871.13
kreisfahrt,86.0,55.03,4,3065,872.66
kreisfahrt,86.1,55.08,4,3067,874.19
kreisfahrt,86.2,55.13,4,3070,875.72
kreisfahrt,86.3,55.17,4,3072,877.25
kreisfahrt,86.4,55.22,4,3075,878.79
kreisfahrt,86.5,55.27,4,3078,880.32
kreisfahrt,86.6,55.31,4,3080,881.86
kreisfahrt,86.7,55.36,4,3083,883.39
kreisfahrt,86.8,55.40,4,3085,884.93
kreisfahrt,86.9,55.45,4,3088,886.47
kreisfahrt,87.0,55.49,4,3090,888.01
kreisfahrt,87.1,55.54,4,3093,889.55
kreisfahrt,87.2,55.58,4,3095,891.10
kreisfahrt,87.3,55.63,4,3098,892.64
kreisfahrt,87.4,55.67,4,3100,894.19
kreisfahrt,87.5,55.72,4,3103,895.74
kreisfahrt,87.6,55.76,4,3105,897.28
kreisfahrt,87.7,55.80,4,3108,898.83
kreisfahrt,87.8,55.85,4,3110,900.38
kreisfahrt,87.9,55.89,4,3113,901.94
kreisfahrt,88.0,55.94,4,3115,903.49
kreisfahrt,88.1,55.98,4,3117,905.04
kreisfahrt,88.2,56.02,4,3120,906.60
kreisfahrt,88.3,56.07,4,3122,908.16
kreisfahrt,88.4,56.11,4,3125,909.72
kreisfahrt,88.5,56.16,4,3127,911.28
kreisfahrt,88.6,56.20,4,3130,912.84
kreisfahrt,88.7,56.24,4,3132,914.40
kreisfahrt,88.8,56.29,4,3134,915.96
kreisfahrt,88.9,56.33,4,3137,917.53
kreisfahrt,89.0,56.37,4,3139,919.09
kreisfahrt,89.1,56.42,4,3142,920.66
kreisfahrt,89.2,56.46,4,3144,922.23
kreisfahrt,89.3,56.50,4,3147,923.79
kreisfahrt,89.4,56.55,4,3149,925.36
kreisfahrt,89.5,56.59,4,3151,926.94
kreisfahrt,89.6,56.63,4,3154,928.51
kreisfahrt,89.7,56.68,4,3156,930.08
kreisfahrt,89.8,56.72,4,3159,931.66
kreisfahrt,89.9,56.76,4,3161,933.23
kreisfahrt,90.0,56.81,4,3163,934.81
kreisfahrt,90.1,56.85,4,3166,936.39
kreisfahrt,90.2,56.89,4,3168,937.97
kreisfahrt,90.3,56.94,4,3171,939.55
kreisfahrt,90.4,56.98,4,3173,941.13
kreisfahrt,90.5,57.02,4,3175,942.72
kreisfahrt,90.6,57.06,4,3178,944.30
kreisfahrt,90.7,57.11,4,3180,945.89
kreisfahrt,90.8,57.15,4,3183,947.47
kreisfahrt,90.9,57.19,4,3185,949.06
kreisfahrt,91.0,57.24,4,3187,950.65
kreisfahrt,91.1,57.28,4,3190,952.24
kreisfahrt,91.2,57.32,4,3192,953.83
kreisfahrt,91.3,57.36,4,3194,955.43
kreisfahrt,91.4,57.41,4,3197,957.02
kreisfahrt,91.5,57.45,4,3199,958.62
kreisfahrt,91.6,57.49,4,3202,960.21
kreisfahrt,91.7,57.54,4,3204,961.81
kreisfahrt,91.8,57.58,4,3206,963.41
kreisfahrt,91.9,57.62,4,3209,965.01
kreisfahrt,92.0,57.66,4,3211,966.61
kreisfahrt,92.1,57.71,4,3214,968.21
kreisfahrt,92.2,57.75,4,3216,969.82
kreisfahrt,92.3,57.79,4,3218,971.42
kreisfahrt,92.4,57.84,4,3221,973.03
kreisfahrt,92.5,57.88,4,3223,974.64
kreisfahrt,92.6,57.92,4,3226,976.24
kreisfahrt,92.7,57.97,4,3228,977.85
kreisfahrt,92.8,58.01,4,3230,979.46
kreisfahrt,92.9,58.05,4,3233,981.08
kreisfahrt,93.0,58.09,4,3235,982.69
kreisfahrt,93.1,58.14,4,3237,984.30
kreisfahrt,93.2,58.18,4,3240,985.92
kreisfahrt,93.3,58.22,4,3242,987.54
kreisfahrt,93.4,58.27,4,3245,989.15
kreisfahrt,93.5,58.31,4,3247,990.77
kreisfahrt,93.6,58.35,4,3249,992.39
kreisfahrt,93.7,58.39,4,3252,994.02
kreisfahrt,93.8,58.44,4,3254,995.64
kreisfahrt,93.9,58.48,4,3257,997.26
kreisfahrt,94.0,58.52,4,3259,998.89
kreisfahrt,94.1,58.57,4,3261,1000.51
kreisfahrt,94.2,58.61,4,3264,1002.14
kreisfahrt,94.3,58.65,4,3266,1003.77
kreisfahrt,94.4,58.69,4,3269,1005.40
kreisfahrt,94.5,58.74,4,3271,1007.03
kreisfahrt,94.6,58.78,4,3273,1008.66
kreisfahrt,94.7,58.82,4,3276,1010.30
kreisfahrt,94.8,58.87,4,3278,1011.93
kreisfahrt,94.9,58.91,4,3280,1013.57
kreisfahrt,95.0,58.95,4,3283,1015.20
kreisfahrt,95.1,58.99,4,3285,1016.84
kreisfahrt,95.2,59.04,4,3288,1018.48
kreisfahrt,95.3,59.08,4,3290,1020.12
kreisfahrt,95.4,59.12,4,3292,1021.76
kreisfahrt,95.5,59.17,4,3295,1023.41
kreisfahrt,95.6,59.21,4,3297,1025.05
kreisfahrt,95.7,59.25,4,3300,1026.70
kreisfahrt,95.8,59.29,4,3302,1028.34
kreisfahrt,95.9,59.34,4,3304,1029.99
kreisfahrt,96.0,59.38,4,3307,1031.64
kreisfahrt,96.1,59.42,4,3309,1033.29
kreisfahrt,96.2,59.47,4,3311,1034.94
kreisfahrt,96.3,59.51,4,3314,1036.59
kreisfahrt,96.4,59.55,4,3316,1038.25
kreisfahrt,96.5,59.59,4,3319,1039.90
kreisfahrt,96.6,59.64,4,3321,1041.56
kreisfahrt,96.7,59.68,4,3323,1043.22
kreisfahrt,96.8,59.72,4,3326,1044.87
kreisfahrt,96.9,59.77,4,3328,1046.53
kreisfahrt,97.0,59.81,4,3331,1048.19
kreisfahrt,97.1,59.85,4,3333,1049.86
kreisfahrt,97.2,59.89,4,3335,1051.52
kreisfahrt,97.3,59.94,4,3338,1053.18
kreisfahrt,97.4,59.98,4,3340,1054.85
kreisfahrt,97.5,60.02,4,3343,1056.52
kreisfahrt,97.6,60.07,4,3345,1058.18
kreisfahrt,97.7,60.11,4,3347,1059.85
kreisfahrt,97.8,60.15,4,3350,1061.52
kreisfahrt,97.9,60.19,4,3352,1063.20
kreisfahrt,98.0,60.24,4,3354,1064.87
kreisfahrt,98.1,60.28,4,3357,1066.54
kreisfahrt,98.2,60.32,4,3359,1068.22
kreisfahrt,98.3,60.37,4,3362,1069.89
kreisfahrt,98.4,60.41,4,3364,1071.57
kreisfahrt,98.5,60.45,4,3366,1073.25
kreisfahrt,98.6,60.49,4,3369,1074.93
kreisfahrt,98.7,60.54,4,3371,1076.61
kreisfahrt,98.8,60.58,4,3374,1078.29
kreisfahrt,98.9,60.62,4,3376,1079.98
kreisfahrt,99.0,60.67,4,3378,1081.66
kreisfahrt,99.1,60.71,4,3381,1083.35
kreisfahrt,99.2,60.75,4,3383,1085.03
kreisfahrt,99.3,60.79,4,3385,1086.72
kreisfahrt,99.4,60.84,4,3388,1088.41
kreisfahrt,99.5,60.88,4,3390,1090.10
kreisfahrt,99.6,60.92,4,3393,1091.79
kreisfahrt,99.7,60.97,4,3395,1093.49
kreisfahrt,99.8,61.01,4,3397,1095.18
kreisfahrt,99.9,61.05,4,3400,1096.88
kreisfahrt,100.0,61.09,4,3402,1098.57
kreisfahrt,100.1,61.14,4,3405,1100.27
kreisfahrt,100.2,61.18,4,3407,1101.97
kreisfahrt,100.3,61.22,4,3409,1103.67
kreisfahrt,100.4,61.27,4,3412,1105.37
kreisfahrt,100.5,61.31,4,3414,1107.07
kreisfahrt,100.6,61.35,4,3416,1108.78
kreisfahrt,100.7,61.39,4,3419,1110.48
kreisfahrt,100.8,61.44,4,3421,1112.19
kreisfahrt,100.9,61.48,4,3424,1113.89
kreisfahrt,101.0,61.52,4,3426,1115.60
kreisfahrt,101.1,61.56,4,3428,1117.31
kreisfahrt,101.2,61.61,4,3431,1119.02
kreisfahrt,101.3,61.65,4,3433,1120.74
kreisfahrt,101.4,61.69,4,3436,1122.45
kreisfahrt,101.5,61.74,4,3438,1124.16
kreisfahrt,101.6,61.78,4,3440,1125.88
kreisfahrt,101.7,61.82,4,3443,1127.59
kreisfahrt,101.8,61.86,4,3445,1129.31
kreisfahrt,101.9,61.91,4,3447,1131.03
kreisfahrt,102.0,61.95,4,3450,1132.75
kreisfahrt,102.1,61.99,4,3452,1134.47
kreisfahrt,102.2,62.04,4,3455,1136.20
kreisfahrt,102.3,62.08,4,3457,1137.92
kreisfahrt,102.4,62.12,4,3459,1139.65
kreisfahrt,102.5,62.16,4,3462,1141.37
kreisfahrt,102.6,62.21,4,3464,1143.10
kreisfahrt,102.7,62.25,4,3467,1144.83
kreisfahrt,102.8,62.29,4,3469,1146.56
kreisfahrt,102.9,62.33,4,3471,1148.29
kreisfahrt,103.0,62.38,4,3474,1150.02
kreisfahrt,103.1,62.42,4,3476,1151.75
kreisfahrt,103.2,62.46,4,3478,1153.49
kreisfahrt,103.3,62.51,4,3481,1155.22
kreisfahrt,103.4,62.55,4,3483,1156.96
kreisfahrt,103.5,62.59,4,3486,1158.70
kreisfahrt,103.6,62.63,4,3488,1160.44
kreisfahrt,103.7,62.68,4,3490,1162.18
kreisfahrt,103.8,62.72,4,3493,1163.92
kreisfahrt,103.9,62.76,4,3495,1165.66
kreisfahrt,104.0,62.80,4,3497,1167.41
kreisfahrt,104.1,62.85,4,3500,1169.15
kreisfahrt,104.2,62.89,4,3502,1170.90
kreisfahrt,104.3,62.93,4,3505,1172.65
kreisfahrt,104.4,62.98,4,3507,1174.40
kreisfahrt,104.5,63.02,4,3509,1176.15
kreisfahrt,104.6,63.06,4,3512,1177.90
kreisfahrt,104.7,63.10,4,3514,1179.65
kreisfahrt,104.8,63.15,4,3516,1181.40
kreisfahrt,104.9,63.19,4,3519,1183.16
kreisfahrt,105.0,63.23,4,3521,1184.91
kreisfahrt,105.1,63.27,4,3524,1186.67
kreisfahrt,105.2,63.32,4,3526,1188.43
kreisfahrt,105.3,63.36,4,3528,1190.19
kreisfahrt,105.4,63.40,4,3531,1191.95
kreisfahrt,105.5,63.45,4,3533,1193.71
kreisfahrt,105.6,63.49,4,3535,1195.47
kreisfahrt,105.7,63.53,4,3538,1197.24
kreisfahrt,105.8,63.57,4,3540,1199.00
kreisfahrt,105.9,63.62,4,3543,1200.77
kreisfahrt,106.0,63.66,4,3545,1202.54
kreisfahrt,106.1,63.70,4,3547,1204.31
kreisfahrt,106.2,63.74,4,3550,1206.08
kreisfahrt,106.3,63.79,4,3552,1207.85
kreisfahrt,106.4,63.83,4,3554,1209.62
kreisfahrt,106.5,63.87,4,3557,1211.39
kreisfahrt,106.6,63.91,4,3559,1213.17
kreisfahrt,106.7,63.96,4,3562,1214.94
kreisfahrt,106.8,64.00,4,3564,1216.72
kreisfahrt,106.9,64.04,4,3566,1218.50
kreisfahrt,107.0,64.08,4,3569,1220.28
kreisfahrt,107.1,64.13,4,3571,1222.06
kreisfahrt,107.2,64.17,4,3573,1223.84
kreisfahrt,107.3,64.21,4,3576,1225.63
kreisfahrt,107.4,64.25,4,3578,1227.41
kreisfahrt,107.5,64.30,4,3581,1229.20
kreisfahrt,107.6,64.34,4,3583,1230.98
kreisfahrt,107.7,64.38,4,3585,1232.77
kreisfahrt,107.8,64.42,4,3588,1234.56
kreisfahrt,107.9,64.47,4,3590,1236.35
kreisfahrt,108.0,64.51,4,3592,1238.14
kreisfahrt,108.1,64.55,4,3595,1239.93
kreisfahrt,108.2,64.59,4,3597,1241.73
kreisfahrt,108.3,64.64,4,3600,1243.52
kreisfahrt,108.4,64.68,4,3602,1245.32
kreisfahrt,108.5,64.72,4,3604,1247.12
kreisfahrt,108.6,64.76,4,3607,1248.91
kreisfahrt,108.7,64.81,4,3609,1250.71
kreisfahrt,108.8,64.85,4,3611,1252.52
kreisfahrt,108.9,64.89,4,3614,1254.32
kreisfahrt,109.0,64.93,4,3616,1256.12
kreisfahrt,109.1,64.98,4,3618,1257.92
kreisfahrt,109.2,65.02,4,3621,1259.73
kreisfahrt,109.3,65.06,4,3623,1261.54
kreisfahrt,109.4,65.10,4,3626,1263.35
kreisfahrt,109.5,65.15,4,3628,1265.15
kreisfahrt,109.6,65.19,4,3630,1266.96
kreisfahrt,109.7,65.23,4,3633,1268.78
kreisfahrt,109.8,65.27,4,3635,1270.59
kreisfahrt,109.9,65.32,4,3637,1272.40
kreisfahrt,110.0,65.36,4,3640,1274.22
kreisfahrt,110.1,65.40,4,3642,1276.03
kreisfahrt,110.2,65.44,4,3644,1277.85
kreisfahrt,110.3,65.49,4,3647,1279.67
kreisfahrt,110.4,65.53,4,3649,1281.49
kreisfahrt,110.5,65.57,4,3652,1283.31
kreisfahrt,110.6,65.61,4,3654,1285.13
kreisfahrt,110.7,65.66,4,3656,1286.96
kreisfahrt,110.8,65.70,4,3659,1288.78
kreisfahrt,110.9,65.74,4,3661,1290.61
kreisfahrt,111.0,65.78,4,3663,1292.43
kreisfahrt,111.1,65.82,4,3666,1294.26
kreisfahrt,111.2,65.87,4,3668,1296.09
kreisfahrt,111.3,65.91,4,3670,1297.92
kreisfahrt,111.4,65.95,4,3673,1299.75
kreisfahrt,111.5,65.99,4,3675,1301.59
kreisfahrt,111.6,66.04,4,3677,1303.42
kreisfahrt,111.7,66.08,4,3680,1305.25
kreisfahrt,111.8,66.12,4,3682,1307.09
kreisfahrt,111.9,66.16,4,3684,1308.93
kreisfahrt,112.0,66.20,4,3687,1310.77
kreisfahrt,112.1,66.25,4,3689,1312.61
kreisfahrt,112.2,66.29,4,3692,1314.45
kreisfahrt,112.3,66.33,4,3694,1316.29
kreisfahrt,112.4,66.37,4,3696,1318.13
kreisfahrt,112.5,66.42,4,3699,1319.98
kreisfahrt,112.6,66.46,4,3701,1321.82
kreisfahrt,112.7,66.50,4,3703,1323.67
kreisfahrt,112.8,66.54,4,3706,1325.52
kreisfahrt,112.9,66.58,4,3708,1327.37
kreisfahrt,113.0,66.63,4,3710,1329.22
kreisfahrt,113.1,66.67,4,3713,1331.07
kreisfahrt,113.2,66.71,4,3715,1332.92
kreisfahrt,113.3,66.75,4,3717,1334.78
kreisfahrt,113.4,66.79,4,3720,1336.63
kreisfahrt,113.5,66.84,4,3722,1338.49
kreisfahrt,113.6,66.88,4,3724,1340.34
kreisfahrt,113.7,66.92,4,3727,1342.20
kreisfahrt,113.8,66.96,4,3729,1344.06
kreisfahrt,113.9,67.00,4,3731,1345.92
kreisfahrt,114.0,67.05,4,3734,1347.79
kreisfahrt,114.1,67.09,4,3736,1349.65
kreisfahrt,114.2,67.13,4,3738,1351.51
kreisfahrt,114.3,67.17,4,3741,1353.38
kreisfahrt,114.4,67.21,4,3743,1355.25
kreisfahrt,114.5,67.26,4,3745,1357.11
kreisfahrt,114.6,67.30,4,3748,1358.98
kreisfahrt,114.7,67.34,4,3750,1360.85
kreisfahrt,114.8,67.38,4,3752,1362.73
kreisfahrt,114.9,67.42,4,3755,1364.60
kreisfahrt,115.0,67.46,4,3757,1366.47
kreisfahrt,115.1,67.51,4,3759,1368.35
kreisfahrt,115.2,67.55,4,3762,1370.22
kreisfahrt,115.3,67.59,4,3764,1372.10
kreisfahrt,115.4,67.63,4,3766,1373.98
kreisfahrt,115.5,67.67,4,3769,1375.86
kreisfahrt,115.6,67.71,4,3771,1377.74
kreisfahrt,115.7,67.76,4,3773,1379.62
kreisfahrt,115.8,67.80,4,3776,1381.50
kreisfahrt,115.9,67.84,4,3778,1383.39
kreisfahrt,116.0,67.88,4,3780,1385.27
kreisfahrt,116.1,67.92,4,3782,1387.16
kreisfahrt,116.2,67.96,4,3785,1389.05
kreisfahrt,116.3,68.01,4,3787,1390.94
kreisfahrt,116.4,68.05,4,3789,1392.83
kreisfahrt,116.5,68.09,4,3792,1394.72
kreisfahrt,116.6,68.13,4,3794,1396.61
kreisfahrt,116.7,68.17,4,3796,1398.50
kreisfahrt,116.8,68.21,4,3799,1400.40
kreisfahrt,116.9,68.25,4,3801,1402.29
kreisfahrt,117.0,68.30,4,3803,1404.19
kreisfahrt,117.1,68.34,4,3806,1406.09
kreisfahrt,117.2,68.38,4,3808,1407.99
kreisfahrt,117.3,68.42,4,3810,1409.89
kreisfahrt,117.4,68.46,4,3812,1411.79
kreisfahrt,117.5,68.50,4,3815,1413.69
kreisfahrt,117.6,68.54,4,3817,1415.60
kreisfahrt,117.7,68.58,4,3819,1417.50
kreisfahrt,117.8,68.62,4,3822,1419.41
kreisfahrt,117.9,68.67,4,3824,1421.32
kreisfahrt,118.0,68.71,4,3826,1423.23
kreisfahrt,118.1,68.75,4,3828,1425.14
kreisfahrt,118.2,68.79,4,3831,1427.05
kreisfahrt,118.3,68.83,4,3833,1428.96
kreisfahrt,118.4,68.87,4,3835,1430.87
kreisfahrt,118.5,68.91,4,3838,1432.79
kreisfahrt,118.6,68.95,4,3840,1434.70
kreisfahrt,118.7,68.99,4,3842,1436.62
kreisfahrt,118.8,69.03,4,3844,1438.54
kreisfahrt,118.9,69.07,4,3847,1440.45
kreisfahrt,119.0,69.11,4,3849,1442.37
kreisfahrt,119.1,69.15,4,3851,1444.30
kreisfahrt,119.2,69.20,4,3853,1446.22
kreisfahrt,119.3,69.24,4,3856,1448.14
kreisfahrt,119.4,69.28,4,3858,1450.07
kreisfahrt,119.5,69.32,4,3860,1451.99
kreisfahrt,119.6,69.36,4,3862,1453.92
kreisfahrt,119.7,69.40,4,3865,1455.85
kreisfahrt,119.8,69.44,4,3867,1457.78
kreisfahrt,119.9,69.48,4,3869,1459.71
kreisfahrt,120.0,69.52,4,3871,1461.64
kreisfahrt,120.1,69.56,4,3874,1463.57
kreisfahrt,120.2,69.60,4,3876,1465.50
kreisfahrt,120.3,69.64,4,3878,1467.44
kreisfahrt,120.4,69.68,4,3880,1469.37
kreisfahrt,120.5,69.72,4,3882,1471.31
kreisfahrt,120.6,69.76,4,3885,1473.25
kreisfahrt,120.7,69.80,4,3887,1475.19
kreisfahrt,120.8,69.84,4,3889,1477.13
kreisfahrt,120.9,69.88,4,3891,1479.07
kreisfahrt,121.0,69.92,4,3894,1481.01
kreisfahrt,121.1,69.96,4,3896,1482.96
kreisfahrt,121.2,70.00,4,3898,1484.90
kreisfahrt,121.3,70.04,4,3900,1486.85
kreisfahrt,121.4,70.08,4,3902,1488.79
kreisfahrt,121.5,70.12,4,3905,1490.74
kreisfahrt,121.6,70.16,4,3907,1492.69
kreisfahrt,121.7,70.19,4,3909,1494.64
kreisfahrt,121.8,70.23,4,3911,1496.59
kreisfahrt,121.9,70.27,4,3913,1498.55
kreisfahrt,122.0,70.31,4,3916,1500.50
kreisfahrt,122.1,70.35,4,3918,1502.45
kreisfahrt,122.2,70.39,4,3920,1504.41
kreisfahrt,122.3,70.43,4,3922,1506.37
kreisfahrt,122.4,70.47,4,3924,1508.33
kreisfahrt,122.5,70.51,4,3927,1510.29
kreisfahrt,122.6,70.55,4,3929,1512.25
kreisfahrt,122.7,70.59,4,3931,1514.21
kreisfahrt,122.8,70.63,4,3933,1516.17
kreisfahrt,122.9,70.66,4,3935,1518.13
kreisfahrt,123.0,70.70,4,3937,1520.10
kreisfahrt,123.1,70.74,4,3940,1522.06
kreisfahrt,123.2,70.78,4,3942,1524.03
kreisfahrt,123.3,70.82,4,3944,1526.00
kreisfahrt,123.4,70.86,4,3946,1527.97
kreisfahrt,123.5,70.90,4,3948,1529.94
kreisfahrt,123.6,70.94,4,3950,1531.91
kreisfahrt,123.7,70.97,4,3952,1533.88
kreisfahrt,123.8,71.01,4,3955,1535.85
kreisfahrt,123.9,71.05,4,3957,1537.83
kreisfahrt,124.0,71.09,4,3959,1539.80
kreisfahrt,124.1,71.13,4,3961,1541.78
kreisfahrt,124.2,71.17,4,3963,1543.76
kreisfahrt,124.3,71.20,4,3965,1545.74
kreisfahrt,124.4,71.24,4,3967,1547.72
kreisfahrt,124.5,71.28,4,3969,1549.70
kreisfahrt,124.6,71.32,4,3972,1551.68
kreisfahrt,124.7,71.36,4,3974,1553.66
kreisfahrt,124.8,71.39,4,3976,1555.65
kreisfahrt,124.9,71.43,4,3978,1557.63
kreisfahrt,125.0,71.47,4,3980,1559.62
kreisfahrt,125.1,71.51,4,3982,1561.60
kreisfahrt,125.2,71.54,4,3984,1563.59
kreisfahrt,125.3,71.58,4,3986,1565.58
kreisfahrt,125.4,71.62,4,3988,1567.57
