test,t_s,kmh,gang,drehzahl,strecke_m
beschleunigung,0.0,0.00,1,0,0.00
beschleunigung,0.1,2.08,1,1440,0.03
beschleunigung,0.2,4.03,1,1440,0.12
beschleunigung,0.3,5.91,1,1440,0.26
beschleunigung,0.4,7.76,1,1440,0.45
beschleunigung,0.5,9.59,1,1440,0.69
beschleunigung,0.6,11.41,1,1440,0.99
beschleunigung,0.7,13.23,1,1615,1.33
beschleunigung,0.8,15.05,1,1839,1.73
beschleunigung,0.9,16.87,1,2063,2.17
beschleunigung,1.0,18.69,1,2287,2.67
beschleunigung,1.1,20.50,1,2512,3.22
beschleunigung,1.2,22.32,1,2736,3.81
beschleunigung,1.3,24.13,1,2960,4.46
beschleunigung,1.4,25.95,1,3184,5.16
beschleunigung,1.5,27.76,1,3408,5.90
beschleunigung,1.6,29.58,1,3632,6.70
beschleunigung,1.7,31.35,1,3852,7.55
beschleunigung,1.8,33.03,1,4060,8.45
beschleunigung,1.9,34.62,1,4257,9.39
beschleunigung,2.0,36.15,1,4446,10.37
beschleunigung,2.1,37.60,1,4626,11.40
beschleunigung,2.2,39.26,2,3275,12.47
beschleunigung,2.3,40.89,2,3412,13.59
beschleunigung,2.4,42.39,2,3538,14.74
beschleunigung,2.5,43.83,2,3660,15.94
beschleunigung,2.6,45.23,2,3777,17.18
beschleunigung,2.7,46.58,2,3891,18.46
beschleunigung,2.8,47.90,2,4001,19.77
beschleunigung,2.9,49.17,2,4108,21.12
beschleunigung,3.0,50.42,2,4212,22.51
beschleunigung,3.1,51.63,2,4314,23.93
beschleunigung,3.2,52.81,2,4413,25.38
beschleunigung,3.3,53.96,2,4509,26.86
beschleunigung,3.4,55.09,2,4604,28.38
beschleunigung,3.5,56.21,3,3195,29.92
beschleunigung,3.6,57.34,3,3259,31.50
beschleunigung,3.7,58.47,3,3324,33.11
beschleunigung,3.8,59.59,3,3387,34.75
beschleunigung,3.9,60.69,3,3450,36.43
beschleunigung,4.0,61.77,3,3511,38.13
beschleunigung,4.1,62.82,3,3572,39.86
beschleunigung,4.2,63.86,3,3631,41.62
beschleunigung,4.3,64.88,3,3689,43.41
beschleunigung,4.4,65.88,3,3746,45.23
beschleunigung,4.5,66.87,3,3802,47.07
beschleunigung,4.6,67.84,3,3858,48.94
beschleunigung,4.7,68.79,3,3912,50.84
beschleunigung,4.8,69.73,3,3965,52.77
beschleunigung,4.9,70.66,3,4018,54.72
beschleunigung,5.0,71.57,3,4070,56.70
beschleunigung,5.1,72.47,3,4121,58.70
beschleunigung,5.2,73.35,3,4172,60.72
beschleunigung,5.3,74.23,3,4222,62.77
beschleunigung,5.4,75.09,3,4271,64.85
beschleunigung,5.5,75.94,3,4319,66.95
beschleunigung,5.6,76.78,3,4367,69.07
beschleunigung,5.7,77.61,3,4415,71.21
beschleunigung,5.8,78.43,3,4461,73.38
beschleunigung,5.9,79.24,3,4507,75.57
beschleunigung,6.0,80.04,3,4553,77.79
beschleunigung,6.1,80.83,3,4598,80.02
beschleunigung,6.2,81.61,3,4643,82.28
beschleunigung,6.3,82.36,4,3191,84.56
beschleunigung,6.4,83.09,4,3219,86.86
beschleunigung,6.5,83.87,4,3249,89.18
beschleunigung,6.6,84.65,4,3279,91.52
beschleunigung,6.7,85.42,4,3309,93.88
beschleunigung,6.8,86.18,4,3339,96.26
beschleunigung,6.9,86.94,4,3368,98.67
beschleunigung,7.0,87.68,4,3397,101.10
beschleunigung,7.1,88.42,4,3425,103.54
beschleunigung,7.2,89.15,4,3454,106.01
beschleunigung,7.3,89.87,4,3482,108.50
beschleunigung,7.4,90.58,4,3509,111.00
beschleunigung,7.5,91.29,4,3537,113.53
beschleunigung,7.6,91.99,4,3564,116.08
beschleunigung,7.7,92.69,4,3591,118.64
beschleunigung,7.8,93.38,4,3618,121.23
beschleunigung,7.9,94.06,4,3644,123.83
beschleunigung,8.0,94.73,4,3670,126.46
beschleunigung,8.1,95.40,4,3696,129.10
beschleunigung,8.2,96.07,4,3722,131.76
beschleunigung,8.3,96.72,4,3748,134.44
beschleunigung,8.4,97.37,4,3773,137.13
beschleunigung,8.5,98.02,4,3798,139.85
beschleunigung,8.6,98.66,4,3823,142.58
beschleunigung,8.7,99.30,4,3847,145.33
beschleunigung,8.8,99.93,4,3872,148.10
beschleunigung,8.9,100.55,4,3896,150.88
beschleunigung,9.0,101.17,4,3920,153.68
beschleunigung,9.1,101.78,4,3944,156.50
beschleunigung,9.2,102.39,4,3968,159.34
beschleunigung,9.3,103.00,4,3991,162.19
beschleunigung,9.4,103.60,4,4014,165.06
beschleunigung,9.5,104.19,4,4037,167.95
beschleunigung,9.6,104.78,4,4060,170.85
beschleunigung,9.7,105.37,4,4083,173.77
beschleunigung,9.8,105.95,4,4105,176.71
beschleunigung,9.9,106.52,4,4128,179.66
beschleunigung,10.0,107.10,4,4150,182.63
beschleunigung,10.1,107.66,4,4172,185.61
beschleunigung,10.2,108.23,4,4194,188.61
beschleunigung,10.3,108.79,4,4216,191.63
beschleunigung,10.4,109.34,4,4237,194.66
beschleunigung,10.5,109.89,4,4259,197.70
beschleunigung,10.6,110.44,4,4280,200.76
beschleunigung,10.7,110.99,4,4301,203.84
beschleunigung,10.8,111.53,4,4322,206.93
beschleunigung,10.9,112.06,4,4343,210.04
beschleunigung,11.0,112.59,4,4363,213.16
beschleunigung,11.1,113.12,4,4384,216.29
beschleunigung,11.2,113.65,4,4404,219.44
beschleunigung,11.3,114.17,4,4424,222.61
beschleunigung,11.4,114.69,4,4444,225.79
beschleunigung,11.5,115.20,4,4464,228.98
beschleunigung,11.6,115.71,4,4484,232.19
beschleunigung,11.7,116.22,4,4504,235.41
beschleunigung,11.8,116.72,4,4523,238.64
beschleunigung,11.9,117.22,4,4543,241.89
beschleunigung,12.0,117.72,4,4562,245.16
beschleunigung,12.1,118.21,4,4581,248.44
beschleunigung,12.2,118.71,4,4600,251.73
beschleunigung,12.3,119.19,4,4619,255.03
beschleunigung,12.4,119.68,4,4638,258.35
beschleunigung,12.5,120.16,5,3174,261.68
beschleunigung,12.6,120.59,5,3186,265.03
beschleunigung,12.7,121.03,5,3197,268.38
beschleunigung,12.8,121.51,5,3210,271.75
beschleunigung,12.9,121.99,5,3223,275.13
beschleunigung,13.0,122.47,5,3235,278.53
beschleunigung,13.1,122.94,5,3248,281.94
beschleunigung,13.2,123.41,5,3260,285.36
beschleunigung,13.3,123.88,5,3273,288.80
beschleunigung,13.4,124.34,5,3285,292.24
beschleunigung,13.5,124.80,5,3297,295.70
beschleunigung,13.6,125.26,5,3309,299.18
beschleunigung,13.7,125.72,5,3321,302.66
beschleunigung,13.8,126.17,5,3333,306.16
beschleunigung,13.9,126.62,5,3345,309.68
beschleunigung,14.0,127.07,5,3357,313.20
beschleunigung,14.1,127.51,5,3369,316.74
beschleunigung,14.2,127.95,5,3380,320.28
beschleunigung,14.3,128.39,5,3392,323.84
beschleunigung,14.4,128.83,5,3403,327.42
beschleunigung,14.5,129.26,5,3415,331.00
beschleunigung,14.6,129.69,5,3426,334.60
beschleunigung,14.7,130.12,5,3438,338.21
beschleunigung,14.8,130.55,5,3449,341.83
beschleunigung,14.9,130.97,5,3460,345.46
beschleunigung,15.0,131.39,5,3471,349.11
beschleunigung,15.1,131.81,5,3482,352.76
beschleunigung,15.2,132.23,5,3493,356.43
beschleunigung,15.3,132.64,5,3504,360.11
beschleunigung,15.4,133.06,5,3515,363.80
beschleunigung,15.5,133.47,5,3526,367.50
beschleunigung,15.6,133.87,5,3537,371.22
beschleunigung,15.7,134.28,5,3548,374.94
beschleunigung,15.8,134.68,5,3558,378.68
beschleunigung,15.9,135.08,5,3569,382.43
beschleunigung,16.0,135.48,5,3579,386.18
beschleunigung,16.1,135.88,5,3590,389.95
beschleunigung,16.2,136.27,5,3600,393.73
beschleunigung,16.3,136.66,5,3611,397.52
beschleunigung,16.4,137.05,5,3621,401.33
beschleunigung,16.5,137.44,5,3631,405.14
beschleunigung,16.6,137.82,5,3641,408.96
beschleunigung,16.7,138.21,5,3651,412.80
beschleunigung,16.8,138.59,5,3662,416.64
beschleunigung,16.9,138.97,5,3672,420.50
beschleunigung,17.0,139.34,5,3681,424.36
beschleunigung,17.1,139.72,5,3691,428.24
beschleunigung,17.2,140.09,5,3701,432.13
beschleunigung,17.3,140.46,5,3711,436.02
beschleunigung,17.4,140.83,5,3721,439.93
beschleunigung,17.5,141.20,5,3731,443.85
beschleunigung,17.6,141.56,5,3740,447.78
beschleunigung,17.7,141.93,5,3750,451.71
beschleunigung,17.8,142.29,5,3759,455.66
beschleunigung,17.9,142.65,5,3769,459.62
beschleunigung,18.0,143.00,5,3778,463.59
beschleunigung,18.1,143.36,5,3788,467.56
beschleunigung,18.2,143.71,5,3797,471.55
beschleunigung,18.3,144.07,5,3806,475.55
beschleunigung,18.4,144.42,5,3816,479.56
beschleunigung,18.5,144.76,5,3825,483.57
beschleunigung,18.6,145.11,5,3834,487.60
beschleunigung,18.7,145.45,5,3843,491.64
beschleunigung,18.8,145.80,5,3852,495.68
beschleunigung,18.9,146.14,5,3861,499.74
beschleunigung,19.0,146.48,5,3870,503.80
beschleunigung,19.1,146.81,5,3879,507.87
beschleunigung,19.2,147.15,5,3888,511.96
beschleunigung,19.3,147.48,5,3897,516.05
beschleunigung,19.4,147.82,5,3906,520.15
beschleunigung,19.5,148.15,5,3914,524.26
beschleunigung,19.6,148.48,5,3923,528.38
beschleunigung,19.7,148.80,5,3932,532.51
beschleunigung,19.8,149.13,5,3940,536.65
beschleunigung,19.9,149.45,5,3949,540.80
beschleunigung,20.0,149.78,5,3957,544.95
beschleunigung,20.1,150.10,5,3966,549.12
beschleunigung,20.2,150.42,5,3974,553.29
beschleunigung,20.3,150.74,5,3983,557.48
beschleunigung,20.4,151.05,5,3991,561.67
beschleunigung,20.5,151.37,5,3999,565.87
beschleunigung,20.6,151.68,5,4008,570.08
beschleunigung,20.7,151.99,5,4016,574.30
beschleunigung,20.8,152.30,5,4024,578.52
beschleunigung,20.9,152.61,5,4032,582.76
beschleunigung,21.0,152.92,5,4040,587.00
beschleunigung,21.1,153.22,5,4048,591.25
beschleunigung,21.2,153.53,5,4056,595.52
beschleunigung,21.3,153.83,5,4064,599.78
beschleunigung,21.4,154.13,5,4072,604.06
beschleunigung,21.5,154.43,5,4080,608.35
beschleunigung,21.6,154.73,5,4088,612.64
beschleunigung,21.7,155.02,5,4096,616.94
beschleunigung,21.8,155.32,5,4104,621.26
beschleunigung,21.9,155.61,5,4112,625.57
beschleunigung,22.0,155.90,5,4119,629.90
beschleunigung,22.1,156.20,5,4127,634.24
beschleunigung,22.2,156.48,5,4135,638.58
beschleunigung,22.3,156.77,5,4142,642.93
beschleunigung,22.4,157.06,5,4150,647.29
beschleunigung,22.5,157.35,5,4157,651.66
beschleunigung,22.6,157.63,5,4165,656.03
beschleunigung,22.7,157.91,5,4172,660.41
beschleunigung,22.8,158.19,5,4180,664.80
beschleunigung,22.9,158.47,5,4187,669.20
beschleunigung,23.0,158.75,5,4195,673.61
beschleunigung,23.1,159.03,5,4202,678.02
beschleunigung,23.2,159.31,5,4209,682.45
beschleunigung,23.3,159.58,5,4216,686.87
beschleunigung,23.4,159.85,5,4224,691.31
beschleunigung,23.5,160.13,5,4231,695.76
beschleunigung,23.6,160.40,5,4238,700.21
beschleunigung,23.7,160.67,5,4245,704.67
beschleunigung,23.8,160.93,5,4252,709.13
beschleunigung,23.9,161.20,5,4259,713.61
beschleunigung,24.0,161.47,5,4266,718.09
beschleunigung,24.1,161.73,5,4273,722.58
beschleunigung,24.2,161.99,5,4280,727.08
beschleunigung,24.3,162.26,5,4287,731.58
beschleunigung,24.4,162.52,5,4294,736.09
beschleunigung,24.5,162.78,5,4301,740.61
beschleunigung,24.6,163.04,5,4308,745.13
beschleunigung,24.7,163.29,5,4315,749.67
beschleunigung,24.8,163.55,5,4321,754.21
beschleunigung,24.9,163.80,5,4328,758.75
beschleunigung,25.0,164.06,5,4335,763.31
beschleunigung,25.1,164.31,5,4342,767.87
beschleunigung,25.2,164.56,5,4348,772.44
beschleunigung,25.3,164.81,5,4355,777.01
beschleunigung,25.4,165.06,5,4361,781.59
beschleunigung,25.5,165.31,5,4368,786.18
beschleunigung,25.6,165.56,5,4374,790.78
beschleunigung,25.7,165.80,5,4381,795.38
beschleunigung,25.8,166.05,5,4387,799.99
beschleunigung,25.9,166.29,5,4394,804.61
beschleunigung,26.0,166.53,5,4400,809.23
beschleunigung,26.1,166.77,5,4407,813.86
beschleunigung,26.2,167.01,5,4413,818.49
beschleunigung,26.3,167.25,5,4419,823.14
beschleunigung,26.4,167.49,5,4426,827.79
beschleunigung,26.5,167.73,5,4432,832.44
beschleunigung,26.6,167.96,5,4438,837.11
beschleunigung,26.7,168.20,5,4444,841.77
beschleunigung,26.8,168.43,5,4450,846.45
beschleunigung,26.9,168.66,5,4457,851.13
beschleunigung,27.0,168.90,5,4463,855.82
beschleunigung,27.1,169.13,5,4469,860.52
beschleunigung,27.2,169.36,5,4475,865.22
beschleunigung,27.3,169.58,5,4481,869.93
beschleunigung,27.4,169.81,5,4487,874.64
beschleunigung,27.5,170.04,5,4493,879.36
beschleunigung,27.6,170.26,5,4499,884.09
beschleunigung,27.7,170.49,5,4505,888.82
beschleunigung,27.8,170.71,5,4511,893.56
beschleunigung,27.9,170.93,5,4517,898.30
beschleunigung,28.0,171.15,5,4522,903.06
beschleunigung,28.1,171.37,5,4528,907.81
beschleunigung,28.2,171.59,5,4534,912.58
beschleunigung,28.3,171.81,5,4540,917.35
beschleunigung,28.4,172.03,5,4546,922.12
beschleunigung,28.5,172.25,5,4551,926.90
beschleunigung,28.6,172.46,5,4557,931.69
beschleunigung,28.7,172.68,5,4563,936.49
beschleunigung,28.8,172.89,5,4568,941.29
beschleunigung,28.9,173.10,5,4574,946.09
beschleunigung,29.0,173.31,5,4580,950.90
beschleunigung,29.1,173.52,5,4585,955.72
beschleunigung,29.2,173.73,5,4591,960.54
beschleunigung,29.3,173.94,5,4596,965.37
beschleunigung,29.4,174.15,5,4602,970.21
beschleunigung,29.5,174.36,5,4607,975.05
beschleunigung,29.6,174.56,5,4613,979.89
beschleunigung,29.7,174.77,5,4618,984.75
beschleunigung,29.8,174.97,5,4623,989.60
beschleunigung,29.9,175.18,5,4629,994.47
beschleunigung,30.0,175.38,5,4634,999.34
beschleunigung,30.1,175.58,5,4640,1004.21
beschleunigung,30.2,175.78,5,4645,1009.09
beschleunigung,30.3,175.98,5,4650,1013.98
beschleunigung,30.4,176.18,5,4655,1018.87
beschleunigung,30.5,176.34,6,3197,1023.77
beschleunigung,30.6,176.50,6,3199,1028.67
beschleunigung,30.7,176.70,6,3203,1033.57
beschleunigung,30.8,176.90,6,3207,1038.48
beschleunigung,30.9,177.10,6,3210,1043.40
beschleunigung,31.0,177.29,6,3214,1048.32
beschleunigung,31.1,177.49,6,3217,1053.25
beschleunigung,31.2,177.68,6,3221,1058.18
beschleunigung,31.3,177.87,6,3224,1063.12
beschleunigung,31.4,178.07,6,3228,1068.07
beschleunigung,31.5,178.26,6,3231,1073.02
beschleunigung,31.6,178.45,6,3235,1077.97
beschleunigung,31.7,178.64,6,3238,1082.93
beschleunigung,31.8,178.83,6,3242,1087.89
beschleunigung,31.9,179.02,6,3245,1092.86
beschleunigung,32.0,179.20,6,3248,1097.84
beschleunigung,32.1,179.39,6,3252,1102.82
beschleunigung,32.2,179.57,6,3255,1107.81
beschleunigung,32.3,179.76,6,3259,1112.80
beschleunigung,32.4,179.94,6,3262,1117.79
beschleunigung,32.5,180.13,6,3265,1122.79
beschleunigung,32.6,180.31,6,3268,1127.80
beschleunigung,32.7,180.49,6,3272,1132.81
beschleunigung,32.8,180.67,6,3275,1137.83
beschleunigung,32.9,180.85,6,3278,1142.85
beschleunigung,33.0,181.03,6,3282,1147.88
beschleunigung,33.1,181.21,6,3285,1152.91
beschleunigung,33.2,181.39,6,3288,1157.94
beschleunigung,33.3,181.56,6,3291,1162.99
beschleunigung,33.4,181.74,6,3294,1168.03
beschleunigung,33.5,181.92,6,3298,1173.08
beschleunigung,33.6,182.09,6,3301,1178.14
beschleunigung,33.7,182.26,6,3304,1183.20
beschleunigung,33.8,182.44,6,3307,1188.26
beschleunigung,33.9,182.61,6,3310,1193.33
beschleunigung,34.0,182.78,6,3313,1198.41
beschleunigung,34.1,182.95,6,3316,1203.49
beschleunigung,34.2,183.12,6,3319,1208.57
beschleunigung,34.3,183.29,6,3323,1213.66
beschleunigung,34.4,183.46,6,3326,1218.76
beschleunigung,34.5,183.63,6,3329,1223.86
beschleunigung,34.6,183.80,6,3332,1228.96
beschleunigung,34.7,183.96,6,3335,1234.07
beschleunigung,34.8,184.13,6,3338,1239.18
beschleunigung,34.9,184.29,6,3341,1244.30
beschleunigung,35.0,184.46,6,3344,1249.42
beschleunigung,35.1,184.62,6,3347,1254.54
beschleunigung,35.2,184.78,6,3350,1259.68
beschleunigung,35.3,184.95,6,3353,1264.81
beschleunigung,35.4,185.11,6,3355,1269.95
beschleunigung,35.5,185.27,6,3358,1275.10
beschleunigung,35.6,185.43,6,3361,1280.24
beschleunigung,35.7,185.59,6,3364,1285.40
beschleunigung,35.8,185.75,6,3367,1290.55
beschleunigung,35.9,185.90,6,3370,1295.72
beschleunigung,36.0,186.06,6,3373,1300.88
beschleunigung,36.1,186.22,6,3376,1306.05
beschleunigung,36.2,186.37,6,3378,1311.23
beschleunigung,36.3,186.53,6,3381,1316.41
beschleunigung,36.4,186.68,6,3384,1321.59
beschleunigung,36.5,186.84,6,3387,1326.78
beschleunigung,36.6,186.99,6,3390,1331.97
beschleunigung,36.7,187.14,6,3392,1337.17
beschleunigung,36.8,187.30,6,3395,1342.37
beschleunigung,36.9,187.45,6,3398,1347.57
beschleunigung,37.0,187.60,6,3401,1352.78
beschleunigung,37.1,187.75,6,3403,1358.00
beschleunigung,37.2,187.90,6,3406,1363.21
beschleunigung,37.3,188.05,6,3409,1368.44
beschleunigung,37.4,188.19,6,3411,1373.66
beschleunigung,37.5,188.34,6,3414,1378.89
beschleunigung,37.6,188.49,6,3417,1384.13
beschleunigung,37.7,188.64,6,3419,1389.36
beschleunigung,37.8,188.78,6,3422,1394.61
beschleunigung,37.9,188.93,6,3425,1399.85
beschleunigung,38.0,189.07,6,3427,1405.10
beschleunigung,38.1,189.21,6,3430,1410.36
beschleunigung,38.2,189.36,6,3433,1415.61
beschleunigung,38.3,189.50,6,3435,1420.88
beschleunigung,38.4,189.64,6,3438,1426.14
beschleunigung,38.5,189.78,6,3440,1431.41
beschleunigung,38.6,189.92,6,3443,1436.69
beschleunigung,38.7,190.06,6,3445,1441.96
beschleunigung,38.8,190.20,6,3448,1447.25
beschleunigung,38.9,190.34,6,3450,1452.53
beschleunigung,39.0,190.48,6,3453,1457.82
beschleunigung,39.1,190.62,6,3455,1463.11
beschleunigung,39.2,190.76,6,3458,1468.41
beschleunigung,39.3,190.89,6,3460,1473.71
beschleunigung,39.4,191.03,6,3463,1479.02
beschleunigung,39.5,191.16,6,3465,1484.32
beschleunigung,39.6,191.30,6,3468,1489.64
beschleunigung,39.7,191.43,6,3470,1494.95
beschleunigung,39.8,191.57,6,3473,1500.27
beschleunigung,39.9,191.70,6,3475,1505.60
beschleunigung,40.0,191.83,6,3477,1510.92
beschleunigung,40.1,191.97,6,3480,1516.25
beschleunigung,40.2,192.10,6,3482,1521.59
beschleunigung,40.3,192.23,6,3485,1526.93
beschleunigung,40.4,192.36,6,3487,1532.27
beschleunigung,40.5,192.49,6,3489,1537.61
beschleunigung,40.6,192.62,6,3492,1542.96
beschleunigung,40.7,192.75,6,3494,1548.31
beschleunigung,40.8,192.87,6,3496,1553.67
beschleunigung,40.9,193.00,6,3499,1559.03
beschleunigung,41.0,193.13,6,3501,1564.39
beschleunigung,41.1,193.26,6,3503,1569.76
beschleunigung,41.2,193.38,6,3506,1575.13
beschleunigung,41.3,193.51,6,3508,1580.50
beschleunigung,41.4,193.63,6,3510,1585.88
beschleunigung,41.5,193.76,6,3512,1591.26
beschleunigung,41.6,193.88,6,3515,1596.64
beschleunigung,41.7,194.00,6,3517,1602.03
beschleunigung,41.8,194.13,6,3519,1607.42
beschleunigung,41.9,194.25,6,3521,1612.82
beschleunigung,42.0,194.37,6,3523,1618.21
beschleunigung,42.1,194.49,6,3526,1623.62
beschleunigung,42.2,194.61,6,3528,1629.02
beschleunigung,42.3,194.73,6,3530,1634.43
beschleunigung,42.4,194.85,6,3532,1639.84
beschleunigung,42.5,194.97,6,3534,1645.25
beschleunigung,42.6,195.09,6,3537,1650.67
beschleunigung,42.7,195.21,6,3539,1656.09
beschleunigung,42.8,195.33,6,3541,1661.52
beschleunigung,42.9,195.45,6,3543,1666.94
beschleunigung,43.0,195.56,6,3545,1672.37
beschleunigung,43.1,195.68,6,3547,1677.81
beschleunigung,43.2,195.79,6,3549,1683.25
beschleunigung,43.3,195.91,6,3551,1688.69
beschleunigung,43.4,196.02,6,3553,1694.13
beschleunigung,43.5,196.14,6,3556,1699.58
beschleunigung,43.6,196.25,6,3558,1705.03
beschleunigung,43.7,196.37,6,3560,1710.48
beschleunigung,43.8,196.48,6,3562,1715.94
beschleunigung,43.9,196.59,6,3564,1721.40
beschleunigung,44.0,196.70,6,3566,1726.86
beschleunigung,44.1,196.81,6,3568,1732.32
beschleunigung,44.2,196.93,6,3570,1737.79
beschleunigung,44.3,197.04,6,3572,1743.26
beschleunigung,44.4,197.15,6,3574,1748.74
beschleunigung,44.5,197.26,6,3576,1754.22
beschleunigung,44.6,197.37,6,3578,1759.70
beschleunigung,44.7,197.47,6,3580,1765.18
beschleunigung,44.8,197.58,6,3582,1770.67
beschleunigung,44.9,197.69,6,3584,1776.16
beschleunigung,45.0,197.80,6,3586,1781.65
beschleunigung,45.1,197.90,6,3588,1787.15
beschleunigung,45.2,198.01,6,3589,1792.65
beschleunigung,45.3,198.12,6,3591,1798.15
beschleunigung,45.4,198.22,6,3593,1803.65
beschleunigung,45.5,198.33,6,3595,1809.16
beschleunigung,45.6,198.43,6,3597,1814.67
beschleunigung,45.7,198.54,6,3599,1820.19
beschleunigung,45.8,198.64,6,3601,1825.70
beschleunigung,45.9,198.74,6,3603,1831.22
beschleunigung,46.0,198.85,6,3605,1836.74
beschleunigung,46.1,198.95,6,3607,1842.27
beschleunigung,46.2,199.05,6,3608,1847.80
beschleunigung,46.3,199.15,6,3610,1853.33
beschleunigung,46.4,199.25,6,3612,1858.86
beschleunigung,46.5,199.36,6,3614,1864.40
beschleunigung,46.6,199.46,6,3616,1869.94
beschleunigung,46.7,199.56,6,3618,1875.48
beschleunigung,46.8,199.66,6,3619,1881.02
beschleunigung,46.9,199.75,6,3621,1886.57
beschleunigung,47.0,199.85,6,3623,1892.12
beschleunigung,47.1,199.95,6,3625,1897.67
vmax,0.0,0.00,1,0,0.00
vmax,0.1,1.40,1,1440,0.02
vmax,0.2,3.03,1,1440,0.08
vmax,0.3,4.82,1,1440,0.19
vmax,0.4,6.70,1,1440,0.36
vmax,0.5,8.54,1,1440,0.57
vmax,0.6,10.37,1,1440,0.83
vmax,0.7,12.20,1,1487,1.15
vmax,0.8,14.02,1,1711,1.52
vmax,0.9,15.84,1,1936,1.93
vmax,1.0,17.65,1,2160,2.40
vmax,1.1,19.47,1,2384,2.92
vmax,1.2,21.29,1,2608,3.49
vmax,1.3,23.10,1,2832,4.11
vmax,1.4,24.92,1,3056,4.77
vmax,1.5,26.73,1,3280,5.49
vmax,1.6,28.54,1,3504,6.26
vmax,1.7,30.36,1,3728,7.08
vmax,1.8,32.08,1,3942,7.95
vmax,1.9,33.72,1,4145,8.87
vmax,2.0,35.28,1,4338,9.83
vmax,2.1,36.77,1,4523,10.83
vmax,2.2,38.30,2,3195,11.88
vmax,2.3,39.98,2,3335,12.96
vmax,2.4,41.54,2,3467,14.10
vmax,2.5,43.02,2,3591,15.28
vmax,2.6,44.44,2,3711,16.49
vmax,2.7,45.82,2,3826,17.75
vmax,2.8,47.15,2,3938,19.04
vmax,2.9,48.45,2,4047,20.37
vmax,3.0,49.71,2,4153,21.73
vmax,3.1,50.94,2,4256,23.13
vmax,3.2,52.14,2,4357,24.57
vmax,3.3,53.31,2,4455,26.03
vmax,3.4,54.45,2,4550,27.53
vmax,3.5,55.57,2,4644,29.06
vmax,3.6,56.70,3,3223,30.62
vmax,3.7,57.82,3,3286,32.21
vmax,3.8,58.96,3,3351,33.84
vmax,3.9,60.07,3,3414,35.49
vmax,4.0,61.16,3,3477,37.18
vmax,4.1,62.22,3,3537,38.89
vmax,4.2,63.27,3,3597,40.63
vmax,4.3,64.30,3,3656,42.41
vmax,4.4,65.31,3,3714,44.21
vmax,4.5,66.31,3,3770,46.04
vmax,4.6,67.29,3,3826,47.89
vmax,4.7,68.25,3,3881,49.78
vmax,4.8,69.20,3,3935,51.69
vmax,4.9,70.13,3,3988,53.62
vmax,5.0,71.05,3,4041,55.59
vmax,5.1,71.95,3,4092,57.57
vmax,5.2,72.85,3,4143,59.59
vmax,5.3,73.73,3,4193,61.62
vmax,5.4,74.60,3,4243,63.68
vmax,5.5,75.46,3,4292,65.77
vmax,5.6,76.30,3,4340,67.88
vmax,5.7,77.14,3,4388,70.01
vmax,5.8,77.96,3,4435,72.16
vmax,5.9,78.78,3,4481,74.34
vmax,6.0,79.58,3,4527,76.54
vmax,6.1,80.38,3,4572,78.77
vmax,6.2,81.17,3,4617,81.01
vmax,6.3,81.94,4,3174,83.28
vmax,6.4,82.68,4,3203,85.56
vmax,6.5,83.43,4,3232,87.87
vmax,6.6,84.21,4,3262,90.20
vmax,6.7,84.98,4,3292,92.55
vmax,6.8,85.75,4,3322,94.92
vmax,6.9,86.51,4,3351,97.32
vmax,7.0,87.26,4,3380,99.73
vmax,7.1,88.00,4,3409,102.17
vmax,7.2,88.73,4,3438,104.62
vmax,7.3,89.46,4,3466,107.10
vmax,7.4,90.18,4,3494,109.59
vmax,7.5,90.89,4,3521,112.11
vmax,7.6,91.59,4,3549,114.64
vmax,7.7,92.29,4,3576,117.20
vmax,7.8,92.98,4,3603,119.77
vmax,7.9,93.67,4,3629,122.37
vmax,8.0,94.35,4,3656,124.98
vmax,8.1,95.02,4,3682,127.61
vmax,8.2,95.69,4,3707,130.26
vmax,8.3,96.35,4,3733,132.93
vmax,8.4,97.00,4,3759,135.61
vmax,8.5,97.65,4,3784,138.32
vmax,8.6,98.30,4,3809,141.04
vmax,8.7,98.93,4,3833,143.78
vmax,8.8,99.57,4,3858,146.54
vmax,8.9,100.19,4,3882,149.31
vmax,9.0,100.82,4,3906,152.11
vmax,9.1,101.43,4,3930,154.92
vmax,9.2,102.05,4,3954,157.74
vmax,9.3,102.65,4,3978,160.59
vmax,9.4,103.25,4,4001,163.45
vmax,9.5,103.85,4,4024,166.32
vmax,9.6,104.44,4,4047,169.22
vmax,9.7,105.03,4,4070,172.13
vmax,9.8,105.62,4,4093,175.05
vmax,9.9,106.20,4,4115,178.00
vmax,10.0,106.77,4,4137,180.95
vmax,10.1,107.34,4,4160,183.93
vmax,10.2,107.91,4,4181,186.92
vmax,10.3,108.47,4,4203,189.93
vmax,10.4,109.03,4,4225,192.95
vmax,10.5,109.58,4,4246,195.98
vmax,10.6,110.13,4,4268,199.04
vmax,10.7,110.68,4,4289,202.10
vmax,10.8,111.22,4,4310,205.19
vmax,10.9,111.76,4,4331,208.28
vmax,11.0,112.29,4,4352,211.40
vmax,11.1,112.82,4,4372,214.52
vmax,11.2,113.35,4,4393,217.66
vmax,11.3,113.87,4,4413,220.82
vmax,11.4,114.39,4,4433,223.99
vmax,11.5,114.91,4,4453,227.18
vmax,11.6,115.42,4,4473,230.38
vmax,11.7,115.93,4,4493,233.59
vmax,11.8,116.43,4,4512,236.82
vmax,11.9,116.94,4,4532,240.06
vmax,12.0,117.44,4,4551,243.32
vmax,12.1,117.93,4,4570,246.59
vmax,12.2,118.43,4,4590,249.87
vmax,12.3,118.91,4,4608,253.17
vmax,12.4,119.40,4,4627,256.48
vmax,12.5,119.88,4,4646,259.80
vmax,12.6,120.34,5,3179,263.14
vmax,12.7,120.77,5,3191,266.49
vmax,12.8,121.24,5,3203,269.85
vmax,12.9,121.72,5,3216,273.22
vmax,13.0,122.20,5,3228,276.61
vmax,13.1,122.67,5,3241,280.01
vmax,13.2,123.14,5,3253,283.43
vmax,13.3,123.61,5,3266,286.86
vmax,13.4,124.08,5,3278,290.30
vmax,13.5,124.54,5,3290,293.75
vmax,13.6,125.00,5,3302,297.22
vmax,13.7,125.46,5,3314,300.70
vmax,13.8,125.91,5,3326,304.19
vmax,13.9,126.36,5,3338,307.69
vmax,14.0,126.81,5,3350,311.21
vmax,14.1,127.26,5,3362,314.74
vmax,14.2,127.70,5,3374,318.28
vmax,14.3,128.14,5,3385,321.83
vmax,14.4,128.58,5,3397,325.40
vmax,14.5,129.01,5,3408,328.98
vmax,14.6,129.45,5,3420,332.57
vmax,14.7,129.88,5,3431,336.17
vmax,14.8,130.31,5,3443,339.78
vmax,14.9,130.73,5,3454,343.41
vmax,15.0,131.15,5,3465,347.05
vmax,15.1,131.57,5,3476,350.70
vmax,15.2,131.99,5,3487,354.36
vmax,15.3,132.41,5,3498,358.03
vmax,15.4,132.82,5,3509,361.72
vmax,15.5,133.23,5,3520,365.41
vmax,15.6,133.64,5,3531,369.12
vmax,15.7,134.05,5,3541,372.84
vmax,15.8,134.45,5,3552,376.57
vmax,15.9,134.85,5,3563,380.31
vmax,16.0,135.25,5,3573,384.06
vmax,16.1,135.65,5,3584,387.82
vmax,16.2,136.04,5,3594,391.60
vmax,16.3,136.44,5,3605,395.38
vmax,16.4,136.83,5,3615,399.18
vmax,16.5,137.22,5,3625,402.98
vmax,16.6,137.60,5,3635,406.80
vmax,16.7,137.99,5,3646,410.63
vmax,16.8,138.37,5,3656,414.47
vmax,16.9,138.75,5,3666,418.32
vmax,17.0,139.13,5,3676,422.18
vmax,17.1,139.50,5,3686,426.05
vmax,17.2,139.88,5,3696,429.93
vmax,17.3,140.25,5,3705,433.82
vmax,17.4,140.62,5,3715,437.72
vmax,17.5,140.99,5,3725,441.63
vmax,17.6,141.35,5,3735,445.55
vmax,17.7,141.72,5,3744,449.49
vmax,17.8,142.08,5,3754,453.43
vmax,17.9,142.44,5,3763,457.38
vmax,18.0,142.80,5,3773,461.34
vmax,18.1,143.16,5,3782,465.31
vmax,18.2,143.51,5,3792,469.30
vmax,18.3,143.86,5,3801,473.29
vmax,18.4,144.22,5,3810,477.29
vmax,18.5,144.56,5,3820,481.30
vmax,18.6,144.91,5,3829,485.32
vmax,18.7,145.26,5,3838,489.35
vmax,18.8,145.60,5,3847,493.39
vmax,18.9,145.94,5,3856,497.44
vmax,19.0,146.28,5,3865,501.50
vmax,19.1,146.62,5,3874,505.57
vmax,19.2,146.96,5,3883,509.65
vmax,19.3,147.29,5,3892,513.73
vmax,19.4,147.63,5,3901,517.83
vmax,19.5,147.96,5,3909,521.94
vmax,19.6,148.29,5,3918,526.05
vmax,19.7,148.62,5,3927,530.18
vmax,19.8,148.94,5,3935,534.31
vmax,19.9,149.27,5,3944,538.45
vmax,20.0,149.59,5,3952,542.60
vmax,20.1,149.92,5,3961,546.76
vmax,20.2,150.24,5,3969,550.93
vmax,20.3,150.55,5,3978,555.11
vmax,20.4,150.87,5,3986,559.30
vmax,20.5,151.19,5,3995,563.49
vmax,20.6,151.50,5,4003,567.70
vmax,20.7,151.81,5,4011,571.91
vmax,20.8,152.12,5,4019,576.13
vmax,20.9,152.43,5,4028,580.36
vmax,21.0,152.74,5,4036,584.60
vmax,21.1,153.05,5,4044,588.85
vmax,21.2,153.35,5,4052,593.10
vmax,21.3,153.66,5,4060,597.37
vmax,21.4,153.96,5,4068,601.64
vmax,21.5,154.26,5,4076,605.92
vmax,21.6,154.56,5,4084,610.21
vmax,21.7,154.85,5,4092,614.51
vmax,21.8,155.15,5,4099,618.82
vmax,21.9,155.44,5,4107,623.13
vmax,22.0,155.74,5,4115,627.45
vmax,22.1,156.03,5,4123,631.78
vmax,22.2,156.32,5,4130,636.12
vmax,22.3,156.61,5,4138,640.47
vmax,22.4,156.90,5,4146,644.82
vmax,22.5,157.18,5,4153,649.18
vmax,22.6,157.47,5,4161,653.55
vmax,22.7,157.75,5,4168,657.93
vmax,22.8,158.03,5,4176,662.32
vmax,22.9,158.31,5,4183,666.71
vmax,23.0,158.59,5,4190,671.12
vmax,23.1,158.87,5,4198,675.52
vmax,23.2,159.15,5,4205,679.94
vmax,23.3,159.42,5,4212,684.37
vmax,23.4,159.70,5,4220,688.80
vmax,23.5,159.97,5,4227,693.24
vmax,23.6,160.24,5,4234,697.69
vmax,23.7,160.51,5,4241,702.14
vmax,23.8,160.78,5,4248,706.61
vmax,23.9,161.05,5,4255,711.08
vmax,24.0,161.32,5,4262,715.55
vmax,24.1,161.58,5,4269,720.04
vmax,24.2,161.84,5,4276,724.53
vmax,24.3,162.11,5,4283,729.03
vmax,24.4,162.37,5,4290,733.54
vmax,24.5,162.63,5,4297,738.05
vmax,24.6,162.89,5,4304,742.57
vmax,24.7,163.15,5,4311,747.10
vmax,24.8,163.40,5,4318,751.64
vmax,24.9,163.66,5,4324,756.18
vmax,25.0,163.91,5,4331,760.73
vmax,25.1,164.17,5,4338,765.29
vmax,25.2,164.42,5,4344,769.85
vmax,25.3,164.67,5,4351,774.42
vmax,25.4,164.92,5,4358,779.00
vmax,25.5,165.17,5,4364,783.58
vmax,25.6,165.42,5,4371,788.18
vmax,25.7,165.66,5,4377,792.77
vmax,25.8,165.91,5,4384,797.38
vmax,25.9,166.15,5,4390,801.99
vmax,26.0,166.39,5,4397,806.61
vmax,26.1,166.64,5,4403,811.24
vmax,26.2,166.88,5,4409,815.87
vmax,26.3,167.12,5,4416,820.51
vmax,26.4,167.35,5,4422,825.15
vmax,26.5,167.59,5,4428,829.81
vmax,26.6,167.83,5,4435,834.47
vmax,26.7,168.06,5,4441,839.13
vmax,26.8,168.30,5,4447,843.80
vmax,26.9,168.53,5,4453,848.48
vmax,27.0,168.76,5,4459,853.17
vmax,27.1,168.99,5,4465,857.86
vmax,27.2,169.22,5,4471,862.55
vmax,27.3,169.45,5,4478,867.26
vmax,27.4,169.68,5,4484,871.97
vmax,27.5,169.91,5,4490,876.69
vmax,27.6,170.13,5,4496,881.41
vmax,27.7,170.36,5,4501,886.14
vmax,27.8,170.58,5,4507,890.87
vmax,27.9,170.81,5,4513,895.62
vmax,28.0,171.03,5,4519,900.36
vmax,28.1,171.25,5,4525,905.12
vmax,28.2,171.47,5,4531,909.88
vmax,28.3,171.69,5,4537,914.64
vmax,28.4,171.91,5,4542,919.42
vmax,28.5,172.12,5,4548,924.20
vmax,28.6,172.34,5,4554,928.98
vmax,28.7,172.55,5,4559,933.77
vmax,28.8,172.77,5,4565,938.57
vmax,28.9,172.98,5,4571,943.37
vmax,29.0,173.19,5,4576,948.18
vmax,29.1,173.40,5,4582,952.99
vmax,29.2,173.61,5,4588,957.81
vmax,29.3,173.82,5,4593,962.64
vmax,29.4,174.03,5,4599,967.47
vmax,29.5,174.24,5,4604,972.31
vmax,29.6,174.45,5,4610,977.15
vmax,29.7,174.65,5,4615,982.00
vmax,29.8,174.86,5,4620,986.85
vmax,29.9,175.06,5,4626,991.71
vmax,30.0,175.26,5,4631,996.58
vmax,30.1,175.47,5,4636,1001.45
vmax,30.2,175.67,5,4642,1006.33
vmax,30.3,175.87,5,4647,1011.21
vmax,30.4,176.07,5,4652,1016.10
vmax,30.5,176.25,6,3195,1020.99
vmax,30.6,176.41,6,3198,1025.89
vmax,30.7,176.59,6,3201,1030.79
vmax,30.8,176.79,6,3205,1035.70
vmax,30.9,176.98,6,3208,1040.61
vmax,31.0,177.18,6,3212,1045.53
vmax,31.1,177.38,6,3215,1050.46
vmax,31.2,177.57,6,3219,1055.39
vmax,31.3,177.76,6,3222,1060.32
vmax,31.4,177.96,6,3226,1065.26
vmax,31.5,178.15,6,3229,1070.21
vmax,31.6,178.34,6,3233,1075.16
vmax,31.7,178.53,6,3236,1080.12
vmax,31.8,178.72,6,3240,1085.08
vmax,31.9,178.91,6,3243,1090.05
vmax,32.0,179.10,6,3246,1095.02
vmax,32.1,179.28,6,3250,1100.00
vmax,32.2,179.47,6,3253,1104.98
vmax,32.3,179.65,6,3257,1109.97
vmax,32.4,179.84,6,3260,1114.96
vmax,32.5,180.02,6,3263,1119.96
vmax,32.6,180.21,6,3267,1124.96
vmax,32.7,180.39,6,3270,1129.97
vmax,32.8,180.57,6,3273,1134.99
vmax,32.9,180.75,6,3276,1140.00
vmax,33.0,180.93,6,3280,1145.03
vmax,33.1,181.11,6,3283,1150.06
vmax,33.2,181.29,6,3286,1155.09
vmax,33.3,181.46,6,3289,1160.13
vmax,33.4,181.64,6,3293,1165.17
vmax,33.5,181.82,6,3296,1170.22
vmax,33.6,181.99,6,3299,1175.27
vmax,33.7,182.16,6,3302,1180.33
vmax,33.8,182.34,6,3305,1185.39
vmax,33.9,182.51,6,3308,1190.46
vmax,34.0,182.68,6,3312,1195.53
vmax,34.1,182.85,6,3315,1200.61
vmax,34.2,183.02,6,3318,1205.69
vmax,34.3,183.19,6,3321,1210.78
vmax,34.4,183.36,6,3324,1215.87
vmax,34.5,183.53,6,3327,1220.97
vmax,34.6,183.70,6,3330,1226.07
vmax,34.7,183.87,6,3333,1231.17
vmax,34.8,184.03,6,3336,1236.28
vmax,34.9,184.20,6,3339,1241.40
vmax,35.0,184.36,6,3342,1246.52
vmax,35.1,184.53,6,3345,1251.64
vmax,35.2,184.69,6,3348,1256.77
vmax,35.3,184.85,6,3351,1261.90
vmax,35.4,185.01,6,3354,1267.04
vmax,35.5,185.18,6,3357,1272.18
vmax,35.6,185.34,6,3360,1277.33
vmax,35.7,185.50,6,3363,1282.48
vmax,35.8,185.66,6,3365,1287.63
vmax,35.9,185.81,6,3368,1292.79
vmax,36.0,185.97,6,3371,1297.95
vmax,36.1,186.13,6,3374,1303.12
vmax,36.2,186.29,6,3377,1308.30
vmax,36.3,186.44,6,3380,1313.47
vmax,36.4,186.60,6,3382,1318.65
vmax,36.5,186.75,6,3385,1323.84
vmax,36.6,186.90,6,3388,1329.03
vmax,36.7,187.06,6,3391,1334.22
vmax,36.8,187.21,6,3394,1339.42
vmax,36.9,187.36,6,3396,1344.62
vmax,37.0,187.51,6,3399,1349.83
vmax,37.1,187.66,6,3402,1355.04
vmax,37.2,187.81,6,3405,1360.26
vmax,37.3,187.96,6,3407,1365.48
vmax,37.4,188.11,6,3410,1370.70
vmax,37.5,188.26,6,3413,1375.93
vmax,37.6,188.41,6,3415,1381.16
vmax,37.7,188.55,6,3418,1386.39
vmax,37.8,188.70,6,3421,1391.63
vmax,37.9,188.84,6,3423,1396.88
vmax,38.0,188.99,6,3426,1402.13
vmax,38.1,189.13,6,3428,1407.38
vmax,38.2,189.28,6,3431,1412.63
vmax,38.3,189.42,6,3434,1417.89
vmax,38.4,189.56,6,3436,1423.16
vmax,38.5,189.70,6,3439,1428.42
vmax,38.6,189.84,6,3441,1433.70
vmax,38.7,189.98,6,3444,1438.97
vmax,38.8,190.12,6,3446,1444.25
vmax,38.9,190.26,6,3449,1449.53
vmax,39.0,190.40,6,3452,1454.82
vmax,39.1,190.54,6,3454,1460.11
vmax,39.2,190.68,6,3457,1465.41
vmax,39.3,190.82,6,3459,1470.71
vmax,39.4,190.95,6,3461,1476.01
vmax,39.5,191.09,6,3464,1481.32
vmax,39.6,191.22,6,3466,1486.63
vmax,39.7,191.36,6,3469,1491.94
vmax,39.8,191.49,6,3471,1497.26
vmax,39.9,191.62,6,3474,1502.58
vmax,40.0,191.76,6,3476,1507.90
vmax,40.1,191.89,6,3478,1513.23
vmax,40.2,192.02,6,3481,1518.56
vmax,40.3,192.15,6,3483,1523.90
vmax,40.4,192.28,6,3486,1529.24
vmax,40.5,192.41,6,3488,1534.58
vmax,40.6,192.54,6,3490,1539.93
vmax,40.7,192.67,6,3493,1545.28
vmax,40.8,192.80,6,3495,1550.63
vmax,40.9,192.93,6,3497,1555.99
vmax,41.0,193.06,6,3500,1561.35
vmax,41.1,193.18,6,3502,1566.72
vmax,41.2,193.31,6,3504,1572.08
vmax,41.3,193.44,6,3507,1577.46
vmax,41.4,193.56,6,3509,1582.83
vmax,41.5,193.69,6,3511,1588.21
vmax,41.6,193.81,6,3513,1593.59
vmax,41.7,193.93,6,3516,1598.98
vmax,41.8,194.06,6,3518,1604.37
vmax,41.9,194.18,6,3520,1609.76
vmax,42.0,194.30,6,3522,1615.15
vmax,42.1,194.42,6,3524,1620.55
vmax,42.2,194.54,6,3527,1625.96
vmax,42.3,194.67,6,3529,1631.36
vmax,42.4,194.79,6,3531,1636.77
vmax,42.5,194.90,6,3533,1642.18
vmax,42.6,195.02,6,3535,1647.60
vmax,42.7,195.14,6,3537,1653.02
vmax,42.8,195.26,6,3540,1658.44
vmax,42.9,195.38,6,3542,1663.87
vmax,43.0,195.50,6,3544,1669.30
vmax,43.1,195.61,6,3546,1674.73
vmax,43.2,195.73,6,3548,1680.16
vmax,43.3,195.84,6,3550,1685.60
vmax,43.4,195.96,6,3552,1691.04
vmax,43.5,196.07,6,3554,1696.49
vmax,43.6,196.19,6,3556,1701.94
vmax,43.7,196.30,6,3558,1707.39
vmax,43.8,196.41,6,3561,1712.84
vmax,43.9,196.53,6,3563,1718.30
vmax,44.0,196.64,6,3565,1723.76
vmax,44.1,196.75,6,3567,1729.22
vmax,44.2,196.86,6,3569,1734.69
vmax,44.3,196.97,6,3571,1740.16
vmax,44.4,197.08,6,3573,1745.64
vmax,44.5,197.19,6,3575,1751.11
vmax,44.6,197.30,6,3577,1756.59
vmax,44.7,197.41,6,3579,1762.07
vmax,44.8,197.52,6,3581,1767.56
vmax,44.9,197.63,6,3583,1773.05
vmax,45.0,197.74,6,3585,1778.54
vmax,45.1,197.84,6,3586,1784.03
vmax,45.2,197.95,6,3588,1789.53
vmax,45.3,198.06,6,3590,1795.03
vmax,45.4,198.16,6,3592,1800.53
vmax,45.5,198.27,6,3594,1806.04
vmax,45.6,198.37,6,3596,1811.55
vmax,45.7,198.48,6,3598,1817.06
vmax,45.8,198.58,6,3600,1822.57
vmax,45.9,198.69,6,3602,1828.09
vmax,46.0,198.79,6,3604,1833.61
vmax,46.1,198.89,6,3605,1839.14
vmax,46.2,198.99,6,3607,1844.66
vmax,46.3,199.10,6,3609,1850.19
vmax,46.4,199.20,6,3611,1855.72
vmax,46.5,199.30,6,3613,1861.26
vmax,46.6,199.40,6,3615,1866.80
vmax,46.7,199.50,6,3616,1872.34
vmax,46.8,199.60,6,3618,1877.88
vmax,46.9,199.70,6,3620,1883.43
vmax,47.0,199.80,6,3622,1888.97
vmax,47.1,199.90,6,3624,1894.53
vmax,47.2,199.99,6,3625,1900.08
vmax,47.3,200.09,6,3627,1905.64
vmax,47.4,200.19,6,3629,1911.20
vmax,47.5,200.29,6,3631,1916.76
vmax,47.6,200.38,6,3633,1922.32
vmax,47.7,200.48,6,3634,1927.89
vmax,47.8,200.57,6,3636,1933.46
vmax,47.9,200.67,6,3638,1939.03
vmax,48.0,200.76,6,3639,1944.61
vmax,48.1,200.86,6,3641,1950.19
vmax,48.2,200.95,6,3643,1955.77
vmax,48.3,201.05,6,3645,1961.35
vmax,48.4,201.14,6,3646,1966.94
vmax,48.5,201.23,6,3648,1972.53
vmax,48.6,201.33,6,3650,1978.12
vmax,48.7,201.42,6,3651,1983.71
vmax,48.8,201.51,6,3653,1989.31
vmax,48.9,201.60,6,3655,1994.91
vmax,49.0,201.69,6,3656,2000.51
vmax,49.1,201.78,6,3658,2006.11
vmax,49.2,201.87,6,3660,2011.72
vmax,49.3,201.96,6,3661,2017.33
vmax,49.4,202.05,6,3663,2022.94
vmax,49.5,202.14,6,3664,2028.55
vmax,49.6,202.23,6,3666,2034.17
vmax,49.7,202.32,6,3668,2039.79
vmax,49.8,202.41,6,3669,2045.41
vmax,49.9,202.50,6,3671,2051.03
vmax,50.0,202.58,6,3672,2056.66
vmax,50.1,202.67,6,3674,2062.29
vmax,50.2,202.76,6,3676,2067.92
vmax,50.3,202.84,6,3677,2073.55
vmax,50.4,202.93,6,3679,2079.19
vmax,50.5,203.01,6,3680,2084.83
vmax,50.6,203.10,6,3682,2090.47
vmax,50.7,203.18,6,3683,2096.11
vmax,50.8,203.27,6,3685,2101.76
vmax,50.9,203.35,6,3686,2107.40
vmax,51.0,203.44,6,3688,2113.05
vmax,51.1,203.52,6,3689,2118.71
vmax,51.2,203.60,6,3691,2124.36
vmax,51.3,203.69,6,3692,2130.02
vmax,51.4,203.77,6,3694,2135.68
vmax,51.5,203.85,6,3695,2141.34
vmax,51.6,203.93,6,3697,2147.00
vmax,51.7,204.01,6,3698,2152.67
vmax,51.8,204.09,6,3700,2158.34
vmax,51.9,204.17,6,3701,2164.01
vmax,52.0,204.26,6,3703,2169.68
vmax,52.1,204.34,6,3704,2175.35
vmax,52.2,204.41,6,3706,2181.03
vmax,52.3,204.49,6,3707,2186.71
vmax,52.4,204.57,6,3709,2192.39
vmax,52.5,204.65,6,3710,2198.08
vmax,52.6,204.73,6,3711,2203.76
vmax,52.7,204.81,6,3713,2209.45
vmax,52.8,204.89,6,3714,2215.14
vmax,52.9,204.96,6,3716,2220.83
vmax,53.0,205.04,6,3717,2226.53
vmax,53.1,205.12,6,3718,2232.22
vmax,53.2,205.19,6,3720,2237.92
vmax,53.3,205.27,6,3721,2243.62
vmax,53.4,205.35,6,3723,2249.33
vmax,53.5,205.42,6,3724,2255.03
vmax,53.6,205.50,6,3725,2260.74
vmax,53.7,205.57,6,3727,2266.45
vmax,53.8,205.65,6,3728,2272.16
vmax,53.9,205.72,6,3729,2277.87
vmax,54.0,205.79,6,3731,2283.59
vmax,54.1,205.87,6,3732,2289.31
vmax,54.2,205.94,6,3733,2295.03
vmax,54.3,206.01,6,3735,2300.75
vmax,54.4,206.09,6,3736,2306.47
vmax,54.5,206.16,6,3737,2312.20
vmax,54.6,206.23,6,3739,2317.93
vmax,54.7,206.30,6,3740,2323.66
vmax,54.8,206.38,6,3741,2329.39
vmax,54.9,206.45,6,3742,2335.12
vmax,55.0,206.52,6,3744,2340.86
vmax,55.1,206.59,6,3745,2346.59
vmax,55.2,206.66,6,3746,2352.33
vmax,55.3,206.73,6,3748,2358.08
vmax,55.4,206.80,6,3749,2363.82
vmax,55.5,206.87,6,3750,2369.56
vmax,55.6,206.94,6,3751,2375.31
vmax,55.7,207.01,6,3753,2381.06
vmax,55.8,207.07,6,3754,2386.81
vmax,55.9,207.14,6,3755,2392.57
vmax,56.0,207.21,6,3756,2398.32
vmax,56.1,207.28,6,3758,2404.08
vmax,56.2,207.35,6,3759,2409.84
vmax,56.3,207.41,6,3760,2415.60
vmax,56.4,207.48,6,3761,2421.36
vmax,56.5,207.55,6,3762,2427.12
vmax,56.6,207.61,6,3764,2432.89
vmax,56.7,207.68,6,3765,2438.66
vmax,56.8,207.75,6,3766,2444.43
vmax,56.9,207.81,6,3767,2450.20
vmax,57.0,207.88,6,3768,2455.97
vmax,57.1,207.94,6,3770,2461.75
vmax,57.2,208.01,6,3771,2467.52
vmax,57.3,208.07,6,3772,2473.30
vmax,57.4,208.14,6,3773,2479.08
vmax,57.5,208.20,6,3774,2484.87
vmax,57.6,208.26,6,3775,2490.65
vmax,57.7,208.33,6,3777,2496.44
vmax,57.8,208.39,6,3778,2502.23
vmax,57.9,208.45,6,3779,2508.01
vmax,58.0,208.52,6,3780,2513.81
vmax,58.1,208.58,6,3781,2519.60
vmax,58.2,208.64,6,3782,2525.39
vmax,58.3,208.70,6,3783,2531.19
vmax,58.4,208.76,6,3784,2536.99
vmax,58.5,208.82,6,3786,2542.79
vmax,58.6,208.89,6,3787,2548.59
vmax,58.7,208.95,6,3788,2554.39
vmax,58.8,209.01,6,3789,2560.20
vmax,58.9,209.07,6,3790,2566.01
vmax,59.0,209.13,6,3791,2571.81
vmax,59.1,209.19,6,3792,2577.62
vmax,59.2,209.25,6,3793,2583.44
vmax,59.3,209.31,6,3794,2589.25
vmax,59.4,209.37,6,3795,2595.06
vmax,59.5,209.43,6,3796,2600.88
vmax,59.6,209.48,6,3798,2606.70
vmax,59.7,209.54,6,3799,2612.52
vmax,59.8,209.60,6,3800,2618.34
vmax,59.9,209.66,6,3801,2624.16
vmax,60.0,209.72,6,3802,2629.99
vmax,60.1,209.77,6,3803,2635.81
vmax,60.2,209.83,6,3804,2641.64
vmax,60.3,209.89,6,3805,2647.47
vmax,60.4,209.94,6,3806,2653.30
vmax,60.5,210.00,6,3807,2659.13
vmax,60.6,210.06,6,3808,2664.97
vmax,60.7,210.11,6,3809,2670.80
vmax,60.8,210.17,6,3810,2676.64
vmax,60.9,210.22,6,3811,2682.48
vmax,61.0,210.28,6,3812,2688.32
vmax,61.1,210.34,6,3813,2694.16
vmax,61.2,210.39,6,3814,2700.01
vmax,61.3,210.45,6,3815,2705.85
vmax,61.4,210.50,6,3816,2711.70
vmax,61.5,210.55,6,3817,2717.55
vmax,61.6,210.61,6,3818,2723.40
vmax,61.7,210.66,6,3819,2729.25
vmax,61.8,210.72,6,3820,2735.10
vmax,61.9,210.77,6,3821,2740.95
vmax,62.0,210.82,6,3822,2746.81
vmax,62.1,210.87,6,3823,2752.67
vmax,62.2,210.93,6,3824,2758.52
vmax,62.3,210.98,6,3825,2764.38
vmax,62.4,211.03,6,3826,2770.25
vmax,62.5,211.08,6,3827,2776.11
vmax,62.6,211.14,6,3828,2781.97
vmax,62.7,211.19,6,3828,2787.84
vmax,62.8,211.24,6,3829,2793.71
vmax,62.9,211.29,6,3830,2799.57
vmax,63.0,211.34,6,3831,2805.44
vmax,63.1,211.39,6,3832,2811.32
vmax,63.2,211.44,6,3833,2817.19
vmax,63.3,211.49,6,3834,2823.06
vmax,63.4,211.54,6,3835,2828.94
vmax,63.5,211.59,6,3836,2834.81
vmax,63.6,211.64,6,3837,2840.69
vmax,63.7,211.69,6,3838,2846.57
vmax,63.8,211.74,6,3838,2852.45
vmax,63.9,211.79,6,3839,2858.34
vmax,64.0,211.84,6,3840,2864.22
vmax,64.1,211.89,6,3841,2870.11
vmax,64.2,211.94,6,3842,2875.99
vmax,64.3,211.99,6,3843,2881.88
vmax,64.4,212.03,6,3844,2887.77
vmax,64.5,212.08,6,3845,2893.66
vmax,64.6,212.13,6,3846,2899.55
vmax,64.7,212.18,6,3846,2905.44
vmax,64.8,212.22,6,3847,2911.34
vmax,64.9,212.27,6,3848,2917.23
vmax,65.0,212.32,6,3849,2923.13
vmax,65.1,212.37,6,3850,2929.03
vmax,65.2,212.41,6,3851,2934.93
vmax,65.3,212.46,6,3851,2940.83
vmax,65.4,212.50,6,3852,2946.73
vmax,65.5,212.55,6,3853,2952.64
vmax,65.6,212.60,6,3854,2958.54
vmax,65.7,212.64,6,3855,2964.45
vmax,65.8,212.69,6,3856,2970.36
vmax,65.9,212.73,6,3856,2976.26
vmax,66.0,212.78,6,3857,2982.17
vmax,66.1,212.82,6,3858,2988.09
vmax,66.2,212.87,6,3859,2994.00
vmax,66.3,212.91,6,3860,2999.91
vmax,66.4,212.96,6,3861,3005.83
vmax,66.5,213.00,6,3861,3011.74
vmax,66.6,213.04,6,3862,3017.66
vmax,66.7,213.09,6,3863,3023.58
vmax,66.8,213.13,6,3864,3029.50
vmax,66.9,213.17,6,3864,3035.42
vmax,67.0,213.22,6,3865,3041.34
vmax,67.1,213.26,6,3866,3047.26
vmax,67.2,213.30,6,3867,3053.19
vmax,67.3,213.35,6,3868,3059.11
vmax,67.4,213.39,6,3868,3065.04
vmax,67.5,213.43,6,3869,3070.97
vmax,67.6,213.47,6,3870,3076.90
vmax,67.7,213.52,6,3871,3082.83
vmax,67.8,213.56,6,3871,3088.76
vmax,67.9,213.60,6,3872,3094.69
vmax,68.0,213.64,6,3873,3100.63
vmax,68.1,213.68,6,3874,3106.56
vmax,68.2,213.72,6,3874,3112.50
vmax,68.3,213.76,6,3875,3118.44
vmax,68.4,213.81,6,3876,3124.37
vmax,68.5,213.85,6,3877,3130.31
vmax,68.6,213.89,6,3877,3136.26
vmax,68.7,213.93,6,3878,3142.20
vmax,68.8,213.97,6,3879,3148.14
vmax,68.9,214.01,6,3880,3154.08
vmax,69.0,214.05,6,3880,3160.03
vmax,69.1,214.09,6,3881,3165.98
vmax,69.2,214.13,6,3882,3171.92
vmax,69.3,214.17,6,3882,3177.87
vmax,69.4,214.20,6,3883,3183.82
vmax,69.5,214.24,6,3884,3189.77
vmax,69.6,214.28,6,3885,3195.72
vmax,69.7,214.32,6,3885,3201.68
vmax,69.8,214.36,6,3886,3207.63
vmax,69.9,214.40,6,3887,3213.59
vmax,70.0,214.44,6,3887,3219.54
vmax,70.1,214.47,6,3888,3225.50
vmax,70.2,214.51,6,3889,3231.46
vmax,70.3,214.55,6,3889,3237.42
vmax,70.4,214.59,6,3890,3243.38
vmax,70.5,214.63,6,3891,3249.34
vmax,70.6,214.66,6,3891,3255.30
vmax,70.7,214.70,6,3892,3261.26
vmax,70.8,214.74,6,3893,3267.23
vmax,70.9,214.77,6,3893,3273.19
vmax,71.0,214.81,6,3894,3279.16
vmax,71.1,214.85,6,3895,3285.13
vmax,71.2,214.88,6,3895,3291.10
vmax,71.3,214.92,6,3896,3297.07
vmax,71.4,214.96,6,3897,3303.04
vmax,71.5,214.99,6,3897,3309.01
vmax,71.6,215.03,6,3898,3314.98
vmax,71.7,215.06,6,3899,3320.95
vmax,71.8,215.10,6,3899,3326.93
vmax,71.9,215.13,6,3900,3332.90
vmax,72.0,215.17,6,3901,3338.88
vmax,72.1,215.20,6,3901,3344.86
vmax,72.2,215.24,6,3902,3350.84
vmax,72.3,215.27,6,3903,3356.82
vmax,72.4,215.31,6,3903,3362.80
vmax,72.5,215.34,6,3904,3368.78
vmax,72.6,215.38,6,3904,3374.76
vmax,72.7,215.41,6,3905,3380.74
vmax,72.8,215.45,6,3906,3386.73
vmax,72.9,215.48,6,3906,3392.71
vmax,73.0,215.51,6,3907,3398.70
vmax,73.1,215.55,6,3908,3404.69
vmax,73.2,215.58,6,3908,3410.67
vmax,73.3,215.61,6,3909,3416.66
vmax,73.4,215.65,6,3909,3422.65
vmax,73.5,215.68,6,3910,3428.64
vmax,73.6,215.71,6,3911,3434.63
vmax,73.7,215.75,6,3911,3440.63
vmax,73.8,215.78,6,3912,3446.62
vmax,73.9,215.81,6,3912,3452.61
vmax,74.0,215.84,6,3913,3458.61
vmax,74.1,215.88,6,3913,3464.61
vmax,74.2,215.91,6,3914,3470.60
vmax,74.3,215.94,6,3915,3476.60
vmax,74.4,215.97,6,3915,3482.60
vmax,74.5,216.00,6,3916,3488.60
vmax,74.6,216.04,6,3916,3494.60
vmax,74.7,216.07,6,3917,3500.60
vmax,74.8,216.10,6,3918,3506.60
vmax,74.9,216.13,6,3918,3512.61
vmax,75.0,216.16,6,3919,3518.61
vmax,75.1,216.19,6,3919,3524.62
vmax,75.2,216.22,6,3920,3530.62
vmax,75.3,216.25,6,3920,3536.63
vmax,75.4,216.28,6,3921,3542.64
vmax,75.5,216.31,6,3921,3548.64
vmax,75.6,216.35,6,3922,3554.65
vmax,75.7,216.38,6,3923,3560.66
vmax,75.8,216.41,6,3923,3566.67
vmax,75.9,216.44,6,3924,3572.69
vmax,76.0,216.47,6,3924,3578.70
vmax,76.1,216.50,6,3925,3584.71
vmax,76.2,216.52,6,3925,3590.73
vmax,76.3,216.55,6,3926,3596.74
vmax,76.4,216.58,6,3926,3602.76
vmax,76.5,216.61,6,3927,3608.77
vmax,76.6,216.64,6,3927,3614.79
vmax,76.7,216.67,6,3928,3620.81
vmax,76.8,216.70,6,3928,3626.83
vmax,76.9,216.73,6,3929,3632.85
vmax,77.0,216.76,6,3929,3638.87
vmax,77.1,216.79,6,3930,3644.89
vmax,77.2,216.81,6,3931,3650.91
vmax,77.3,216.84,6,3931,3656.94
vmax,77.4,216.87,6,3932,3662.96
vmax,77.5,216.90,6,3932,3668.98
vmax,77.6,216.93,6,3933,3675.01
vmax,77.7,216.96,6,3933,3681.04
vmax,77.8,216.98,6,3934,3687.06
vmax,77.9,217.01,6,3934,3693.09
vmax,78.0,217.04,6,3935,3699.12
vmax,78.1,217.07,6,3935,3705.15
vmax,78.2,217.09,6,3936,3711.18
vmax,78.3,217.12,6,3936,3717.21
vmax,78.4,217.15,6,3937,3723.24
vmax,78.5,217.17,6,3937,3729.27
vmax,78.6,217.20,6,3938,3735.31
vmax,78.7,217.23,6,3938,3741.34
vmax,78.8,217.25,6,3938,3747.37
vmax,78.9,217.28,6,3939,3753.41
vmax,79.0,217.31,6,3939,3759.44
vmax,79.1,217.33,6,3940,3765.48
vmax,79.2,217.36,6,3940,3771.52
vmax,79.3,217.39,6,3941,3777.56
vmax,79.4,217.41,6,3941,3783.60
vmax,79.5,217.44,6,3942,3789.64
vmax,79.6,217.46,6,3942,3795.68
vmax,79.7,217.49,6,3943,3801.72
vmax,79.8,217.52,6,3943,3807.76
vmax,79.9,217.54,6,3944,3813.80
vmax,80.0,217.57,6,3944,3819.84
vmax,80.1,217.59,6,3945,3825.89
vmax,80.2,217.62,6,3945,3831.93
vmax,80.3,217.64,6,3946,3837.98
vmax,80.4,217.67,6,3946,3844.02
vmax,80.5,217.69,6,3946,3850.07
vmax,80.6,217.72,6,3947,3856.12
vmax,80.7,217.74,6,3947,3862.17
vmax,80.8,217.77,6,3948,3868.21
vmax,80.9,217.79,6,3948,3874.26
vmax,81.0,217.81,6,3949,3880.31
vmax,81.1,217.84,6,3949,3886.36
vmax,81.2,217.86,6,3950,3892.42
vmax,81.3,217.89,6,3950,3898.47
vmax,81.4,217.91,6,3950,3904.52
vmax,81.5,217.93,6,3951,3910.57
vmax,81.6,217.96,6,3951,3916.63
vmax,81.7,217.98,6,3952,3922.68
vmax,81.8,218.01,6,3952,3928.74
vmax,81.9,218.03,6,3953,3934.79
vmax,82.0,218.05,6,3953,3940.85
vmax,82.1,218.08,6,3953,3946.91
vmax,82.2,218.10,6,3954,3952.97
vmax,82.3,218.12,6,3954,3959.03
vmax,82.4,218.14,6,3955,3965.08
vmax,82.5,218.17,6,3955,3971.14
vmax,82.6,218.19,6,3955,3977.21
vmax,82.7,218.21,6,3956,3983.27
vmax,82.8,218.24,6,3956,3989.33
vmax,82.9,218.26,6,3957,3995.39
vmax,83.0,218.28,6,3957,4001.45
vmax,83.1,218.30,6,3957,4007.52
vmax,83.2,218.33,6,3958,4013.58
vmax,83.3,218.35,6,3958,4019.65
vmax,83.4,218.37,6,3959,4025.71
vmax,83.5,218.39,6,3959,4031.78
vmax,83.6,218.41,6,3959,4037.84
vmax,83.7,218.44,6,3960,4043.91
vmax,83.8,218.46,6,3960,4049.98
vmax,83.9,218.48,6,3961,4056.05
vmax,84.0,218.50,6,3961,4062.12
vmax,84.1,218.52,6,3961,4068.19
vmax,84.2,218.54,6,3962,4074.26
vmax,84.3,218.56,6,3962,4080.33
vmax,84.4,218.59,6,3963,4086.40
vmax,84.5,218.61,6,3963,4092.47
vmax,84.6,218.63,6,3963,4098.55
vmax,84.7,218.65,6,3964,4104.62
vmax,84.8,218.67,6,3964,4110.69
vmax,84.9,218.69,6,3965,4116.77
vmax,85.0,218.71,6,3965,4122.84
vmax,85.1,218.73,6,3965,4128.92
vmax,85.2,218.75,6,3966,4134.99
vmax,85.3,218.77,6,3966,4141.07
vmax,85.4,218.79,6,3966,4147.15
vmax,85.5,218.81,6,3967,4153.23
vmax,85.6,218.83,6,3967,4159.30
vmax,85.7,218.85,6,3967,4165.38
vmax,85.8,218.87,6,3968,4171.46
vmax,85.9,218.89,6,3968,4177.54
vmax,86.0,218.91,6,3969,4183.62
vmax,86.1,218.93,6,3969,4189.70
vmax,86.2,218.95,6,3969,4195.79
vmax,86.3,218.97,6,3970,4201.87
vmax,86.4,218.99,6,3970,4207.95
vmax,86.5,219.01,6,3970,4214.03
vmax,86.6,219.03,6,3971,4220.12
vmax,86.7,219.05,6,3971,4226.20
vmax,86.8,219.07,6,3971,4232.29
vmax,86.9,219.09,6,3972,4238.37
vmax,87.0,219.11,6,3972,4244.46
vmax,87.1,219.13,6,3972,4250.55
vmax,87.2,219.14,6,3973,4256.63
vmax,87.3,219.16,6,3973,4262.72
vmax,87.4,219.18,6,3973,4268.81
vmax,87.5,219.20,6,3974,4274.90
vmax,87.6,219.22,6,3974,4280.99
vmax,87.7,219.24,6,3974,4287.08
vmax,87.8,219.26,6,3975,4293.17
vmax,87.9,219.27,6,3975,4299.26
vmax,88.0,219.29,6,3975,4305.35
vmax,88.1,219.31,6,3976,4311.44
vmax,88.2,219.33,6,3976,4317.53
vmax,88.3,219.35,6,3976,4323.63
vmax,88.4,219.37,6,3977,4329.72
vmax,88.5,219.38,6,3977,4335.81
vmax,88.6,219.40,6,3977,4341.91
vmax,88.7,219.42,6,3978,4348.00
vmax,88.8,219.44,6,3978,4354.10
vmax,88.9,219.45,6,3978,4360.19
vmax,89.0,219.47,6,3979,4366.29
vmax,89.1,219.49,6,3979,4372.38
vmax,89.2,219.51,6,3979,4378.48
vmax,89.3,219.52,6,3980,4384.58
vmax,89.4,219.54,6,3980,4390.68
vmax,89.5,219.56,6,3980,4396.78
vmax,89.6,219.58,6,3981,4402.88
vmax,89.7,219.59,6,3981,4408.98
vmax,89.8,219.61,6,3981,4415.08
vmax,89.9,219.63,6,3981,4421.18
vmax,90.0,219.64,6,3982,4427.28
vmax,90.1,219.66,6,3982,4433.38
vmax,90.2,219.68,6,3982,4439.48
vmax,90.3,219.69,6,3983,4445.58
vmax,90.4,219.71,6,3983,4451.69
vmax,90.5,219.73,6,3983,4457.79
vmax,90.6,219.74,6,3984,4463.89
vmax,90.7,219.76,6,3984,4470.00
vmax,90.8,219.78,6,3984,4476.10
vmax,90.9,219.79,6,3984,4482.21
vmax,91.0,219.81,6,3985,4488.31
vmax,91.1,219.82,6,3985,4494.42
vmax,91.2,219.84,6,3985,4500.52
vmax,91.3,219.86,6,3986,4506.63
vmax,91.4,219.87,6,3986,4512.74
vmax,91.5,219.89,6,3986,4518.85
vmax,91.6,219.90,6,3987,4524.95
vmax,91.7,219.92,6,3987,4531.06
vmax,91.8,219.93,6,3987,4537.17
vmax,91.9,219.95,6,3987,4543.28
vmax,92.0,219.97,6,3988,4549.39
vmax,92.1,219.98,6,3988,4555.50
vmax,92.2,220.00,6,3988,4561.61
vmax,92.3,220.01,6,3988,4567.72
vmax,92.4,220.03,6,3989,4573.84
vmax,92.5,220.04,6,3989,4579.95
vmax,92.6,220.06,6,3989,4586.06
vmax,92.7,220.07,6,3990,4592.17
vmax,92.8,220.09,6,3990,4598.29
vmax,92.9,220.10,6,3990,4604.40
vmax,93.0,220.12,6,3990,4610.51
vmax,93.1,220.13,6,3991,4616.63
vmax,93.2,220.15,6,3991,4622.74
vmax,93.3,220.16,6,3991,4628.86
vmax,93.4,220.18,6,3991,4634.98
vmax,93.5,220.19,6,3992,4641.09
vmax,93.6,220.21,6,3992,4647.21
vmax,93.7,220.22,6,3992,4653.33
vmax,93.8,220.23,6,3993,4659.44
vmax,93.9,220.25,6,3993,4665.56
vmax,94.0,220.26,6,3993,4671.68
vmax,94.1,220.28,6,3993,4677.80
vmax,94.2,220.29,6,3994,4683.92
vmax,94.3,220.31,6,3994,4690.04
vmax,94.4,220.32,6,3994,4696.16
vmax,94.5,220.33,6,3994,4702.28
vmax,94.6,220.35,6,3995,4708.40
vmax,94.7,220.36,6,3995,4714.52
vmax,94.8,220.38,6,3995,4720.64
vmax,94.9,220.39,6,3995,4726.76
vmax,95.0,220.40,6,3996,4732.88
vmax,95.1,220.42,6,3996,4739.00
vmax,95.2,220.43,6,3996,4745.13
vmax,95.3,220.44,6,3996,4751.25
vmax,95.4,220.46,6,3997,4757.37
vmax,95.5,220.47,6,3997,4763.50
vmax,95.6,220.48,6,3997,4769.62
vmax,95.7,220.50,6,3997,4775.75
vmax,95.8,220.51,6,3998,4781.87
vmax,95.9,220.52,6,3998,4788.00
vmax,96.0,220.54,6,3998,4794.12
vmax,96.1,220.55,6,3998,4800.25
vmax,96.2,220.56,6,3998,4806.38
vmax,96.3,220.58,6,3999,4812.50
vmax,96.4,220.59,6,3999,4818.63
vmax,96.5,220.60,6,3999,4824.76
vmax,96.6,220.62,6,3999,4830.89
vmax,96.7,220.63,6,4000,4837.02
vmax,96.8,220.64,6,4000,4843.14
vmax,96.9,220.65,6,4000,4849.27
vmax,97.0,220.67,6,4000,4855.40
vmax,97.1,220.68,6,4001,4861.53
vmax,97.2,220.69,6,4001,4867.66
vmax,97.3,220.70,6,4001,4873.79
vmax,97.4,220.72,6,4001,4879.92
vmax,97.5,220.73,6,4001,4886.06
vmax,97.6,220.74,6,4002,4892.19
vmax,97.7,220.75,6,4002,4898.32
vmax,97.8,220.77,6,4002,4904.45
vmax,97.9,220.78,6,4002,4910.58
vmax,98.0,220.79,6,4003,4916.72
vmax,98.1,220.80,6,4003,4922.85
vmax,98.2,220.81,6,4003,4928.98
vmax,98.3,220.83,6,4003,4935.12
vmax,98.4,220.84,6,4003,4941.25
vmax,98.5,220.85,6,4004,4947.39
vmax,98.6,220.86,6,4004,4953.52
vmax,98.7,220.87,6,4004,4959.66
vmax,98.8,220.89,6,4004,4965.79
vmax,98.9,220.90,6,4005,4971.93
vmax,99.0,220.91,6,4005,4978.06
vmax,99.1,220.92,6,4005,4984.20
vmax,99.2,220.93,6,4005,4990.34
vmax,99.3,220.94,6,4005,4996.47
vmax,99.4,220.95,6,4006,5002.61
vmax,99.5,220.97,6,4006,5008.75
vmax,99.6,220.98,6,4006,5014.89
vmax,99.7,220.99,6,4006,5021.03
vmax,99.8,221.00,6,4006,5027.16
vmax,99.9,221.01,6,4007,5033.30
vmax,100.0,221.02,6,4007,5039.44
vmax,100.1,221.03,6,4007,5045.58
vmax,100.2,221.04,6,4007,5051.72
vmax,100.3,221.06,6,4007,5057.86
vmax,100.4,221.07,6,4008,5064.00
vmax,100.5,221.08,6,4008,5070.14
vmax,100.6,221.09,6,4008,5076.29
vmax,100.7,221.10,6,4008,5082.43
vmax,100.8,221.11,6,4008,5088.57
vmax,100.9,221.12,6,4009,5094.71
vmax,101.0,221.13,6,4009,5100.85
vmax,101.1,221.14,6,4009,5107.00
vmax,101.2,221.15,6,4009,5113.14
vmax,101.3,221.16,6,4009,5119.28
vmax,101.4,221.17,6,4010,5125.43
vmax,101.5,221.18,6,4010,5131.57
vmax,101.6,221.20,6,4010,5137.71
vmax,101.7,221.21,6,4010,5143.86
vmax,101.8,221.22,6,4010,5150.00
vmax,101.9,221.23,6,4011,5156.15
vmax,102.0,221.24,6,4011,5162.29
vmax,102.1,221.25,6,4011,5168.44
vmax,102.2,221.26,6,4011,5174.59
vmax,102.3,221.27,6,4011,5180.73
vmax,102.4,221.28,6,4011,5186.88
vmax,102.5,221.29,6,4012,5193.02
vmax,102.6,221.30,6,4012,5199.17
vmax,102.7,221.31,6,4012,5205.32
vmax,102.8,221.32,6,4012,5211.47
vmax,102.9,221.33,6,4012,5217.61
vmax,103.0,221.34,6,4013,5223.76
vmax,103.1,221.35,6,4013,5229.91
vmax,103.2,221.36,6,4013,5236.06
vmax,103.3,221.37,6,4013,5242.21
vmax,103.4,221.38,6,4013,5248.36
vmax,103.5,221.39,6,4013,5254.51
vmax,103.6,221.40,6,4014,5260.66
vmax,103.7,221.41,6,4014,5266.81
vmax,103.8,221.42,6,4014,5272.96
vmax,103.9,221.42,6,4014,5279.11
vmax,104.0,221.43,6,4014,5285.26
vmax,104.1,221.44,6,4014,5291.41
vmax,104.2,221.45,6,4015,5297.56
vmax,104.3,221.46,6,4015,5303.71
vmax,104.4,221.47,6,4015,5309.86
vmax,104.5,221.48,6,4015,5316.02
vmax,104.6,221.49,6,4015,5322.17
vmax,104.7,221.50,6,4015,5328.32
vmax,104.8,221.51,6,4016,5334.47
vmax,104.9,221.52,6,4016,5340.63
vmax,105.0,221.53,6,4016,5346.78
vmax,105.1,221.54,6,4016,5352.93
vmax,105.2,221.55,6,4016,5359.09
vmax,105.3,221.55,6,4016,5365.24
vmax,105.4,221.56,6,4017,5371.40
vmax,105.5,221.57,6,4017,5377.55
vmax,105.6,221.58,6,4017,5383.71
vmax,105.7,221.59,6,4017,5389.86
vmax,105.8,221.60,6,4017,5396.02
vmax,105.9,221.61,6,4017,5402.17
vmax,106.0,221.62,6,4018,5408.33
vmax,106.1,221.63,6,4018,5414.49
vmax,106.2,221.63,6,4018,5420.64
vmax,106.3,221.64,6,4018,5426.80
vmax,106.4,221.65,6,4018,5432.96
vmax,106.5,221.66,6,4018,5439.11
vmax,106.6,221.67,6,4019,5445.27
vmax,106.7,221.68,6,4019,5451.43
vmax,106.8,221.69,6,4019,5457.59
vmax,106.9,221.69,6,4019,5463.74
vmax,107.0,221.70,6,4019,5469.90
vmax,107.1,221.71,6,4019,5476.06
vmax,107.2,221.72,6,4019,5482.22
vmax,107.3,221.73,6,4020,5488.38
vmax,107.4,221.74,6,4020,5494.54
vmax,107.5,221.74,6,4020,5500.70
vmax,107.6,221.75,6,4020,5506.86
vmax,107.7,221.76,6,4020,5513.02
vmax,107.8,221.77,6,4020,5519.18
vmax,107.9,221.78,6,4020,5525.34
vmax,108.0,221.78,6,4021,5531.50
vmax,108.1,221.79,6,4021,5537.66
vmax,108.2,221.80,6,4021,5543.82
vmax,108.3,221.81,6,4021,5549.98
vmax,108.4,221.82,6,4021,5556.14
vmax,108.5,221.82,6,4021,5562.30
vmax,108.6,221.83,6,4021,5568.46
vmax,108.7,221.84,6,4022,5574.63
vmax,108.8,221.85,6,4022,5580.79
vmax,108.9,221.86,6,4022,5586.95
vmax,109.0,221.86,6,4022,5593.11
vmax,109.1,221.87,6,4022,5599.28
vmax,109.2,221.88,6,4022,5605.44
vmax,109.3,221.89,6,4022,5611.60
vmax,109.4,221.89,6,4023,5617.77
vmax,109.5,221.90,6,4023,5623.93
vmax,109.6,221.91,6,4023,5630.10
vmax,109.7,221.92,6,4023,5636.26
vmax,109.8,221.92,6,4023,5642.42
vmax,109.9,221.93,6,4023,5648.59
vmax,110.0,221.94,6,4023,5654.75
vmax,110.1,221.95,6,4024,5660.92
vmax,110.2,221.95,6,4024,5667.08
vmax,110.3,221.96,6,4024,5673.25
vmax,110.4,221.97,6,4024,5679.42
vmax,110.5,221.98,6,4024,5685.58
vmax,110.6,221.98,6,4024,5691.75
vmax,110.7,221.99,6,4024,5697.91
vmax,110.8,222.00,6,4024,5704.08
vmax,110.9,222.00,6,4025,5710.25
vmax,111.0,222.01,6,4025,5716.41
vmax,111.1,222.02,6,4025,5722.58
vmax,111.2,222.03,6,4025,5728.75
vmax,111.3,222.03,6,4025,5734.92
vmax,111.4,222.04,6,4025,5741.08
vmax,111.5,222.05,6,4025,5747.25
vmax,111.6,222.05,6,4026,5753.42
vmax,111.7,222.06,6,4026,5759.59
vmax,111.8,222.07,6,4026,5765.76
vmax,111.9,222.07,6,4026,5771.92
vmax,112.0,222.08,6,4026,5778.09
vmax,112.1,222.09,6,4026,5784.26
vmax,112.2,222.09,6,4026,5790.43
vmax,112.3,222.10,6,4026,5796.60
vmax,112.4,222.11,6,4026,5802.77
vmax,112.5,222.12,6,4027,5808.94
vmax,112.6,222.12,6,4027,5815.11
vmax,112.7,222.13,6,4027,5821.28
vmax,112.8,222.14,6,4027,5827.45
vmax,112.9,222.14,6,4027,5833.62
vmax,113.0,222.15,6,4027,5839.79
vmax,113.1,222.15,6,4027,5845.96
vmax,113.2,222.16,6,4027,5852.13
vmax,113.3,222.17,6,4028,5858.31
vmax,113.4,222.17,6,4028,5864.48
vmax,113.5,222.18,6,4028,5870.65
vmax,113.6,222.19,6,4028,5876.82
vmax,113.7,222.19,6,4028,5882.99
vmax,113.8,222.20,6,4028,5889.16
vmax,113.9,222.21,6,4028,5895.34
vmax,114.0,222.21,6,4028,5901.51
vmax,114.1,222.22,6,4029,5907.68
vmax,114.2,222.23,6,4029,5913.85
vmax,114.3,222.23,6,4029,5920.03
vmax,114.4,222.24,6,4029,5926.20
vmax,114.5,222.24,6,4029,5932.37
vmax,114.6,222.25,6,4029,5938.55
vmax,114.7,222.26,6,4029,5944.72
vmax,114.8,222.26,6,4029,5950.89
vmax,114.9,222.27,6,4029,5957.07
vmax,115.0,222.27,6,4030,5963.24
vmax,115.1,222.28,6,4030,5969.42
vmax,115.2,222.29,6,4030,5975.59
vmax,115.3,222.29,6,4030,5981.77
vmax,115.4,222.30,6,4030,5987.94
vmax,115.5,222.30,6,4030,5994.12
vmax,115.6,222.31,6,4030,6000.29
vmax,115.7,222.32,6,4030,6006.47
vmax,115.8,222.32,6,4030,6012.64
vmax,115.9,222.33,6,4030,6018.82
vmax,116.0,222.33,6,4031,6024.99
vmax,116.1,222.34,6,4031,6031.17
vmax,116.2,222.35,6,4031,6037.35
vmax,116.3,222.35,6,4031,6043.52
vmax,116.4,222.36,6,4031,6049.70
vmax,116.5,222.36,6,4031,6055.88
vmax,116.6,222.37,6,4031,6062.05
vmax,116.7,222.37,6,4031,6068.23
vmax,116.8,222.38,6,4031,6074.41
vmax,116.9,222.38,6,4032,6080.58
vmax,117.0,222.39,6,4032,6086.76
vmax,117.1,222.40,6,4032,6092.94
vmax,117.2,222.40,6,4032,6099.12
vmax,117.3,222.41,6,4032,6105.29
vmax,117.4,222.41,6,4032,6111.47
vmax,117.5,222.42,6,4032,6117.65
vmax,117.6,222.42,6,4032,6123.83
vmax,117.7,222.43,6,4032,6130.01
vmax,117.8,222.43,6,4032,6136.19
vmax,117.9,222.44,6,4033,6142.37
vmax,118.0,222.44,6,4033,6148.54
vmax,118.1,222.45,6,4033,6154.72
vmax,118.2,222.46,6,4033,6160.90
vmax,118.3,222.46,6,4033,6167.08
vmax,118.4,222.47,6,4033,6173.26
vmax,118.5,222.47,6,4033,6179.44
vmax,118.6,222.48,6,4033,6185.62
vmax,118.7,222.48,6,4033,6191.80
vmax,118.8,222.49,6,4033,6197.98
vmax,118.9,222.49,6,4033,6204.16
vmax,119.0,222.50,6,4034,6210.34
vmax,119.1,222.50,6,4034,6216.52
vmax,119.2,222.51,6,4034,6222.70
vmax,119.3,222.51,6,4034,6228.88
vmax,119.4,222.52,6,4034,6235.07
vmax,119.5,222.52,6,4034,6241.25
vmax,119.6,222.53,6,4034,6247.43
vmax,119.7,222.53,6,4034,6253.61
vmax,119.8,222.54,6,4034,6259.79
vmax,119.9,222.54,6,4034,6265.97
vmax,120.0,222.55,6,4034,6272.15
vmax,120.1,222.55,6,4035,6278.34
vmax,120.2,222.56,6,4035,6284.52
vmax,120.3,222.56,6,4035,6290.70
vmax,120.4,222.57,6,4035,6296.88
vmax,120.5,222.57,6,4035,6303.07
vmax,120.6,222.58,6,4035,6309.25
vmax,120.7,222.58,6,4035,6315.43
vmax,120.8,222.59,6,4035,6321.61
vmax,120.9,222.59,6,4035,6327.80
vmax,121.0,222.60,6,4035,6333.98
vmax,121.1,222.60,6,4035,6340.16
vmax,121.2,222.61,6,4036,6346.35
vmax,121.3,222.61,6,4036,6352.53
vmax,121.4,222.61,6,4036,6358.71
vmax,121.5,222.62,6,4036,6364.90
vmax,121.6,222.62,6,4036,6371.08
vmax,121.7,222.63,6,4036,6377.27
vmax,121.8,222.63,6,4036,6383.45
vmax,121.9,222.64,6,4036,6389.63
vmax,122.0,222.64,6,4036,6395.82
vmax,122.1,222.65,6,4036,6402.00
vmax,122.2,222.65,6,4036,6408.19
vmax,122.3,222.66,6,4036,6414.37
vmax,122.4,222.66,6,4037,6420.56
vmax,122.5,222.66,6,4037,6426.74
vmax,122.6,222.67,6,4037,6432.93
vmax,122.7,222.67,6,4037,6439.11
vmax,122.8,222.68,6,4037,6445.30
vmax,122.9,222.68,6,4037,6451.48
vmax,123.0,222.69,6,4037,6457.67
vmax,123.1,222.69,6,4037,6463.86
vmax,123.2,222.70,6,4037,6470.04
vmax,123.3,222.70,6,4037,6476.23
vmax,123.4,222.70,6,4037,6482.41
vmax,123.5,222.71,6,4037,6488.60
vmax,123.6,222.71,6,4037,6494.79
vmax,123.7,222.72,6,4038,6500.97
vmax,123.8,222.72,6,4038,6507.16
vmax,123.9,222.73,6,4038,6513.35
vmax,124.0,222.73,6,4038,6519.53
vmax,124.1,222.73,6,4038,6525.72
vmax,124.2,222.74,6,4038,6531.91
vmax,124.3,222.74,6,4038,6538.09
vmax,124.4,222.75,6,4038,6544.28
vmax,124.5,222.75,6,4038,6550.47
vmax,124.6,222.75,6,4038,6556.66
vmax,124.7,222.76,6,4038,6562.84
vmax,124.8,222.76,6,4038,6569.03
vmax,124.9,222.77,6,4038,6575.22
vmax,125.0,222.77,6,4039,6581.41
vmax,125.1,222.77,6,4039,6587.60
vmax,125.2,222.78,6,4039,6593.78
vmax,125.3,222.78,6,4039,6599.97
vmax,125.4,222.79,6,4039,6606.16
vmax,125.5,222.79,6,4039,6612.35
vmax,125.6,222.79,6,4039,6618.54
vmax,125.7,222.80,6,4039,6624.73
vmax,125.8,222.80,6,4039,6630.92
vmax,125.9,222.81,6,4039,6637.11
vmax,126.0,222.81,6,4039,6643.29
vmax,126.1,222.81,6,4039,6649.48
vmax,126.2,222.82,6,4039,6655.67
vmax,126.3,222.82,6,4039,6661.86
vmax,126.4,222.83,6,4039,6668.05
vmax,126.5,222.83,6,4040,6674.24
vmax,126.6,222.83,6,4040,6680.43
vmax,126.7,222.84,6,4040,6686.62
vmax,126.8,222.84,6,4040,6692.81
vmax,126.9,222.84,6,4040,6699.00
vmax,127.0,222.85,6,4040,6705.19
vmax,127.1,222.85,6,4040,6711.38
vmax,127.2,222.86,6,4040,6717.57
vmax,127.3,222.86,6,4040,6723.76
vmax,127.4,222.86,6,4040,6729.95
vmax,127.5,222.87,6,4040,6736.14
vmax,127.6,222.87,6,4040,6742.33
vmax,127.7,222.87,6,4040,6748.53
vmax,127.8,222.88,6,4040,6754.72
vmax,127.9,222.88,6,4040,6760.91
vmax,128.0,222.88,6,4041,6767.10
vmax,128.1,222.89,6,4041,6773.29
bremsen_100,0.0,100.00,6,0,0.00
bremsen_100,0.1,96.82,6,1761,2.74
bremsen_100,0.2,92.88,6,1690,5.37
bremsen_100,0.3,88.97,6,1619,7.89
bremsen_100,0.4,85.08,6,1548,10.30
bremsen_100,0.5,81.20,6,1478,12.61
bremsen_100,0.6,77.33,6,1408,14.80
bremsen_100,0.7,73.46,5,1950,16.89
bremsen_100,0.8,69.60,5,1848,18.88
bremsen_100,0.9,65.74,5,1746,20.75
bremsen_100,1.0,61.89,5,1644,22.52
bremsen_100,1.1,58.03,5,1542,24.18
bremsen_100,1.2,54.19,5,1440,25.73
bremsen_100,1.3,50.34,4,1964,27.18
bremsen_100,1.4,46.50,4,1815,28.52
bremsen_100,1.5,42.66,4,1666,29.76
bremsen_100,1.6,38.82,4,1517,30.88
bremsen_100,1.7,34.98,4,1368,31.90
bremsen_100,1.8,31.14,3,1791,32.82
bremsen_100,1.9,27.31,3,1573,33.62
bremsen_100,2.0,23.47,3,1355,34.33
bremsen_100,2.1,19.64,2,1671,34.92
bremsen_100,2.2,15.81,2,1350,35.41
bremsen_100,2.3,11.98,1,1518,35.79
bremsen_100,2.4,8.15,1,1045,36.06
bremsen_100,2.5,4.32,1,624,36.23
bremsen_100,2.6,0.49,1,624,36.30
bremsen_100,2.6,0.00,1,624,36.30
kreisfahrt,0.0,18.00,1,0,0.00
kreisfahrt,0.1,17.67,1,2183,0.49
kreisfahrt,0.2,17.63,1,2176,0.98
kreisfahrt,0.3,17.67,1,2180,1.48
kreisfahrt,0.4,17.71,1,2186,1.97
kreisfahrt,0.5,17.76,1,2191,2.46
kreisfahrt,0.6,17.81,1,2197,2.95
kreisfahrt,0.7,17.86,1,2203,3.45
kreisfahrt,0.8,17.91,1,2210,3.95
kreisfahrt,0.9,17.96,1,2216,4.45
kreisfahrt,1.0,18.01,1,2223,4.95
kreisfahrt,1.1,18.07,1,2230,5.45
kreisfahrt,1.2,18.12,1,2236,5.95
kreisfahrt,1.3,18.18,1,2243,6.45
kreisfahrt,1.4,18.23,1,2250,6.96
kreisfahrt,1.5,18.29,1,2257,7.47
kreisfahrt,1.6,18.35,1,2264,7.98
kreisfahrt,1.7,18.40,1,2271,8.49
kreisfahrt,1.8,18.46,1,2278,9.00
kreisfahrt,1.9,18.51,1,2285,9.51
kreisfahrt,2.0,18.57,1,2291,10.03
kreisfahrt,2.1,18.63,1,2298,10.55
kreisfahrt,2.2,18.68,1,2305,11.07
kreisfahrt,2.3,18.74,1,2312,11.59
kreisfahrt,2.4,18.79,1,2319,12.11
kreisfahrt,2.5,18.84,1,2325,12.63
kreisfahrt,2.6,18.90,1,2332,13.16
kreisfahrt,2.7,18.95,1,2339,13.68
kreisfahrt,2.8,19.01,1,2345,14.21
kreisfahrt,2.9,19.06,1,2352,14.74
kreisfahrt,3.0,19.11,1,2358,15.27
kreisfahrt,3.1,19.16,1,2365,15.80
kreisfahrt,3.2,19.21,1,2371,16.33
kreisfahrt,3.3,19.27,1,2377,16.87
kreisfahrt,3.4,19.32,1,2384,17.41
kreisfahrt,3.5,19.37,1,2390,17.94
kreisfahrt,3.6,19.42,1,2396,18.48
kreisfahrt,3.7,19.47,1,2402,19.02
kreisfahrt,3.8,19.52,1,2409,19.56
kreisfahrt,3.9,19.57,1,2415,20.11
kreisfahrt,4.0,19.62,1,2421,20.65
kreisfahrt,4.1,19.67,1,2427,21.20
kreisfahrt,4.2,19.72,1,2433,21.75
kreisfahrt,4.3,19.76,1,2439,22.29
kreisfahrt,4.4,19.81,1,2445,22.84
kreisfahrt,4.5,19.86,1,2451,23.40
kreisfahrt,4.6,19.91,1,2457,23.95
kreisfahrt,4.7,19.95,1,2462,24.50
kreisfahrt,4.8,20.00,1,2468,25.06
kreisfahrt,4.9,20.05,1,2474,25.62
kreisfahrt,5.0,20.10,1,2480,26.17
kreisfahrt,5.1,20.14,1,2486,26.73
kreisfahrt,5.2,20.19,1,2491,27.29
kreisfahrt,5.3,20.24,1,2497,27.86
kreisfahrt,5.4,20.28,1,2503,28.42
kreisfahrt,5.5,20.33,1,2508,28.98
kreisfahrt,5.6,20.37,1,2514,29.55
kreisfahrt,5.7,20.42,1,2520,30.12
kreisfahrt,5.8,20.46,1,2525,30.68
kreisfahrt,5.9,20.51,1,2531,31.25
kreisfahrt,6.0,20.55,1,2536,31.82
kreisfahrt,6.1,20.60,1,2542,32.40
kreisfahrt,6.2,20.65,1,2548,32.97
kreisfahrt,6.3,20.69,1,2553,33.54
kreisfahrt,6.4,20.73,1,2559,34.12
kreisfahrt,6.5,20.78,1,2564,34.70
kreisfahrt,6.6,20.82,1,2570,35.28
kreisfahrt,6.7,20.87,1,2575,35.85
kreisfahrt,6.8,20.91,1,2581,36.44
kreisfahrt,6.9,20.96,1,2586,37.02
kreisfahrt,7.0,21.00,1,2592,37.60
kreisfahrt,7.1,21.05,1,2597,38.19
kreisfahrt,7.2,21.09,1,2603,38.77
kreisfahrt,7.3,21.13,1,2608,39.36
kreisfahrt,7.4,21.18,1,2614,39.95
kreisfahrt,7.5,21.22,1,2619,40.54
kreisfahrt,7.6,21.27,1,2624,41.13
kreisfahrt,7.7,21.31,1,2630,41.72
kreisfahrt,7.8,21.35,1,2635,42.31
kreisfahrt,7.9,21.40,1,2641,42.91
kreisfahrt,8.0,21.44,1,2646,43.50
kreisfahrt,8.1,21.49,1,2651,44.10
kreisfahrt,8.2,21.53,1,2657,44.70
kreisfahrt,8.3,21.57,1,2662,45.29
kreisfahrt,8.4,21.62,1,2668,45.90
kreisfahrt,8.5,21.66,1,2673,46.50
kreisfahrt,8.6,21.71,1,2678,47.10
kreisfahrt,8.7,21.75,1,2684,47.70
kreisfahrt,8.8,21.79,1,2689,48.31
kreisfahrt,8.9,21.84,1,2695,48.92
kreisfahrt,9.0,21.88,1,2700,49.52
kreisfahrt,9.1,21.92,1,2705,50.13
kreisfahrt,9.2,21.97,1,2711,50.74
kreisfahrt,9.3,22.01,1,2716,51.35
kreisfahrt,9.4,22.05,1,2721,51.97
kreisfahrt,9.5,22.10,1,2727,52.58
kreisfahrt,9.6,22.14,1,2732,53.19
kreisfahrt,9.7,22.18,1,2738,53.81
kreisfahrt,9.8,22.23,1,2743,54.43
kreisfahrt,9.9,22.27,1,2748,55.05
kreisfahrt,10.0,22.31,1,2754,55.67
kreisfahrt,10.1,22.36,1,2759,56.29
kreisfahrt,10.2,22.40,1,2764,56.91
kreisfahrt,10.3,22.44,1,2770,57.53
kreisfahrt,10.4,22.49,1,2775,58.16
kreisfahrt,10.5,22.53,1,2780,58.78
kreisfahrt,10.6,22.57,1,2786,59.41
kreisfahrt,10.7,22.62,1,2791,60.04
kreisfahrt,10.8,22.66,1,2796,60.67
kreisfahrt,10.9,22.70,1,2802,61.30
kreisfahrt,11.0,22.75,1,2807,61.93
kreisfahrt,11.1,22.79,1,2812,62.56
kreisfahrt,11.2,22.83,1,2818,63.20
kreisfahrt,11.3,22.88,1,2823,63.83
kreisfahrt,11.4,22.92,1,2828,64.47
kreisfahrt,11.5,22.96,1,2834,65.11
kreisfahrt,11.6,23.01,1,2839,65.74
kreisfahrt,11.7,23.05,1,2844,66.38
kreisfahrt,11.8,23.09,1,2850,67.03
kreisfahrt,11.9,23.14,1,2855,67.67
kreisfahrt,12.0,23.18,1,2860,68.31
kreisfahrt,12.1,23.22,1,2866,68.96
kreisfahrt,12.2,23.27,1,2871,69.60
kreisfahrt,12.3,23.31,1,2876,70.25
kreisfahrt,12.4,23.35,1,2882,70.90
kreisfahrt,12.5,23.40,1,2887,71.55
kreisfahrt,12.6,23.44,1,2892,72.20
kreisfahrt,12.7,23.48,1,2898,72.85
kreisfahrt,12.8,23.53,1,2903,73.51
kreisfahrt,12.9,23.57,1,2908,74.16
kreisfahrt,13.0,23.61,1,2914,74.82
kreisfahrt,13.1,23.66,1,2919,75.47
kreisfahrt,13.2,23.70,1,2924,76.13
kreisfahrt,13.3,23.74,1,2930,76.79
kreisfahrt,13.4,23.78,1,2935,77.45
kreisfahrt,13.5,23.83,1,2940,78.11
kreisfahrt,13.6,23.87,1,2946,78.78
kreisfahrt,13.7,23.91,1,2951,79.44
kreisfahrt,13.8,23.96,1,2956,80.11
kreisfahrt,13.9,24.00,1,2961,80.77
kreisfahrt,14.0,24.04,1,2967,81.44
kreisfahrt,14.1,24.08,1,2972,82.11
kreisfahrt,14.2,24.13,1,2977,82.78
kreisfahrt,14.3,24.17,1,2982,83.45
kreisfahrt,14.4,24.19,2,2025,84.12
kreisfahrt,14.5,24.22,2,2027,84.80
kreisfahrt,14.6,24.24,2,2029,85.47
kreisfahrt,14.7,24.27,2,2032,86.14
kreisfahrt,14.8,24.31,2,2035,86.82
kreisfahrt,14.9,24.34,2,2037,87.49
kreisfahrt,15.0,24.38,2,2040,88.17
kreisfahrt,15.1,24.41,2,2043,88.85
kreisfahrt,15.2,24.45,2,2047,89.53
kreisfahrt,15.3,24.49,2,2050,90.21
kreisfahrt,15.4,24.53,2,2053,90.89
kreisfahrt,15.5,24.57,2,2057,91.57
kreisfahrt,15.6,24.61,2,2060,92.26
kreisfahrt,15.7,24.65,2,2064,92.94
kreisfahrt,15.8,24.70,2,2067,93.63
kreisfahrt,15.9,24.74,2,2071,94.31
kreisfahrt,16.0,24.79,2,2075,95.00
kreisfahrt,16.1,24.83,2,2078,95.69
kreisfahrt,16.2,24.88,2,2082,96.38
kreisfahrt,16.3,24.92,2,2086,97.08
kreisfahrt,16.4,24.97,2,2090,97.77
kreisfahrt,16.5,25.01,2,2094,98.46
kreisfahrt,16.6,25.06,2,2097,99.16
kreisfahrt,16.7,25.10,2,2101,99.86
kreisfahrt,16.8,25.15,2,2105,100.55
kreisfahrt,16.9,25.20,2,2109,101.25
kreisfahrt,17.0,25.24,2,2113,101.96
kreisfahrt,17.1,25.29,2,2117,102.66
kreisfahrt,17.2,25.34,2,2121,103.36
kreisfahrt,17.3,25.38,2,2125,104.07
kreisfahrt,17.4,25.43,2,2129,104.77
kreisfahrt,17.5,25.48,2,2132,105.48
kreisfahrt,17.6,25.52,2,2136,106.19
kreisfahrt,17.7,25.57,2,2140,106.90
kreisfahrt,17.8,25.62,2,2144,107.61
kreisfahrt,17.9,25.66,2,2148,108.32
kreisfahrt,18.0,25.71,2,2152,109.04
kreisfahrt,18.1,25.75,2,2156,109.75
kreisfahrt,18.2,25.80,2,2160,110.47
kreisfahrt,18.3,25.85,2,2163,111.19
kreisfahrt,18.4,25.89,2,2167,111.91
kreisfahrt,18.5,25.94,2,2171,112.63
kreisfahrt,18.6,25.98,2,2175,113.35
kreisfahrt,18.7,26.03,2,2179,114.07
kreisfahrt,18.8,26.07,2,2183,114.80
kreisfahrt,18.9,26.12,2,2186,115.52
kreisfahrt,19.0,26.16,2,2190,116.25
kreisfahrt,19.1,26.21,2,2194,116.98
kreisfahrt,19.2,26.26,2,2198,117.70
kreisfahrt,19.3,26.30,2,2201,118.43
kreisfahrt,19.4,26.35,2,2205,119.17
kreisfahrt,19.5,26.39,2,2209,119.90
kreisfahrt,19.6,26.43,2,2213,120.63
kreisfahrt,19.7,26.48,2,2216,121.37
kreisfahrt,19.8,26.52,2,2220,122.11
kreisfahrt,19.9,26.57,2,2224,122.84
kreisfahrt,20.0,26.61,2,2228,123.58
kreisfahrt,20.1,26.66,2,2231,124.32
kreisfahrt,20.2,26.70,2,2235,125.06
kreisfahrt,20.3,26.75,2,2239,125.81
kreisfahrt,20.4,26.79,2,2243,126.55
kreisfahrt,20.5,26.83,2,2246,127.30
kreisfahrt,20.6,26.88,2,2250,128.04
kreisfahrt,20.7,26.92,2,2254,128.79
kreisfahrt,20.8,26.97,2,2257,129.54
kreisfahrt,20.9,27.01,2,2261,130.29
kreisfahrt,21.0,27.06,2,2265,131.04
kreisfahrt,21.1,27.10,2,2268,131.79
kreisfahrt,21.2,27.14,2,2272,132.55
kreisfahrt,21.3,27.19,2,2276,133.30
kreisfahrt,21.4,27.23,2,2279,134.06
kreisfahrt,21.5,27.27,2,2283,134.82
kreisfahrt,21.6,27.32,2,2287,135.58
kreisfahrt,21.7,27.36,2,2290,136.34
kreisfahrt,21.8,27.41,2,2294,137.10
kreisfahrt,21.9,27.45,2,2298,137.86
kreisfahrt,22.0,27.49,2,2301,138.62
kreisfahrt,22.1,27.54,2,2305,139.39
kreisfahrt,22.2,27.58,2,2309,140.15
kreisfahrt,22.3,27.62,2,2312,140.92
kreisfahrt,22.4,27.67,2,2316,141.69
kreisfahrt,22.5,27.71,2,2319,142.46
kreisfahrt,22.6,27.75,2,2323,143.23
kreisfahrt,22.7,27.80,2,2327,144.00
kreisfahrt,22.8,27.84,2,2330,144.78
kreisfahrt,22.9,27.88,2,2334,145.55
kreisfahrt,23.0,27.93,2,2338,146.33
kreisfahrt,23.1,27.97,2,2341,147.10
kreisfahrt,23.2,28.01,2,2345,147.88
kreisfahrt,23.3,28.06,2,2349,148.66
kreisfahrt,23.4,28.10,2,2352,149.44
kreisfahrt,23.5,28.14,2,2356,150.22
kreisfahrt,23.6,28.19,2,2359,151.01
kreisfahrt,23.7,28.23,2,2363,151.79
kreisfahrt,23.8,28.27,2,2367,152.57
kreisfahrt,23.9,28.32,2,2370,153.36
kreisfahrt,24.0,28.36,2,2374,154.15
kreisfahrt,24.1,28.40,2,2378,154.94
kreisfahrt,24.2,28.45,2,2381,155.73
kreisfahrt,24.3,28.49,2,2385,156.52
kreisfahrt,24.4,28.53,2,2388,157.31
kreisfahrt,24.5,28.58,2,2392,158.11
kreisfahrt,24.6,28.62,2,2396,158.90
kreisfahrt,24.7,28.66,2,2399,159.70
kreisfahrt,24.8,28.71,2,2403,160.49
kreisfahrt,24.9,28.75,2,2407,161.29
kreisfahrt,25.0,28.79,2,2410,162.09
kreisfahrt,25.1,28.84,2,2414,162.89
kreisfahrt,25.2,28.88,2,2417,163.70
kreisfahrt,25.3,28.92,2,2421,164.50
kreisfahrt,25.4,28.97,2,2425,165.30
kreisfahrt,25.5,29.01,2,2428,166.11
kreisfahrt,25.6,29.05,2,2432,166.92
kreisfahrt,25.7,29.10,2,2435,167.72
kreisfahrt,25.8,29.14,2,2439,168.53
kreisfahrt,25.9,29.18,2,2443,169.34
kreisfahrt,26.0,29.22,2,2446,170.16
kreisfahrt,26.1,29.27,2,2450,170.97
kreisfahrt,26.2,29.31,2,2454,171.78
kreisfahrt,26.3,29.35,2,2457,172.60
kreisfahrt,26.4,29.40,2,2461,173.41
kreisfahrt,26.5,29.44,2,2464,174.23
kreisfahrt,26.6,29.48,2,2468,175.05
kreisfahrt,26.7,29.53,2,2472,175.87
kreisfahrt,26.8,29.57,2,2475,176.69
kreisfahrt,26.9,29.61,2,2479,177.52
kreisfahrt,27.0,29.66,2,2482,178.34
kreisfahrt,27.1,29.70,2,2486,179.16
kreisfahrt,27.2,29.74,2,2490,179.99
kreisfahrt,27.3,29.79,2,2493,180.82
kreisfahrt,27.4,29.83,2,2497,181.65
kreisfahrt,27.5,29.87,2,2501,182.48
kreisfahrt,27.6,29.92,2,2504,183.31
kreisfahrt,27.7,29.96,2,2508,184.14
kreisfahrt,27.8,30.00,2,2511,184.97
kreisfahrt,27.9,30.05,2,2515,185.81
kreisfahrt,28.0,30.09,2,2519,186.64
kreisfahrt,28.1,30.13,2,2522,187.48
kreisfahrt,28.2,30.17,2,2526,188.32
kreisfahrt,28.3,30.22,2,2529,189.16
kreisfahrt,28.4,30.26,2,2533,190.00
kreisfahrt,28.5,30.30,2,2537,190.84
kreisfahrt,28.6,30.35,2,2540,191.68
kreisfahrt,28.7,30.39,2,2544,192.53
kreisfahrt,28.8,30.43,2,2548,193.37
kreisfahrt,28.9,30.48,2,2551,194.22
kreisfahrt,29.0,30.52,2,2555,195.07
kreisfahrt,29.1,30.56,2,2558,195.91
kreisfahrt,29.2,30.61,2,2562,196.76
kreisfahrt,29.3,30.65,2,2566,197.62
kreisfahrt,29.4,30.69,2,2569,198.47
kreisfahrt,29.5,30.74,2,2573,199.32
kreisfahrt,29.6,30.78,2,2576,200.18
kreisfahrt,29.7,30.82,2,2580,201.03
kreisfahrt,29.8,30.87,2,2584,201.89
kreisfahrt,29.9,30.91,2,2587,202.75
kreisfahrt,30.0,30.95,2,2591,203.61
kreisfahrt,30.1,30.99,2,2594,204.47
kreisfahrt,30.2,31.04,2,2598,205.33
kreisfahrt,30.3,31.08,2,2602,206.19
kreisfahrt,30.4,31.12,2,2605,207.06
kreisfahrt,30.5,31.17,2,2609,207.92
kreisfahrt,30.6,31.21,2,2613,208.79
kreisfahrt,30.7,31.25,2,2616,209.66
kreisfahrt,30.8,31.30,2,2620,210.53
kreisfahrt,30.9,31.34,2,2623,211.40
kreisfahrt,31.0,31.38,2,2627,212.27
kreisfahrt,31.1,31.43,2,2631,213.14
kreisfahrt,31.2,31.47,2,2634,214.02
kreisfahrt,31.3,31.51,2,2638,214.89
kreisfahrt,31.4,31.56,2,2641,215.77
kreisfahrt,31.5,31.60,2,2645,216.65
kreisfahrt,31.6,31.64,2,2649,217.53
kreisfahrt,31.7,31.69,2,2652,218.41
kreisfahrt,31.8,31.73,2,2656,219.29
kreisfahrt,31.9,31.77,2,2660,220.17
kreisfahrt,32.0,31.82,2,2663,221.05
kreisfahrt,32.1,31.86,2,2667,221.94
kreisfahrt,32.2,31.90,2,2670,222.82
kreisfahrt,32.3,31.94,2,2674,223.71
kreisfahrt,32.4,31.99,2,2678,224.60
kreisfahrt,32.5,32.03,2,2681,225.49
kreisfahrt,32.6,32.07,2,2685,226.38
kreisfahrt,32.7,32.12,2,2688,227.27
kreisfahrt,32.8,32.16,2,2692,228.17
kreisfahrt,32.9,32.20,2,2696,229.06
kreisfahrt,33.0,32.25,2,2699,229.96
kreisfahrt,33.1,32.29,2,2703,230.85
kreisfahrt,33.2,32.33,2,2707,231.75
kreisfahrt,33.3,32.38,2,2710,232.65
kreisfahrt,33.4,32.42,2,2714,233.55
kreisfahrt,33.5,32.46,2,2717,234.45
kreisfahrt,33.6,32.51,2,2721,235.36
kreisfahrt,33.7,32.55,2,2725,236.26
kreisfahrt,33.8,32.59,2,2728,237.17
kreisfahrt,33.9,32.64,2,2732,238.07
kreisfahrt,34.0,32.68,2,2735,238.98
kreisfahrt,34.1,32.72,2,2739,239.89
kreisfahrt,34.2,32.76,2,2743,240.80
kreisfahrt,34.3,32.81,2,2746,241.71
kreisfahrt,34.4,32.85,2,2750,242.62
kreisfahrt,34.5,32.89,2,2754,243.54
kreisfahrt,34.6,32.94,2,2757,244.45
kreisfahrt,34.7,32.98,2,2761,245.37
kreisfahrt,34.8,33.02,2,2764,246.28
kreisfahrt,34.9,33.07,2,2768,247.20
kreisfahrt,35.0,33.11,2,2772,248.12
kreisfahrt,35.1,33.15,2,2775,249.04
kreisfahrt,35.2,33.20,2,2779,249.96
kreisfahrt,35.3,33.24,2,2782,250.89
kreisfahrt,35.4,33.28,2,2786,251.81
kreisfahrt,35.5,33.33,2,2790,252.74
kreisfahrt,35.6,33.37,2,2793,253.67
kreisfahrt,35.7,33.41,2,2797,254.59
kreisfahrt,35.8,33.46,2,2800,255.52
kreisfahrt,35.9,33.50,2,2804,256.45
kreisfahrt,36.0,33.54,2,2808,257.38
kreisfahrt,36.1,33.58,2,2811,258.32
kreisfahrt,36.2,33.63,2,2815,259.25
kreisfahrt,36.3,33.67,2,2819,260.19
kreisfahrt,36.4,33.71,2,2822,261.12
kreisfahrt,36.5,33.76,2,2826,262.06
kreisfahrt,36.6,33.80,2,2829,263.00
kreisfahrt,36.7,33.84,2,2833,263.94
kreisfahrt,36.8,33.89,2,2837,264.88
kreisfahrt,36.9,33.93,2,2840,265.82
kreisfahrt,37.0,33.97,2,2844,266.77
kreisfahrt,37.1,34.02,2,2847,267.71
kreisfahrt,37.2,34.06,2,2851,268.66
kreisfahrt,37.3,34.10,2,2855,269.60
kreisfahrt,37.4,34.15,2,2858,270.55
kreisfahrt,37.5,34.19,2,2862,271.50
kreisfahrt,37.6,34.23,2,2866,272.45
kreisfahrt,37.7,34.28,2,2869,273.41
kreisfahrt,37.8,34.32,2,2873,274.36
kreisfahrt,37.9,34.36,2,2876,275.31
kreisfahrt,38.0,34.41,2,2880,276.27
kreisfahrt,38.1,34.45,2,2884,277.23
kreisfahrt,38.2,34.49,2,2887,278.18
kreisfahrt,38.3,34.53,2,2891,279.14
kreisfahrt,38.4,34.58,2,2894,280.10
kreisfahrt,38.5,34.62,2,2898,281.07
kreisfahrt,38.6,34.66,2,2902,282.03
kreisfahrt,38.7,34.71,2,2905,282.99
kreisfahrt,38.8,34.75,2,2909,283.96
kreisfahrt,38.9,34.79,2,2913,284.92
kreisfahrt,39.0,34.84,2,2916,285.89
kreisfahrt,39.1,34.88,2,2920,286.86
kreisfahrt,39.2,34.92,2,2923,287.83
kreisfahrt,39.3,34.97,2,2927,288.80
kreisfahrt,39.4,35.01,2,2931,289.77
kreisfahrt,39.5,35.05,2,2934,290.75
kreisfahrt,39.6,35.09,2,2938,291.72
kreisfahrt,39.7,35.14,2,2941,292.70
kreisfahrt,39.8,35.18,2,2945,293.68
kreisfahrt,39.9,35.22,2,2948,294.65
kreisfahrt,40.0,35.26,2,2952,295.63
kreisfahrt,40.1,35.31,2,2956,296.61
kreisfahrt,40.2,35.35,2,2959,297.60
kreisfahrt,40.3,35.39,2,2963,298.58
kreisfahrt,40.4,35.44,2,2966,299.56
kreisfahrt,40.5,35.48,2,2970,300.55
kreisfahrt,40.6,35.52,2,2973,301.53
kreisfahrt,40.7,35.56,2,2977,302.52
kreisfahrt,40.8,35.61,2,2980,303.51
kreisfahrt,40.9,35.65,2,2984,304.50
kreisfahrt,41.0,35.69,2,2988,305.49
kreisfahrt,41.1,35.73,2,2991,306.49
kreisfahrt,41.2,35.78,2,2995,307.48
kreisfahrt,41.3,35.82,2,2998,308.47
kreisfahrt,41.4,35.86,2,3002,309.47
kreisfahrt,41.5,35.90,2,3005,310.47
kreisfahrt,41.6,35.95,2,3009,311.47
kreisfahrt,41.7,35.99,2,3013,312.47
kreisfahrt,41.8,36.03,2,3016,313.47
kreisfahrt,41.9,36.07,2,3020,314.47
kreisfahrt,42.0,36.12,2,3023,315.47
kreisfahrt,42.1,36.16,2,3027,316.48
kreisfahrt,42.2,36.20,2,3030,317.48
kreisfahrt,42.3,36.24,2,3034,318.49
kreisfahrt,42.4,36.29,2,3038,319.50
kreisfahrt,42.5,36.33,3,2068,320.50
kreisfahrt,42.6,36.34,3,2069,321.51
kreisfahrt,42.7,36.36,3,2070,322.52
kreisfahrt,42.8,36.38,3,2071,323.54
kreisfahrt,42.9,36.41,3,2073,324.55
kreisfahrt,43.0,36.44,3,2074,325.56
kreisfahrt,43.1,36.47,3,2076,326.57
kreisfahrt,43.2,36.50,3,2078,327.59
kreisfahrt,43.3,36.53,3,2080,328.60
kreisfahrt,43.4,36.57,3,2082,329.62
kreisfahrt,43.5,36.60,3,2084,330.63
kreisfahrt,43.6,36.64,3,2086,331.65
kreisfahrt,43.7,36.68,3,2088,332.67
kreisfahrt,43.8,36.72,3,2090,333.69
kreisfahrt,43.9,36.76,3,2093,334.71
kreisfahrt,44.0,36.80,3,2095,335.73
kreisfahrt,44.1,36.84,3,2097,336.76
kreisfahrt,44.2,36.89,3,2100,337.78
kreisfahrt,44.3,36.93,3,2102,338.81
kreisfahrt,44.4,36.97,3,2105,339.83
kreisfahrt,44.5,37.02,3,2107,340.86
kreisfahrt,44.6,37.06,3,2110,341.89
kreisfahrt,44.7,37.11,3,2113,342.92
kreisfahrt,44.8,37.16,3,2115,343.95
kreisfahrt,44.9,37.20,3,2118,344.99
kreisfahrt,45.0,37.25,3,2121,346.02
kreisfahrt,45.1,37.30,3,2123,347.06
kreisfahrt,45.2,37.35,3,2126,348.09
kreisfahrt,45.3,37.39,3,2129,349.13
kreisfahrt,45.4,37.44,3,2131,350.17
kreisfahrt,45.5,37.49,3,2134,351.21
kreisfahrt,45.6,37.54,3,2137,352.26
kreisfahrt,45.7,37.59,3,2140,353.30
kreisfahrt,45.8,37.63,3,2142,354.35
kreisfahrt,45.9,37.68,3,2145,355.39
kreisfahrt,46.0,37.73,3,2148,356.44
kreisfahrt,46.1,37.78,3,2151,357.49
kreisfahrt,46.2,37.83,3,2153,358.54
kreisfahrt,46.3,37.87,3,2156,359.59
kreisfahrt,46.4,37.92,3,2159,360.65
kreisfahrt,46.5,37.97,3,2161,361.70
kreisfahrt,46.6,38.02,3,2164,362.76
kreisfahrt,46.7,38.06,3,2167,363.81
kreisfahrt,46.8,38.11,3,2170,364.87
kreisfahrt,46.9,38.16,3,2172,365.93
kreisfahrt,47.0,38.21,3,2175,366.99
kreisfahrt,47.1,38.25,3,2178,368.05
kreisfahrt,47.2,38.30,3,2180,369.12
kreisfahrt,47.3,38.35,3,2183,370.18
kreisfahrt,47.4,38.39,3,2186,371.25
kreisfahrt,47.5,38.44,3,2188,372.32
kreisfahrt,47.6,38.49,3,2191,373.39
kreisfahrt,47.7,38.53,3,2194,374.46
kreisfahrt,47.8,38.58,3,2196,375.53
kreisfahrt,47.9,38.63,3,2199,376.60
kreisfahrt,48.0,38.67,3,2202,377.68
kreisfahrt,48.1,38.72,3,2204,378.75
kreisfahrt,48.2,38.76,3,2207,379.83
kreisfahrt,48.3,38.81,3,2209,380.91
kreisfahrt,48.4,38.86,3,2212,381.98
kreisfahrt,48.5,38.90,3,2215,383.06
kreisfahrt,48.6,38.95,3,2217,384.15
kreisfahrt,48.7,38.99,3,2220,385.23
kreisfahrt,48.8,39.04,3,2222,386.31
kreisfahrt,48.9,39.08,3,2225,387.40
kreisfahrt,49.0,39.13,3,2227,388.49
kreisfahrt,49.1,39.17,3,2230,389.57
kreisfahrt,49.2,39.22,3,2232,390.66
kreisfahrt,49.3,39.26,3,2235,391.75
kreisfahrt,49.4,39.31,3,2238,392.85
kreisfahrt,49.5,39.35,3,2240,393.94
kreisfahrt,49.6,39.39,3,2243,395.03
kreisfahrt,49.7,39.44,3,2245,396.13
kreisfahrt,49.8,39.48,3,2248,397.22
kreisfahrt,49.9,39.53,3,2250,398.32
kreisfahrt,50.0,39.57,3,2253,399.42
kreisfahrt,50.1,39.61,3,2255,400.52
kreisfahrt,50.2,39.66,3,2258,401.62
kreisfahrt,50.3,39.70,3,2260,402.73
kreisfahrt,50.4,39.75,3,2263,403.83
kreisfahrt,50.5,39.79,3,2265,404.93
kreisfahrt,50.6,39.83,3,2268,406.04
kreisfahrt,50.7,39.88,3,2270,407.15
kreisfahrt,50.8,39.92,3,2273,408.26
kreisfahrt,50.9,39.96,3,2275,409.37
kreisfahrt,51.0,40.01,3,2278,410.48
kreisfahrt,51.1,40.05,3,2280,411.59
kreisfahrt,51.2,40.10,3,2283,412.70
kreisfahrt,51.3,40.14,3,2285,413.82
kreisfahrt,51.4,40.18,3,2287,414.94
kreisfahrt,51.5,40.23,3,2290,416.05
kreisfahrt,51.6,40.27,3,2292,417.17
kreisfahrt,51.7,40.31,3,2295,418.29
kreisfahrt,51.8,40.36,3,2297,419.41
kreisfahrt,51.9,40.40,3,2300,420.53
kreisfahrt,52.0,40.44,3,2302,421.66
kreisfahrt,52.1,40.49,3,2305,422.78
kreisfahrt,52.2,40.53,3,2307,423.91
kreisfahrt,52.3,40.57,3,2310,425.03
kreisfahrt,52.4,40.62,3,2312,426.16
kreisfahrt,52.5,40.66,3,2315,427.29
kreisfahrt,52.6,40.70,3,2317,428.42
kreisfahrt,52.7,40.75,3,2320,429.55
kreisfahrt,52.8,40.79,3,2322,430.69
kreisfahrt,52.9,40.83,3,2324,431.82
kreisfahrt,53.0,40.87,3,2327,432.96
kreisfahrt,53.1,40.92,3,2329,434.09
kreisfahrt,53.2,40.96,3,2332,435.23
kreisfahrt,53.3,41.00,3,2334,436.37
kreisfahrt,53.4,41.05,3,2337,437.51
kreisfahrt,53.5,41.09,3,2339,438.65
kreisfahrt,53.6,41.13,3,2342,439.79
kreisfahrt,53.7,41.18,3,2344,440.94
kreisfahrt,53.8,41.22,3,2347,442.08
kreisfahrt,53.9,41.26,3,2349,443.23
kreisfahrt,54.0,41.31,3,2351,444.37
kreisfahrt,54.1,41.35,3,2354,445.52
kreisfahrt,54.2,41.39,3,2356,446.67
kreisfahrt,54.3,41.44,3,2359,447.82
kreisfahrt,54.4,41.48,3,2361,448.98
kreisfahrt,54.5,41.52,3,2364,450.13
kreisfahrt,54.6,41.56,3,2366,451.28
kreisfahrt,54.7,41.61,3,2369,452.44
kreisfahrt,54.8,41.65,3,2371,453.60
kreisfahrt,54.9,41.69,3,2374,454.75
kreisfahrt,55.0,41.74,3,2376,455.91
kreisfahrt,55.1,41.78,3,2378,457.07
kreisfahrt,55.2,41.82,3,2381,458.23
kreisfahrt,55.3,41.87,3,2383,459.40
kreisfahrt,55.4,41.91,3,2386,460.56
kreisfahrt,55.5,41.95,3,2388,461.73
kreisfahrt,55.6,42.00,3,2391,462.89
kreisfahrt,55.7,42.04,3,2393,464.06
kreisfahrt,55.8,42.08,3,2396,465.23
kreisfahrt,55.9,42.12,3,2398,466.40
kreisfahrt,56.0,42.17,3,2400,467.57
kreisfahrt,56.1,42.21,3,2403,468.74
kreisfahrt,56.2,42.25,3,2405,469.92
kreisfahrt,56.3,42.30,3,2408,471.09
kreisfahrt,56.4,42.34,3,2410,472.27
kreisfahrt,56.5,42.38,3,2413,473.44
kreisfahrt,56.6,42.43,3,2415,474.62
kreisfahrt,56.7,42.47,3,2418,475.80
kreisfahrt,56.8,42.51,3,2420,476.98
kreisfahrt,56.9,42.56,3,2423,478.16
kreisfahrt,57.0,42.60,3,2425,479.35
kreisfahrt,57.1,42.64,3,2427,480.53
kreisfahrt,57.2,42.68,3,2430,481.72
kreisfahrt,57.3,42.73,3,2432,482.90
kreisfahrt,57.4,42.77,3,2435,484.09
kreisfahrt,57.5,42.81,3,2437,485.28
kreisfahrt,57.6,42.86,3,2440,486.47
kreisfahrt,57.7,42.90,3,2442,487.66
kreisfahrt,57.8,42.94,3,2445,488.86
kreisfahrt,57.9,42.99,3,2447,490.05
kreisfahrt,58.0,43.03,3,2450,491.25
kreisfahrt,58.1,43.07,3,2452,492.44
kreisfahrt,58.2,43.12,3,2454,493.64
kreisfahrt,58.3,43.16,3,2457,494.84
kreisfahrt,58.4,43.20,3,2459,496.04
kreisfahrt,58.5,43.25,3,2462,497.24
kreisfahrt,58.6,43.29,3,2464,498.44
kreisfahrt,58.7,43.33,3,2467,499.64
kreisfahrt,58.8,43.37,3,2469,500.85
kreisfahrt,58.9,43.42,3,2472,502.06
kreisfahrt,59.0,43.46,3,2474,503.26
kreisfahrt,59.1,43.50,3,2477,504.47
kreisfahrt,59.2,43.55,3,2479,505.68
kreisfahrt,59.3,43.59,3,2481,506.89
kreisfahrt,59.4,43.63,3,2484,508.10
kreisfahrt,59.5,43.68,3,2486,509.32
kreisfahrt,59.6,43.72,3,2489,510.53
kreisfahrt,59.7,43.76,3,2491,511.75
kreisfahrt,59.8,43.81,3,2494,512.96
kreisfahrt,59.9,43.85,3,2496,514.18
kreisfahrt,60.0,43.89,3,2499,515.40
kreisfahrt,60.1,43.93,3,2501,516.62
kreisfahrt,60.2,43.98,3,2504,517.84
kreisfahrt,60.3,44.02,3,2506,519.06
kreisfahrt,60.4,44.06,3,2508,520.29
kreisfahrt,60.5,44.11,3,2511,521.51
kreisfahrt,60.6,44.15,3,2513,522.74
kreisfahrt,60.7,44.19,3,2516,523.97
kreisfahrt,60.8,44.24,3,2518,525.19
kreisfahrt,60.9,44.28,3,2521,526.42
kreisfahrt,61.0,44.32,3,2523,527.65
kreisfahrt,61.1,44.37,3,2526,528.89
kreisfahrt,61.2,44.41,3,2528,530.12
kreisfahrt,61.3,44.45,3,2531,531.35
kreisfahrt,61.4,44.50,3,2533,532.59
kreisfahrt,61.5,44.54,3,2535,533.83
kreisfahrt,61.6,44.58,3,2538,535.07
kreisfahrt,61.7,44.62,3,2540,536.31
kreisfahrt,61.8,44.67,3,2543,537.55
kreisfahrt,61.9,44.71,3,2545,538.79
kreisfahrt,62.0,44.75,3,2548,540.03
kreisfahrt,62.1,44.80,3,2550,541.27
kreisfahrt,62.2,44.84,3,2553,542.52
kreisfahrt,62.3,44.88,3,2555,543.77
kreisfahrt,62.4,44.93,3,2558,545.01
kreisfahrt,62.5,44.97,3,2560,546.26
kreisfahrt,62.6,45.01,3,2562,547.51
kreisfahrt,62.7,45.06,3,2565,548.76
kreisfahrt,62.8,45.10,3,2567,550.02
kreisfahrt,62.9,45.14,3,2570,551.27
kreisfahrt,63.0,45.19,3,2572,552.53
kreisfahrt,63.1,45.23,3,2575,553.78
kreisfahrt,63.2,45.27,3,2577,555.04
kreisfahrt,63.3,45.31,3,2580,556.30
kreisfahrt,63.4,45.36,3,2582,557.56
kreisfahrt,63.5,45.40,3,2585,558.82
kreisfahrt,63.6,45.44,3,2587,560.08
kreisfahrt,63.7,45.49,3,2589,561.34
kreisfahrt,63.8,45.53,3,2592,562.61
kreisfahrt,63.9,45.57,3,2594,563.87
kreisfahrt,64.0,45.62,3,2597,565.14
kreisfahrt,64.1,45.66,3,2599,566.41
kreisfahrt,64.2,45.70,3,2602,567.68
kreisfahrt,64.3,45.75,3,2604,568.95
kreisfahrt,64.4,45.79,3,2607,570.22
kreisfahrt,64.5,45.83,3,2609,571.49
kreisfahrt,64.6,45.87,3,2612,572.77
kreisfahrt,64.7,45.92,3,2614,574.04
kreisfahrt,64.8,45.96,3,2616,575.32
kreisfahrt,64.9,46.00,3,2619,576.60
kreisfahrt,65.0,46.05,3,2621,577.88
kreisfahrt,65.1,46.09,3,2624,579.16
kreisfahrt,65.2,46.13,3,2626,580.44
kreisfahrt,65.3,46.18,3,2629,581.72
kreisfahrt,65.4,46.22,3,2631,583.00
kreisfahrt,65.5,46.26,3,2634,584.29
kreisfahrt,65.6,46.31,3,2636,585.57
kreisfahrt,65.7,46.35,3,2639,586.86
kreisfahrt,65.8,46.39,3,2641,588.15
kreisfahrt,65.9,46.44,3,2643,589.44
kreisfahrt,66.0,46.48,3,2646,590.73
kreisfahrt,66.1,46.52,3,2648,592.02
kreisfahrt,66.2,46.56,3,2651,593.32
kreisfahrt,66.3,46.61,3,2653,594.61
kreisfahrt,66.4,46.65,3,2656,595.91
kreisfahrt,66.5,46.69,3,2658,597.20
kreisfahrt,66.6,46.74,3,2661,598.50
kreisfahrt,66.7,46.78,3,2663,599.80
kreisfahrt,66.8,46.82,3,2666,601.10
kreisfahrt,66.9,46.87,3,2668,602.40
kreisfahrt,67.0,46.91,3,2670,603.70
kreisfahrt,67.1,46.95,3,2673,605.01
kreisfahrt,67.2,47.00,3,2675,606.31
kreisfahrt,67.3,47.04,3,2678,607.62
kreisfahrt,67.4,47.08,3,2680,608.93
kreisfahrt,67.5,47.13,3,2683,610.24
kreisfahrt,67.6,47.17,3,2685,611.55
kreisfahrt,67.7,47.21,3,2688,612.86
kreisfahrt,67.8,47.25,3,2690,614.17
kreisfahrt,67.9,47.30,3,2693,615.48
kreisfahrt,68.0,47.34,3,2695,616.80
kreisfahrt,68.1,47.38,3,2697,618.11
kreisfahrt,68.2,47.43,3,2700,619.43
kreisfahrt,68.3,47.47,3,2702,620.75
kreisfahrt,68.4,47.51,3,2705,622.07
kreisfahrt,68.5,47.56,3,2707,623.39
kreisfahrt,68.6,47.60,3,2710,624.71
kreisfahrt,68.7,47.64,3,2712,626.04
kreisfahrt,68.8,47.69,3,2715,627.36
kreisfahrt,68.9,47.73,3,2717,628.69
kreisfahrt,69.0,47.77,3,2720,630.01
kreisfahrt,69.1,47.81,3,2722,631.34
kreisfahrt,69.2,47.86,3,2724,632.67
kreisfahrt,69.3,47.90,3,2727,634.00
kreisfahrt,69.4,47.94,3,2729,635.33
kreisfahrt,69.5,47.99,3,2732,636.66
kreisfahrt,69.6,48.03,3,2734,638.00
kreisfahrt,69.7,48.07,3,2737,639.33
kreisfahrt,69.8,48.12,3,2739,640.67
kreisfahrt,69.9,48.16,3,2742,642.01
kreisfahrt,70.0,48.20,3,2744,643.35
kreisfahrt,70.1,48.25,3,2747,644.69
kreisfahrt,70.2,48.29,3,2749,646.03
kreisfahrt,70.3,48.33,3,2751,647.37
kreisfahrt,70.4,48.37,3,2754,648.71
kreisfahrt,70.5,48.42,3,2756,650.06
kreisfahrt,70.6,48.46,3,2759,651.40
kreisfahrt,70.7,48.50,3,2761,652.75
kreisfahrt,70.8,48.55,3,2764,654.10
kreisfahrt,70.9,48.59,3,2766,655.45
kreisfahrt,71.0,48.63,3,2769,656.80
kreisfahrt,71.1,48.68,3,2771,658.15
kreisfahrt,71.2,48.72,3,2774,659.50
kreisfahrt,71.3,48.76,3,2776,660.86
kreisfahrt,71.4,48.81,3,2778,662.21
kreisfahrt,71.5,48.85,3,2781,663.57
kreisfahrt,71.6,48.89,3,2783,664.93
kreisfahrt,71.7,48.93,3,2786,666.29
kreisfahrt,71.8,48.98,3,2788,667.65
kreisfahrt,71.9,49.02,3,2791,669.01
kreisfahrt,72.0,49.06,3,2793,670.37
kreisfahrt,72.1,49.11,3,2796,671.73
kreisfahrt,72.2,49.15,3,2798,673.10
kreisfahrt,72.3,49.19,3,2800,674.46
kreisfahrt,72.4,49.24,3,2803,675.83
kreisfahrt,72.5,49.28,3,2805,677.20
kreisfahrt,72.6,49.32,3,2808,678.57
kreisfahrt,72.7,49.37,3,2810,679.94
kreisfahrt,72.8,49.41,3,2813,681.31
kreisfahrt,72.9,49.45,3,2815,682.69
kreisfahrt,73.0,49.50,3,2818,684.06
kreisfahrt,73.1,49.54,3,2820,685.44
kreisfahrt,73.2,49.58,3,2823,686.81
kreisfahrt,73.3,49.62,3,2825,688.19
kreisfahrt,73.4,49.67,3,2827,689.57
kreisfahrt,73.5,49.71,3,2830,690.95
kreisfahrt,73.6,49.75,3,2832,692.33
kreisfahrt,73.7,49.80,3,2835,693.72
kreisfahrt,73.8,49.84,3,2837,695.10
kreisfahrt,73.9,49.88,3,2840,696.49
kreisfahrt,74.0,49.93,3,2842,697.87
kreisfahrt,74.1,49.97,3,2845,699.26
kreisfahrt,74.2,50.01,3,2847,700.65
kreisfahrt,74.3,50.06,3,2850,702.04
kreisfahrt,74.4,50.10,3,2852,703.43
kreisfahrt,74.5,50.14,3,2854,704.82
kreisfahrt,74.6,50.18,3,2857,706.22
kreisfahrt,74.7,50.23,3,2859,707.61
kreisfahrt,74.8,50.27,3,2862,709.01
kreisfahrt,74.9,50.31,3,2864,710.41
kreisfahrt,75.0,50.36,3,2867,711.80
kreisfahrt,75.1,50.40,3,2869,713.20
kreisfahrt,75.2,50.44,3,2872,714.60
kreisfahrt,75.3,50.49,3,2874,716.01
kreisfahrt,75.4,50.53,3,2877,717.41
kreisfahrt,75.5,50.57,3,2879,718.81
kreisfahrt,75.6,50.61,3,2881,720.22
kreisfahrt,75.7,50.66,3,2884,721.63
kreisfahrt,75.8,50.70,3,2886,723.03
kreisfahrt,75.9,50.74,3,2889,724.44
kreisfahrt,76.0,50.79,3,2891,725.85
kreisfahrt,76.1,50.83,3,2894,727.27
kreisfahrt,76.2,50.87,3,2896,728.68
kreisfahrt,76.3,50.92,3,2899,730.09
kreisfahrt,76.4,50.96,3,2901,731.51
kreisfahrt,76.5,51.00,3,2903,732.92
kreisfahrt,76.6,51.05,3,2906,734.34
kreisfahrt,76.7,51.09,3,2908,735.76
kreisfahrt,76.8,51.13,3,2911,737.18
kreisfahrt,76.9,51.17,3,2913,738.60
kreisfahrt,77.0,51.22,3,2916,740.02
kreisfahrt,77.1,51.26,3,2918,741.45
kreisfahrt,77.2,51.30,3,2921,742.87
kreisfahrt,77.3,51.35,3,2923,744.30
kreisfahrt,77.4,51.39,3,2926,745.73
kreisfahrt,77.5,51.43,3,2928,747.15
kreisfahrt,77.6,51.47,3,2930,748.58
kreisfahrt,77.7,51.52,3,2933,750.01
kreisfahrt,77.8,51.56,3,2935,751.45
kreisfahrt,77.9,51.60,3,2938,752.88
kreisfahrt,78.0,51.64,3,2940,754.31
kreisfahrt,78.1,51.69,3,2942,755.75
kreisfahrt,78.2,51.73,3,2945,757.19
kreisfahrt,78.3,51.77,3,2947,758.62
kreisfahrt,78.4,51.81,3,2950,760.06
kreisfahrt,78.5,51.86,3,2952,761.50
kreisfahrt,78.6,51.90,3,2955,762.94
kreisfahrt,78.7,51.94,3,2957,764.39
kreisfahrt,78.8,51.98,3,2959,765.83
kreisfahrt,78.9,52.03,3,2962,767.27
kreisfahrt,79.0,52.07,3,2964,768.72
kreisfahrt,79.1,52.11,3,2967,770.17
kreisfahrt,79.2,52.15,3,2969,771.62
kreisfahrt,79.3,52.19,3,2971,773.07
kreisfahrt,79.4,52.24,3,2974,774.52
kreisfahrt,79.5,52.28,3,2976,775.97
kreisfahrt,79.6,52.32,3,2979,777.42
kreisfahrt,79.7,52.36,3,2981,778.88
kreisfahrt,79.8,52.41,3,2983,780.33
kreisfahrt,79.9,52.45,3,2986,781.79
kreisfahrt,80.0,52.49,3,2988,783.24
kreisfahrt,80.1,52.53,3,2991,784.70
kreisfahrt,80.2,52.58,3,2993,786.16
kreisfahrt,80.3,52.62,3,2996,787.63
kreisfahrt,80.4,52.66,3,2998,789.09
kreisfahrt,80.5,52.70,3,3000,790.55
kreisfahrt,80.6,52.75,3,3003,792.02
kreisfahrt,80.7,52.79,3,3005,793.48
kreisfahrt,80.8,52.83,3,3008,794.95
kreisfahrt,80.9,52.87,3,3010,796.42
kreisfahrt,81.0,52.92,3,3012,797.89
kreisfahrt,81.1,52.96,3,3015,799.36
kreisfahrt,81.2,53.00,3,3017,800.83
kreisfahrt,81.3,53.04,3,3020,802.30
kreisfahrt,81.4,53.09,3,3022,803.78
kreisfahrt,81.5,53.13,3,3025,805.25
kreisfahrt,81.6,53.17,3,3027,806.73
kreisfahrt,81.7,53.22,3,3029,808.21
kreisfahrt,81.8,53.26,3,3032,809.69
kreisfahrt,81.9,53.30,3,3034,811.17
kreisfahrt,82.0,53.34,3,3037,812.65
kreisfahrt,82.1,53.39,3,3039,814.13
kreisfahrt,82.2,53.43,3,3042,815.61
kreisfahrt,82.3,53.47,3,3044,817.10
kreisfahrt,82.4,53.51,3,3046,818.58
kreisfahrt,82.5,53.56,3,3049,820.07
kreisfahrt,82.6,53.60,3,3051,821.56
kreisfahrt,82.7,53.64,3,3054,823.05
kreisfahrt,82.8,53.69,3,3056,824.54
kreisfahrt,82.9,53.73,3,3059,826.03
kreisfahrt,83.0,53.77,3,3061,827.53
kreisfahrt,83.1,53.81,3,3064,829.02
kreisfahrt,83.2,53.86,3,3066,830.52
kreisfahrt,83.3,53.90,3,3068,832.01
kreisfahrt,83.4,53.94,3,3071,833.51
kreisfahrt,83.5,53.99,3,3073,835.01
kreisfahrt,83.6,54.03,3,3076,836.51
kreisfahrt,83.7,54.07,3,3078,838.01
kreisfahrt,83.8,54.11,3,3081,839.51
kreisfahrt,83.9,54.16,3,3083,841.02
kreisfahrt,84.0,54.20,3,3086,842.52
kreisfahrt,84.1,54.24,3,3088,844.03
kreisfahrt,84.2,54.29,3,3090,845.54
kreisfahrt,84.3,54.33,3,3093,847.05
kreisfahrt,84.4,54.37,3,3095,848.56
kreisfahrt,84.5,54.41,3,3098,850.07
kreisfahrt,84.6,54.46,3,3100,851.58
kreisfahrt,84.7,54.50,3,3103,853.09
kreisfahrt,84.8,54.54,3,3105,854.61
kreisfahrt,84.9,54.59,3,3107,856.12
kreisfahrt,85.0,54.63,3,3110,857.64
kreisfahrt,85.1,54.67,3,3112,859.16
kreisfahrt,85.2,54.71,3,3115,860.68
kreisfahrt,85.3,54.76,3,3117,862.20
kreisfahrt,85.4,54.80,3,3120,863.72
kreisfahrt,85.5,54.84,3,3122,865.24
kreisfahrt,85.6,54.89,3,3125,866.77
kreisfahrt,85.7,54.93,3,3127,868.29
kreisfahrt,85.8,54.97,3,3129,869.82
kreisfahrt,85.9,55.01,3,3132,871.35
kreisfahrt,86.0,55.06,3,3134,872.88
kreisfahrt,86.1,55.10,3,3137,874.41
kreisfahrt,86.2,55.14,3,3139,875.94
kreisfahrt,86.3,55.19,3,3142,877.47
kreisfahrt,86.4,55.23,3,3144,879.00
kreisfahrt,86.5,55.27,3,3147,880.54
kreisfahrt,86.6,55.32,3,3149,882.07
kreisfahrt,86.7,55.36,3,3151,883.61
kreisfahrt,86.8,55.40,3,3154,885.15
kreisfahrt,86.9,55.44,3,3156,886.69
kreisfahrt,87.0,55.49,3,3159,888.23
kreisfahrt,87.1,55.53,3,3161,889.77
kreisfahrt,87.2,55.57,3,3164,891.32
kreisfahrt,87.3,55.62,3,3166,892.86
kreisfahrt,87.4,55.66,3,3169,894.41
kreisfahrt,87.5,55.70,3,3171,895.95
kreisfahrt,87.6,55.74,3,3173,897.50
kreisfahrt,87.7,55.79,3,3176,899.05
kreisfahrt,87.8,55.83,3,3178,900.60
kreisfahrt,87.9,55.87,3,3181,902.15
kreisfahrt,88.0,55.92,3,3183,903.71
kreisfahrt,88.1,55.96,3,3186,905.26
kreisfahrt,88.2,56.00,3,3188,906.81
kreisfahrt,88.3,56.04,3,3191,908.37
kreisfahrt,88.4,56.09,3,3193,909.93
kreisfahrt,88.5,56.13,3,3195,911.49
kreisfahrt,88.6,56.17,3,3198,913.05
kreisfahrt,88.7,56.22,3,3200,914.61
kreisfahrt,88.8,56.26,3,3203,916.17
kreisfahrt,88.9,56.30,3,3205,917.73
kreisfahrt,89.0,56.34,3,3208,919.30
kreisfahrt,89.1,56.39,3,3210,920.86
kreisfahrt,89.2,56.43,3,3213,922.43
kreisfahrt,89.3,56.47,3,3215,924.00
kreisfahrt,89.4,56.52,3,3217,925.57
kreisfahrt,89.5,56.56,3,3220,927.14
kreisfahrt,89.6,56.60,3,3222,928.71
kreisfahrt,89.7,56.65,3,3225,930.28
kreisfahrt,89.8,56.69,3,3227,931.86
kreisfahrt,89.9,56.73,3,3230,933.43
kreisfahrt,90.0,56.77,3,3232,935.01
kreisfahrt,90.1,56.82,3,3234,936.59
kreisfahrt,90.2,56.86,3,3237,938.17
kreisfahrt,90.3,56.90,3,3239,939.75
kreisfahrt,90.4,56.95,3,3242,941.33
kreisfahrt,90.5,56.99,3,3244,942.91
kreisfahrt,90.6,57.03,3,3247,944.49
kreisfahrt,90.7,57.07,3,3249,946.08
kreisfahrt,90.8,57.12,3,3252,947.67
kreisfahrt,90.9,57.16,3,3254,949.25
kreisfahrt,91.0,57.20,3,3256,950.84
kreisfahrt,91.1,57.25,3,3259,952.43
kreisfahrt,91.2,57.29,3,3261,954.02
kreisfahrt,91.3,57.33,3,3264,955.61
kreisfahrt,91.4,57.37,3,3266,957.21
kreisfahrt,91.5,57.42,3,3269,958.80
kreisfahrt,91.6,57.46,3,3271,960.40
kreisfahrt,91.7,57.50,3,3274,961.99
kreisfahrt,91.8,57.55,3,3276,963.59
kreisfahrt,91.9,57.59,3,3278,965.19
kreisfahrt,92.0,57.63,3,3281,966.79
kreisfahrt,92.1,57.66,4,2235,968.39
kreisfahrt,92.2,57.66,4,2235,969.99
kreisfahrt,92.3,57.66,4,2235,971.60
kreisfahrt,92.4,57.67,4,2236,973.20
kreisfahrt,92.5,57.69,4,2236,974.80
kreisfahrt,92.6,57.71,4,2237,976.40
kreisfahrt,92.7,57.73,4,2238,978.01
kreisfahrt,92.8,57.76,4,2239,979.61
kreisfahrt,92.9,57.78,4,2240,981.22
kreisfahrt,93.0,57.81,4,2241,982.82
kreisfahrt,93.1,57.84,4,2242,984.43
kreisfahrt,93.2,57.88,4,2244,986.03
kreisfahrt,93.3,57.91,4,2245,987.64
kreisfahrt,93.4,57.95,4,2246,989.25
kreisfahrt,93.5,57.99,4,2248,990.86
kreisfahrt,93.6,58.03,4,2249,992.47
kreisfahrt,93.7,58.07,4,2251,994.09
kreisfahrt,93.8,58.11,4,2253,995.70
kreisfahrt,93.9,58.15,4,2254,997.31
kreisfahrt,94.0,58.20,4,2256,998.93
kreisfahrt,94.1,58.24,4,2258,1000.55
kreisfahrt,94.2,58.29,4,2260,1002.17
kreisfahrt,94.3,58.33,4,2261,1003.79
kreisfahrt,94.4,58.38,4,2263,1005.41
kreisfahrt,94.5,58.43,4,2265,1007.03
kreisfahrt,94.6,58.48,4,2267,1008.65
kreisfahrt,94.7,58.53,4,2269,1010.28
kreisfahrt,94.8,58.57,4,2271,1011.91
kreisfahrt,94.9,58.62,4,2273,1013.53
kreisfahrt,95.0,58.67,4,2274,1015.16
kreisfahrt,95.1,58.72,4,2276,1016.79
kreisfahrt,95.2,58.77,4,2278,1018.43
kreisfahrt,95.3,58.82,4,2280,1020.06
kreisfahrt,95.4,58.87,4,2282,1021.69
kreisfahrt,95.5,58.92,4,2284,1023.33
kreisfahrt,95.6,58.97,4,2286,1024.97
kreisfahrt,95.7,59.03,4,2288,1026.61
kreisfahrt,95.8,59.08,4,2290,1028.25
kreisfahrt,95.9,59.13,4,2292,1029.89
kreisfahrt,96.0,59.18,4,2294,1031.53
kreisfahrt,96.1,59.23,4,2296,1033.18
kreisfahrt,96.2,59.28,4,2298,1034.82
kreisfahrt,96.3,59.33,4,2300,1036.47
kreisfahrt,96.4,59.38,4,2302,1038.12
kreisfahrt,96.5,59.43,4,2304,1039.77
kreisfahrt,96.6,59.48,4,2306,1041.42
kreisfahrt,96.7,59.52,4,2307,1043.07
kreisfahrt,96.8,59.57,4,2309,1044.73
kreisfahrt,96.9,59.62,4,2311,1046.38
kreisfahrt,97.0,59.67,4,2313,1048.04
kreisfahrt,97.1,59.72,4,2315,1049.70
kreisfahrt,97.2,59.77,4,2317,1051.36
kreisfahrt,97.3,59.82,4,2319,1053.02
kreisfahrt,97.4,59.87,4,2321,1054.68
kreisfahrt,97.5,59.91,4,2323,1056.34
kreisfahrt,97.6,59.96,4,2324,1058.01
kreisfahrt,97.7,60.01,4,2326,1059.68
kreisfahrt,97.8,60.06,4,2328,1061.34
kreisfahrt,97.9,60.10,4,2330,1063.01
kreisfahrt,98.0,60.15,4,2332,1064.68
kreisfahrt,98.1,60.20,4,2334,1066.35
kreisfahrt,98.2,60.24,4,2335,1068.03
kreisfahrt,98.3,60.29,4,2337,1069.70
kreisfahrt,98.4,60.34,4,2339,1071.38
kreisfahrt,98.5,60.38,4,2341,1073.05
kreisfahrt,98.6,60.43,4,2343,1074.73
kreisfahrt,98.7,60.47,4,2344,1076.41
kreisfahrt,98.8,60.52,4,2346,1078.09
kreisfahrt,98.9,60.56,4,2348,1079.77
kreisfahrt,99.0,60.61,4,2350,1081.46
kreisfahrt,99.1,60.66,4,2351,1083.14
kreisfahrt,99.2,60.70,4,2353,1084.82
kreisfahrt,99.3,60.75,4,2355,1086.51
kreisfahrt,99.4,60.79,4,2357,1088.20
kreisfahrt,99.5,60.83,4,2358,1089.89
kreisfahrt,99.6,60.88,4,2360,1091.58
kreisfahrt,99.7,60.92,4,2362,1093.27
kreisfahrt,99.8,60.97,4,2363,1094.96
kreisfahrt,99.9,61.01,4,2365,1096.66
kreisfahrt,100.0,61.06,4,2367,1098.35
kreisfahrt,100.1,61.10,4,2369,1100.05
kreisfahrt,100.2,61.14,4,2370,1101.75
kreisfahrt,100.3,61.19,4,2372,1103.45
kreisfahrt,100.4,61.23,4,2374,1105.15
kreisfahrt,100.5,61.28,4,2375,1106.85
kreisfahrt,100.6,61.32,4,2377,1108.55
kreisfahrt,100.7,61.36,4,2379,1110.26
kreisfahrt,100.8,61.41,4,2380,1111.96
kreisfahrt,100.9,61.45,4,2382,1113.67
kreisfahrt,101.0,61.49,4,2384,1115.38
kreisfahrt,101.1,61.54,4,2386,1117.08
kreisfahrt,101.2,61.58,4,2387,1118.79
kreisfahrt,101.3,61.62,4,2389,1120.51
kreisfahrt,101.4,61.67,4,2391,1122.22
kreisfahrt,101.5,61.71,4,2392,1123.93
kreisfahrt,101.6,61.75,4,2394,1125.65
kreisfahrt,101.7,61.80,4,2396,1127.36
kreisfahrt,101.8,61.84,4,2397,1129.08
kreisfahrt,101.9,61.88,4,2399,1130.80
kreisfahrt,102.0,61.92,4,2401,1132.52
kreisfahrt,102.1,61.97,4,2402,1134.24
kreisfahrt,102.2,62.01,4,2404,1135.96
kreisfahrt,102.3,62.05,4,2406,1137.68
kreisfahrt,102.4,62.10,4,2407,1139.41
kreisfahrt,102.5,62.14,4,2409,1141.13
kreisfahrt,102.6,62.18,4,2410,1142.86
kreisfahrt,102.7,62.22,4,2412,1144.59
kreisfahrt,102.8,62.27,4,2414,1146.32
kreisfahrt,102.9,62.31,4,2415,1148.05
kreisfahrt,103.0,62.35,4,2417,1149.78
kreisfahrt,103.1,62.39,4,2419,1151.51
kreisfahrt,103.2,62.44,4,2420,1153.25
kreisfahrt,103.3,62.48,4,2422,1154.98
kreisfahrt,103.4,62.52,4,2424,1156.72
kreisfahrt,103.5,62.56,4,2425,1158.45
kreisfahrt,103.6,62.61,4,2427,1160.19
kreisfahrt,103.7,62.65,4,2429,1161.93
kreisfahrt,103.8,62.69,4,2430,1163.67
kreisfahrt,103.9,62.73,4,2432,1165.42
kreisfahrt,104.0,62.78,4,2434,1167.16
kreisfahrt,104.1,62.82,4,2435,1168.90
kreisfahrt,104.2,62.86,4,2437,1170.65
kreisfahrt,104.3,62.90,4,2439,1172.40
kreisfahrt,104.4,62.95,4,2440,1174.14
kreisfahrt,104.5,62.99,4,2442,1175.89
kreisfahrt,104.6,63.03,4,2443,1177.64
kreisfahrt,104.7,63.07,4,2445,1179.39
kreisfahrt,104.8,63.12,4,2447,1181.15
kreisfahrt,104.9,63.16,4,2448,1182.90
kreisfahrt,105.0,63.20,4,2450,1184.66
kreisfahrt,105.1,63.24,4,2452,1186.41
kreisfahrt,105.2,63.29,4,2453,1188.17
kreisfahrt,105.3,63.33,4,2455,1189.93
kreisfahrt,105.4,63.37,4,2457,1191.69
kreisfahrt,105.5,63.41,4,2458,1193.45
kreisfahrt,105.6,63.46,4,2460,1195.21
kreisfahrt,105.7,63.50,4,2462,1196.97
kreisfahrt,105.8,63.54,4,2463,1198.74
kreisfahrt,105.9,63.58,4,2465,1200.51
kreisfahrt,106.0,63.62,4,2466,1202.27
kreisfahrt,106.1,63.67,4,2468,1204.04
kreisfahrt,106.2,63.71,4,2470,1205.81
kreisfahrt,106.3,63.75,4,2471,1207.58
kreisfahrt,106.4,63.79,4,2473,1209.35
kreisfahrt,106.5,63.84,4,2475,1211.12
kreisfahrt,106.6,63.88,4,2476,1212.90
kreisfahrt,106.7,63.92,4,2478,1214.67
kreisfahrt,106.8,63.96,4,2480,1216.45
kreisfahrt,106.9,64.00,4,2481,1218.23
kreisfahrt,107.0,64.05,4,2483,1220.01
kreisfahrt,107.1,64.09,4,2484,1221.79
kreisfahrt,107.2,64.13,4,2486,1223.57
kreisfahrt,107.3,64.17,4,2488,1225.35
kreisfahrt,107.4,64.22,4,2489,1227.13
kreisfahrt,107.5,64.26,4,2491,1228.92
kreisfahrt,107.6,64.30,4,2493,1230.70
kreisfahrt,107.7,64.34,4,2494,1232.49
kreisfahrt,107.8,64.38,4,2496,1234.28
kreisfahrt,107.9,64.43,4,2498,1236.07
kreisfahrt,108.0,64.47,4,2499,1237.86
kreisfahrt,108.1,64.51,4,2501,1239.65
kreisfahrt,108.2,64.55,4,2502,1241.44
kreisfahrt,108.3,64.59,4,2504,1243.23
kreisfahrt,108.4,64.64,4,2506,1245.03
kreisfahrt,108.5,64.68,4,2507,1246.83
kreisfahrt,108.6,64.72,4,2509,1248.62
kreisfahrt,108.7,64.76,4,2511,1250.42
kreisfahrt,108.8,64.80,4,2512,1252.22
kreisfahrt,108.9,64.85,4,2514,1254.02
kreisfahrt,109.0,64.89,4,2515,1255.82
kreisfahrt,109.1,64.93,4,2517,1257.63
kreisfahrt,109.2,64.97,4,2519,1259.43
kreisfahrt,109.3,65.01,4,2520,1261.24
kreisfahrt,109.4,65.06,4,2522,1263.04
kreisfahrt,109.5,65.10,4,2524,1264.85
kreisfahrt,109.6,65.14,4,2525,1266.66
kreisfahrt,109.7,65.18,4,2527,1268.47
kreisfahrt,109.8,65.22,4,2528,1270.28
kreisfahrt,109.9,65.27,4,2530,1272.10
kreisfahrt,110.0,65.31,4,2532,1273.91
kreisfahrt,110.1,65.35,4,2533,1275.72
kreisfahrt,110.2,65.39,4,2535,1277.54
kreisfahrt,110.3,65.43,4,2537,1279.36
kreisfahrt,110.4,65.47,4,2538,1281.18
kreisfahrt,110.5,65.52,4,2540,1283.00
kreisfahrt,110.6,65.56,4,2541,1284.82
kreisfahrt,110.7,65.60,4,2543,1286.64
kreisfahrt,110.8,65.64,4,2545,1288.46
kreisfahrt,110.9,65.68,4,2546,1290.29
kreisfahrt,111.0,65.72,4,2548,1292.11
kreisfahrt,111.1,65.77,4,2549,1293.94
kreisfahrt,111.2,65.81,4,2551,1295.77
kreisfahrt,111.3,65.85,4,2553,1297.59
kreisfahrt,111.4,65.89,4,2554,1299.42
kreisfahrt,111.5,65.93,4,2556,1301.26
kreisfahrt,111.6,65.97,4,2558,1303.09
kreisfahrt,111.7,66.02,4,2559,1304.92
kreisfahrt,111.8,66.06,4,2561,1306.76
kreisfahrt,111.9,66.10,4,2562,1308.59
kreisfahrt,112.0,66.14,4,2564,1310.43
kreisfahrt,112.1,66.18,4,2566,1312.27
kreisfahrt,112.2,66.22,4,2567,1314.11
kreisfahrt,112.3,66.26,4,2569,1315.95
kreisfahrt,112.4,66.30,4,2570,1317.79
kreisfahrt,112.5,66.35,4,2572,1319.63
kreisfahrt,112.6,66.39,4,2574,1321.48
kreisfahrt,112.7,66.43,4,2575,1323.32
kreisfahrt,112.8,66.47,4,2577,1325.17
kreisfahrt,112.9,66.51,4,2578,1327.01
kreisfahrt,113.0,66.55,4,2580,1328.86
kreisfahrt,113.1,66.59,4,2582,1330.71
kreisfahrt,113.2,66.63,4,2583,1332.56
kreisfahrt,113.3,66.67,4,2585,1334.42
kreisfahrt,113.4,66.72,4,2586,1336.27
kreisfahrt,113.5,66.76,4,2588,1338.12
kreisfahrt,113.6,66.80,4,2589,1339.98
kreisfahrt,113.7,66.84,4,2591,1341.84
kreisfahrt,113.8,66.88,4,2593,1343.69
kreisfahrt,113.9,66.92,4,2594,1345.55
kreisfahrt,114.0,66.96,4,2596,1347.41
kreisfahrt,114.1,67.00,4,2597,1349.27
kreisfahrt,114.2,67.04,4,2599,1351.14
kreisfahrt,114.3,67.08,4,2601,1353.00
kreisfahrt,114.4,67.12,4,2602,1354.86
kreisfahrt,114.5,67.16,4,2604,1356.73
kreisfahrt,114.6,67.20,4,2605,1358.60
kreisfahrt,114.7,67.24,4,2607,1360.46
kreisfahrt,114.8,67.28,4,2608,1362.33
kreisfahrt,114.9,67.32,4,2610,1364.20
kreisfahrt,115.0,67.37,4,2611,1366.08
kreisfahrt,115.1,67.41,4,2613,1367.95
kreisfahrt,115.2,67.45,4,2615,1369.82
kreisfahrt,115.3,67.49,4,2616,1371.70
kreisfahrt,115.4,67.53,4,2618,1373.57
kreisfahrt,115.5,67.57,4,2619,1375.45
kreisfahrt,115.6,67.61,4,2621,1377.33
kreisfahrt,115.7,67.65,4,2622,1379.21
kreisfahrt,115.8,67.69,4,2624,1381.09
kreisfahrt,115.9,67.73,4,2625,1382.97
kreisfahrt,116.0,67.76,4,2627,1384.85
kreisfahrt,116.1,67.80,4,2629,1386.74
kreisfahrt,116.2,67.84,4,2630,1388.62
kreisfahrt,116.3,67.88,4,2632,1390.51
kreisfahrt,116.4,67.92,4,2633,1392.39
kreisfahrt,116.5,67.96,4,2635,1394.28
kreisfahrt,116.6,68.00,4,2636,1396.17
kreisfahrt,116.7,68.04,4,2638,1398.06
kreisfahrt,116.8,68.08,4,2639,1399.95
kreisfahrt,116.9,68.12,4,2641,1401.85
kreisfahrt,117.0,68.16,4,2642,1403.74
kreisfahrt,117.1,68.20,4,2644,1405.63
kreisfahrt,117.2,68.24,4,2645,1407.53
kreisfahrt,117.3,68.28,4,2647,1409.43
kreisfahrt,117.4,68.32,4,2648,1411.33
kreisfahrt,117.5,68.36,4,2650,1413.23
kreisfahrt,117.6,68.39,4,2651,1415.13
kreisfahrt,117.7,68.43,4,2653,1417.03
kreisfahrt,117.8,68.47,4,2654,1418.93
kreisfahrt,117.9,68.51,4,2656,1420.83
kreisfahrt,118.0,68.55,4,2657,1422.74
kreisfahrt,118.1,68.59,4,2659,1424.64
kreisfahrt,118.2,68.63,4,2660,1426.55
kreisfahrt,118.3,68.66,4,2662,1428.46
kreisfahrt,118.4,68.70,4,2663,1430.37
kreisfahrt,118.5,68.74,4,2665,1432.28
kreisfahrt,118.6,68.78,4,2666,1434.19
kreisfahrt,118.7,68.82,4,2668,1436.10
kreisfahrt,118.8,68.86,4,2669,1438.02
kreisfahrt,118.9,68.90,4,2671,1439.93
kreisfahrt,119.0,68.93,4,2672,1441.85
kreisfahrt,119.1,68.97,4,2674,1443.76
kreisfahrt,119.2,69.01,4,2675,1445.68
kreisfahrt,119.3,69.05,4,2677,1447.60
kreisfahrt,119.4,69.09,4,2678,1449.52
kreisfahrt,119.5,69.12,4,2680,1451.44
kreisfahrt,119.6,69.16,4,2681,1453.36
kreisfahrt,119.7,69.20,4,2683,1455.28
kreisfahrt,119.8,69.24,4,2684,1457.21
kreisfahrt,119.9,69.27,4,2685,1459.13
kreisfahrt,120.0,69.31,4,2687,1461.06
kreisfahrt,120.1,69.35,4,2688,1462.99
kreisfahrt,120.2,69.39,4,2690,1464.91
kreisfahrt,120.3,69.42,4,2691,1466.84
kreisfahrt,120.4,69.46,4,2693,1468.77
kreisfahrt,120.5,69.50,4,2694,1470.71
kreisfahrt,120.6,69.54,4,2696,1472.64
kreisfahrt,120.7,69.57,4,2697,1474.57
kreisfahrt,120.8,69.61,4,2698,1476.51
kreisfahrt,120.9,69.65,4,2700,1478.44
kreisfahrt,121.0,69.68,4,2701,1480.38
kreisfahrt,121.1,69.72,4,2703,1482.31
kreisfahrt,121.2,69.75,4,2704,1484.25
kreisfahrt,121.3,69.79,4,2705,1486.19
kreisfahrt,121.4,69.83,4,2707,1488.13
kreisfahrt,121.5,69.86,4,2708,1490.07
