test,t_s,kmh,gang,drehzahl,strecke_m
beschleunigung,0.0,0.00,1,0,0.00
beschleunigung,0.1,0.89,1,990,0.01
beschleunigung,0.2,1.77,1,990,0.05
beschleunigung,0.3,2.65,1,990,0.11
beschleunigung,0.4,3.53,1,990,0.20
beschleunigung,0.5,4.42,1,990,0.31
beschleunigung,0.6,5.30,1,990,0.45
beschleunigung,0.7,6.18,1,1102,0.61
beschleunigung,0.8,7.06,1,1261,0.79
beschleunigung,0.9,7.94,1,1420,1.00
beschleunigung,1.0,8.83,1,1579,1.24
beschleunigung,1.1,9.71,1,1738,1.50
beschleunigung,1.2,10.55,1,1892,1.78
beschleunigung,1.3,11.34,1,2034,2.08
beschleunigung,1.4,12.00,2,1393,2.41
beschleunigung,1.5,12.51,2,1453,2.75
beschleunigung,1.6,13.02,2,1512,3.10
beschleunigung,1.7,13.53,2,1572,3.47
beschleunigung,1.8,14.04,2,1631,3.86
beschleunigung,1.9,14.55,2,1691,4.26
beschleunigung,2.0,15.06,2,1750,4.67
beschleunigung,2.1,15.56,2,1809,5.09
beschleunigung,2.2,16.09,2,1869,5.53
beschleunigung,2.3,16.60,2,1930,5.99
beschleunigung,2.4,17.10,2,1988,6.46
beschleunigung,2.5,17.59,2,2045,6.94
beschleunigung,2.6,18.06,2,2100,7.43
beschleunigung,2.7,18.47,3,1391,7.94
beschleunigung,2.8,18.79,3,1415,8.46
beschleunigung,2.9,19.11,3,1440,8.99
beschleunigung,3.0,19.43,3,1464,9.52
beschleunigung,3.1,19.75,3,1488,10.07
beschleunigung,3.2,20.07,3,1512,10.62
beschleunigung,3.3,20.39,3,1536,11.18
beschleunigung,3.4,20.71,3,1561,11.76
beschleunigung,3.5,21.11,3,1590,12.34
beschleunigung,3.6,21.52,3,1621,12.93
beschleunigung,3.7,21.92,3,1651,13.53
beschleunigung,3.8,22.33,3,1682,14.15
beschleunigung,3.9,22.74,3,1713,14.77
beschleunigung,4.0,23.15,3,1744,15.41
beschleunigung,4.1,23.56,3,1774,16.06
beschleunigung,4.2,23.95,3,1805,16.72
beschleunigung,4.3,24.35,3,1834,17.39
beschleunigung,4.4,24.73,3,1863,18.08
beschleunigung,4.5,25.11,3,1892,18.77
beschleunigung,4.6,25.48,3,1920,19.47
beschleunigung,4.7,25.85,3,1948,20.18
beschleunigung,4.8,26.21,3,1975,20.91
beschleunigung,4.9,26.57,3,2002,21.64
beschleunigung,5.0,26.92,3,2028,22.38
beschleunigung,5.1,27.27,3,2055,23.14
beschleunigung,5.2,27.61,3,2080,23.90
beschleunigung,5.3,27.94,3,2106,24.67
beschleunigung,5.4,28.28,3,2131,25.45
beschleunigung,5.5,28.49,4,1392,26.24
beschleunigung,5.6,28.68,4,1402,27.04
beschleunigung,5.7,28.88,4,1411,27.84
beschleunigung,5.8,29.08,4,1421,28.64
beschleunigung,5.9,29.27,4,1431,29.45
beschleunigung,6.0,29.47,4,1440,30.27
beschleunigung,6.1,29.67,4,1450,31.09
beschleunigung,6.2,29.90,4,1461,31.92
beschleunigung,6.3,30.20,4,1476,32.75
beschleunigung,6.4,30.50,4,1490,33.59
beschleunigung,6.5,30.80,4,1505,34.45
beschleunigung,6.6,31.10,4,1520,35.31
beschleunigung,6.7,31.41,4,1535,36.18
beschleunigung,6.8,31.71,4,1549,37.05
beschleunigung,6.9,32.01,4,1564,37.94
beschleunigung,7.0,32.31,4,1579,38.83
beschleunigung,7.1,32.61,4,1593,39.73
beschleunigung,7.2,32.91,4,1608,40.64
beschleunigung,7.3,33.21,4,1623,41.56
beschleunigung,7.4,33.51,4,1638,42.49
beschleunigung,7.5,33.81,4,1652,43.42
beschleunigung,7.6,34.11,4,1667,44.37
beschleunigung,7.7,34.42,4,1682,45.32
beschleunigung,7.8,34.72,4,1696,46.28
beschleunigung,7.9,35.02,4,1711,47.25
beschleunigung,8.0,35.32,4,1726,48.23
beschleunigung,8.1,35.62,4,1741,49.21
beschleunigung,8.2,35.92,4,1755,50.21
beschleunigung,8.3,36.22,4,1770,51.21
beschleunigung,8.4,36.51,4,1784,52.22
beschleunigung,8.5,36.80,4,1799,53.24
beschleunigung,8.6,37.09,4,1813,54.26
beschleunigung,8.7,37.38,4,1827,55.30
beschleunigung,8.8,37.66,4,1841,56.34
beschleunigung,8.9,37.95,4,1854,57.39
beschleunigung,9.0,38.23,4,1868,58.45
beschleunigung,9.1,38.50,4,1882,59.52
beschleunigung,9.2,38.78,4,1895,60.59
beschleunigung,9.3,39.05,4,1909,61.67
beschleunigung,9.4,39.32,4,1922,62.76
beschleunigung,9.5,39.59,4,1935,63.86
beschleunigung,9.6,39.86,4,1948,64.96
beschleunigung,9.7,40.12,4,1961,66.07
beschleunigung,9.8,40.39,4,1974,67.19
beschleunigung,9.9,40.65,4,1987,68.32
beschleunigung,10.0,40.91,4,1999,69.45
beschleunigung,10.1,41.16,4,2012,70.59
beschleunigung,10.2,41.42,4,2024,71.74
beschleunigung,10.3,41.67,4,2037,72.89
beschleunigung,10.4,41.92,4,2049,74.05
beschleunigung,10.5,42.17,4,2061,75.22
beschleunigung,10.6,42.42,4,2073,76.40
beschleunigung,10.7,42.67,4,2085,77.58
beschleunigung,10.8,42.91,4,2097,78.77
beschleunigung,10.9,43.15,4,2109,79.96
beschleunigung,11.0,43.40,4,2121,81.16
beschleunigung,11.1,43.64,4,2133,82.37
beschleunigung,11.2,43.76,5,1394,83.59
beschleunigung,11.3,43.87,5,1398,84.81
beschleunigung,11.4,43.99,5,1401,86.03
beschleunigung,11.5,44.10,5,1405,87.25
beschleunigung,11.6,44.21,5,1409,88.48
beschleunigung,11.7,44.33,5,1412,89.71
beschleunigung,11.8,44.44,5,1416,90.94
beschleunigung,11.9,44.58,5,1420,92.18
beschleunigung,12.0,44.78,5,1426,93.42
beschleunigung,12.1,44.98,5,1433,94.66
beschleunigung,12.2,45.17,5,1439,95.92
beschleunigung,12.3,45.37,5,1445,97.17
beschleunigung,12.4,45.57,5,1452,98.44
beschleunigung,12.5,45.77,5,1458,99.71
beschleunigung,12.6,45.96,5,1464,100.98
beschleunigung,12.7,46.16,5,1471,102.26
beschleunigung,12.8,46.36,5,1477,103.54
beschleunigung,12.9,46.56,5,1483,104.84
beschleunigung,13.0,46.75,5,1489,106.13
beschleunigung,13.1,46.95,5,1496,107.43
beschleunigung,13.2,47.15,5,1502,108.74
beschleunigung,13.3,47.34,5,1508,110.05
beschleunigung,13.4,47.54,5,1515,111.37
beschleunigung,13.5,47.74,5,1521,112.69
beschleunigung,13.6,47.94,5,1527,114.02
beschleunigung,13.7,48.13,5,1533,115.36
beschleunigung,13.8,48.33,5,1540,116.70
beschleunigung,13.9,48.52,5,1546,118.04
beschleunigung,14.0,48.72,5,1552,119.39
beschleunigung,14.1,48.92,5,1558,120.75
beschleunigung,14.2,49.11,5,1565,122.11
beschleunigung,14.3,49.31,5,1571,123.48
beschleunigung,14.4,49.51,5,1577,124.85
beschleunigung,14.5,49.70,5,1583,126.23
beschleunigung,14.6,49.90,5,1590,127.61
vmax,0.0,0.00,1,0,0.00
vmax,0.1,0.54,1,990,0.01
vmax,0.2,1.14,1,990,0.03
vmax,0.3,1.81,1,990,0.07
vmax,0.4,2.53,1,990,0.13
vmax,0.5,3.28,1,990,0.22
vmax,0.6,4.07,1,990,0.32
vmax,0.7,4.87,1,990,0.44
vmax,0.8,5.69,1,1014,0.59
vmax,0.9,6.53,1,1165,0.76
vmax,1.0,7.37,1,1317,0.96
vmax,1.1,8.23,1,1471,1.17
vmax,1.2,9.09,1,1626,1.42
vmax,1.3,9.95,1,1782,1.68
vmax,1.4,10.77,1,1930,1.97
vmax,1.5,11.52,1,2068,2.28
vmax,1.6,12.14,2,1409,2.61
vmax,1.7,12.65,2,1468,2.95
vmax,1.8,13.15,2,1528,3.31
vmax,1.9,13.66,2,1587,3.69
vmax,2.0,14.17,2,1646,4.07
vmax,2.1,14.68,2,1705,4.48
vmax,2.2,15.19,2,1765,4.89
vmax,2.3,15.68,2,1823,5.32
vmax,2.4,16.21,2,1884,5.76
vmax,2.5,16.72,2,1944,6.22
vmax,2.6,17.22,2,2002,6.69
vmax,2.7,17.70,2,2058,7.18
vmax,2.8,18.17,2,2113,7.68
vmax,2.9,18.54,3,1397,8.19
vmax,3.0,18.86,3,1421,8.71
vmax,3.1,19.18,3,1445,9.24
vmax,3.2,19.50,3,1469,9.78
vmax,3.3,19.82,3,1493,10.32
vmax,3.4,20.14,3,1518,10.88
vmax,3.5,20.47,3,1542,11.44
vmax,3.6,20.79,3,1566,12.02
vmax,3.7,21.20,3,1597,12.60
vmax,3.8,21.61,3,1628,13.19
vmax,3.9,22.02,3,1659,13.80
vmax,4.0,22.43,3,1689,14.42
vmax,4.1,22.84,3,1720,15.05
vmax,4.2,23.24,3,1751,15.69
vmax,4.3,23.65,3,1781,16.34
vmax,4.4,24.05,3,1811,17.00
vmax,4.5,24.44,3,1841,17.68
vmax,4.6,24.82,3,1870,18.36
vmax,4.7,25.20,3,1898,19.06
vmax,4.8,25.57,3,1926,19.76
vmax,4.9,25.93,3,1954,20.48
vmax,5.0,26.29,3,1981,21.20
vmax,5.1,26.65,3,2008,21.94
vmax,5.2,27.00,3,2035,22.68
vmax,5.3,27.34,3,2061,23.44
vmax,5.4,27.69,3,2086,24.20
vmax,5.5,28.02,3,2112,24.98
vmax,5.6,28.33,4,1385,25.76
vmax,5.7,28.53,4,1394,26.55
vmax,5.8,28.72,4,1404,27.35
vmax,5.9,28.92,4,1414,28.15
vmax,6.0,29.12,4,1423,28.95
vmax,6.1,29.32,4,1433,29.77
vmax,6.2,29.51,4,1442,30.58
vmax,6.3,29.71,4,1452,31.41
vmax,6.4,29.97,4,1464,32.23
vmax,6.5,30.27,4,1479,33.07
vmax,6.6,30.57,4,1494,33.92
vmax,6.7,30.87,4,1508,34.77
vmax,6.8,31.17,4,1523,35.63
vmax,6.9,31.47,4,1538,36.50
vmax,7.0,31.78,4,1553,37.38
vmax,7.1,32.08,4,1567,38.27
vmax,7.2,32.38,4,1582,39.16
vmax,7.3,32.68,4,1597,40.07
vmax,7.4,32.98,4,1612,40.98
vmax,7.5,33.28,4,1626,41.90
vmax,7.6,33.58,4,1641,42.83
vmax,7.7,33.88,4,1656,43.77
vmax,7.8,34.18,4,1670,44.71
vmax,7.9,34.48,4,1685,45.67
vmax,8.0,34.79,4,1700,46.63
vmax,8.1,35.09,4,1714,47.60
vmax,8.2,35.39,4,1729,48.58
vmax,8.3,35.69,4,1744,49.57
vmax,8.4,35.99,4,1759,50.56
vmax,8.5,36.28,4,1773,51.57
vmax,8.6,36.58,4,1787,52.58
vmax,8.7,36.87,4,1802,53.60
vmax,8.8,37.16,4,1816,54.63
vmax,8.9,37.45,4,1830,55.67
vmax,9.0,37.73,4,1844,56.71
vmax,9.1,38.01,4,1858,57.76
vmax,9.2,38.29,4,1871,58.82
vmax,9.3,38.57,4,1885,59.89
vmax,9.4,38.84,4,1898,60.97
vmax,9.5,39.12,4,1912,62.05
vmax,9.6,39.39,4,1925,63.14
vmax,9.7,39.65,4,1938,64.24
vmax,9.8,39.92,4,1951,65.34
vmax,9.9,40.18,4,1964,66.46
vmax,10.0,40.45,4,1977,67.58
vmax,10.1,40.71,4,1990,68.70
vmax,10.2,40.97,4,2002,69.84
vmax,10.3,41.22,4,2015,70.98
vmax,10.4,41.48,4,2027,72.13
vmax,10.5,41.73,4,2040,73.28
vmax,10.6,41.98,4,2052,74.45
vmax,10.7,42.23,4,2064,75.62
vmax,10.8,42.48,4,2076,76.79
vmax,10.9,42.72,4,2088,77.98
vmax,11.0,42.97,4,2100,79.17
vmax,11.1,43.21,4,2112,80.37
vmax,11.2,43.45,4,2124,81.57
vmax,11.3,43.67,5,1391,82.78
vmax,11.4,43.78,5,1395,83.99
vmax,11.5,43.90,5,1399,85.21
vmax,11.6,44.01,5,1402,86.43
vmax,11.7,44.12,5,1406,87.66
vmax,11.8,44.24,5,1409,88.89
vmax,11.9,44.35,5,1413,90.12
vmax,12.0,44.46,5,1417,91.35
vmax,12.1,44.62,5,1422,92.59
vmax,12.2,44.82,5,1428,93.83
vmax,12.3,45.02,5,1434,95.08
vmax,12.4,45.22,5,1440,96.33
vmax,12.5,45.42,5,1447,97.59
vmax,12.6,45.61,5,1453,98.85
vmax,12.7,45.81,5,1459,100.12
vmax,12.8,46.01,5,1466,101.40
vmax,12.9,46.21,5,1472,102.68
vmax,13.0,46.40,5,1478,103.97
vmax,13.1,46.60,5,1485,105.26
vmax,13.2,46.80,5,1491,106.56
vmax,13.3,47.00,5,1497,107.86
vmax,13.4,47.19,5,1503,109.17
vmax,13.5,47.39,5,1510,110.48
vmax,13.6,47.59,5,1516,111.80
vmax,13.7,47.78,5,1522,113.13
vmax,13.8,47.98,5,1528,114.46
vmax,13.9,48.18,5,1535,115.79
vmax,14.0,48.37,5,1541,117.13
vmax,14.1,48.57,5,1547,118.48
vmax,14.2,48.77,5,1554,119.83
vmax,14.3,48.96,5,1560,121.19
vmax,14.4,49.16,5,1566,122.55
vmax,14.5,49.35,5,1572,123.92
vmax,14.6,49.55,5,1579,125.29
vmax,14.7,49.75,5,1585,126.67
vmax,14.8,49.94,5,1591,128.06
vmax,14.9,50.14,5,1597,129.45
vmax,15.0,50.33,5,1603,130.84
vmax,15.1,50.53,5,1610,132.25
vmax,15.2,50.72,5,1616,133.65
vmax,15.3,50.92,5,1622,135.06
vmax,15.4,51.11,5,1628,136.48
vmax,15.5,51.31,5,1635,137.90
vmax,15.6,51.50,5,1641,139.33
vmax,15.7,51.70,5,1647,140.77
vmax,15.8,51.89,5,1653,142.21
vmax,15.9,52.09,5,1659,143.65
vmax,16.0,52.28,5,1666,145.10
vmax,16.1,52.48,5,1672,146.55
vmax,16.2,52.67,5,1678,148.02
vmax,16.3,52.87,5,1684,149.48
vmax,16.4,53.06,5,1690,150.95
vmax,16.5,53.26,5,1697,152.43
vmax,16.6,53.45,5,1703,153.91
vmax,16.7,53.64,5,1709,155.40
vmax,16.8,53.84,5,1715,156.89
vmax,16.9,54.03,5,1721,158.39
vmax,17.0,54.23,5,1728,159.89
vmax,17.1,54.42,5,1734,161.40
vmax,17.2,54.61,5,1740,162.92
vmax,17.3,54.81,5,1746,164.44
vmax,17.4,55.00,5,1752,165.96
vmax,17.5,55.19,5,1758,167.49
vmax,17.6,55.38,5,1764,169.03
vmax,17.7,55.58,5,1771,170.57
vmax,17.8,55.77,5,1777,172.12
vmax,17.9,55.95,5,1783,173.67
vmax,18.0,56.14,5,1789,175.23
vmax,18.1,56.33,5,1795,176.79
vmax,18.2,56.52,5,1801,178.36
vmax,18.3,56.70,5,1806,179.93
vmax,18.4,56.89,5,1812,181.51
vmax,18.5,57.07,5,1818,183.09
vmax,18.6,57.25,5,1824,184.68
vmax,18.7,57.44,5,1830,186.27
vmax,18.8,57.62,5,1836,187.87
vmax,18.9,57.80,5,1841,189.47
vmax,19.0,57.98,5,1847,191.08
vmax,19.1,58.16,5,1853,192.70
vmax,19.2,58.34,5,1859,194.31
vmax,19.3,58.52,5,1864,195.94
vmax,19.4,58.69,5,1870,197.56
vmax,19.5,58.87,5,1876,199.20
vmax,19.6,59.04,5,1881,200.84
vmax,19.7,59.22,5,1887,202.48
vmax,19.8,59.39,5,1892,204.13
vmax,19.9,59.57,5,1898,205.78
vmax,20.0,59.74,5,1903,207.44
vmax,20.1,59.91,5,1909,209.10
vmax,20.2,60.08,5,1914,210.76
vmax,20.3,60.25,5,1920,212.44
vmax,20.4,60.42,5,1925,214.11
vmax,20.5,60.59,5,1931,215.79
vmax,20.6,60.76,5,1936,217.48
vmax,20.7,60.93,5,1941,219.17
vmax,20.8,61.10,5,1947,220.86
vmax,20.9,61.26,5,1952,222.56
vmax,21.0,61.43,5,1957,224.27
vmax,21.1,61.59,5,1962,225.98
vmax,21.2,61.76,5,1968,227.69
vmax,21.3,61.92,5,1973,229.41
vmax,21.4,62.09,5,1978,231.13
vmax,21.5,62.25,5,1983,232.86
vmax,21.6,62.41,5,1988,234.59
vmax,21.7,62.57,5,1994,236.33
vmax,21.8,62.73,5,1999,238.07
vmax,21.9,62.89,5,2004,239.81
vmax,22.0,63.05,5,2009,241.56
vmax,22.1,63.21,5,2014,243.32
vmax,22.2,63.37,5,2019,245.07
vmax,22.3,63.53,5,2024,246.84
vmax,22.4,63.69,5,2029,248.60
vmax,22.5,63.84,5,2034,250.37
vmax,22.6,64.00,5,2039,252.15
vmax,22.7,64.16,5,2044,253.93
vmax,22.8,64.31,5,2049,255.71
vmax,22.9,64.47,5,2054,257.50
vmax,23.0,64.62,5,2059,259.30
vmax,23.1,64.77,5,2064,261.09
vmax,23.2,64.93,5,2069,262.90
vmax,23.3,65.08,5,2073,264.70
vmax,23.4,65.23,5,2078,266.51
vmax,23.5,65.38,5,2083,268.33
vmax,23.6,65.53,5,2088,270.14
vmax,23.7,65.68,5,2093,271.97
vmax,23.8,65.83,5,2097,273.79
vmax,23.9,65.98,5,2102,275.62
vmax,24.0,66.13,5,2107,277.46
vmax,24.1,66.28,5,2112,279.30
vmax,24.2,66.42,5,2116,281.14
vmax,24.3,66.57,5,2121,282.99
vmax,24.4,66.72,5,2126,284.84
vmax,24.5,66.86,5,2130,286.70
vmax,24.6,66.99,6,1474,288.55
vmax,24.7,67.04,6,1475,290.42
vmax,24.8,67.10,6,1476,292.28
vmax,24.9,67.15,6,1477,294.14
vmax,25.0,67.21,6,1478,296.01
vmax,25.1,67.26,6,1480,297.88
vmax,25.2,67.32,6,1481,299.75
vmax,25.3,67.37,6,1482,301.62
vmax,25.4,67.47,6,1484,303.49
vmax,25.5,67.59,6,1487,305.37
vmax,25.6,67.71,6,1489,307.25
vmax,25.7,67.83,6,1492,309.13
vmax,25.8,67.94,6,1495,311.01
vmax,25.9,68.06,6,1497,312.90
vmax,26.0,68.18,6,1500,314.80
vmax,26.1,68.30,6,1502,316.69
vmax,26.2,68.42,6,1505,318.59
vmax,26.3,68.54,6,1508,320.49
vmax,26.4,68.65,6,1510,322.40
vmax,26.5,68.77,6,1513,324.31
vmax,26.6,68.89,6,1515,326.22
vmax,26.7,69.01,6,1518,328.13
vmax,26.8,69.13,6,1521,330.05
vmax,26.9,69.24,6,1523,331.98
vmax,27.0,69.36,6,1526,333.90
vmax,27.1,69.48,6,1528,335.83
vmax,27.2,69.60,6,1531,337.76
vmax,27.3,69.71,6,1533,339.70
vmax,27.4,69.83,6,1536,341.63
vmax,27.5,69.95,6,1539,343.58
vmax,27.6,70.07,6,1541,345.52
vmax,27.7,70.18,6,1544,347.47
vmax,27.8,70.30,6,1546,349.42
vmax,27.9,70.42,6,1549,351.37
vmax,28.0,70.53,6,1552,353.33
vmax,28.1,70.65,6,1554,355.29
vmax,28.2,70.77,6,1557,357.26
vmax,28.3,70.88,6,1559,359.22
vmax,28.4,71.00,6,1562,361.20
vmax,28.5,71.12,6,1564,363.17
vmax,28.6,71.23,6,1567,365.15
vmax,28.7,71.35,6,1569,367.13
vmax,28.8,71.47,6,1572,369.11
vmax,28.9,71.58,6,1575,371.10
vmax,29.0,71.70,6,1577,373.09
vmax,29.1,71.81,6,1580,375.08
vmax,29.2,71.93,6,1582,377.08
vmax,29.3,72.05,6,1585,379.08
vmax,29.4,72.16,6,1587,381.08
vmax,29.5,72.28,6,1590,383.09
vmax,29.6,72.39,6,1592,385.10
vmax,29.7,72.51,6,1595,387.11
vmax,29.8,72.62,6,1598,389.12
vmax,29.9,72.74,6,1600,391.14
vmax,30.0,72.85,6,1603,393.17
vmax,30.1,72.97,6,1605,395.19
vmax,30.2,73.08,6,1608,397.22
vmax,30.3,73.20,6,1610,399.25
vmax,30.4,73.31,6,1613,401.29
vmax,30.5,73.43,6,1615,403.33
vmax,30.6,73.54,6,1618,405.37
vmax,30.7,73.66,6,1620,407.41
vmax,30.8,73.77,6,1623,409.46
vmax,30.9,73.89,6,1625,411.51
vmax,31.0,74.00,6,1628,413.56
vmax,31.1,74.12,6,1630,415.62
vmax,31.2,74.23,6,1633,417.68
vmax,31.3,74.35,6,1635,419.75
vmax,31.4,74.46,6,1638,421.81
vmax,31.5,74.57,6,1640,423.88
vmax,31.6,74.69,6,1643,425.96
vmax,31.7,74.80,6,1645,428.03
vmax,31.8,74.92,6,1648,430.11
vmax,31.9,75.03,6,1650,432.19
vmax,32.0,75.14,6,1653,434.28
vmax,32.1,75.26,6,1655,436.37
vmax,32.2,75.37,6,1658,438.46
vmax,32.3,75.48,6,1660,440.56
vmax,32.4,75.60,6,1663,442.66
vmax,32.5,75.71,6,1665,444.76
vmax,32.6,75.82,6,1668,446.86
vmax,32.7,75.94,6,1670,448.97
vmax,32.8,76.05,6,1673,451.08
vmax,32.9,76.16,6,1675,453.20
vmax,33.0,76.28,6,1678,455.31
vmax,33.1,76.39,6,1680,457.43
vmax,33.2,76.50,6,1683,459.56
vmax,33.3,76.61,6,1685,461.68
vmax,33.4,76.73,6,1688,463.81
vmax,33.5,76.84,6,1690,465.95
vmax,33.6,76.95,6,1693,468.08
vmax,33.7,77.06,6,1695,470.22
vmax,33.8,77.18,6,1698,472.36
vmax,33.9,77.29,6,1700,474.51
vmax,34.0,77.40,6,1703,476.66
vmax,34.1,77.51,6,1705,478.81
vmax,34.2,77.62,6,1708,480.96
vmax,34.3,77.73,6,1710,483.12
vmax,34.4,77.85,6,1712,485.28
vmax,34.5,77.96,6,1715,487.45
vmax,34.6,78.07,6,1717,489.61
vmax,34.7,78.18,6,1720,491.78
vmax,34.8,78.29,6,1722,493.96
vmax,34.9,78.40,6,1725,496.13
vmax,35.0,78.52,6,1727,498.31
vmax,35.1,78.63,6,1730,500.50
vmax,35.2,78.74,6,1732,502.68
vmax,35.3,78.85,6,1734,504.87
vmax,35.4,78.96,6,1737,507.06
vmax,35.5,79.07,6,1739,509.26
vmax,35.6,79.18,6,1742,511.46
vmax,35.7,79.29,6,1744,513.66
vmax,35.8,79.40,6,1747,515.86
vmax,35.9,79.51,6,1749,518.07
vmax,36.0,79.61,6,1751,520.28
vmax,36.1,79.69,6,1753,522.49
vmax,36.2,79.76,6,1755,524.71
vmax,36.3,79.82,6,1756,526.92
vmax,36.4,79.87,6,1757,529.14
vmax,36.5,79.92,6,1758,531.36
vmax,36.6,79.95,6,1759,533.58
vmax,36.7,79.99,6,1760,535.80
vmax,36.8,80.01,6,1760,538.02
vmax,36.9,80.04,6,1761,540.25
vmax,37.0,80.06,6,1761,542.47
vmax,37.1,80.08,6,1762,544.69
vmax,37.2,80.09,6,1762,546.92
vmax,37.3,80.10,6,1762,549.14
vmax,37.4,80.12,6,1763,551.37
vmax,37.5,80.13,6,1763,553.60
vmax,37.6,80.13,6,1763,555.82
vmax,37.7,80.14,6,1763,558.05
vmax,37.8,80.15,6,1763,560.27
vmax,37.9,80.15,6,1763,562.50
vmax,38.0,80.16,6,1763,564.73
vmax,38.1,80.16,6,1764,566.95
vmax,38.2,80.16,6,1764,569.18
vmax,38.3,80.17,6,1764,571.41
vmax,38.4,80.17,6,1764,573.63
vmax,38.5,80.17,6,1764,575.86
vmax,38.6,80.17,6,1764,578.09
vmax,38.7,80.17,6,1764,580.31
vmax,38.8,80.18,6,1764,582.54
vmax,38.9,80.18,6,1764,584.77
vmax,39.0,80.18,6,1764,587.00
vmax,39.1,80.18,6,1764,589.22
vmax,39.2,80.18,6,1764,591.45
vmax,39.3,80.18,6,1764,593.68
vmax,39.4,80.18,6,1764,595.90
vmax,39.5,80.18,6,1764,598.13
vmax,39.6,80.18,6,1764,600.36
vmax,39.7,80.18,6,1764,602.59
vmax,39.8,80.18,6,1764,604.81
vmax,39.9,80.18,6,1764,607.04
vmax,40.0,80.18,6,1764,609.27
vmax,40.1,80.18,6,1764,611.49
vmax,40.2,80.18,6,1764,613.72
vmax,40.3,80.18,6,1764,615.95
vmax,40.4,80.18,6,1764,618.18
vmax,40.5,80.18,6,1764,620.40
vmax,40.6,80.18,6,1764,622.63
vmax,40.7,80.18,6,1764,624.86
vmax,40.8,80.18,6,1764,627.09
vmax,40.9,80.18,6,1764,629.31
vmax,41.0,80.18,6,1764,631.54
vmax,41.1,80.18,6,1764,633.77
vmax,41.2,80.18,6,1764,635.99
vmax,41.3,80.18,6,1764,638.22
vmax,41.4,80.18,6,1764,640.45
vmax,41.5,80.18,6,1764,642.68
vmax,41.6,80.18,6,1764,644.90
vmax,41.7,80.18,6,1764,647.13
vmax,41.8,80.18,6,1764,649.36
vmax,41.9,80.18,6,1764,651.59
vmax,42.0,80.18,6,1764,653.81
vmax,42.1,80.18,6,1764,656.04
vmax,42.2,80.18,6,1764,658.27
vmax,42.3,80.18,6,1764,660.50
bremsen_50,0.0,50.00,6,0,0.00
bremsen_50,0.1,49.60,6,1092,1.38
bremsen_50,0.2,48.91,6,1078,2.75
bremsen_50,0.3,47.94,6,1057,4.10
bremsen_50,0.4,46.68,6,1030,5.41
bremsen_50,0.5,45.30,6,999,6.69
bremsen_50,0.6,43.91,6,969,7.92
bremsen_50,0.7,42.53,6,938,9.12
bremsen_50,0.8,41.15,6,908,10.28
bremsen_50,0.9,39.77,6,877,11.40
bremsen_50,1.0,38.38,6,847,12.49
bremsen_50,1.1,37.00,6,817,13.53
bremsen_50,1.2,35.62,6,786,14.54
bremsen_50,1.3,34.24,6,756,15.51
bremsen_50,1.4,32.86,6,726,16.44
bremsen_50,1.5,31.48,6,695,17.33
bremsen_50,1.6,30.11,6,665,18.19
bremsen_50,1.7,28.73,6,635,19.00
bremsen_50,1.8,27.33,5,875,19.78
bremsen_50,1.9,25.92,5,830,20.52
bremsen_50,2.0,24.51,5,785,21.22
bremsen_50,2.1,23.10,5,740,21.88
bremsen_50,2.2,21.69,5,695,22.50
bremsen_50,2.3,20.27,5,650,23.08
bremsen_50,2.4,18.85,4,928,23.62
bremsen_50,2.5,17.41,4,857,24.12
bremsen_50,2.6,15.96,4,786,24.58
bremsen_50,2.7,14.52,4,716,25.00
bremsen_50,2.8,13.07,4,645,25.39
bremsen_50,2.9,11.60,3,885,25.73
bremsen_50,3.0,10.12,3,773,26.03
bremsen_50,3.1,8.64,3,661,26.29
bremsen_50,3.2,7.16,3,550,26.50
bremsen_50,3.3,5.65,2,673,26.68
bremsen_50,3.4,4.14,2,500,26.81
bremsen_50,3.5,2.83,2,500,26.91
bremsen_50,3.6,1.67,2,500,26.97
bremsen_50,3.7,0.50,1,500,27.00
bremsen_50,3.7,0.00,1,500,27.00
kreisfahrt,0.0,18.00,1,0,0.00
kreisfahrt,0.1,17.59,2,2050,0.49
kreisfahrt,0.2,17.53,2,2042,0.98
kreisfahrt,0.3,17.51,2,2041,1.47
kreisfahrt,0.4,17.51,2,2040,1.96
kreisfahrt,0.5,17.51,2,2040,2.44
kreisfahrt,0.6,17.51,2,2040,2.93
kreisfahrt,0.7,17.51,2,2040,3.42
kreisfahrt,0.8,17.51,3,1321,3.90
kreisfahrt,0.9,17.51,3,1321,4.39
kreisfahrt,1.0,17.50,3,1320,4.88
kreisfahrt,1.1,17.50,3,1320,5.36
kreisfahrt,1.2,17.51,3,1321,5.85
kreisfahrt,1.3,17.51,3,1321,6.34
kreisfahrt,1.4,17.51,3,1321,6.82
kreisfahrt,1.5,17.52,3,1322,7.31
kreisfahrt,1.6,17.54,3,1323,7.80
kreisfahrt,1.7,17.57,3,1325,8.28
kreisfahrt,1.8,17.60,3,1327,8.77
kreisfahrt,1.9,17.63,3,1330,9.26
kreisfahrt,2.0,17.66,3,1332,9.75
kreisfahrt,2.1,17.70,3,1335,10.24
kreisfahrt,2.2,17.74,3,1338,10.74
kreisfahrt,2.3,17.77,3,1341,11.23
kreisfahrt,2.4,17.82,3,1344,11.73
kreisfahrt,2.5,17.86,3,1347,12.22
kreisfahrt,2.6,17.90,3,1350,12.72
kreisfahrt,2.7,17.95,3,1354,13.22
kreisfahrt,2.8,18.00,3,1357,13.72
kreisfahrt,2.9,18.05,3,1361,14.22
kreisfahrt,3.0,18.10,3,1365,14.72
kreisfahrt,3.1,18.15,3,1369,15.22
kreisfahrt,3.2,18.20,3,1373,15.73
kreisfahrt,3.3,18.26,3,1377,16.24
kreisfahrt,3.4,18.31,3,1381,16.74
kreisfahrt,3.5,18.37,3,1386,17.25
kreisfahrt,3.6,18.43,3,1390,17.77
kreisfahrt,3.7,18.49,3,1394,18.28
kreisfahrt,3.8,18.55,3,1399,18.79
kreisfahrt,3.9,18.61,3,1404,19.31
kreisfahrt,4.0,18.67,3,1408,19.83
kreisfahrt,4.1,18.74,3,1413,20.35
kreisfahrt,4.2,18.80,3,1418,20.87
kreisfahrt,4.3,18.86,3,1423,21.40
kreisfahrt,4.4,18.93,3,1427,21.92
kreisfahrt,4.5,18.99,3,1432,22.45
kreisfahrt,4.6,19.06,3,1437,22.98
kreisfahrt,4.7,19.13,3,1442,23.51
kreisfahrt,4.8,19.19,3,1447,24.04
kreisfahrt,4.9,19.26,3,1453,24.58
kreisfahrt,5.0,19.33,3,1458,25.11
kreisfahrt,5.1,19.40,3,1463,25.65
kreisfahrt,5.2,19.46,3,1468,26.19
kreisfahrt,5.3,19.53,3,1473,26.73
kreisfahrt,5.4,19.60,3,1478,27.28
kreisfahrt,5.5,19.67,3,1483,27.82
kreisfahrt,5.6,19.74,3,1489,28.37
kreisfahrt,5.7,19.81,3,1494,28.92
kreisfahrt,5.8,19.87,3,1499,29.47
kreisfahrt,5.9,19.94,3,1504,30.03
kreisfahrt,6.0,20.01,3,1509,30.58
kreisfahrt,6.1,20.08,3,1514,31.14
kreisfahrt,6.2,20.15,3,1519,31.70
kreisfahrt,6.3,20.22,3,1525,32.26
kreisfahrt,6.4,20.28,3,1530,32.82
kreisfahrt,6.5,20.35,3,1535,33.39
kreisfahrt,6.6,20.42,3,1540,33.95
kreisfahrt,6.7,20.48,3,1545,34.52
kreisfahrt,6.8,20.55,3,1550,35.09
kreisfahrt,6.9,20.62,3,1555,35.66
kreisfahrt,7.0,20.68,3,1560,36.24
kreisfahrt,7.1,20.72,4,1013,36.81
kreisfahrt,7.2,20.74,4,1014,37.39
kreisfahrt,7.3,20.76,4,1015,37.97
kreisfahrt,7.4,20.78,4,1016,38.55
kreisfahrt,7.5,20.80,4,1017,39.12
kreisfahrt,7.6,20.82,4,1018,39.70
kreisfahrt,7.7,20.84,4,1019,40.28
kreisfahrt,7.8,20.86,4,1020,40.86
kreisfahrt,7.9,20.91,4,1022,41.44
kreisfahrt,8.0,20.96,4,1025,42.02
kreisfahrt,8.1,21.01,4,1027,42.61
kreisfahrt,8.2,21.06,4,1030,43.19
kreisfahrt,8.3,21.11,4,1032,43.78
kreisfahrt,8.4,21.17,4,1035,44.37
kreisfahrt,8.5,21.22,4,1037,44.96
kreisfahrt,8.6,21.27,4,1040,45.55
kreisfahrt,8.7,21.32,4,1042,46.14
kreisfahrt,8.8,21.37,4,1045,46.73
kreisfahrt,8.9,21.43,4,1048,47.33
kreisfahrt,9.0,21.48,4,1050,47.92
kreisfahrt,9.1,21.53,4,1053,48.52
kreisfahrt,9.2,21.58,4,1055,49.12
kreisfahrt,9.3,21.64,4,1058,49.72
kreisfahrt,9.4,21.69,4,1060,50.32
kreisfahrt,9.5,21.74,4,1063,50.93
kreisfahrt,9.6,21.80,4,1066,51.53
kreisfahrt,9.7,21.85,4,1068,52.14
kreisfahrt,9.8,21.90,4,1071,52.75
kreisfahrt,9.9,21.96,4,1074,53.36
kreisfahrt,10.0,22.01,4,1076,53.97
kreisfahrt,10.1,22.06,4,1079,54.58
kreisfahrt,10.2,22.12,4,1081,55.20
kreisfahrt,10.3,22.17,4,1084,55.81
kreisfahrt,10.4,22.23,4,1087,56.43
kreisfahrt,10.5,22.28,4,1089,57.05
kreisfahrt,10.6,22.33,4,1092,57.67
kreisfahrt,10.7,22.39,4,1094,58.29
kreisfahrt,10.8,22.44,4,1097,58.91
kreisfahrt,10.9,22.49,4,1100,59.54
kreisfahrt,11.0,22.55,4,1102,60.16
kreisfahrt,11.1,22.60,4,1105,60.79
kreisfahrt,11.2,22.65,4,1107,61.42
kreisfahrt,11.3,22.70,4,1110,62.05
kreisfahrt,11.4,22.76,4,1113,62.68
kreisfahrt,11.5,22.81,4,1115,63.32
kreisfahrt,11.6,22.86,4,1118,63.95
kreisfahrt,11.7,22.91,4,1120,64.59
kreisfahrt,11.8,22.97,4,1123,65.22
kreisfahrt,11.9,23.02,4,1125,65.86
kreisfahrt,12.0,23.07,4,1128,66.50
kreisfahrt,12.1,23.12,4,1130,67.15
kreisfahrt,12.2,23.17,4,1133,67.79
kreisfahrt,12.3,23.22,4,1135,68.43
kreisfahrt,12.4,23.28,4,1138,69.08
kreisfahrt,12.5,23.33,4,1140,69.73
kreisfahrt,12.6,23.38,4,1143,70.38
kreisfahrt,12.7,23.43,4,1145,71.03
kreisfahrt,12.8,23.48,4,1148,71.68
kreisfahrt,12.9,23.53,4,1150,72.33
kreisfahrt,13.0,23.58,4,1153,72.99
kreisfahrt,13.1,23.63,4,1155,73.64
kreisfahrt,13.2,23.68,4,1158,74.30
kreisfahrt,13.3,23.73,4,1160,74.96
kreisfahrt,13.4,23.78,4,1162,75.62
kreisfahrt,13.5,23.82,4,1165,76.28
kreisfahrt,13.6,23.87,4,1167,76.95
kreisfahrt,13.7,23.92,4,1170,77.61
kreisfahrt,13.8,23.97,4,1172,78.28
kreisfahrt,13.9,24.02,4,1174,78.94
kreisfahrt,14.0,24.06,4,1176,79.61
kreisfahrt,14.1,24.11,4,1179,80.28
kreisfahrt,14.2,24.15,4,1181,80.95
kreisfahrt,14.3,24.20,4,1183,81.62
kreisfahrt,14.4,24.24,4,1185,82.30
kreisfahrt,14.5,24.29,4,1187,82.97
kreisfahrt,14.6,24.33,4,1190,83.65
kreisfahrt,14.7,24.37,4,1192,84.32
kreisfahrt,14.8,24.42,4,1194,85.00
kreisfahrt,14.9,24.46,4,1196,85.68
kreisfahrt,15.0,24.50,4,1198,86.36
kreisfahrt,15.1,24.55,4,1200,87.04
kreisfahrt,15.2,24.59,4,1202,87.73
kreisfahrt,15.3,24.63,4,1204,88.41
kreisfahrt,15.4,24.68,4,1206,89.10
kreisfahrt,15.5,24.72,4,1209,89.78
kreisfahrt,15.6,24.76,4,1211,90.47
kreisfahrt,15.7,24.80,4,1213,91.16
kreisfahrt,15.8,24.85,4,1215,91.85
kreisfahrt,15.9,24.89,4,1217,92.54
kreisfahrt,16.0,24.93,4,1219,93.23
kreisfahrt,16.1,24.98,4,1221,93.93
kreisfahrt,16.2,25.02,4,1223,94.62
kreisfahrt,16.3,25.06,4,1225,95.32
kreisfahrt,16.4,25.10,4,1227,96.02
kreisfahrt,16.5,25.15,4,1230,96.71
kreisfahrt,16.6,25.19,4,1232,97.41
kreisfahrt,16.7,25.23,4,1234,98.12
kreisfahrt,16.8,25.28,4,1236,98.82
kreisfahrt,16.9,25.32,4,1238,99.52
kreisfahrt,17.0,25.36,4,1240,100.23
kreisfahrt,17.1,25.40,4,1242,100.93
kreisfahrt,17.2,25.45,4,1244,101.64
kreisfahrt,17.3,25.49,4,1246,102.35
kreisfahrt,17.4,25.53,4,1248,103.05
kreisfahrt,17.5,25.58,4,1251,103.77
kreisfahrt,17.6,25.62,4,1253,104.48
kreisfahrt,17.7,25.66,4,1255,105.19
kreisfahrt,17.8,25.70,4,1257,105.90
kreisfahrt,17.9,25.75,4,1259,106.62
kreisfahrt,18.0,25.79,4,1261,107.33
kreisfahrt,18.1,25.83,4,1263,108.05
kreisfahrt,18.2,25.88,4,1265,108.77
kreisfahrt,18.3,25.92,4,1267,109.49
kreisfahrt,18.4,25.96,4,1269,110.21
kreisfahrt,18.5,26.00,4,1271,110.93
kreisfahrt,18.6,26.05,4,1274,111.66
kreisfahrt,18.7,26.09,4,1276,112.38
kreisfahrt,18.8,26.13,4,1278,113.11
kreisfahrt,18.9,26.18,4,1280,113.84
kreisfahrt,19.0,26.22,4,1282,114.56
kreisfahrt,19.1,26.26,4,1284,115.29
kreisfahrt,19.2,26.30,4,1286,116.02
kreisfahrt,19.3,26.35,4,1288,116.76
kreisfahrt,19.4,26.39,4,1290,117.49
kreisfahrt,19.5,26.43,4,1292,118.22
kreisfahrt,19.6,26.48,4,1295,118.96
kreisfahrt,19.7,26.52,4,1297,119.69
kreisfahrt,19.8,26.56,4,1299,120.43
kreisfahrt,19.9,26.60,4,1301,121.17
kreisfahrt,20.0,26.65,4,1303,121.91
kreisfahrt,20.1,26.69,4,1305,122.65
kreisfahrt,20.2,26.73,4,1307,123.40
kreisfahrt,20.3,26.78,4,1309,124.14
kreisfahrt,20.4,26.82,4,1311,124.88
kreisfahrt,20.5,26.86,4,1313,125.63
kreisfahrt,20.6,26.90,4,1316,126.38
kreisfahrt,20.7,26.95,4,1318,127.13
kreisfahrt,20.8,26.99,4,1320,127.88
kreisfahrt,20.9,27.03,4,1322,128.63
kreisfahrt,21.0,27.08,4,1324,129.38
kreisfahrt,21.1,27.12,4,1326,130.13
kreisfahrt,21.2,27.16,4,1328,130.89
kreisfahrt,21.3,27.21,4,1330,131.64
kreisfahrt,21.4,27.25,4,1332,132.40
kreisfahrt,21.5,27.29,4,1334,133.16
kreisfahrt,21.6,27.33,4,1336,133.92
kreisfahrt,21.7,27.38,4,1339,134.68
kreisfahrt,21.8,27.42,4,1341,135.44
kreisfahrt,21.9,27.46,4,1343,136.20
kreisfahrt,22.0,27.51,4,1345,136.96
kreisfahrt,22.1,27.55,4,1347,137.73
kreisfahrt,22.2,27.59,4,1349,138.50
kreisfahrt,22.3,27.63,4,1351,139.26
kreisfahrt,22.4,27.68,4,1353,140.03
kreisfahrt,22.5,27.72,4,1355,140.80
kreisfahrt,22.6,27.76,4,1357,141.57
kreisfahrt,22.7,27.81,4,1360,142.35
kreisfahrt,22.8,27.85,4,1362,143.12
kreisfahrt,22.9,27.89,4,1364,143.89
kreisfahrt,23.0,27.93,4,1366,144.67
kreisfahrt,23.1,27.98,4,1368,145.45
kreisfahrt,23.2,28.02,4,1370,146.22
kreisfahrt,23.3,28.06,4,1372,147.00
kreisfahrt,23.4,28.10,4,1374,147.78
kreisfahrt,23.5,28.15,4,1376,148.57
kreisfahrt,23.6,28.19,4,1378,149.35
kreisfahrt,23.7,28.23,4,1380,150.13
kreisfahrt,23.8,28.27,4,1382,150.92
kreisfahrt,23.9,28.32,4,1385,151.71
kreisfahrt,24.0,28.36,4,1387,152.49
kreisfahrt,24.1,28.40,4,1389,153.28
kreisfahrt,24.2,28.44,4,1391,154.07
kreisfahrt,24.3,28.49,4,1393,154.86
kreisfahrt,24.4,28.53,4,1395,155.66
kreisfahrt,24.5,28.57,4,1397,156.45
kreisfahrt,24.6,28.61,4,1399,157.24
kreisfahrt,24.7,28.65,4,1401,158.04
kreisfahrt,24.8,28.70,4,1403,158.84
kreisfahrt,24.9,28.74,4,1405,159.63
kreisfahrt,25.0,28.78,4,1407,160.43
kreisfahrt,25.1,28.82,4,1409,161.23
kreisfahrt,25.2,28.86,4,1411,162.04
kreisfahrt,25.3,28.91,4,1413,162.84
kreisfahrt,25.4,28.95,4,1415,163.64
kreisfahrt,25.5,28.99,4,1418,164.45
kreisfahrt,25.6,29.03,4,1420,165.25
kreisfahrt,25.7,29.08,4,1422,166.06
kreisfahrt,25.8,29.12,4,1424,166.87
kreisfahrt,25.9,29.16,4,1426,167.68
kreisfahrt,26.0,29.20,4,1428,168.49
kreisfahrt,26.1,29.24,4,1430,169.30
kreisfahrt,26.2,29.29,4,1432,170.12
kreisfahrt,26.3,29.33,4,1434,170.93
kreisfahrt,26.4,29.37,4,1436,171.75
kreisfahrt,26.5,29.41,4,1438,172.56
kreisfahrt,26.6,29.45,4,1440,173.38
kreisfahrt,26.7,29.50,4,1442,174.20
kreisfahrt,26.8,29.54,4,1444,175.02
kreisfahrt,26.9,29.58,4,1446,175.84
kreisfahrt,27.0,29.62,4,1448,176.67
kreisfahrt,27.1,29.67,4,1450,177.49
kreisfahrt,27.2,29.71,4,1453,178.32
kreisfahrt,27.3,29.75,4,1455,179.14
kreisfahrt,27.4,29.79,4,1457,179.97
kreisfahrt,27.5,29.83,4,1459,180.80
kreisfahrt,27.6,29.88,4,1461,181.63
kreisfahrt,27.7,29.92,4,1463,182.46
kreisfahrt,27.8,29.96,4,1465,183.29
kreisfahrt,27.9,30.00,4,1467,184.12
kreisfahrt,28.0,30.05,4,1469,184.96
kreisfahrt,28.1,30.09,4,1471,185.79
kreisfahrt,28.2,30.13,4,1473,186.63
kreisfahrt,28.3,30.17,4,1475,187.47
kreisfahrt,28.4,30.21,4,1477,188.31
kreisfahrt,28.5,30.26,4,1479,189.15
kreisfahrt,28.6,30.30,4,1482,189.99
kreisfahrt,28.7,30.34,4,1484,190.83
kreisfahrt,28.8,30.38,4,1486,191.68
kreisfahrt,28.9,30.43,4,1488,192.52
kreisfahrt,29.0,30.47,4,1490,193.37
kreisfahrt,29.1,30.51,4,1492,194.22
kreisfahrt,29.2,30.55,4,1494,195.06
kreisfahrt,29.3,30.60,4,1496,195.91
kreisfahrt,29.4,30.64,4,1498,196.77
kreisfahrt,29.5,30.68,4,1500,197.62
kreisfahrt,29.6,30.72,4,1502,198.47
kreisfahrt,29.7,30.77,4,1504,199.33
kreisfahrt,29.8,30.81,4,1506,200.18
kreisfahrt,29.9,30.85,4,1509,201.04
kreisfahrt,30.0,30.89,4,1511,201.90
kreisfahrt,30.1,30.94,4,1513,202.75
kreisfahrt,30.2,30.98,4,1515,203.62
kreisfahrt,30.3,31.02,4,1517,204.48
kreisfahrt,30.4,31.07,4,1519,205.34
kreisfahrt,30.5,31.11,4,1521,206.20
kreisfahrt,30.6,31.15,4,1523,207.07
kreisfahrt,30.7,31.19,4,1525,207.94
kreisfahrt,30.8,31.24,4,1527,208.80
kreisfahrt,30.9,31.28,4,1529,209.67
kreisfahrt,31.0,31.32,4,1531,210.54
kreisfahrt,31.1,31.36,4,1534,211.41
kreisfahrt,31.2,31.41,4,1536,212.28
kreisfahrt,31.3,31.45,4,1538,213.16
kreisfahrt,31.4,31.49,4,1540,214.03
kreisfahrt,31.5,31.54,4,1542,214.91
kreisfahrt,31.6,31.58,4,1544,215.79
kreisfahrt,31.7,31.62,4,1546,216.66
kreisfahrt,31.8,31.66,4,1548,217.54
kreisfahrt,31.9,31.71,4,1550,218.42
kreisfahrt,32.0,31.75,4,1552,219.31
kreisfahrt,32.1,31.79,4,1555,220.19
kreisfahrt,32.2,31.84,4,1557,221.07
kreisfahrt,32.3,31.88,4,1559,221.96
kreisfahrt,32.4,31.92,4,1561,222.84
kreisfahrt,32.5,31.96,4,1563,223.73
kreisfahrt,32.6,32.01,4,1565,224.62
kreisfahrt,32.7,32.05,4,1567,225.51
kreisfahrt,32.8,32.09,4,1569,226.40
kreisfahrt,32.9,32.14,4,1571,227.30
kreisfahrt,33.0,32.18,4,1573,228.19
kreisfahrt,33.1,32.22,4,1576,229.08
kreisfahrt,33.2,32.27,4,1578,229.98
kreisfahrt,33.3,32.31,4,1580,230.88
kreisfahrt,33.4,32.35,4,1582,231.78
kreisfahrt,33.5,32.39,4,1584,232.68
kreisfahrt,33.6,32.44,4,1586,233.58
kreisfahrt,33.7,32.48,4,1588,234.48
kreisfahrt,33.8,32.52,4,1590,235.38
kreisfahrt,33.9,32.57,4,1592,236.29
kreisfahrt,34.0,32.61,4,1594,237.19
kreisfahrt,34.1,32.65,4,1597,238.10
kreisfahrt,34.2,32.70,4,1599,239.01
kreisfahrt,34.3,32.74,4,1601,239.92
kreisfahrt,34.4,32.78,4,1603,240.83
kreisfahrt,34.5,32.83,4,1605,241.74
kreisfahrt,34.6,32.87,4,1607,242.65
kreisfahrt,34.7,32.91,4,1609,243.57
kreisfahrt,34.8,32.95,4,1611,244.48
kreisfahrt,34.9,33.00,4,1613,245.40
kreisfahrt,35.0,33.03,5,1053,246.31
kreisfahrt,35.1,33.03,5,1052,247.23
kreisfahrt,35.2,33.02,5,1052,248.15
kreisfahrt,35.3,33.01,5,1052,249.07
kreisfahrt,35.4,33.01,5,1052,249.98
kreisfahrt,35.5,33.01,5,1052,250.90
kreisfahrt,35.6,33.00,5,1052,251.82
kreisfahrt,35.7,33.00,5,1052,252.74
kreisfahrt,35.8,33.02,5,1052,253.65
kreisfahrt,35.9,33.04,5,1053,254.57
kreisfahrt,36.0,33.07,5,1054,255.49
kreisfahrt,36.1,33.10,5,1055,256.41
kreisfahrt,36.2,33.13,5,1056,257.33
kreisfahrt,36.3,33.16,5,1057,258.25
kreisfahrt,36.4,33.19,5,1057,259.17
kreisfahrt,36.5,33.22,5,1058,260.09
kreisfahrt,36.6,33.25,5,1059,261.02
kreisfahrt,36.7,33.28,5,1060,261.94
kreisfahrt,36.8,33.31,5,1061,262.87
kreisfahrt,36.9,33.35,5,1063,263.79
kreisfahrt,37.0,33.38,5,1064,264.72
kreisfahrt,37.1,33.42,5,1065,265.65
kreisfahrt,37.2,33.45,5,1066,266.58
kreisfahrt,37.3,33.49,5,1067,267.51
kreisfahrt,37.4,33.52,5,1068,268.44
kreisfahrt,37.5,33.56,5,1069,269.37
kreisfahrt,37.6,33.60,5,1071,270.31
kreisfahrt,37.7,33.64,5,1072,271.24
kreisfahrt,37.8,33.68,5,1073,272.17
kreisfahrt,37.9,33.72,5,1074,273.11
kreisfahrt,38.0,33.76,5,1076,274.05
kreisfahrt,38.1,33.80,5,1077,274.99
kreisfahrt,38.2,33.84,5,1078,275.93
kreisfahrt,38.3,33.88,5,1080,276.87
kreisfahrt,38.4,33.93,5,1081,277.81
kreisfahrt,38.5,33.97,5,1082,278.75
kreisfahrt,38.6,34.01,5,1084,279.70
kreisfahrt,38.7,34.06,5,1085,280.64
kreisfahrt,38.8,34.10,5,1087,281.59
kreisfahrt,38.9,34.15,5,1088,282.54
kreisfahrt,39.0,34.20,5,1090,283.49
kreisfahrt,39.1,34.24,5,1091,284.44
kreisfahrt,39.2,34.29,5,1093,285.39
kreisfahrt,39.3,34.34,5,1094,286.35
kreisfahrt,39.4,34.38,5,1096,287.30
kreisfahrt,39.5,34.43,5,1097,288.26
kreisfahrt,39.6,34.48,5,1099,289.21
kreisfahrt,39.7,34.53,5,1100,290.17
kreisfahrt,39.8,34.58,5,1102,291.13
kreisfahrt,39.9,34.63,5,1103,292.10
kreisfahrt,40.0,34.68,5,1105,293.06
kreisfahrt,40.1,34.73,5,1107,294.02
kreisfahrt,40.2,34.78,5,1108,294.99
kreisfahrt,40.3,34.83,5,1110,295.96
kreisfahrt,40.4,34.88,5,1111,296.92
kreisfahrt,40.5,34.93,5,1113,297.89
kreisfahrt,40.6,34.98,5,1115,298.87
kreisfahrt,40.7,35.03,5,1116,299.84
kreisfahrt,40.8,35.08,5,1118,300.81
kreisfahrt,40.9,35.14,5,1120,301.79
kreisfahrt,41.0,35.19,5,1121,302.77
kreisfahrt,41.1,35.24,5,1123,303.74
kreisfahrt,41.2,35.29,5,1125,304.72
kreisfahrt,41.3,35.35,5,1126,305.71
kreisfahrt,41.4,35.40,5,1128,306.69
kreisfahrt,41.5,35.45,5,1130,307.67
kreisfahrt,41.6,35.50,5,1131,308.66
kreisfahrt,41.7,35.56,5,1133,309.65
kreisfahrt,41.8,35.61,5,1135,310.63
kreisfahrt,41.9,35.66,5,1136,311.62
kreisfahrt,42.0,35.72,5,1138,312.62
kreisfahrt,42.1,35.77,5,1140,313.61
kreisfahrt,42.2,35.82,5,1141,314.60
kreisfahrt,42.3,35.87,5,1143,315.60
kreisfahrt,42.4,35.93,5,1145,316.60
kreisfahrt,42.5,35.98,5,1146,317.60
kreisfahrt,42.6,36.03,5,1148,318.60
kreisfahrt,42.7,36.09,5,1150,319.60
kreisfahrt,42.8,36.14,5,1152,320.60
kreisfahrt,42.9,36.19,5,1153,321.61
kreisfahrt,43.0,36.24,5,1155,322.61
kreisfahrt,43.1,36.30,5,1157,323.62
kreisfahrt,43.2,36.35,5,1158,324.63
kreisfahrt,43.3,36.40,5,1160,325.64
kreisfahrt,43.4,36.46,5,1162,326.65
kreisfahrt,43.5,36.51,5,1163,327.67
kreisfahrt,43.6,36.56,5,1165,328.68
kreisfahrt,43.7,36.61,5,1167,329.70
kreisfahrt,43.8,36.66,5,1168,330.72
kreisfahrt,43.9,36.72,5,1170,331.74
kreisfahrt,44.0,36.77,5,1172,332.76
kreisfahrt,44.1,36.82,5,1173,333.78
kreisfahrt,44.2,36.87,5,1175,334.81
kreisfahrt,44.3,36.92,5,1176,335.83
kreisfahrt,44.4,36.97,5,1178,336.86
kreisfahrt,44.5,37.02,5,1180,337.89
kreisfahrt,44.6,37.07,5,1181,338.91
kreisfahrt,44.7,37.13,5,1183,339.95
kreisfahrt,44.8,37.18,5,1185,340.98
kreisfahrt,44.9,37.23,5,1186,342.01
kreisfahrt,45.0,37.28,5,1188,343.05
kreisfahrt,45.1,37.33,5,1189,344.08
kreisfahrt,45.2,37.38,5,1191,345.12
kreisfahrt,45.3,37.43,5,1193,346.16
kreisfahrt,45.4,37.48,5,1194,347.20
kreisfahrt,45.5,37.52,5,1196,348.24
kreisfahrt,45.6,37.57,5,1197,349.29
kreisfahrt,45.7,37.62,5,1199,350.33
kreisfahrt,45.8,37.67,5,1200,351.38
kreisfahrt,45.9,37.72,5,1202,352.42
kreisfahrt,46.0,37.77,5,1203,353.47
kreisfahrt,46.1,37.82,5,1205,354.52
kreisfahrt,46.2,37.86,5,1206,355.57
kreisfahrt,46.3,37.91,5,1208,356.63
kreisfahrt,46.4,37.96,5,1210,357.68
kreisfahrt,46.5,38.01,5,1211,358.74
kreisfahrt,46.6,38.05,5,1213,359.79
kreisfahrt,46.7,38.10,5,1214,360.85
kreisfahrt,46.8,38.15,5,1216,361.91
kreisfahrt,46.9,38.19,5,1217,362.97
kreisfahrt,47.0,38.24,5,1218,364.03
kreisfahrt,47.1,38.29,5,1220,365.10
kreisfahrt,47.2,38.33,5,1221,366.16
kreisfahrt,47.3,38.38,5,1223,367.23
kreisfahrt,47.4,38.42,5,1224,368.29
kreisfahrt,47.5,38.47,5,1226,369.36
kreisfahrt,47.6,38.51,5,1227,370.43
kreisfahrt,47.7,38.56,5,1229,371.50
kreisfahrt,47.8,38.60,5,1230,372.57
kreisfahrt,47.9,38.65,5,1232,373.65
kreisfahrt,48.0,38.69,5,1233,374.72
kreisfahrt,48.1,38.74,5,1234,375.80
kreisfahrt,48.2,38.78,5,1236,376.87
kreisfahrt,48.3,38.83,5,1237,377.95
kreisfahrt,48.4,38.87,5,1239,379.03
kreisfahrt,48.5,38.91,5,1240,380.11
kreisfahrt,48.6,38.96,5,1241,381.19
kreisfahrt,48.7,39.00,5,1243,382.28
kreisfahrt,48.8,39.04,5,1244,383.36
kreisfahrt,48.9,39.09,5,1246,384.45
kreisfahrt,49.0,39.13,5,1247,385.53
kreisfahrt,49.1,39.17,5,1248,386.62
kreisfahrt,49.2,39.22,5,1250,387.71
kreisfahrt,49.3,39.26,5,1251,388.80
kreisfahrt,49.4,39.30,5,1252,389.89
kreisfahrt,49.5,39.34,5,1254,390.98
kreisfahrt,49.6,39.39,5,1255,392.08
kreisfahrt,49.7,39.43,5,1256,393.17
kreisfahrt,49.8,39.47,5,1258,394.27
kreisfahrt,49.9,39.51,5,1259,395.37
kreisfahrt,50.0,39.56,5,1260,396.46
kreisfahrt,50.1,39.60,5,1262,397.56
kreisfahrt,50.2,39.64,5,1263,398.66
kreisfahrt,50.3,39.68,5,1264,399.77
kreisfahrt,50.4,39.72,5,1266,400.87
kreisfahrt,50.5,39.76,5,1267,401.97
kreisfahrt,50.6,39.81,5,1268,403.08
kreisfahrt,50.7,39.85,5,1270,404.18
kreisfahrt,50.8,39.89,5,1271,405.29
kreisfahrt,50.9,39.93,5,1272,406.40
kreisfahrt,51.0,39.97,5,1274,407.51
kreisfahrt,51.1,40.01,5,1275,408.62
kreisfahrt,51.2,40.05,5,1276,409.73
kreisfahrt,51.3,40.09,5,1278,410.85
kreisfahrt,51.4,40.14,5,1279,411.96
kreisfahrt,51.5,40.18,5,1280,413.08
kreisfahrt,51.6,40.22,5,1282,414.19
kreisfahrt,51.7,40.26,5,1283,415.31
kreisfahrt,51.8,40.30,5,1284,416.43
kreisfahrt,51.9,40.34,5,1285,417.55
kreisfahrt,52.0,40.38,5,1287,418.67
kreisfahrt,52.1,40.42,5,1288,419.80
kreisfahrt,52.2,40.46,5,1289,420.92
kreisfahrt,52.3,40.50,5,1291,422.04
kreisfahrt,52.4,40.54,5,1292,423.17
kreisfahrt,52.5,40.58,5,1293,424.30
kreisfahrt,52.6,40.62,5,1294,425.42
kreisfahrt,52.7,40.67,5,1296,426.55
kreisfahrt,52.8,40.71,5,1297,427.68
kreisfahrt,52.9,40.75,5,1298,428.82
kreisfahrt,53.0,40.79,5,1300,429.95
kreisfahrt,53.1,40.83,5,1301,431.08
kreisfahrt,53.2,40.87,5,1302,432.22
kreisfahrt,53.3,40.91,5,1304,433.35
kreisfahrt,53.4,40.95,5,1305,434.49
kreisfahrt,53.5,40.99,5,1306,435.63
kreisfahrt,53.6,41.03,5,1307,436.77
kreisfahrt,53.7,41.07,5,1309,437.91
kreisfahrt,53.8,41.11,5,1310,439.05
kreisfahrt,53.9,41.15,5,1311,440.19
kreisfahrt,54.0,41.19,5,1313,441.34
kreisfahrt,54.1,41.23,5,1314,442.48
kreisfahrt,54.2,41.27,5,1315,443.63
kreisfahrt,54.3,41.32,5,1317,444.77
kreisfahrt,54.4,41.36,5,1318,445.92
kreisfahrt,54.5,41.40,5,1319,447.07
kreisfahrt,54.6,41.44,5,1320,448.22
kreisfahrt,54.7,41.48,5,1322,449.38
kreisfahrt,54.8,41.52,5,1323,450.53
kreisfahrt,54.9,41.56,5,1324,451.68
kreisfahrt,55.0,41.60,5,1326,452.84
kreisfahrt,55.1,41.64,5,1327,453.99
kreisfahrt,55.2,41.68,5,1328,455.15
kreisfahrt,55.3,41.72,5,1330,456.31
kreisfahrt,55.4,41.77,5,1331,457.47
kreisfahrt,55.5,41.81,5,1332,458.63
kreisfahrt,55.6,41.85,5,1333,459.79
kreisfahrt,55.7,41.89,5,1335,460.96
kreisfahrt,55.8,41.93,5,1336,462.12
kreisfahrt,55.9,41.97,5,1337,463.29
kreisfahrt,56.0,42.01,5,1339,464.45
kreisfahrt,56.1,42.05,5,1340,465.62
kreisfahrt,56.2,42.09,5,1341,466.79
kreisfahrt,56.3,42.14,5,1343,467.96
kreisfahrt,56.4,42.18,5,1344,469.13
kreisfahrt,56.5,42.22,5,1345,470.30
kreisfahrt,56.6,42.26,5,1347,471.48
kreisfahrt,56.7,42.30,5,1348,472.65
kreisfahrt,56.8,42.34,5,1349,473.83
kreisfahrt,56.9,42.38,5,1351,475.00
kreisfahrt,57.0,42.43,5,1352,476.18
kreisfahrt,57.1,42.47,5,1353,477.36
kreisfahrt,57.2,42.51,5,1355,478.54
kreisfahrt,57.3,42.55,5,1356,479.72
kreisfahrt,57.4,42.59,5,1357,480.90
kreisfahrt,57.5,42.63,5,1359,482.09
kreisfahrt,57.6,42.68,5,1360,483.27
kreisfahrt,57.7,42.72,5,1361,484.46
kreisfahrt,57.8,42.76,5,1363,485.65
kreisfahrt,57.9,42.80,5,1364,486.84
kreisfahrt,58.0,42.84,5,1365,488.03
kreisfahrt,58.1,42.89,5,1367,489.22
kreisfahrt,58.2,42.93,5,1368,490.41
kreisfahrt,58.3,42.97,5,1369,491.60
kreisfahrt,58.4,43.01,5,1371,492.80
kreisfahrt,58.5,43.05,5,1372,493.99
kreisfahrt,58.6,43.10,5,1373,495.19
kreisfahrt,58.7,43.14,5,1375,496.39
kreisfahrt,58.8,43.18,5,1376,497.58
kreisfahrt,58.9,43.22,5,1377,498.78
kreisfahrt,59.0,43.27,5,1379,499.99
kreisfahrt,59.1,43.31,5,1380,501.19
kreisfahrt,59.2,43.35,5,1381,502.39
kreisfahrt,59.3,43.39,5,1383,503.60
kreisfahrt,59.4,43.43,5,1384,504.80
kreisfahrt,59.5,43.48,5,1385,506.01
kreisfahrt,59.6,43.52,5,1387,507.22
kreisfahrt,59.7,43.56,5,1388,508.43
kreisfahrt,59.8,43.60,5,1389,509.64
kreisfahrt,59.9,43.65,5,1391,510.85
kreisfahrt,60.0,43.69,5,1392,512.06
kreisfahrt,60.1,43.73,5,1394,513.28
kreisfahrt,60.2,43.77,5,1395,514.49
kreisfahrt,60.3,43.82,5,1396,515.71
kreisfahrt,60.4,43.86,5,1398,516.93
kreisfahrt,60.5,43.90,5,1399,518.15
kreisfahrt,60.6,43.94,5,1400,519.37
kreisfahrt,60.7,43.99,5,1402,520.59
kreisfahrt,60.8,44.03,5,1403,521.81
kreisfahrt,60.9,44.07,5,1404,523.04
kreisfahrt,61.0,44.12,5,1406,524.26
kreisfahrt,61.1,44.16,5,1407,525.49
kreisfahrt,61.2,44.20,5,1408,526.71
kreisfahrt,61.3,44.24,5,1410,527.94
kreisfahrt,61.4,44.29,5,1411,529.17
kreisfahrt,61.5,44.33,5,1413,530.40
kreisfahrt,61.6,44.37,5,1414,531.63
kreisfahrt,61.7,44.41,5,1415,532.87
kreisfahrt,61.8,44.46,5,1417,534.10
kreisfahrt,61.9,44.50,5,1418,535.34
kreisfahrt,62.0,44.54,5,1419,536.57
kreisfahrt,62.1,44.59,5,1421,537.81
kreisfahrt,62.2,44.63,5,1422,539.05
kreisfahrt,62.3,44.67,5,1423,540.29
kreisfahrt,62.4,44.71,5,1425,541.53
kreisfahrt,62.5,44.76,5,1426,542.78
kreisfahrt,62.6,44.80,5,1428,544.02
kreisfahrt,62.7,44.84,5,1429,545.27
kreisfahrt,62.8,44.89,5,1430,546.51
kreisfahrt,62.9,44.93,5,1432,547.76
kreisfahrt,63.0,44.97,5,1433,549.01
kreisfahrt,63.1,45.01,5,1434,550.26
kreisfahrt,63.2,45.06,5,1436,551.51
kreisfahrt,63.3,45.10,5,1437,552.76
kreisfahrt,63.4,45.14,5,1438,554.01
kreisfahrt,63.5,45.18,5,1440,555.27
kreisfahrt,63.6,45.23,5,1441,556.52
kreisfahrt,63.7,45.27,5,1443,557.78
kreisfahrt,63.8,45.31,5,1444,559.04
kreisfahrt,63.9,45.36,5,1445,560.30
kreisfahrt,64.0,45.40,5,1447,561.56
kreisfahrt,64.1,45.44,5,1448,562.82
kreisfahrt,64.2,45.48,5,1449,564.08
kreisfahrt,64.3,45.53,5,1451,565.35
kreisfahrt,64.4,45.57,5,1452,566.61
kreisfahrt,64.5,45.61,5,1453,567.88
kreisfahrt,64.6,45.66,5,1455,569.15
kreisfahrt,64.7,45.70,5,1456,570.42
kreisfahrt,64.8,45.74,5,1458,571.69
kreisfahrt,64.9,45.78,5,1459,572.96
kreisfahrt,65.0,45.83,5,1460,574.23
kreisfahrt,65.1,45.87,5,1462,575.50
kreisfahrt,65.2,45.91,5,1463,576.78
kreisfahrt,65.3,45.95,5,1464,578.05
kreisfahrt,65.4,46.00,5,1466,579.33
kreisfahrt,65.5,46.04,5,1467,580.61
kreisfahrt,65.6,46.08,5,1468,581.89
kreisfahrt,65.7,46.13,5,1470,583.17
kreisfahrt,65.8,46.17,5,1471,584.45
kreisfahrt,65.9,46.21,5,1473,585.74
kreisfahrt,66.0,46.25,5,1474,587.02
kreisfahrt,66.1,46.30,5,1475,588.31
kreisfahrt,66.2,46.34,5,1477,589.59
kreisfahrt,66.3,46.38,5,1478,590.88
kreisfahrt,66.4,46.42,5,1479,592.17
kreisfahrt,66.5,46.47,5,1481,593.46
kreisfahrt,66.6,46.51,5,1482,594.75
kreisfahrt,66.7,46.55,5,1483,596.04
kreisfahrt,66.8,46.59,5,1485,597.34
kreisfahrt,66.9,46.64,5,1486,598.63
kreisfahrt,67.0,46.68,5,1487,599.93
kreisfahrt,67.1,46.72,5,1489,601.23
kreisfahrt,67.2,46.76,5,1490,602.52
kreisfahrt,67.3,46.81,5,1492,603.82
kreisfahrt,67.4,46.85,5,1493,605.12
kreisfahrt,67.5,46.89,5,1494,606.43
kreisfahrt,67.6,46.93,5,1496,607.73
kreisfahrt,67.7,46.98,5,1497,609.03
kreisfahrt,67.8,47.02,5,1498,610.34
kreisfahrt,67.9,47.06,5,1500,611.65
kreisfahrt,68.0,47.10,5,1501,612.95
kreisfahrt,68.1,47.15,5,1502,614.26
kreisfahrt,68.2,47.19,5,1504,615.57
kreisfahrt,68.3,47.23,5,1505,616.89
kreisfahrt,68.4,47.27,5,1506,618.20
kreisfahrt,68.5,47.32,5,1508,619.51
kreisfahrt,68.6,47.36,5,1509,620.83
kreisfahrt,68.7,47.40,5,1510,622.14
kreisfahrt,68.8,47.44,5,1512,623.46
kreisfahrt,68.9,47.49,5,1513,624.78
kreisfahrt,69.0,47.53,5,1515,626.10
kreisfahrt,69.1,47.57,5,1516,627.42
kreisfahrt,69.2,47.61,5,1517,628.74
kreisfahrt,69.3,47.66,5,1519,630.06
kreisfahrt,69.4,47.70,5,1520,631.39
kreisfahrt,69.5,47.74,5,1521,632.71
kreisfahrt,69.6,47.78,5,1523,634.04
kreisfahrt,69.7,47.83,5,1524,635.37
kreisfahrt,69.8,47.87,5,1525,636.70
kreisfahrt,69.9,47.91,5,1527,638.03
kreisfahrt,70.0,47.95,5,1528,639.36
kreisfahrt,70.1,47.99,5,1529,640.69
kreisfahrt,70.2,48.04,5,1531,642.03
kreisfahrt,70.3,48.08,5,1532,643.36
kreisfahrt,70.4,48.12,5,1533,644.70
kreisfahrt,70.5,48.16,5,1535,646.03
kreisfahrt,70.6,48.21,5,1536,647.37
kreisfahrt,70.7,48.25,5,1537,648.71
kreisfahrt,70.8,48.29,5,1539,650.05
kreisfahrt,70.9,48.33,5,1540,651.40
kreisfahrt,71.0,48.37,5,1541,652.74
kreisfahrt,71.1,48.42,5,1543,654.08
kreisfahrt,71.2,48.46,5,1544,655.43
kreisfahrt,71.3,48.50,5,1545,656.78
kreisfahrt,71.4,48.54,5,1547,658.12
kreisfahrt,71.5,48.58,5,1548,659.47
kreisfahrt,71.6,48.63,5,1549,660.82
kreisfahrt,71.7,48.67,5,1551,662.17
kreisfahrt,71.8,48.71,5,1552,663.53
kreisfahrt,71.9,48.75,5,1553,664.88
kreisfahrt,72.0,48.79,5,1555,666.24
kreisfahrt,72.1,48.83,5,1556,667.59
kreisfahrt,72.2,48.87,5,1557,668.95
kreisfahrt,72.3,48.91,5,1559,670.31
kreisfahrt,72.4,48.95,5,1560,671.67
kreisfahrt,72.5,48.99,5,1561,673.03
kreisfahrt,72.6,49.03,5,1562,674.39
kreisfahrt,72.7,49.07,5,1563,675.75
kreisfahrt,72.8,49.10,5,1565,677.11
kreisfahrt,72.9,49.14,5,1566,678.48
kreisfahrt,73.0,49.18,5,1567,679.84
kreisfahrt,73.1,49.22,5,1568,681.21
kreisfahrt,73.2,49.25,5,1570,682.58
kreisfahrt,73.3,49.29,5,1571,683.95
kreisfahrt,73.4,49.33,5,1572,685.32
kreisfahrt,73.5,49.37,5,1573,686.69
kreisfahrt,73.6,49.40,5,1574,688.06
kreisfahrt,73.7,49.44,5,1575,689.43
kreisfahrt,73.8,49.47,5,1577,690.81
kreisfahrt,73.9,49.51,5,1578,692.18
kreisfahrt,74.0,49.55,5,1579,693.56
kreisfahrt,74.1,49.58,5,1580,694.93
kreisfahrt,74.2,49.62,5,1581,696.31
kreisfahrt,74.3,49.65,5,1582,697.69
kreisfahrt,74.4,49.69,5,1583,699.07
kreisfahrt,74.5,49.72,5,1585,700.45
kreisfahrt,74.6,49.76,5,1586,701.83
kreisfahrt,74.7,49.80,5,1587,703.22
kreisfahrt,74.8,49.83,5,1588,704.60
kreisfahrt,74.9,49.86,5,1589,705.98
kreisfahrt,75.0,49.90,5,1590,707.37
kreisfahrt,75.1,49.93,5,1591,708.76
kreisfahrt,75.2,49.97,5,1592,710.14
kreisfahrt,75.3,50.00,5,1593,711.53
kreisfahrt,75.4,50.04,5,1594,712.92
kreisfahrt,75.5,50.07,5,1596,714.31
kreisfahrt,75.6,50.11,5,1597,715.70
kreisfahrt,75.7,50.14,5,1598,717.10
kreisfahrt,75.8,50.17,5,1599,718.49
kreisfahrt,75.9,50.21,5,1600,719.88
kreisfahrt,76.0,50.24,5,1601,721.28
kreisfahrt,76.1,50.27,5,1602,722.68
kreisfahrt,76.2,50.31,5,1603,724.07
kreisfahrt,76.3,50.34,5,1604,725.47
kreisfahrt,76.4,50.37,5,1605,726.87
kreisfahrt,76.5,50.41,5,1606,728.27
kreisfahrt,76.6,50.44,5,1607,729.67
kreisfahrt,76.7,50.47,5,1608,731.07
kreisfahrt,76.8,50.51,5,1609,732.47
kreisfahrt,76.9,50.54,5,1611,733.88
kreisfahrt,77.0,50.57,5,1612,735.28
kreisfahrt,77.1,50.61,5,1613,736.69
kreisfahrt,77.2,50.64,5,1614,738.09
kreisfahrt,77.3,50.67,5,1615,739.50
kreisfahrt,77.4,50.70,5,1616,740.91
kreisfahrt,77.5,50.74,5,1617,742.32
kreisfahrt,77.6,50.77,5,1618,743.73
kreisfahrt,77.7,50.80,5,1619,745.14
kreisfahrt,77.8,50.83,5,1620,746.55
kreisfahrt,77.9,50.87,5,1621,747.96
kreisfahrt,78.0,50.90,5,1622,749.38
kreisfahrt,78.1,50.93,5,1623,750.79
kreisfahrt,78.2,50.96,5,1624,752.21
kreisfahrt,78.3,51.00,5,1625,753.62
kreisfahrt,78.4,51.03,5,1626,755.04
kreisfahrt,78.5,51.06,5,1627,756.46
kreisfahrt,78.6,51.09,5,1628,757.88
kreisfahrt,78.7,51.13,5,1629,759.30
kreisfahrt,78.8,51.16,5,1630,760.72
kreisfahrt,78.9,51.19,5,1631,762.14
kreisfahrt,79.0,51.22,5,1632,763.56
kreisfahrt,79.1,51.25,5,1633,764.99
kreisfahrt,79.2,51.28,5,1634,766.41
kreisfahrt,79.3,51.32,5,1635,767.84
kreisfahrt,79.4,51.35,5,1636,769.26
kreisfahrt,79.5,51.38,5,1637,770.69
kreisfahrt,79.6,51.41,5,1638,772.12
kreisfahrt,79.7,51.44,5,1639,773.55
kreisfahrt,79.8,51.47,5,1640,774.97
kreisfahrt,79.9,51.51,5,1641,776.41
kreisfahrt,80.0,51.54,5,1642,777.84
kreisfahrt,80.1,51.57,5,1643,779.27
kreisfahrt,80.2,51.60,5,1644,780.70
kreisfahrt,80.3,51.63,5,1645,782.14
kreisfahrt,80.4,51.66,5,1646,783.57
kreisfahrt,80.5,51.69,5,1647,785.01
kreisfahrt,80.6,51.73,5,1648,786.44
kreisfahrt,80.7,51.76,5,1649,787.88
kreisfahrt,80.8,51.79,5,1650,789.32
kreisfahrt,80.9,51.82,5,1651,790.76
kreisfahrt,81.0,51.85,5,1652,792.20
kreisfahrt,81.1,51.88,5,1653,793.64
kreisfahrt,81.2,51.91,5,1654,795.08
kreisfahrt,81.3,51.94,5,1655,796.52
kreisfahrt,81.4,51.97,5,1656,797.97
kreisfahrt,81.5,52.01,5,1657,799.41
kreisfahrt,81.6,52.04,5,1658,800.86
kreisfahrt,81.7,52.07,5,1659,802.30
kreisfahrt,81.8,52.10,5,1660,803.75
kreisfahrt,81.9,52.13,5,1661,805.20
kreisfahrt,82.0,52.16,5,1662,806.65
kreisfahrt,82.1,52.19,5,1663,808.10
kreisfahrt,82.2,52.22,5,1664,809.55
kreisfahrt,82.3,52.25,5,1665,811.00
kreisfahrt,82.4,52.28,5,1666,812.45
kreisfahrt,82.5,52.31,5,1667,813.90
kreisfahrt,82.6,52.34,5,1668,815.36
kreisfahrt,82.7,52.37,5,1669,816.81
kreisfahrt,82.8,52.40,5,1670,818.27
kreisfahrt,82.9,52.43,5,1671,819.72
kreisfahrt,83.0,52.46,5,1672,821.18
kreisfahrt,83.1,52.49,5,1673,822.64
kreisfahrt,83.2,52.52,5,1674,824.10
kreisfahrt,83.3,52.56,5,1675,825.56
kreisfahrt,83.4,52.59,5,1676,827.02
kreisfahrt,83.5,52.62,5,1677,828.48
kreisfahrt,83.6,52.65,5,1678,829.94
kreisfahrt,83.7,52.68,5,1679,831.41
kreisfahrt,83.8,52.71,5,1680,832.87
kreisfahrt,83.9,52.74,5,1680,834.33
kreisfahrt,84.0,52.77,5,1681,835.80
kreisfahrt,84.1,52.80,5,1682,837.27
kreisfahrt,84.2,52.83,5,1683,838.73
kreisfahrt,84.3,52.86,5,1684,840.20
kreisfahrt,84.4,52.89,5,1685,841.67
kreisfahrt,84.5,52.92,5,1686,843.14
kreisfahrt,84.6,52.94,5,1687,844.61
kreisfahrt,84.7,52.97,5,1688,846.08
kreisfahrt,84.8,53.00,5,1689,847.56
kreisfahrt,84.9,53.03,5,1690,849.03
kreisfahrt,85.0,53.06,5,1691,850.50
kreisfahrt,85.1,53.09,5,1692,851.98
kreisfahrt,85.2,53.12,5,1693,853.45
kreisfahrt,85.3,53.15,5,1694,854.93
kreisfahrt,85.4,53.18,5,1695,856.41
kreisfahrt,85.5,53.21,5,1696,857.88
kreisfahrt,85.6,53.24,5,1697,859.36
kreisfahrt,85.7,53.27,5,1697,860.84
kreisfahrt,85.8,53.30,5,1698,862.32
kreisfahrt,85.9,53.33,5,1699,863.81
kreisfahrt,86.0,53.36,5,1700,865.29
kreisfahrt,86.1,53.39,5,1701,866.77
kreisfahrt,86.2,53.42,5,1702,868.25
kreisfahrt,86.3,53.44,5,1703,869.74
kreisfahrt,86.4,53.47,5,1704,871.23
kreisfahrt,86.5,53.50,5,1705,872.71
kreisfahrt,86.6,53.53,5,1706,874.20
kreisfahrt,86.7,53.56,5,1707,875.69
kreisfahrt,86.8,53.59,5,1708,877.18
kreisfahrt,86.9,53.62,5,1709,878.66
kreisfahrt,87.0,53.65,5,1710,880.16
kreisfahrt,87.1,53.68,5,1710,881.65
kreisfahrt,87.2,53.70,5,1711,883.14
kreisfahrt,87.3,53.73,5,1712,884.63
kreisfahrt,87.4,53.76,5,1713,886.12
kreisfahrt,87.5,53.79,5,1714,887.62
kreisfahrt,87.6,53.82,5,1715,889.11
kreisfahrt,87.7,53.85,5,1716,890.61
kreisfahrt,87.8,53.88,5,1717,892.11
kreisfahrt,87.9,53.90,5,1718,893.60
kreisfahrt,88.0,53.93,5,1719,895.10
kreisfahrt,88.1,53.96,5,1720,896.60
kreisfahrt,88.2,53.99,5,1720,898.10
kreisfahrt,88.3,54.02,5,1721,899.60
kreisfahrt,88.4,54.05,5,1722,901.10
kreisfahrt,88.5,54.07,5,1723,902.61
kreisfahrt,88.6,54.10,5,1724,904.11
kreisfahrt,88.7,54.13,5,1725,905.61
kreisfahrt,88.8,54.16,5,1726,907.12
kreisfahrt,88.9,54.19,5,1727,908.62
kreisfahrt,89.0,54.21,5,1728,910.13
kreisfahrt,89.1,54.24,5,1728,911.64
kreisfahrt,89.2,54.27,5,1729,913.15
kreisfahrt,89.3,54.30,5,1730,914.65
kreisfahrt,89.4,54.32,5,1731,916.16
kreisfahrt,89.5,54.35,5,1732,917.67
kreisfahrt,89.6,54.37,5,1733,919.18
kreisfahrt,89.7,54.40,5,1734,920.70
kreisfahrt,89.8,54.42,5,1734,922.21
kreisfahrt,89.9,54.45,5,1735,923.72
kreisfahrt,90.0,54.47,5,1736,925.23
kreisfahrt,90.1,54.49,5,1737,926.75
kreisfahrt,90.2,54.52,5,1737,928.26
kreisfahrt,90.3,54.54,5,1738,929.78
kreisfahrt,90.4,54.56,5,1739,931.30
kreisfahrt,90.5,54.58,5,1739,932.81
kreisfahrt,90.6,54.60,5,1740,934.33
kreisfahrt,90.7,54.62,5,1740,935.85
kreisfahrt,90.8,54.64,5,1741,937.37
kreisfahrt,90.9,54.66,5,1742,938.88
kreisfahrt,91.0,54.67,5,1742,940.40
kreisfahrt,91.1,54.69,5,1743,941.92
kreisfahrt,91.2,54.71,5,1743,943.44
kreisfahrt,91.3,54.73,5,1744,944.96
kreisfahrt,91.4,54.74,5,1744,946.49
kreisfahrt,91.5,54.76,5,1745,948.01
kreisfahrt,91.6,54.77,5,1745,949.53
kreisfahrt,91.7,54.79,5,1746,951.05
kreisfahrt,91.8,54.81,5,1746,952.58
kreisfahrt,91.9,54.82,5,1747,954.10
kreisfahrt,92.0,54.84,5,1747,955.62
kreisfahrt,92.1,54.85,5,1748,957.15
kreisfahrt,92.2,54.86,5,1748,958.67
kreisfahrt,92.3,54.88,5,1749,960.20
kreisfahrt,92.4,54.89,5,1749,961.72
kreisfahrt,92.5,54.90,5,1750,963.25
kreisfahrt,92.6,54.92,5,1750,964.78
kreisfahrt,92.7,54.93,5,1750,966.30
kreisfahrt,92.8,54.94,5,1751,967.83
kreisfahrt,92.9,54.95,5,1751,969.36
kreisfahrt,93.0,54.97,5,1752,970.88
kreisfahrt,93.1,54.98,5,1752,972.41
kreisfahrt,93.2,54.99,5,1752,973.94
kreisfahrt,93.3,55.00,5,1753,975.47
kreisfahrt,93.4,55.01,5,1753,977.00
kreisfahrt,93.5,55.02,5,1753,978.53
kreisfahrt,93.6,55.03,5,1754,980.06
kreisfahrt,93.7,55.04,5,1754,981.59
kreisfahrt,93.8,55.05,5,1754,983.12
kreisfahrt,93.9,55.06,5,1754,984.65
kreisfahrt,94.0,55.06,5,1755,986.18
kreisfahrt,94.1,55.07,5,1755,987.71
kreisfahrt,94.2,55.08,5,1755,989.24
kreisfahrt,94.3,55.09,5,1756,990.77
kreisfahrt,94.4,55.10,5,1756,992.30
kreisfahrt,94.5,55.10,5,1756,993.83
kreisfahrt,94.6,55.11,5,1756,995.37
kreisfahrt,94.7,55.12,5,1756,996.90
kreisfahrt,94.8,55.12,5,1757,998.43
kreisfahrt,94.9,55.13,5,1757,999.96
kreisfahrt,95.0,55.13,5,1757,1001.50
kreisfahrt,95.1,55.14,5,1757,1003.03
kreisfahrt,95.2,55.15,5,1757,1004.56
kreisfahrt,95.3,55.15,5,1758,1006.09
kreisfahrt,95.4,55.16,5,1758,1007.63
kreisfahrt,95.5,55.16,5,1758,1009.16
kreisfahrt,95.6,55.17,5,1758,1010.69
kreisfahrt,95.7,55.17,5,1758,1012.23
kreisfahrt,95.8,55.18,5,1758,1013.76
kreisfahrt,95.9,55.18,5,1759,1015.30
kreisfahrt,96.0,55.19,5,1759,1016.83
kreisfahrt,96.1,55.19,5,1759,1018.36
kreisfahrt,96.2,55.20,5,1759,1019.90
kreisfahrt,96.3,55.20,5,1759,1021.43
kreisfahrt,96.4,55.21,5,1759,1022.97
kreisfahrt,96.5,55.21,5,1759,1024.50
kreisfahrt,96.6,55.21,5,1760,1026.04
kreisfahrt,96.7,55.22,5,1760,1027.57
kreisfahrt,96.8,55.22,5,1760,1029.11
kreisfahrt,96.9,55.23,5,1760,1030.64
kreisfahrt,97.0,55.23,5,1760,1032.18
kreisfahrt,97.1,55.24,5,1760,1033.71
kreisfahrt,97.2,55.24,5,1760,1035.25
kreisfahrt,97.3,55.24,5,1760,1036.78
kreisfahrt,97.4,55.25,5,1761,1038.32
kreisfahrt,97.5,55.25,5,1761,1039.86
kreisfahrt,97.6,55.25,5,1761,1041.39
kreisfahrt,97.7,55.26,5,1761,1042.93
kreisfahrt,97.8,55.26,5,1761,1044.46
kreisfahrt,97.9,55.26,5,1761,1046.00
kreisfahrt,98.0,55.26,5,1761,1047.54
kreisfahrt,98.1,55.27,5,1761,1049.07
kreisfahrt,98.2,55.27,5,1761,1050.61
kreisfahrt,98.3,55.27,5,1761,1052.15
kreisfahrt,98.4,55.27,5,1761,1053.68
kreisfahrt,98.5,55.27,5,1761,1055.22
kreisfahrt,98.6,55.28,5,1761,1056.75
kreisfahrt,98.7,55.28,5,1762,1058.29
kreisfahrt,98.8,55.28,5,1762,1059.83
kreisfahrt,98.9,55.28,5,1762,1061.37
kreisfahrt,99.0,55.28,5,1762,1062.90
kreisfahrt,99.1,55.28,5,1762,1064.44
kreisfahrt,99.2,55.29,5,1762,1065.98
kreisfahrt,99.3,55.29,5,1762,1067.51
kreisfahrt,99.4,55.29,5,1762,1069.05
kreisfahrt,99.5,55.29,5,1762,1070.59
kreisfahrt,99.6,55.29,5,1762,1072.12
kreisfahrt,99.7,55.29,5,1762,1073.66
kreisfahrt,99.8,55.29,5,1762,1075.20
kreisfahrt,99.9,55.30,5,1762,1076.74
kreisfahrt,100.0,55.30,5,1762,1078.27
kreisfahrt,100.1,55.30,5,1762,1079.81
kreisfahrt,100.2,55.30,5,1762,1081.35
kreisfahrt,100.3,55.30,5,1762,1082.88
kreisfahrt,100.4,55.30,5,1762,1084.42
kreisfahrt,100.5,55.31,5,1762,1085.96
kreisfahrt,100.6,55.31,5,1762,1087.50
kreisfahrt,100.7,55.31,5,1763,1089.03
kreisfahrt,100.8,55.31,5,1763,1090.57
kreisfahrt,100.9,55.31,5,1763,1092.11
kreisfahrt,101.0,55.31,5,1763,1093.65
kreisfahrt,101.1,55.31,5,1763,1095.19
kreisfahrt,101.2,55.32,5,1763,1096.72
kreisfahrt,101.3,55.32,5,1763,1098.26
kreisfahrt,101.4,55.32,5,1763,1099.80
kreisfahrt,101.5,55.32,5,1763,1101.34
kreisfahrt,101.6,55.32,5,1763,1102.87
kreisfahrt,101.7,55.32,5,1763,1104.41
kreisfahrt,101.8,55.32,5,1763,1105.95
kreisfahrt,101.9,55.32,5,1763,1107.49
kreisfahrt,102.0,55.32,5,1763,1109.03
kreisfahrt,102.1,55.32,5,1763,1110.56
kreisfahrt,102.2,55.33,5,1763,1112.10
kreisfahrt,102.3,55.33,5,1763,1113.64
kreisfahrt,102.4,55.33,5,1763,1115.18
kreisfahrt,102.5,55.33,5,1763,1116.72
kreisfahrt,102.6,55.33,5,1763,1118.25
kreisfahrt,102.7,55.33,5,1763,1119.79
kreisfahrt,102.8,55.33,5,1763,1121.33
kreisfahrt,102.9,55.33,5,1763,1122.87
kreisfahrt,103.0,55.33,5,1763,1124.41
kreisfahrt,103.1,55.33,5,1763,1125.95
kreisfahrt,103.2,55.33,5,1763,1127.48
kreisfahrt,103.3,55.33,5,1763,1129.02
kreisfahrt,103.4,55.33,5,1763,1130.56
kreisfahrt,103.5,55.33,5,1763,1132.10
kreisfahrt,103.6,55.33,5,1763,1133.64
kreisfahrt,103.7,55.33,5,1763,1135.17
kreisfahrt,103.8,55.33,5,1763,1136.71
kreisfahrt,103.9,55.33,5,1763,1138.25
kreisfahrt,104.0,55.33,5,1763,1139.79
kreisfahrt,104.1,55.33,5,1763,1141.33
kreisfahrt,104.2,55.33,5,1763,1142.87
kreisfahrt,104.3,55.33,5,1763,1144.40
kreisfahrt,104.4,55.33,5,1763,1145.94
kreisfahrt,104.5,55.33,5,1763,1147.48
kreisfahrt,104.6,55.33,5,1763,1149.02
kreisfahrt,104.7,55.34,5,1763,1150.56
kreisfahrt,104.8,55.34,5,1763,1152.09
kreisfahrt,104.9,55.34,5,1763,1153.63
kreisfahrt,105.0,55.34,5,1763,1155.17
kreisfahrt,105.1,55.34,5,1763,1156.71
kreisfahrt,105.2,55.34,5,1764,1158.25
kreisfahrt,105.3,55.34,5,1764,1159.79
kreisfahrt,105.4,55.34,5,1764,1161.33
kreisfahrt,105.5,55.34,5,1764,1162.86
kreisfahrt,105.6,55.34,5,1764,1164.40
kreisfahrt,105.7,55.34,5,1764,1165.94
kreisfahrt,105.8,55.34,5,1764,1167.48
kreisfahrt,105.9,55.34,5,1764,1169.02
kreisfahrt,106.0,55.34,5,1764,1170.56
kreisfahrt,106.1,55.34,5,1764,1172.10
kreisfahrt,106.2,55.34,5,1764,1173.63
kreisfahrt,106.3,55.34,5,1764,1175.17
kreisfahrt,106.4,55.34,5,1764,1176.71
kreisfahrt,106.5,55.34,5,1764,1178.25
kreisfahrt,106.6,55.34,5,1764,1179.79
kreisfahrt,106.7,55.34,5,1764,1181.33
kreisfahrt,106.8,55.34,5,1764,1182.86
kreisfahrt,106.9,55.34,5,1764,1184.40
kreisfahrt,107.0,55.34,5,1764,1185.94
kreisfahrt,107.1,55.34,5,1764,1187.48
kreisfahrt,107.2,55.34,5,1764,1189.02
kreisfahrt,107.3,55.34,5,1764,1190.56
kreisfahrt,107.4,55.34,5,1764,1192.10
kreisfahrt,107.5,55.34,5,1764,1193.63
kreisfahrt,107.6,55.34,5,1764,1195.17
kreisfahrt,107.7,55.34,5,1764,1196.71
kreisfahrt,107.8,55.34,5,1764,1198.25
kreisfahrt,107.9,55.34,5,1764,1199.79
kreisfahrt,108.0,55.34,5,1764,1201.33
kreisfahrt,108.1,55.34,5,1764,1202.87
kreisfahrt,108.2,55.34,5,1764,1204.40
kreisfahrt,108.3,55.34,5,1764,1205.94
kreisfahrt,108.4,55.34,5,1764,1207.48
kreisfahrt,108.5,55.34,5,1764,1209.02
kreisfahrt,108.6,55.34,5,1764,1210.56
kreisfahrt,108.7,55.34,5,1764,1212.10
kreisfahrt,108.8,55.34,5,1764,1213.64
kreisfahrt,108.9,55.34,5,1764,1215.17
kreisfahrt,109.0,55.34,5,1764,1216.71
kreisfahrt,109.1,55.35,5,1764,1218.25
kreisfahrt,109.2,55.35,5,1764,1219.79
kreisfahrt,109.3,55.35,5,1764,1221.33
kreisfahrt,109.4,55.35,5,1764,1222.87
kreisfahrt,109.5,55.35,5,1764,1224.41
kreisfahrt,109.6,55.35,5,1764,1225.94
kreisfahrt,109.7,55.35,5,1764,1227.48
kreisfahrt,109.8,55.35,5,1764,1229.02
kreisfahrt,109.9,55.35,5,1764,1230.56
kreisfahrt,110.0,55.35,5,1764,1232.10
kreisfahrt,110.1,55.35,5,1764,1233.64
kreisfahrt,110.2,55.35,5,1764,1235.18
kreisfahrt,110.3,55.35,5,1764,1236.72
kreisfahrt,110.4,55.35,5,1764,1238.25
kreisfahrt,110.5,55.35,5,1764,1239.79
kreisfahrt,110.6,55.35,5,1764,1241.33
kreisfahrt,110.7,55.35,5,1764,1242.87
kreisfahrt,110.8,55.35,5,1764,1244.41
kreisfahrt,110.9,55.35,5,1764,1245.95
kreisfahrt,111.0,55.35,5,1764,1247.49
kreisfahrt,111.1,55.35,5,1764,1249.02
kreisfahrt,111.2,55.35,5,1764,1250.56
kreisfahrt,111.3,55.34,5,1764,1252.10
kreisfahrt,111.4,55.34,5,1764,1253.64
kreisfahrt,111.5,55.34,5,1764,1255.18
kreisfahrt,111.6,55.34,5,1764,1256.72
kreisfahrt,111.7,55.34,5,1764,1258.26
kreisfahrt,111.8,55.34,5,1764,1259.79
kreisfahrt,111.9,55.34,5,1764,1261.33
kreisfahrt,112.0,55.34,5,1764,1262.87
kreisfahrt,112.1,55.34,5,1764,1264.41
kreisfahrt,112.2,55.34,5,1764,1265.95
kreisfahrt,112.3,55.34,5,1764,1267.49
kreisfahrt,112.4,55.34,5,1764,1269.03
kreisfahrt,112.5,55.34,5,1764,1270.56
kreisfahrt,112.6,55.35,5,1764,1272.10
kreisfahrt,112.7,55.35,5,1764,1273.64
kreisfahrt,112.8,55.35,5,1764,1275.18
kreisfahrt,112.9,55.35,5,1764,1276.72
kreisfahrt,113.0,55.35,5,1764,1278.26
kreisfahrt,113.1,55.35,5,1764,1279.80
kreisfahrt,113.2,55.35,5,1764,1281.34
kreisfahrt,113.3,55.35,5,1764,1282.87
kreisfahrt,113.4,55.35,5,1764,1284.41
kreisfahrt,113.5,55.35,5,1764,1285.95
kreisfahrt,113.6,55.35,5,1764,1287.49
kreisfahrt,113.7,55.35,5,1764,1289.03
kreisfahrt,113.8,55.35,5,1764,1290.57
kreisfahrt,113.9,55.35,5,1764,1292.11
kreisfahrt,114.0,55.35,5,1764,1293.65
kreisfahrt,114.1,55.35,5,1764,1295.18
kreisfahrt,114.2,55.35,5,1764,1296.72
kreisfahrt,114.3,55.35,5,1764,1298.26
kreisfahrt,114.4,55.35,5,1764,1299.80
kreisfahrt,114.5,55.35,5,1764,1301.34
kreisfahrt,114.6,55.35,5,1764,1302.88
kreisfahrt,114.7,55.35,5,1764,1304.42
kreisfahrt,114.8,55.35,5,1764,1305.95
kreisfahrt,114.9,55.35,5,1764,1307.49
kreisfahrt,115.0,55.35,5,1764,1309.03
kreisfahrt,115.1,55.35,5,1764,1310.57
kreisfahrt,115.2,55.35,5,1764,1312.11
kreisfahrt,115.3,55.35,5,1764,1313.65
kreisfahrt,115.4,55.35,5,1764,1315.19
kreisfahrt,115.5,55.35,5,1764,1316.73
kreisfahrt,115.6,55.35,5,1764,1318.26
kreisfahrt,115.7,55.35,5,1764,1319.80
kreisfahrt,115.8,55.34,5,1764,1321.34
kreisfahrt,115.9,55.34,5,1764,1322.88
kreisfahrt,116.0,55.34,5,1764,1324.42
kreisfahrt,116.1,55.34,5,1764,1325.96
kreisfahrt,116.2,55.34,5,1764,1327.50
kreisfahrt,116.3,55.34,5,1764,1329.03
kreisfahrt,116.4,55.35,5,1764,1330.57
kreisfahrt,116.5,55.35,5,1764,1332.11
kreisfahrt,116.6,55.35,5,1764,1333.65
kreisfahrt,116.7,55.35,5,1764,1335.19
kreisfahrt,116.8,55.35,5,1764,1336.73
kreisfahrt,116.9,55.35,5,1764,1338.27
kreisfahrt,117.0,55.35,5,1764,1339.81
kreisfahrt,117.1,55.35,5,1764,1341.34
kreisfahrt,117.2,55.35,5,1764,1342.88
kreisfahrt,117.3,55.35,5,1764,1344.42
kreisfahrt,117.4,55.35,5,1764,1345.96
kreisfahrt,117.5,55.35,5,1764,1347.50
kreisfahrt,117.6,55.35,5,1764,1349.04
kreisfahrt,117.7,55.35,5,1764,1350.58
kreisfahrt,117.8,55.35,5,1764,1352.11
kreisfahrt,117.9,55.35,5,1764,1353.65
kreisfahrt,118.0,55.35,5,1764,1355.19
kreisfahrt,118.1,55.35,5,1764,1356.73
kreisfahrt,118.2,55.35,5,1764,1358.27
kreisfahrt,118.3,55.35,5,1764,1359.81
kreisfahrt,118.4,55.35,5,1764,1361.35
kreisfahrt,118.5,55.35,5,1764,1362.89
kreisfahrt,118.6,55.35,5,1764,1364.42
kreisfahrt,118.7,55.35,5,1764,1365.96
kreisfahrt,118.8,55.35,5,1764,1367.50
kreisfahrt,118.9,55.35,5,1764,1369.04
kreisfahrt,119.0,55.35,5,1764,1370.58
kreisfahrt,119.1,55.35,5,1764,1372.12
kreisfahrt,119.2,55.35,5,1764,1373.66
kreisfahrt,119.3,55.35,5,1764,1375.20
kreisfahrt,119.4,55.35,5,1764,1376.73
kreisfahrt,119.5,55.35,5,1764,1378.27
kreisfahrt,119.6,55.35,5,1764,1379.81
kreisfahrt,119.7,55.35,5,1764,1381.35
kreisfahrt,119.8,55.35,5,1764,1382.89
kreisfahrt,119.9,55.35,5,1764,1384.43
kreisfahrt,120.0,55.35,5,1764,1385.97
kreisfahrt,120.1,55.34,5,1764,1387.50
kreisfahrt,120.2,55.35,5,1764,1389.04
kreisfahrt,120.3,55.35,5,1764,1390.58
kreisfahrt,120.4,55.35,5,1764,1392.12
kreisfahrt,120.5,55.35,5,1764,1393.66
kreisfahrt,120.6,55.35,5,1764,1395.20
kreisfahrt,120.7,55.35,5,1764,1396.74
kreisfahrt,120.8,55.35,5,1764,1398.28
kreisfahrt,120.9,55.35,5,1764,1399.81
kreisfahrt,121.0,55.35,5,1764,1401.35
kreisfahrt,121.1,55.35,5,1764,1402.89
kreisfahrt,121.2,55.35,5,1764,1404.43
kreisfahrt,121.3,55.35,5,1764,1405.97
kreisfahrt,121.4,55.35,5,1764,1407.51
kreisfahrt,121.5,55.35,5,1764,1409.05
kreisfahrt,121.6,55.35,5,1764,1410.58
kreisfahrt,121.7,55.35,5,1764,1412.12
kreisfahrt,121.8,55.35,5,1764,1413.66
kreisfahrt,121.9,55.35,5,1764,1415.20
kreisfahrt,122.0,55.35,5,1764,1416.74
kreisfahrt,122.1,55.35,5,1764,1418.28
kreisfahrt,122.2,55.35,5,1764,1419.82
kreisfahrt,122.3,55.35,5,1764,1421.36
kreisfahrt,122.4,55.35,5,1764,1422.89
kreisfahrt,122.5,55.35,5,1764,1424.43
kreisfahrt,122.6,55.35,5,1764,1425.97
kreisfahrt,122.7,55.35,5,1764,1427.51
kreisfahrt,122.8,55.35,5,1764,1429.05
kreisfahrt,122.9,55.35,5,1764,1430.59
kreisfahrt,123.0,55.35,5,1764,1432.13
kreisfahrt,123.1,55.35,5,1764,1433.67
kreisfahrt,123.2,55.35,5,1764,1435.20
kreisfahrt,123.3,55.35,5,1764,1436.74
kreisfahrt,123.4,55.35,5,1764,1438.28
kreisfahrt,123.5,55.35,5,1764,1439.82
kreisfahrt,123.6,55.35,5,1764,1441.36
kreisfahrt,123.7,55.35,5,1764,1442.90
kreisfahrt,123.8,55.35,5,1764,1444.44
kreisfahrt,123.9,55.35,5,1764,1445.98
kreisfahrt,124.0,55.35,5,1764,1447.51
kreisfahrt,124.1,55.35,5,1764,1449.05
kreisfahrt,124.2,55.35,5,1764,1450.59
kreisfahrt,124.3,55.35,5,1764,1452.13
kreisfahrt,124.4,55.35,5,1764,1453.67
kreisfahrt,124.5,55.35,5,1764,1455.21
kreisfahrt,124.6,55.35,5,1764,1456.75
kreisfahrt,124.7,55.35,5,1764,1458.28
kreisfahrt,124.8,55.35,5,1764,1459.82
kreisfahrt,124.9,55.35,5,1764,1461.36
kreisfahrt,125.0,55.35,5,1764,1462.90
kreisfahrt,125.1,55.35,5,1764,1464.44
kreisfahrt,125.2,55.35,5,1764,1465.98
kreisfahrt,125.3,55.35,5,1764,1467.52
kreisfahrt,125.4,55.35,5,1764,1469.06
kreisfahrt,125.5,55.35,5,1764,1470.59
kreisfahrt,125.6,55.35,5,1764,1472.13
kreisfahrt,125.7,55.35,5,1764,1473.67
kreisfahrt,125.8,55.35,5,1764,1475.21
kreisfahrt,125.9,55.35,5,1764,1476.75
kreisfahrt,126.0,55.35,5,1764,1478.29
kreisfahrt,126.1,55.35,5,1764,1479.83
kreisfahrt,126.2,55.35,5,1764,1481.37
kreisfahrt,126.3,55.35,5,1764,1482.90
kreisfahrt,126.4,55.35,5,1764,1484.44
kreisfahrt,126.5,55.35,5,1764,1485.98
kreisfahrt,126.6,55.35,5,1764,1487.52
kreisfahrt,126.7,55.35,5,1764,1489.06
kreisfahrt,126.8,55.35,5,1764,1490.60
kreisfahrt,126.9,55.35,5,1764,1492.14
kreisfahrt,127.0,55.35,5,1764,1493.68
kreisfahrt,127.1,55.35,5,1764,1495.21
kreisfahrt,127.2,55.35,5,1764,1496.75
kreisfahrt,127.3,55.35,5,1764,1498.29
kreisfahrt,127.4,55.35,5,1764,1499.83
kreisfahrt,127.5,55.35,5,1764,1501.37
kreisfahrt,127.6,55.35,5,1764,1502.91
kreisfahrt,127.7,55.35,5,1764,1504.45
kreisfahrt,127.8,55.35,5,1764,1505.98
kreisfahrt,127.9,55.35,5,1764,1507.52
kreisfahrt,128.0,55.35,5,1764,1509.06
kreisfahrt,128.1,55.35,5,1764,1510.60
kreisfahrt,128.2,55.34,5,1764,1512.14
kreisfahrt,128.3,55.34,5,1764,1513.68
kreisfahrt,128.4,55.35,5,1764,1515.22
kreisfahrt,128.5,55.35,5,1764,1516.76
kreisfahrt,128.6,55.35,5,1764,1518.29
kreisfahrt,128.7,55.35,5,1764,1519.83
kreisfahrt,128.8,55.35,5,1764,1521.37
kreisfahrt,128.9,55.35,5,1764,1522.91
kreisfahrt,129.0,55.35,5,1764,1524.45
kreisfahrt,129.1,55.35,5,1764,1525.99
kreisfahrt,129.2,55.35,5,1764,1527.53
kreisfahrt,129.3,55.35,5,1764,1529.06
kreisfahrt,129.4,55.35,5,1764,1530.60
kreisfahrt,129.5,55.35,5,1764,1532.14
kreisfahrt,129.6,55.35,5,1764,1533.68
kreisfahrt,129.7,55.35,5,1764,1535.22
kreisfahrt,129.8,55.35,5,1764,1536.76
kreisfahrt,129.9,55.35,5,1764,1538.30
kreisfahrt,130.0,55.35,5,1764,1539.84
kreisfahrt,130.1,55.35,5,1764,1541.37
kreisfahrt,130.2,55.35,5,1764,1542.91
kreisfahrt,130.3,55.35,5,1764,1544.45
kreisfahrt,130.4,55.35,5,1764,1545.99
kreisfahrt,130.5,55.35,5,1764,1547.53
kreisfahrt,130.6,55.35,5,1764,1549.07
kreisfahrt,130.7,55.35,5,1764,1550.61
kreisfahrt,130.8,55.35,5,1764,1552.15
kreisfahrt,130.9,55.35,5,1764,1553.68
kreisfahrt,131.0,55.35,5,1764,1555.22
kreisfahrt,131.1,55.35,5,1764,1556.76
kreisfahrt,131.2,55.35,5,1764,1558.30
kreisfahrt,131.3,55.35,5,1764,1559.84
kreisfahrt,131.4,55.35,5,1764,1561.38
kreisfahrt,131.5,55.35,5,1764,1562.92
kreisfahrt,131.6,55.35,5,1764,1564.46
kreisfahrt,131.7,55.35,5,1764,1565.99
kreisfahrt,131.8,55.35,5,1764,1567.53
kreisfahrt,131.9,55.35,5,1764,1569.07
kreisfahrt,132.0,55.35,5,1764,1570.61
kreisfahrt,132.1,55.35,5,1764,1572.15
kreisfahrt,132.2,55.34,5,1764,1573.69
kreisfahrt,132.3,55.34,5,1764,1575.23
kreisfahrt,132.4,55.34,5,1764,1576.76
kreisfahrt,132.5,55.35,5,1764,1578.30
kreisfahrt,132.6,55.35,5,1764,1579.84
kreisfahrt,132.7,55.35,5,1764,1581.38
kreisfahrt,132.8,55.35,5,1764,1582.92
kreisfahrt,132.9,55.35,5,1764,1584.46
kreisfahrt,133.0,55.35,5,1764,1586.00
kreisfahrt,133.1,55.35,5,1764,1587.53
kreisfahrt,133.2,55.35,5,1764,1589.07
kreisfahrt,133.3,55.35,5,1764,1590.61
kreisfahrt,133.4,55.35,5,1764,1592.15
kreisfahrt,133.5,55.35,5,1764,1593.69
kreisfahrt,133.6,55.35,5,1764,1595.23
kreisfahrt,133.7,55.35,5,1764,1596.77
kreisfahrt,133.8,55.35,5,1764,1598.31
kreisfahrt,133.9,55.35,5,1764,1599.84
kreisfahrt,134.0,55.35,5,1764,1601.38
kreisfahrt,134.1,55.35,5,1764,1602.92
kreisfahrt,134.2,55.35,5,1764,1604.46
kreisfahrt,134.3,55.35,5,1764,1606.00
kreisfahrt,134.4,55.35,5,1764,1607.54
kreisfahrt,134.5,55.35,5,1764,1609.08
kreisfahrt,134.6,55.35,5,1764,1610.62
kreisfahrt,134.7,55.35,5,1764,1612.15
kreisfahrt,134.8,55.35,5,1764,1613.69
kreisfahrt,134.9,55.35,5,1764,1615.23
kreisfahrt,135.0,55.35,5,1764,1616.77
kreisfahrt,135.1,55.35,5,1764,1618.31
kreisfahrt,135.2,55.35,5,1764,1619.85
kreisfahrt,135.3,55.35,5,1764,1621.39
kreisfahrt,135.4,55.35,5,1764,1622.93
kreisfahrt,135.5,55.35,5,1764,1624.46
kreisfahrt,135.6,55.35,5,1764,1626.00
kreisfahrt,135.7,55.35,5,1764,1627.54
kreisfahrt,135.8,55.35,5,1764,1629.08
kreisfahrt,135.9,55.35,5,1764,1630.62
kreisfahrt,136.0,55.35,5,1764,1632.16
kreisfahrt,136.1,55.35,5,1764,1633.70
kreisfahrt,136.2,55.34,5,1764,1635.23
kreisfahrt,136.3,55.34,5,1764,1636.77
kreisfahrt,136.4,55.34,5,1764,1638.31
kreisfahrt,136.5,55.34,5,1764,1639.85
kreisfahrt,136.6,55.35,5,1764,1641.39
kreisfahrt,136.7,55.35,5,1764,1642.93
kreisfahrt,136.8,55.35,5,1764,1644.47
kreisfahrt,136.9,55.35,5,1764,1646.01
kreisfahrt,137.0,55.35,5,1764,1647.54
kreisfahrt,137.1,55.35,5,1764,1649.08
kreisfahrt,137.2,55.35,5,1764,1650.62
kreisfahrt,137.3,55.35,5,1764,1652.16
kreisfahrt,137.4,55.35,5,1764,1653.70
kreisfahrt,137.5,55.35,5,1764,1655.24
kreisfahrt,137.6,55.35,5,1764,1656.78
kreisfahrt,137.7,55.35,5,1764,1658.31
kreisfahrt,137.8,55.35,5,1764,1659.85
kreisfahrt,137.9,55.35,5,1764,1661.39
kreisfahrt,138.0,55.35,5,1764,1662.93
kreisfahrt,138.1,55.35,5,1764,1664.47
kreisfahrt,138.2,55.35,5,1764,1666.01
kreisfahrt,138.3,55.35,5,1764,1667.55
kreisfahrt,138.4,55.35,5,1764,1669.09
kreisfahrt,138.5,55.35,5,1764,1670.62
kreisfahrt,138.6,55.35,5,1764,1672.16
kreisfahrt,138.7,55.35,5,1764,1673.70
kreisfahrt,138.8,55.35,5,1764,1675.24
kreisfahrt,138.9,55.35,5,1764,1676.78
kreisfahrt,139.0,55.35,5,1764,1678.32
kreisfahrt,139.1,55.35,5,1764,1679.86
kreisfahrt,139.2,55.35,5,1764,1681.40
kreisfahrt,139.3,55.35,5,1764,1682.93
kreisfahrt,139.4,55.35,5,1764,1684.47
kreisfahrt,139.5,55.35,5,1764,1686.01
kreisfahrt,139.6,55.35,5,1764,1687.55
kreisfahrt,139.7,55.35,5,1764,1689.09
kreisfahrt,139.8,55.35,5,1764,1690.63
kreisfahrt,139.9,55.35,5,1764,1692.17
kreisfahrt,140.0,55.35,5,1764,1693.71
kreisfahrt,140.1,55.35,5,1764,1695.24
kreisfahrt,140.2,55.34,5,1764,1696.78
kreisfahrt,140.3,55.34,5,1764,1698.32
kreisfahrt,140.4,55.34,5,1764,1699.86
kreisfahrt,140.5,55.34,5,1764,1701.40
kreisfahrt,140.6,55.34,5,1764,1702.94
kreisfahrt,140.7,55.35,5,1764,1704.48
kreisfahrt,140.8,55.35,5,1764,1706.01
kreisfahrt,140.9,55.35,5,1764,1707.55
kreisfahrt,141.0,55.35,5,1764,1709.09
kreisfahrt,141.1,55.35,5,1764,1710.63
kreisfahrt,141.2,55.35,5,1764,1712.17
kreisfahrt,141.3,55.35,5,1764,1713.71
kreisfahrt,141.4,55.35,5,1764,1715.25
kreisfahrt,141.5,55.35,5,1764,1716.78
kreisfahrt,141.6,55.35,5,1764,1718.32
kreisfahrt,141.7,55.35,5,1764,1719.86
kreisfahrt,141.8,55.35,5,1764,1721.40
kreisfahrt,141.9,55.35,5,1764,1722.94
kreisfahrt,142.0,55.35,5,1764,1724.48
kreisfahrt,142.1,55.35,5,1764,1726.02
kreisfahrt,142.2,55.35,5,1764,1727.56
kreisfahrt,142.3,55.35,5,1764,1729.09
kreisfahrt,142.4,55.35,5,1764,1730.63
kreisfahrt,142.5,55.35,5,1764,1732.17
kreisfahrt,142.6,55.35,5,1764,1733.71
kreisfahrt,142.7,55.35,5,1764,1735.25
kreisfahrt,142.8,55.35,5,1764,1736.79
kreisfahrt,142.9,55.35,5,1764,1738.33
kreisfahrt,143.0,55.35,5,1764,1739.87
kreisfahrt,143.1,55.35,5,1764,1741.40
kreisfahrt,143.2,55.35,5,1764,1742.94
kreisfahrt,143.3,55.35,5,1764,1744.48
kreisfahrt,143.4,55.35,5,1764,1746.02
kreisfahrt,143.5,55.35,5,1764,1747.56
kreisfahrt,143.6,55.35,5,1764,1749.10
kreisfahrt,143.7,55.35,5,1764,1750.64
kreisfahrt,143.8,55.35,5,1764,1752.18
kreisfahrt,143.9,55.35,5,1764,1753.71
kreisfahrt,144.0,55.35,5,1764,1755.25
kreisfahrt,144.1,55.35,5,1764,1756.79
kreisfahrt,144.2,55.35,5,1764,1758.33
kreisfahrt,144.3,55.34,5,1764,1759.87
kreisfahrt,144.4,55.34,5,1764,1761.41
kreisfahrt,144.5,55.34,5,1764,1762.95
kreisfahrt,144.6,55.34,5,1764,1764.48
kreisfahrt,144.7,55.34,5,1764,1766.02
kreisfahrt,144.8,55.35,5,1764,1767.56
kreisfahrt,144.9,55.35,5,1764,1769.10
kreisfahrt,145.0,55.35,5,1764,1770.64
kreisfahrt,145.1,55.35,5,1764,1772.18
kreisfahrt,145.2,55.35,5,1764,1773.72
kreisfahrt,145.3,55.35,5,1764,1775.26
kreisfahrt,145.4,55.35,5,1764,1776.79
kreisfahrt,145.5,55.35,5,1764,1778.33
kreisfahrt,145.6,55.35,5,1764,1779.87
kreisfahrt,145.7,55.35,5,1764,1781.41
kreisfahrt,145.8,55.35,5,1764,1782.95
kreisfahrt,145.9,55.35,5,1764,1784.49
kreisfahrt,146.0,55.35,5,1764,1786.03
kreisfahrt,146.1,55.35,5,1764,1787.56
kreisfahrt,146.2,55.35,5,1764,1789.10
kreisfahrt,146.3,55.35,5,1764,1790.64
kreisfahrt,146.4,55.35,5,1764,1792.18
kreisfahrt,146.5,55.35,5,1764,1793.72
kreisfahrt,146.6,55.35,5,1764,1795.26
kreisfahrt,146.7,55.35,5,1764,1796.80
kreisfahrt,146.8,55.35,5,1764,1798.34
kreisfahrt,146.9,55.35,5,1764,1799.88
kreisfahrt,147.0,55.35,5,1764,1801.41
kreisfahrt,147.1,55.35,5,1764,1802.95
kreisfahrt,147.2,55.35,5,1764,1804.49
kreisfahrt,147.3,55.35,5,1764,1806.03
kreisfahrt,147.4,55.35,5,1764,1807.57
kreisfahrt,147.5,55.35,5,1764,1809.11
kreisfahrt,147.6,55.35,5,1764,1810.65
kreisfahrt,147.7,55.35,5,1764,1812.18
kreisfahrt,147.8,55.35,5,1764,1813.72
kreisfahrt,147.9,55.35,5,1764,1815.26
kreisfahrt,148.0,55.35,5,1764,1816.80
kreisfahrt,148.1,55.35,5,1764,1818.34
kreisfahrt,148.2,55.35,5,1764,1819.88
kreisfahrt,148.3,55.34,5,1764,1821.42
kreisfahrt,148.4,55.34,5,1764,1822.96
kreisfahrt,148.5,55.34,5,1764,1824.49
kreisfahrt,148.6,55.34,5,1764,1826.03
kreisfahrt,148.7,55.34,5,1764,1827.57
kreisfahrt,148.8,55.34,5,1764,1829.11
kreisfahrt,148.9,55.35,5,1764,1830.65
kreisfahrt,149.0,55.35,5,1764,1832.19
kreisfahrt,149.1,55.35,5,1764,1833.73
kreisfahrt,149.2,55.35,5,1764,1835.26
kreisfahrt,149.3,55.35,5,1764,1836.80
kreisfahrt,149.4,55.35,5,1764,1838.34
kreisfahrt,149.5,55.35,5,1764,1839.88
kreisfahrt,149.6,55.35,5,1764,1841.42
kreisfahrt,149.7,55.35,5,1764,1842.96
kreisfahrt,149.8,55.35,5,1764,1844.50
kreisfahrt,149.9,55.35,5,1764,1846.04
kreisfahrt,150.0,55.35,5,1764,1847.57
kreisfahrt,150.1,55.35,5,1764,1849.11
kreisfahrt,150.2,55.35,5,1764,1850.65
kreisfahrt,150.3,55.35,5,1764,1852.19
kreisfahrt,150.4,55.35,5,1764,1853.73
kreisfahrt,150.5,55.35,5,1764,1855.27
kreisfahrt,150.6,55.35,5,1764,1856.81
kreisfahrt,150.7,55.35,5,1764,1858.35
kreisfahrt,150.8,55.35,5,1764,1859.88
kreisfahrt,150.9,55.35,5,1764,1861.42
kreisfahrt,151.0,55.35,5,1764,1862.96
kreisfahrt,151.1,55.35,5,1764,1864.50
kreisfahrt,151.2,55.35,5,1764,1866.04
kreisfahrt,151.3,55.35,5,1764,1867.58
kreisfahrt,151.4,55.35,5,1764,1869.12
kreisfahrt,151.5,55.35,5,1764,1870.66
kreisfahrt,151.6,55.35,5,1764,1872.19
kreisfahrt,151.7,55.35,5,1764,1873.73
kreisfahrt,151.8,55.35,5,1764,1875.27
kreisfahrt,151.9,55.35,5,1764,1876.81
kreisfahrt,152.0,55.35,5,1764,1878.35
kreisfahrt,152.1,55.35,5,1764,1879.89
kreisfahrt,152.2,55.35,5,1764,1881.43
kreisfahrt,152.3,55.34,5,1764,1882.96
kreisfahrt,152.4,55.34,5,1764,1884.50
kreisfahrt,152.5,55.34,5,1764,1886.04
kreisfahrt,152.6,55.34,5,1764,1887.58
kreisfahrt,152.7,55.34,5,1764,1889.12
kreisfahrt,152.8,55.34,5,1764,1890.66
kreisfahrt,152.9,55.34,5,1764,1892.20
kreisfahrt,153.0,55.35,5,1764,1893.73
kreisfahrt,153.1,55.35,5,1764,1895.27
kreisfahrt,153.2,55.35,5,1764,1896.81
kreisfahrt,153.3,55.35,5,1764,1898.35
kreisfahrt,153.4,55.35,5,1764,1899.89
kreisfahrt,153.5,55.35,5,1764,1901.43
kreisfahrt,153.6,55.35,5,1764,1902.97
kreisfahrt,153.7,55.35,5,1764,1904.51
kreisfahrt,153.8,55.35,5,1764,1906.04
kreisfahrt,153.9,55.35,5,1764,1907.58
kreisfahrt,154.0,55.35,5,1764,1909.12
kreisfahrt,154.1,55.35,5,1764,1910.66
kreisfahrt,154.2,55.35,5,1764,1912.20
kreisfahrt,154.3,55.35,5,1764,1913.74
kreisfahrt,154.4,55.35,5,1764,1915.28
kreisfahrt,154.5,55.35,5,1764,1916.82
kreisfahrt,154.6,55.35,5,1764,1918.35
kreisfahrt,154.7,55.35,5,1764,1919.89
kreisfahrt,154.8,55.35,5,1764,1921.43
kreisfahrt,154.9,55.35,5,1764,1922.97
kreisfahrt,155.0,55.35,5,1764,1924.51
kreisfahrt,155.1,55.35,5,1764,1926.05
kreisfahrt,155.2,55.35,5,1764,1927.59
kreisfahrt,155.3,55.35,5,1764,1929.13
kreisfahrt,155.4,55.35,5,1764,1930.66
kreisfahrt,155.5,55.35,5,1764,1932.20
kreisfahrt,155.6,55.35,5,1764,1933.74
kreisfahrt,155.7,55.35,5,1764,1935.28
kreisfahrt,155.8,55.35,5,1764,1936.82
kreisfahrt,155.9,55.35,5,1764,1938.36
kreisfahrt,156.0,55.35,5,1764,1939.90
kreisfahrt,156.1,55.35,5,1764,1941.44
kreisfahrt,156.2,55.35,5,1764,1942.97
kreisfahrt,156.3,55.35,5,1764,1944.51
kreisfahrt,156.4,55.34,5,1764,1946.05
kreisfahrt,156.5,55.34,5,1764,1947.59
kreisfahrt,156.6,55.34,5,1764,1949.13
kreisfahrt,156.7,55.34,5,1764,1950.67
kreisfahrt,156.8,55.34,5,1764,1952.21
kreisfahrt,156.9,55.34,5,1764,1953.74
kreisfahrt,157.0,55.34,5,1764,1955.28
kreisfahrt,157.1,55.35,5,1764,1956.82
kreisfahrt,157.2,55.35,5,1764,1958.36
kreisfahrt,157.3,55.35,5,1764,1959.90
kreisfahrt,157.4,55.35,5,1764,1961.44
kreisfahrt,157.5,55.35,5,1764,1962.98
kreisfahrt,157.6,55.35,5,1764,1964.51
kreisfahrt,157.7,55.35,5,1764,1966.05
kreisfahrt,157.8,55.35,5,1764,1967.59
kreisfahrt,157.9,55.35,5,1764,1969.13
kreisfahrt,158.0,55.35,5,1764,1970.67
kreisfahrt,158.1,55.35,5,1764,1972.21
kreisfahrt,158.2,55.35,5,1764,1973.75
kreisfahrt,158.3,55.35,5,1764,1975.29
kreisfahrt,158.4,55.35,5,1764,1976.82
kreisfahrt,158.5,55.35,5,1764,1978.36
kreisfahrt,158.6,55.35,5,1764,1979.90
kreisfahrt,158.7,55.35,5,1764,1981.44
kreisfahrt,158.8,55.35,5,1764,1982.98
kreisfahrt,158.9,55.35,5,1764,1984.52
kreisfahrt,159.0,55.35,5,1764,1986.06
kreisfahrt,159.1,55.35,5,1764,1987.60
kreisfahrt,159.2,55.35,5,1764,1989.13
kreisfahrt,159.3,55.35,5,1764,1990.67
kreisfahrt,159.4,55.35,5,1764,1992.21
kreisfahrt,159.5,55.35,5,1764,1993.75
kreisfahrt,159.6,55.35,5,1764,1995.29
kreisfahrt,159.7,55.35,5,1764,1996.83
kreisfahrt,159.8,55.35,5,1764,1998.37
kreisfahrt,159.9,55.35,5,1764,1999.91
kreisfahrt,160.0,55.35,5,1764,2001.44
kreisfahrt,160.1,55.35,5,1764,2002.98
kreisfahrt,160.2,55.35,5,1764,2004.52
kreisfahrt,160.3,55.35,5,1764,2006.06
kreisfahrt,160.4,55.34,5,1764,2007.60
kreisfahrt,160.5,55.34,5,1764,2009.14
kreisfahrt,160.6,55.34,5,1764,2010.68
kreisfahrt,160.7,55.34,5,1764,2012.21
kreisfahrt,160.8,55.34,5,1764,2013.75
kreisfahrt,160.9,55.34,5,1764,2015.29
kreisfahrt,161.0,55.34,5,1764,2016.83
kreisfahrt,161.1,55.34,5,1764,2018.37
kreisfahrt,161.2,55.35,5,1764,2019.91
kreisfahrt,161.3,55.35,5,1764,2021.45
kreisfahrt,161.4,55.35,5,1764,2022.99
kreisfahrt,161.5,55.35,5,1764,2024.52
kreisfahrt,161.6,55.35,5,1764,2026.06
kreisfahrt,161.7,55.35,5,1764,2027.60
kreisfahrt,161.8,55.35,5,1764,2029.14
kreisfahrt,161.9,55.35,5,1764,2030.68
kreisfahrt,162.0,55.35,5,1764,2032.22
kreisfahrt,162.1,55.35,5,1764,2033.76
kreisfahrt,162.2,55.35,5,1764,2035.29
kreisfahrt,162.3,55.35,5,1764,2036.83
kreisfahrt,162.4,55.35,5,1764,2038.37
kreisfahrt,162.5,55.35,5,1764,2039.91
kreisfahrt,162.6,55.35,5,1764,2041.45
kreisfahrt,162.7,55.35,5,1764,2042.99
kreisfahrt,162.8,55.35,5,1764,2044.53
kreisfahrt,162.9,55.35,5,1764,2046.07
kreisfahrt,163.0,55.35,5,1764,2047.60
kreisfahrt,163.1,55.35,5,1764,2049.14
kreisfahrt,163.2,55.35,5,1764,2050.68
kreisfahrt,163.3,55.35,5,1764,2052.22
kreisfahrt,163.4,55.35,5,1764,2053.76
kreisfahrt,163.5,55.35,5,1764,2055.30
kreisfahrt,163.6,55.35,5,1764,2056.84
kreisfahrt,163.7,55.35,5,1764,2058.38
kreisfahrt,163.8,55.35,5,1764,2059.91
kreisfahrt,163.9,55.35,5,1764,2061.45
kreisfahrt,164.0,55.35,5,1764,2062.99
kreisfahrt,164.1,55.35,5,1764,2064.53
kreisfahrt,164.2,55.35,5,1764,2066.07
kreisfahrt,164.3,55.35,5,1764,2067.61
kreisfahrt,164.4,55.34,5,1764,2069.15
kreisfahrt,164.5,55.34,5,1764,2070.69
kreisfahrt,164.6,55.34,5,1764,2072.22
kreisfahrt,164.7,55.34,5,1764,2073.76
kreisfahrt,164.8,55.34,5,1764,2075.30
kreisfahrt,164.9,55.34,5,1764,2076.84
kreisfahrt,165.0,55.34,5,1764,2078.38
kreisfahrt,165.1,55.34,5,1764,2079.92
kreisfahrt,165.2,55.35,5,1764,2081.46
kreisfahrt,165.3,55.35,5,1764,2082.99
kreisfahrt,165.4,55.35,5,1764,2084.53
kreisfahrt,165.5,55.35,5,1764,2086.07
kreisfahrt,165.6,55.35,5,1764,2087.61
kreisfahrt,165.7,55.35,5,1764,2089.15
kreisfahrt,165.8,55.35,5,1764,2090.69
kreisfahrt,165.9,55.35,5,1764,2092.23
kreisfahrt,166.0,55.35,5,1764,2093.76
kreisfahrt,166.1,55.35,5,1764,2095.30
kreisfahrt,166.2,55.35,5,1764,2096.84
kreisfahrt,166.3,55.35,5,1764,2098.38
kreisfahrt,166.4,55.35,5,1764,2099.92
kreisfahrt,166.5,55.35,5,1764,2101.46
kreisfahrt,166.6,55.35,5,1764,2103.00
kreisfahrt,166.7,55.35,5,1764,2104.54
kreisfahrt,166.8,55.35,5,1764,2106.07
kreisfahrt,166.9,55.35,5,1764,2107.61
kreisfahrt,167.0,55.35,5,1764,2109.15
kreisfahrt,167.1,55.35,5,1764,2110.69
kreisfahrt,167.2,55.35,5,1764,2112.23
kreisfahrt,167.3,55.35,5,1764,2113.77
kreisfahrt,167.4,55.35,5,1764,2115.31
kreisfahrt,167.5,55.35,5,1764,2116.85
kreisfahrt,167.6,55.35,5,1764,2118.39
kreisfahrt,167.7,55.35,5,1764,2119.92
kreisfahrt,167.8,55.35,5,1764,2121.46
kreisfahrt,167.9,55.35,5,1764,2123.00
kreisfahrt,168.0,55.35,5,1764,2124.54
kreisfahrt,168.1,55.35,5,1764,2126.08
kreisfahrt,168.2,55.35,5,1764,2127.62
kreisfahrt,168.3,55.35,5,1764,2129.16
kreisfahrt,168.4,55.35,5,1764,2130.69
kreisfahrt,168.5,55.34,5,1764,2132.23
kreisfahrt,168.6,55.34,5,1764,2133.77
kreisfahrt,168.7,55.34,5,1764,2135.31
kreisfahrt,168.8,55.34,5,1764,2136.85
kreisfahrt,168.9,55.34,5,1764,2138.39
kreisfahrt,169.0,55.34,5,1764,2139.93
kreisfahrt,169.1,55.34,5,1764,2141.46
kreisfahrt,169.2,55.34,5,1764,2143.00
kreisfahrt,169.3,55.35,5,1764,2144.54
kreisfahrt,169.4,55.35,5,1764,2146.08
kreisfahrt,169.5,55.35,5,1764,2147.62
kreisfahrt,169.6,55.35,5,1764,2149.16
kreisfahrt,169.7,55.35,5,1764,2150.70
kreisfahrt,169.8,55.35,5,1764,2152.24
kreisfahrt,169.9,55.35,5,1764,2153.77
kreisfahrt,170.0,55.35,5,1764,2155.31
kreisfahrt,170.1,55.35,5,1764,2156.85
kreisfahrt,170.2,55.35,5,1764,2158.39
kreisfahrt,170.3,55.35,5,1764,2159.93
kreisfahrt,170.4,55.35,5,1764,2161.47
kreisfahrt,170.5,55.35,5,1764,2163.01
kreisfahrt,170.6,55.35,5,1764,2164.55
kreisfahrt,170.7,55.35,5,1764,2166.08
kreisfahrt,170.8,55.35,5,1764,2167.62
kreisfahrt,170.9,55.35,5,1764,2169.16
kreisfahrt,171.0,55.35,5,1764,2170.70
kreisfahrt,171.1,55.35,5,1764,2172.24
kreisfahrt,171.2,55.35,5,1764,2173.78
kreisfahrt,171.3,55.35,5,1764,2175.32
kreisfahrt,171.4,55.35,5,1764,2176.86
kreisfahrt,171.5,55.35,5,1764,2178.39
kreisfahrt,171.6,55.35,5,1764,2179.93
kreisfahrt,171.7,55.35,5,1764,2181.47
kreisfahrt,171.8,55.35,5,1764,2183.01
kreisfahrt,171.9,55.35,5,1764,2184.55
kreisfahrt,172.0,55.35,5,1764,2186.09
kreisfahrt,172.1,55.35,5,1764,2187.63
kreisfahrt,172.2,55.35,5,1764,2189.17
kreisfahrt,172.3,55.35,5,1764,2190.70
kreisfahrt,172.4,55.35,5,1764,2192.24
kreisfahrt,172.5,55.34,5,1764,2193.78
kreisfahrt,172.6,55.34,5,1764,2195.32
kreisfahrt,172.7,55.34,5,1764,2196.86
kreisfahrt,172.8,55.34,5,1764,2198.40
kreisfahrt,172.9,55.34,5,1764,2199.94
kreisfahrt,173.0,55.34,5,1764,2201.47
kreisfahrt,173.1,55.34,5,1764,2203.01
kreisfahrt,173.2,55.34,5,1764,2204.55
kreisfahrt,173.3,55.34,5,1764,2206.09
kreisfahrt,173.4,55.35,5,1764,2207.63
kreisfahrt,173.5,55.35,5,1764,2209.17
kreisfahrt,173.6,55.35,5,1764,2210.71
kreisfahrt,173.7,55.35,5,1764,2212.24
kreisfahrt,173.8,55.35,5,1764,2213.78
kreisfahrt,173.9,55.35,5,1764,2215.32
kreisfahrt,174.0,55.35,5,1764,2216.86
kreisfahrt,174.1,55.35,5,1764,2218.40
kreisfahrt,174.2,55.35,5,1764,2219.94
kreisfahrt,174.3,55.35,5,1764,2221.48
kreisfahrt,174.4,55.35,5,1764,2223.02
kreisfahrt,174.5,55.35,5,1764,2224.55
kreisfahrt,174.6,55.35,5,1764,2226.09
kreisfahrt,174.7,55.35,5,1764,2227.63
kreisfahrt,174.8,55.35,5,1764,2229.17
kreisfahrt,174.9,55.35,5,1764,2230.71
kreisfahrt,175.0,55.35,5,1764,2232.25
kreisfahrt,175.1,55.35,5,1764,2233.79
kreisfahrt,175.2,55.35,5,1764,2235.33
kreisfahrt,175.3,55.35,5,1764,2236.86
kreisfahrt,175.4,55.35,5,1764,2238.40
kreisfahrt,175.5,55.35,5,1764,2239.94
kreisfahrt,175.6,55.35,5,1764,2241.48
kreisfahrt,175.7,55.35,5,1764,2243.02
kreisfahrt,175.8,55.35,5,1764,2244.56
kreisfahrt,175.9,55.35,5,1764,2246.10
kreisfahrt,176.0,55.35,5,1764,2247.64
kreisfahrt,176.1,55.35,5,1764,2249.17
kreisfahrt,176.2,55.35,5,1764,2250.71
kreisfahrt,176.3,55.35,5,1764,2252.25
kreisfahrt,176.4,55.35,5,1764,2253.79
kreisfahrt,176.5,55.35,5,1764,2255.33
kreisfahrt,176.6,55.34,5,1764,2256.87
kreisfahrt,176.7,55.34,5,1764,2258.41
kreisfahrt,176.8,55.34,5,1764,2259.94
kreisfahrt,176.9,55.34,5,1764,2261.48
kreisfahrt,177.0,55.34,5,1764,2263.02
kreisfahrt,177.1,55.34,5,1764,2264.56
kreisfahrt,177.2,55.34,5,1764,2266.10
kreisfahrt,177.3,55.34,5,1764,2267.64
kreisfahrt,177.4,55.34,5,1764,2269.18
kreisfahrt,177.5,55.35,5,1764,2270.71
kreisfahrt,177.6,55.35,5,1764,2272.25
kreisfahrt,177.7,55.35,5,1764,2273.79
kreisfahrt,177.8,55.35,5,1764,2275.33
kreisfahrt,177.9,55.35,5,1764,2276.87
kreisfahrt,178.0,55.35,5,1764,2278.41
kreisfahrt,178.1,55.35,5,1764,2279.95
kreisfahrt,178.2,55.35,5,1764,2281.49
kreisfahrt,178.3,55.35,5,1764,2283.02
kreisfahrt,178.4,55.35,5,1764,2284.56
kreisfahrt,178.5,55.35,5,1764,2286.10
kreisfahrt,178.6,55.35,5,1764,2287.64
kreisfahrt,178.7,55.35,5,1764,2289.18
kreisfahrt,178.8,55.35,5,1764,2290.72
kreisfahrt,178.9,55.35,5,1764,2292.26
kreisfahrt,179.0,55.35,5,1764,2293.80
kreisfahrt,179.1,55.35,5,1764,2295.33
kreisfahrt,179.2,55.35,5,1764,2296.87
kreisfahrt,179.3,55.35,5,1764,2298.41
kreisfahrt,179.4,55.35,5,1764,2299.95
kreisfahrt,179.5,55.35,5,1764,2301.49
kreisfahrt,179.6,55.35,5,1764,2303.03
kreisfahrt,179.7,55.35,5,1764,2304.57
kreisfahrt,179.8,55.35,5,1764,2306.11
kreisfahrt,179.9,55.35,5,1764,2307.64
kreisfahrt,180.0,55.35,5,1764,2309.18
kreisfahrt,180.1,55.35,5,1764,2310.72
kreisfahrt,180.2,55.35,5,1764,2312.26
kreisfahrt,180.3,55.35,5,1764,2313.80
kreisfahrt,180.4,55.35,5,1764,2315.34
kreisfahrt,180.5,55.35,5,1764,2316.88
kreisfahrt,180.6,55.34,5,1764,2318.42
kreisfahrt,180.7,55.34,5,1764,2319.95
kreisfahrt,180.8,55.34,5,1764,2321.49
kreisfahrt,180.9,55.34,5,1764,2323.03
kreisfahrt,181.0,55.34,5,1764,2324.57
kreisfahrt,181.1,55.34,5,1764,2326.11
kreisfahrt,181.2,55.34,5,1764,2327.65
kreisfahrt,181.3,55.34,5,1764,2329.19
kreisfahrt,181.4,55.34,5,1764,2330.72
kreisfahrt,181.5,55.34,5,1764,2332.26
kreisfahrt,181.6,55.35,5,1764,2333.80
kreisfahrt,181.7,55.35,5,1764,2335.34
kreisfahrt,181.8,55.35,5,1764,2336.88
kreisfahrt,181.9,55.35,5,1764,2338.42
kreisfahrt,182.0,55.35,5,1764,2339.96
kreisfahrt,182.1,55.35,5,1764,2341.49
kreisfahrt,182.2,55.35,5,1764,2343.03
kreisfahrt,182.3,55.35,5,1764,2344.57
kreisfahrt,182.4,55.35,5,1764,2346.11
kreisfahrt,182.5,55.35,5,1764,2347.65
kreisfahrt,182.6,55.35,5,1764,2349.19
kreisfahrt,182.7,55.35,5,1764,2350.73
kreisfahrt,182.8,55.35,5,1764,2352.27
kreisfahrt,182.9,55.35,5,1764,2353.80
kreisfahrt,183.0,55.35,5,1764,2355.34
kreisfahrt,183.1,55.35,5,1764,2356.88
kreisfahrt,183.2,55.35,5,1764,2358.42
kreisfahrt,183.3,55.35,5,1764,2359.96
kreisfahrt,183.4,55.35,5,1764,2361.50
kreisfahrt,183.5,55.35,5,1764,2363.04
kreisfahrt,183.6,55.35,5,1764,2364.58
kreisfahrt,183.7,55.35,5,1764,2366.11
kreisfahrt,183.8,55.35,5,1764,2367.65
kreisfahrt,183.9,55.35,5,1764,2369.19
kreisfahrt,184.0,55.35,5,1764,2370.73
kreisfahrt,184.1,55.35,5,1764,2372.27
kreisfahrt,184.2,55.35,5,1764,2373.81
kreisfahrt,184.3,55.35,5,1764,2375.35
kreisfahrt,184.4,55.35,5,1764,2376.89
kreisfahrt,184.5,55.35,5,1764,2378.42
kreisfahrt,184.6,55.35,5,1764,2379.96
kreisfahrt,184.7,55.34,5,1764,2381.50
kreisfahrt,184.8,55.34,5,1764,2383.04
kreisfahrt,184.9,55.34,5,1764,2384.58
kreisfahrt,185.0,55.34,5,1764,2386.12
kreisfahrt,185.1,55.34,5,1764,2387.66
kreisfahrt,185.2,55.34,5,1764,2389.19
kreisfahrt,185.3,55.34,5,1764,2390.73
kreisfahrt,185.4,55.34,5,1764,2392.27
kreisfahrt,185.5,55.34,5,1764,2393.81
kreisfahrt,185.6,55.35,5,1764,2395.35
kreisfahrt,185.7,55.35,5,1764,2396.89
kreisfahrt,185.8,55.35,5,1764,2398.43
kreisfahrt,185.9,55.35,5,1764,2399.96
kreisfahrt,186.0,55.35,5,1764,2401.50
kreisfahrt,186.1,55.35,5,1764,2403.04
kreisfahrt,186.2,55.35,5,1764,2404.58
kreisfahrt,186.3,55.35,5,1764,2406.12
kreisfahrt,186.4,55.35,5,1764,2407.66
kreisfahrt,186.5,55.35,5,1764,2409.20
kreisfahrt,186.6,55.35,5,1764,2410.74
kreisfahrt,186.7,55.35,5,1764,2412.27
kreisfahrt,186.8,55.35,5,1764,2413.81
kreisfahrt,186.9,55.35,5,1764,2415.35
kreisfahrt,187.0,55.35,5,1764,2416.89
kreisfahrt,187.1,55.35,5,1764,2418.43
kreisfahrt,187.2,55.35,5,1764,2419.97
kreisfahrt,187.3,55.35,5,1764,2421.51
kreisfahrt,187.4,55.35,5,1764,2423.05
kreisfahrt,187.5,55.35,5,1764,2424.58
kreisfahrt,187.6,55.35,5,1764,2426.12
kreisfahrt,187.7,55.35,5,1764,2427.66
kreisfahrt,187.8,55.35,5,1764,2429.20
kreisfahrt,187.9,55.35,5,1764,2430.74
kreisfahrt,188.0,55.35,5,1764,2432.28
kreisfahrt,188.1,55.35,5,1764,2433.82
kreisfahrt,188.2,55.35,5,1764,2435.36
kreisfahrt,188.3,55.35,5,1764,2436.89
kreisfahrt,188.4,55.35,5,1764,2438.43
kreisfahrt,188.5,55.35,5,1764,2439.97
kreisfahrt,188.6,55.35,5,1764,2441.51
kreisfahrt,188.7,55.34,5,1764,2443.05
kreisfahrt,188.8,55.34,5,1764,2444.59
kreisfahrt,188.9,55.34,5,1764,2446.13
kreisfahrt,189.0,55.34,5,1764,2447.67
kreisfahrt,189.1,55.34,5,1764,2449.20
kreisfahrt,189.2,55.34,5,1764,2450.74
kreisfahrt,189.3,55.34,5,1764,2452.28
kreisfahrt,189.4,55.34,5,1764,2453.82
kreisfahrt,189.5,55.34,5,1764,2455.36
kreisfahrt,189.6,55.34,5,1764,2456.90
kreisfahrt,189.7,55.35,5,1764,2458.44
kreisfahrt,189.8,55.35,5,1764,2459.97
kreisfahrt,189.9,55.35,5,1764,2461.51
kreisfahrt,190.0,55.35,5,1764,2463.05
kreisfahrt,190.1,55.35,5,1764,2464.59
kreisfahrt,190.2,55.35,5,1764,2466.13
kreisfahrt,190.3,55.35,5,1764,2467.67
kreisfahrt,190.4,55.35,5,1764,2469.21
kreisfahrt,190.5,55.35,5,1764,2470.74
kreisfahrt,190.6,55.35,5,1764,2472.28
kreisfahrt,190.7,55.35,5,1764,2473.82
kreisfahrt,190.8,55.35,5,1764,2475.36
kreisfahrt,190.9,55.35,5,1764,2476.90
kreisfahrt,191.0,55.35,5,1764,2478.44
kreisfahrt,191.1,55.35,5,1764,2479.98
kreisfahrt,191.2,55.35,5,1764,2481.52
kreisfahrt,191.3,55.35,5,1764,2483.06
kreisfahrt,191.4,55.35,5,1764,2484.59
kreisfahrt,191.5,55.35,5,1764,2486.13
kreisfahrt,191.6,55.35,5,1764,2487.67
kreisfahrt,191.7,55.35,5,1764,2489.21
kreisfahrt,191.8,55.35,5,1764,2490.75
kreisfahrt,191.9,55.35,5,1764,2492.29
kreisfahrt,192.0,55.35,5,1764,2493.83
kreisfahrt,192.1,55.35,5,1764,2495.37
kreisfahrt,192.2,55.35,5,1764,2496.90
kreisfahrt,192.3,55.35,5,1764,2498.44
kreisfahrt,192.4,55.35,5,1764,2499.98
kreisfahrt,192.5,55.35,5,1764,2501.52
kreisfahrt,192.6,55.35,5,1764,2503.06
kreisfahrt,192.7,55.34,5,1764,2504.60
kreisfahrt,192.8,55.34,5,1764,2506.14
kreisfahrt,192.9,55.34,5,1764,2507.67
kreisfahrt,193.0,55.34,5,1764,2509.21
kreisfahrt,193.1,55.34,5,1764,2510.75
kreisfahrt,193.2,55.34,5,1764,2512.29
kreisfahrt,193.3,55.34,5,1764,2513.83
kreisfahrt,193.4,55.34,5,1764,2515.37
kreisfahrt,193.5,55.34,5,1764,2516.91
kreisfahrt,193.6,55.34,5,1764,2518.44
kreisfahrt,193.7,55.34,5,1764,2519.98
kreisfahrt,193.8,55.35,5,1764,2521.52
kreisfahrt,193.9,55.35,5,1764,2523.06
kreisfahrt,194.0,55.35,5,1764,2524.60
kreisfahrt,194.1,55.35,5,1764,2526.14
kreisfahrt,194.2,55.35,5,1764,2527.68
kreisfahrt,194.3,55.35,5,1764,2529.22
kreisfahrt,194.4,55.35,5,1764,2530.75
kreisfahrt,194.5,55.35,5,1764,2532.29
kreisfahrt,194.6,55.35,5,1764,2533.83
kreisfahrt,194.7,55.35,5,1764,2535.37
kreisfahrt,194.8,55.35,5,1764,2536.91
kreisfahrt,194.9,55.35,5,1764,2538.45
kreisfahrt,195.0,55.35,5,1764,2539.99
kreisfahrt,195.1,55.35,5,1764,2541.53
kreisfahrt,195.2,55.35,5,1764,2543.06
kreisfahrt,195.3,55.35,5,1764,2544.60
kreisfahrt,195.4,55.35,5,1764,2546.14
kreisfahrt,195.5,55.35,5,1764,2547.68
kreisfahrt,195.6,55.35,5,1764,2549.22
kreisfahrt,195.7,55.35,5,1764,2550.76
kreisfahrt,195.8,55.35,5,1764,2552.30
kreisfahrt,195.9,55.35,5,1764,2553.84
kreisfahrt,196.0,55.35,5,1764,2555.37
kreisfahrt,196.1,55.35,5,1764,2556.91
kreisfahrt,196.2,55.35,5,1764,2558.45
kreisfahrt,196.3,55.35,5,1764,2559.99
kreisfahrt,196.4,55.35,5,1764,2561.53
kreisfahrt,196.5,55.35,5,1764,2563.07
kreisfahrt,196.6,55.35,5,1764,2564.61
kreisfahrt,196.7,55.35,5,1764,2566.15
kreisfahrt,196.8,55.34,5,1764,2567.68
kreisfahrt,196.9,55.34,5,1764,2569.22
kreisfahrt,197.0,55.34,5,1764,2570.76
kreisfahrt,197.1,55.34,5,1764,2572.30
kreisfahrt,197.2,55.34,5,1764,2573.84
kreisfahrt,197.3,55.34,5,1764,2575.38
kreisfahrt,197.4,55.34,5,1764,2576.92
kreisfahrt,197.5,55.34,5,1764,2578.45
kreisfahrt,197.6,55.34,5,1764,2579.99
kreisfahrt,197.7,55.34,5,1764,2581.53
kreisfahrt,197.8,55.34,5,1764,2583.07
kreisfahrt,197.9,55.35,5,1764,2584.61
kreisfahrt,198.0,55.35,5,1764,2586.15
kreisfahrt,198.1,55.35,5,1764,2587.69
kreisfahrt,198.2,55.35,5,1764,2589.22
kreisfahrt,198.3,55.35,5,1764,2590.76
kreisfahrt,198.4,55.35,5,1764,2592.30
kreisfahrt,198.5,55.35,5,1764,2593.84
kreisfahrt,198.6,55.35,5,1764,2595.38
kreisfahrt,198.7,55.35,5,1764,2596.92
kreisfahrt,198.8,55.35,5,1764,2598.46
kreisfahrt,198.9,55.35,5,1764,2600.00
kreisfahrt,199.0,55.35,5,1764,2601.53
kreisfahrt,199.1,55.35,5,1764,2603.07
kreisfahrt,199.2,55.35,5,1764,2604.61
kreisfahrt,199.3,55.35,5,1764,2606.15
kreisfahrt,199.4,55.35,5,1764,2607.69
kreisfahrt,199.5,55.35,5,1764,2609.23
kreisfahrt,199.6,55.35,5,1764,2610.77
kreisfahrt,199.7,55.35,5,1764,2612.31
kreisfahrt,199.8,55.35,5,1764,2613.84
kreisfahrt,199.9,55.35,5,1764,2615.38
kreisfahrt,200.0,55.35,5,1764,2616.92
kreisfahrt,200.1,55.35,5,1764,2618.46
kreisfahrt,200.2,55.35,5,1764,2620.00
kreisfahrt,200.3,55.35,5,1764,2621.54
kreisfahrt,200.4,55.35,5,1764,2623.08
kreisfahrt,200.5,55.35,5,1764,2624.62
kreisfahrt,200.6,55.35,5,1764,2626.15
kreisfahrt,200.7,55.35,5,1764,2627.69
kreisfahrt,200.8,55.34,5,1764,2629.23
kreisfahrt,200.9,55.34,5,1764,2630.77
kreisfahrt,201.0,55.34,5,1764,2632.31
kreisfahrt,201.1,55.34,5,1764,2633.85
kreisfahrt,201.2,55.34,5,1764,2635.39
kreisfahrt,201.3,55.34,5,1764,2636.92
kreisfahrt,201.4,55.34,5,1764,2638.46
kreisfahrt,201.5,55.34,5,1764,2640.00
kreisfahrt,201.6,55.34,5,1764,2641.54
kreisfahrt,201.7,55.34,5,1764,2643.08
kreisfahrt,201.8,55.34,5,1764,2644.62
kreisfahrt,201.9,55.35,5,1764,2646.16
kreisfahrt,202.0,55.35,5,1764,2647.69
kreisfahrt,202.1,55.35,5,1764,2649.23
kreisfahrt,202.2,55.35,5,1764,2650.77
kreisfahrt,202.3,55.35,5,1764,2652.31
kreisfahrt,202.4,55.35,5,1764,2653.85
kreisfahrt,202.5,55.35,5,1764,2655.39
kreisfahrt,202.6,55.35,5,1764,2656.93
kreisfahrt,202.7,55.35,5,1764,2658.47
kreisfahrt,202.8,55.35,5,1764,2660.00
kreisfahrt,202.9,55.35,5,1764,2661.54
kreisfahrt,203.0,55.35,5,1764,2663.08
kreisfahrt,203.1,55.35,5,1764,2664.62
kreisfahrt,203.2,55.35,5,1764,2666.16
kreisfahrt,203.3,55.35,5,1764,2667.70
kreisfahrt,203.4,55.35,5,1764,2669.24
kreisfahrt,203.5,55.35,5,1764,2670.78
kreisfahrt,203.6,55.35,5,1764,2672.31
kreisfahrt,203.7,55.35,5,1764,2673.85
kreisfahrt,203.8,55.35,5,1764,2675.39
kreisfahrt,203.9,55.35,5,1764,2676.93
kreisfahrt,204.0,55.35,5,1764,2678.47
kreisfahrt,204.1,55.35,5,1764,2680.01
kreisfahrt,204.2,55.35,5,1764,2681.55
kreisfahrt,204.3,55.35,5,1764,2683.09
kreisfahrt,204.4,55.35,5,1764,2684.62
kreisfahrt,204.5,55.35,5,1764,2686.16
kreisfahrt,204.6,55.35,5,1764,2687.70
kreisfahrt,204.7,55.35,5,1764,2689.24
kreisfahrt,204.8,55.35,5,1764,2690.78
kreisfahrt,204.9,55.34,5,1764,2692.32
kreisfahrt,205.0,55.34,5,1764,2693.86
kreisfahrt,205.1,55.34,5,1764,2695.40
kreisfahrt,205.2,55.34,5,1764,2696.93
kreisfahrt,205.3,55.34,5,1764,2698.47
kreisfahrt,205.4,55.34,5,1764,2700.01
kreisfahrt,205.5,55.34,5,1764,2701.55
kreisfahrt,205.6,55.34,5,1764,2703.09
kreisfahrt,205.7,55.34,5,1764,2704.63
kreisfahrt,205.8,55.34,5,1764,2706.17
kreisfahrt,205.9,55.34,5,1764,2707.70
kreisfahrt,206.0,55.35,5,1764,2709.24
kreisfahrt,206.1,55.35,5,1764,2710.78
kreisfahrt,206.2,55.35,5,1764,2712.32
kreisfahrt,206.3,55.35,5,1764,2713.86
kreisfahrt,206.4,55.35,5,1764,2715.40
kreisfahrt,206.5,55.35,5,1764,2716.94
kreisfahrt,206.6,55.35,5,1764,2718.47
kreisfahrt,206.7,55.35,5,1764,2720.01
kreisfahrt,206.8,55.35,5,1764,2721.55
kreisfahrt,206.9,55.35,5,1764,2723.09
kreisfahrt,207.0,55.35,5,1764,2724.63
kreisfahrt,207.1,55.35,5,1764,2726.17
kreisfahrt,207.2,55.35,5,1764,2727.71
kreisfahrt,207.3,55.35,5,1764,2729.25
kreisfahrt,207.4,55.35,5,1764,2730.78
kreisfahrt,207.5,55.35,5,1764,2732.32
kreisfahrt,207.6,55.35,5,1764,2733.86
kreisfahrt,207.7,55.35,5,1764,2735.40
kreisfahrt,207.8,55.35,5,1764,2736.94
kreisfahrt,207.9,55.35,5,1764,2738.48
kreisfahrt,208.0,55.35,5,1764,2740.02
kreisfahrt,208.1,55.35,5,1764,2741.56
kreisfahrt,208.2,55.35,5,1764,2743.09
kreisfahrt,208.3,55.35,5,1764,2744.63
kreisfahrt,208.4,55.35,5,1764,2746.17
kreisfahrt,208.5,55.35,5,1764,2747.71
kreisfahrt,208.6,55.35,5,1764,2749.25
kreisfahrt,208.7,55.35,5,1764,2750.79
kreisfahrt,208.8,55.35,5,1764,2752.33
kreisfahrt,208.9,55.34,5,1764,2753.87
kreisfahrt,209.0,55.34,5,1764,2755.40
kreisfahrt,209.1,55.34,5,1764,2756.94
kreisfahrt,209.2,55.34,5,1764,2758.48
kreisfahrt,209.3,55.34,5,1764,2760.02
kreisfahrt,209.4,55.34,5,1764,2761.56
kreisfahrt,209.5,55.34,5,1764,2763.10
kreisfahrt,209.6,55.34,5,1764,2764.64
kreisfahrt,209.7,55.34,5,1764,2766.17
kreisfahrt,209.8,55.34,5,1764,2767.71
kreisfahrt,209.9,55.34,5,1764,2769.25
kreisfahrt,210.0,55.34,5,1764,2770.79
kreisfahrt,210.1,55.35,5,1764,2772.33
kreisfahrt,210.2,55.35,5,1764,2773.87
kreisfahrt,210.3,55.35,5,1764,2775.41
kreisfahrt,210.4,55.35,5,1764,2776.94
kreisfahrt,210.5,55.35,5,1764,2778.48
kreisfahrt,210.6,55.35,5,1764,2780.02
kreisfahrt,210.7,55.35,5,1764,2781.56
kreisfahrt,210.8,55.35,5,1764,2783.10
kreisfahrt,210.9,55.35,5,1764,2784.64
kreisfahrt,211.0,55.35,5,1764,2786.18
kreisfahrt,211.1,55.35,5,1764,2787.72
kreisfahrt,211.2,55.35,5,1764,2789.25
kreisfahrt,211.3,55.35,5,1764,2790.79
kreisfahrt,211.4,55.35,5,1764,2792.33
kreisfahrt,211.5,55.35,5,1764,2793.87
kreisfahrt,211.6,55.35,5,1764,2795.41
kreisfahrt,211.7,55.35,5,1764,2796.95
kreisfahrt,211.8,55.35,5,1764,2798.49
kreisfahrt,211.9,55.35,5,1764,2800.03
kreisfahrt,212.0,55.35,5,1764,2801.57
kreisfahrt,212.1,55.35,5,1764,2803.10
kreisfahrt,212.2,55.35,5,1764,2804.64
kreisfahrt,212.3,55.35,5,1764,2806.18
kreisfahrt,212.4,55.35,5,1764,2807.72
kreisfahrt,212.5,55.35,5,1764,2809.26
kreisfahrt,212.6,55.35,5,1764,2810.80
kreisfahrt,212.7,55.35,5,1764,2812.34
kreisfahrt,212.8,55.35,5,1764,2813.87
kreisfahrt,212.9,55.35,5,1764,2815.41
kreisfahrt,213.0,55.34,5,1764,2816.95
kreisfahrt,213.1,55.34,5,1764,2818.49
kreisfahrt,213.2,55.34,5,1764,2820.03
kreisfahrt,213.3,55.34,5,1764,2821.57
kreisfahrt,213.4,55.34,5,1764,2823.11
kreisfahrt,213.5,55.34,5,1764,2824.65
kreisfahrt,213.6,55.34,5,1764,2826.18
kreisfahrt,213.7,55.34,5,1764,2827.72
kreisfahrt,213.8,55.34,5,1764,2829.26
kreisfahrt,213.9,55.34,5,1764,2830.80
kreisfahrt,214.0,55.34,5,1764,2832.34
kreisfahrt,214.1,55.34,5,1764,2833.88
kreisfahrt,214.2,55.35,5,1764,2835.42
kreisfahrt,214.3,55.35,5,1764,2836.95
kreisfahrt,214.4,55.35,5,1764,2838.49
kreisfahrt,214.5,55.35,5,1764,2840.03
kreisfahrt,214.6,55.35,5,1764,2841.57
kreisfahrt,214.7,55.35,5,1764,2843.11
kreisfahrt,214.8,55.35,5,1764,2844.65
kreisfahrt,214.9,55.35,5,1764,2846.19
kreisfahrt,215.0,55.35,5,1764,2847.72
kreisfahrt,215.1,55.35,5,1764,2849.26
kreisfahrt,215.2,55.35,5,1764,2850.80
kreisfahrt,215.3,55.35,5,1764,2852.34
kreisfahrt,215.4,55.35,5,1764,2853.88
kreisfahrt,215.5,55.35,5,1764,2855.42
kreisfahrt,215.6,55.35,5,1764,2856.96
kreisfahrt,215.7,55.35,5,1764,2858.50
kreisfahrt,215.8,55.35,5,1764,2860.04
kreisfahrt,215.9,55.35,5,1764,2861.57
kreisfahrt,216.0,55.35,5,1764,2863.11
kreisfahrt,216.1,55.35,5,1764,2864.65
kreisfahrt,216.2,55.35,5,1764,2866.19
kreisfahrt,216.3,55.35,5,1764,2867.73
kreisfahrt,216.4,55.35,5,1764,2869.27
kreisfahrt,216.5,55.35,5,1764,2870.81
kreisfahrt,216.6,55.35,5,1764,2872.35
kreisfahrt,216.7,55.35,5,1764,2873.88
kreisfahrt,216.8,55.35,5,1764,2875.42
kreisfahrt,216.9,55.35,5,1764,2876.96
kreisfahrt,217.0,55.34,5,1764,2878.50
kreisfahrt,217.1,55.34,5,1764,2880.04
kreisfahrt,217.2,55.34,5,1764,2881.58
kreisfahrt,217.3,55.34,5,1764,2883.12
kreisfahrt,217.4,55.34,5,1764,2884.65
kreisfahrt,217.5,55.34,5,1764,2886.19
kreisfahrt,217.6,55.34,5,1764,2887.73
kreisfahrt,217.7,55.34,5,1764,2889.27
kreisfahrt,217.8,55.34,5,1764,2890.81
kreisfahrt,217.9,55.34,5,1764,2892.35
kreisfahrt,218.0,55.34,5,1764,2893.89
kreisfahrt,218.1,55.34,5,1764,2895.42
kreisfahrt,218.2,55.35,5,1764,2896.96
kreisfahrt,218.3,55.35,5,1764,2898.50
kreisfahrt,218.4,55.35,5,1764,2900.04
kreisfahrt,218.5,55.35,5,1764,2901.58
kreisfahrt,218.6,55.35,5,1764,2903.12
kreisfahrt,218.7,55.35,5,1764,2904.66
kreisfahrt,218.8,55.35,5,1764,2906.19
kreisfahrt,218.9,55.35,5,1764,2907.73
kreisfahrt,219.0,55.35,5,1764,2909.27
kreisfahrt,219.1,55.35,5,1764,2910.81
kreisfahrt,219.2,55.35,5,1764,2912.35
kreisfahrt,219.3,55.35,5,1764,2913.89
kreisfahrt,219.4,55.35,5,1764,2915.43
kreisfahrt,219.5,55.35,5,1764,2916.97
kreisfahrt,219.6,55.35,5,1764,2918.51
kreisfahrt,219.7,55.35,5,1764,2920.04
kreisfahrt,219.8,55.35,5,1764,2921.58
kreisfahrt,219.9,55.35,5,1764,2923.12
kreisfahrt,220.0,55.35,5,1764,2924.66
kreisfahrt,220.1,55.35,5,1764,2926.20
kreisfahrt,220.2,55.35,5,1764,2927.74
kreisfahrt,220.3,55.35,5,1764,2929.28
kreisfahrt,220.4,55.35,5,1764,2930.82
kreisfahrt,220.5,55.35,5,1764,2932.35
kreisfahrt,220.6,55.35,5,1764,2933.89
kreisfahrt,220.7,55.35,5,1764,2935.43
kreisfahrt,220.8,55.35,5,1764,2936.97
kreisfahrt,220.9,55.35,5,1764,2938.51
kreisfahrt,221.0,55.35,5,1764,2940.05
kreisfahrt,221.1,55.34,5,1764,2941.59
kreisfahrt,221.2,55.34,5,1764,2943.12
kreisfahrt,221.3,55.34,5,1764,2944.66
kreisfahrt,221.4,55.34,5,1764,2946.20
kreisfahrt,221.5,55.34,5,1764,2947.74
kreisfahrt,221.6,55.34,5,1764,2949.28
kreisfahrt,221.7,55.34,5,1764,2950.82
kreisfahrt,221.8,55.34,5,1764,2952.36
kreisfahrt,221.9,55.34,5,1764,2953.89
kreisfahrt,222.0,55.34,5,1764,2955.43
kreisfahrt,222.1,55.34,5,1764,2956.97
kreisfahrt,222.2,55.34,5,1764,2958.51
kreisfahrt,222.3,55.35,5,1764,2960.05
kreisfahrt,222.4,55.35,5,1764,2961.59
kreisfahrt,222.5,55.35,5,1764,2963.13
kreisfahrt,222.6,55.35,5,1764,2964.67
kreisfahrt,222.7,55.35,5,1764,2966.20
kreisfahrt,222.8,55.35,5,1764,2967.74
kreisfahrt,222.9,55.35,5,1764,2969.28
kreisfahrt,223.0,55.35,5,1764,2970.82
kreisfahrt,223.1,55.35,5,1764,2972.36
kreisfahrt,223.2,55.35,5,1764,2973.90
kreisfahrt,223.3,55.35,5,1764,2975.44
kreisfahrt,223.4,55.35,5,1764,2976.98
kreisfahrt,223.5,55.35,5,1764,2978.51
kreisfahrt,223.6,55.35,5,1764,2980.05
kreisfahrt,223.7,55.35,5,1764,2981.59
kreisfahrt,223.8,55.35,5,1764,2983.13
kreisfahrt,223.9,55.35,5,1764,2984.67
kreisfahrt,224.0,55.35,5,1764,2986.21
kreisfahrt,224.1,55.35,5,1764,2987.75
kreisfahrt,224.2,55.35,5,1764,2989.29
kreisfahrt,224.3,55.35,5,1764,2990.82
kreisfahrt,224.4,55.35,5,1764,2992.36
kreisfahrt,224.5,55.35,5,1764,2993.90
kreisfahrt,224.6,55.35,5,1764,2995.44
kreisfahrt,224.7,55.35,5,1764,2996.98
kreisfahrt,224.8,55.35,5,1764,2998.52
kreisfahrt,224.9,55.35,5,1764,3000.06
kreisfahrt,225.0,55.35,5,1764,3001.60
kreisfahrt,225.1,55.34,5,1764,3003.13
kreisfahrt,225.2,55.34,5,1764,3004.67
kreisfahrt,225.3,55.34,5,1764,3006.21
kreisfahrt,225.4,55.34,5,1764,3007.75
kreisfahrt,225.5,55.34,5,1764,3009.29
kreisfahrt,225.6,55.34,5,1764,3010.83
kreisfahrt,225.7,55.34,5,1764,3012.37
kreisfahrt,225.8,55.34,5,1764,3013.90
kreisfahrt,225.9,55.34,5,1764,3015.44
kreisfahrt,226.0,55.34,5,1764,3016.98
kreisfahrt,226.1,55.34,5,1764,3018.52
kreisfahrt,226.2,55.34,5,1764,3020.06
kreisfahrt,226.3,55.34,5,1764,3021.60
kreisfahrt,226.4,55.35,5,1764,3023.14
kreisfahrt,226.5,55.35,5,1764,3024.67
kreisfahrt,226.6,55.35,5,1764,3026.21
kreisfahrt,226.7,55.35,5,1764,3027.75
kreisfahrt,226.8,55.35,5,1764,3029.29
kreisfahrt,226.9,55.35,5,1764,3030.83
kreisfahrt,227.0,55.35,5,1764,3032.37
kreisfahrt,227.1,55.35,5,1764,3033.91
kreisfahrt,227.2,55.35,5,1764,3035.45
kreisfahrt,227.3,55.35,5,1764,3036.98
kreisfahrt,227.4,55.35,5,1764,3038.52
kreisfahrt,227.5,55.35,5,1764,3040.06
kreisfahrt,227.6,55.35,5,1764,3041.60
kreisfahrt,227.7,55.35,5,1764,3043.14
kreisfahrt,227.8,55.35,5,1764,3044.68
kreisfahrt,227.9,55.35,5,1764,3046.22
kreisfahrt,228.0,55.35,5,1764,3047.76
kreisfahrt,228.1,55.35,5,1764,3049.29
kreisfahrt,228.2,55.35,5,1764,3050.83
kreisfahrt,228.3,55.35,5,1764,3052.37
kreisfahrt,228.4,55.35,5,1764,3053.91
kreisfahrt,228.5,55.35,5,1764,3055.45
kreisfahrt,228.6,55.35,5,1764,3056.99
kreisfahrt,228.7,55.35,5,1764,3058.53
kreisfahrt,228.8,55.35,5,1764,3060.07
kreisfahrt,228.9,55.35,5,1764,3061.60
kreisfahrt,229.0,55.35,5,1764,3063.14
kreisfahrt,229.1,55.35,5,1764,3064.68
kreisfahrt,229.2,55.34,5,1764,3066.22
kreisfahrt,229.3,55.34,5,1764,3067.76
kreisfahrt,229.4,55.34,5,1764,3069.30
kreisfahrt,229.5,55.34,5,1764,3070.84
kreisfahrt,229.6,55.34,5,1764,3072.37
kreisfahrt,229.7,55.34,5,1764,3073.91
kreisfahrt,229.8,55.34,5,1764,3075.45
kreisfahrt,229.9,55.34,5,1764,3076.99
kreisfahrt,230.0,55.34,5,1764,3078.53
kreisfahrt,230.1,55.34,5,1764,3080.07
kreisfahrt,230.2,55.34,5,1764,3081.61
kreisfahrt,230.3,55.34,5,1764,3083.14
kreisfahrt,230.4,55.35,5,1764,3084.68
kreisfahrt,230.5,55.35,5,1764,3086.22
kreisfahrt,230.6,55.35,5,1764,3087.76
kreisfahrt,230.7,55.35,5,1764,3089.30
kreisfahrt,230.8,55.35,5,1764,3090.84
kreisfahrt,230.9,55.35,5,1764,3092.38
kreisfahrt,231.0,55.35,5,1764,3093.92
kreisfahrt,231.1,55.35,5,1764,3095.45
kreisfahrt,231.2,55.35,5,1764,3096.99
kreisfahrt,231.3,55.35,5,1764,3098.53
kreisfahrt,231.4,55.35,5,1764,3100.07
kreisfahrt,231.5,55.35,5,1764,3101.61
kreisfahrt,231.6,55.35,5,1764,3103.15
kreisfahrt,231.7,55.35,5,1764,3104.69
kreisfahrt,231.8,55.35,5,1764,3106.23
kreisfahrt,231.9,55.35,5,1764,3107.76
kreisfahrt,232.0,55.35,5,1764,3109.30
kreisfahrt,232.1,55.35,5,1764,3110.84
kreisfahrt,232.2,55.35,5,1764,3112.38
kreisfahrt,232.3,55.35,5,1764,3113.92
kreisfahrt,232.4,55.35,5,1764,3115.46
kreisfahrt,232.5,55.35,5,1764,3117.00
kreisfahrt,232.6,55.35,5,1764,3118.54
kreisfahrt,232.7,55.35,5,1764,3120.07
kreisfahrt,232.8,55.35,5,1764,3121.61
kreisfahrt,232.9,55.35,5,1764,3123.15
kreisfahrt,233.0,55.35,5,1764,3124.69
kreisfahrt,233.1,55.35,5,1764,3126.23
kreisfahrt,233.2,55.34,5,1764,3127.77
kreisfahrt,233.3,55.34,5,1764,3129.31
kreisfahrt,233.4,55.34,5,1764,3130.85
kreisfahrt,233.5,55.34,5,1764,3132.38
kreisfahrt,233.6,55.34,5,1764,3133.92
kreisfahrt,233.7,55.34,5,1764,3135.46
kreisfahrt,233.8,55.34,5,1764,3137.00
kreisfahrt,233.9,55.34,5,1764,3138.54
kreisfahrt,234.0,55.34,5,1764,3140.08
kreisfahrt,234.1,55.34,5,1764,3141.62
kreisfahrt,234.2,55.34,5,1764,3143.15
kreisfahrt,234.3,55.34,5,1764,3144.69
kreisfahrt,234.4,55.34,5,1764,3146.23
kreisfahrt,234.5,55.35,5,1764,3147.77
kreisfahrt,234.6,55.35,5,1764,3149.31
kreisfahrt,234.7,55.35,5,1764,3150.85
kreisfahrt,234.8,55.35,5,1764,3152.39
kreisfahrt,234.9,55.35,5,1764,3153.92
kreisfahrt,235.0,55.35,5,1764,3155.46
kreisfahrt,235.1,55.35,5,1764,3157.00
kreisfahrt,235.2,55.35,5,1764,3158.54
kreisfahrt,235.3,55.35,5,1764,3160.08
kreisfahrt,235.4,55.35,5,1764,3161.62
kreisfahrt,235.5,55.35,5,1764,3163.16
kreisfahrt,235.6,55.35,5,1764,3164.70
kreisfahrt,235.7,55.35,5,1764,3166.23
kreisfahrt,235.8,55.35,5,1764,3167.77
kreisfahrt,235.9,55.35,5,1764,3169.31
kreisfahrt,236.0,55.35,5,1764,3170.85
kreisfahrt,236.1,55.35,5,1764,3172.39
kreisfahrt,236.2,55.35,5,1764,3173.93
kreisfahrt,236.3,55.35,5,1764,3175.47
kreisfahrt,236.4,55.35,5,1764,3177.01
kreisfahrt,236.5,55.35,5,1764,3178.55
kreisfahrt,236.6,55.35,5,1764,3180.08
kreisfahrt,236.7,55.35,5,1764,3181.62
kreisfahrt,236.8,55.35,5,1764,3183.16
kreisfahrt,236.9,55.35,5,1764,3184.70
kreisfahrt,237.0,55.35,5,1764,3186.24
kreisfahrt,237.1,55.35,5,1764,3187.78
kreisfahrt,237.2,55.35,5,1764,3189.32
kreisfahrt,237.3,55.34,5,1764,3190.85
kreisfahrt,237.4,55.34,5,1764,3192.39
kreisfahrt,237.5,55.34,5,1764,3193.93
kreisfahrt,237.6,55.34,5,1764,3195.47
kreisfahrt,237.7,55.34,5,1764,3197.01
kreisfahrt,237.8,55.34,5,1764,3198.55
kreisfahrt,237.9,55.34,5,1764,3200.09
kreisfahrt,238.0,55.34,5,1764,3201.62
kreisfahrt,238.1,55.34,5,1764,3203.16
kreisfahrt,238.2,55.34,5,1764,3204.70
kreisfahrt,238.3,55.34,5,1764,3206.24
kreisfahrt,238.4,55.34,5,1764,3207.78
kreisfahrt,238.5,55.34,5,1764,3209.32
kreisfahrt,238.6,55.35,5,1764,3210.86
kreisfahrt,238.7,55.35,5,1764,3212.39
kreisfahrt,238.8,55.35,5,1764,3213.93
kreisfahrt,238.9,55.35,5,1764,3215.47
kreisfahrt,239.0,55.35,5,1764,3217.01
kreisfahrt,239.1,55.35,5,1764,3218.55
kreisfahrt,239.2,55.35,5,1764,3220.09
kreisfahrt,239.3,55.35,5,1764,3221.63
kreisfahrt,239.4,55.35,5,1764,3223.17
kreisfahrt,239.5,55.35,5,1764,3224.70
kreisfahrt,239.6,55.35,5,1764,3226.24
kreisfahrt,239.7,55.35,5,1764,3227.78
kreisfahrt,239.8,55.35,5,1764,3229.32
kreisfahrt,239.9,55.35,5,1764,3230.86
kreisfahrt,240.0,55.35,5,1764,3232.40
