test,t_s,kmh,gang,drehzahl,strecke_m
beschleunigung,0.0,0.00,1,0,0.00
beschleunigung,0.1,1.91,1,1380,0.03
beschleunigung,0.2,3.94,1,1380,0.11
beschleunigung,0.3,6.04,1,1380,0.25
beschleunigung,0.4,8.19,1,1380,0.45
beschleunigung,0.5,10.36,1,1380,0.71
beschleunigung,0.6,12.56,1,1380,1.03
beschleunigung,0.7,14.76,1,1600,1.42
beschleunigung,0.8,16.97,1,1842,1.86
beschleunigung,0.9,19.19,1,2086,2.36
beschleunigung,1.0,21.41,1,2329,2.93
beschleunigung,1.1,23.63,1,2572,3.56
beschleunigung,1.2,25.84,1,2816,4.25
beschleunigung,1.3,28.06,1,3059,5.00
beschleunigung,1.4,30.28,1,3303,5.81
beschleunigung,1.5,32.39,1,3536,6.69
beschleunigung,1.6,34.37,1,3754,7.62
beschleunigung,1.7,36.24,1,3960,8.60
beschleunigung,1.8,38.01,1,4156,9.63
beschleunigung,1.9,39.71,1,4342,10.71
beschleunigung,2.0,41.20,2,3425,11.84
beschleunigung,2.1,42.39,2,3525,13.00
beschleunigung,2.2,43.54,2,3621,14.20
beschleunigung,2.3,45.04,2,3743,15.43
beschleunigung,2.4,46.62,2,3875,16.70
beschleunigung,2.5,48.14,2,4002,18.02
beschleunigung,2.6,49.61,2,4125,19.38
beschleunigung,2.7,51.03,2,4244,20.78
beschleunigung,2.8,52.42,2,4360,22.22
beschleunigung,2.9,53.70,3,3399,23.70
beschleunigung,3.0,54.60,3,3456,25.20
beschleunigung,3.1,55.48,3,3512,26.73
beschleunigung,3.2,56.63,3,3583,28.29
beschleunigung,3.3,57.95,3,3667,29.88
beschleunigung,3.4,59.24,3,3749,31.51
beschleunigung,3.5,60.50,3,3829,33.17
beschleunigung,3.6,61.74,3,3907,34.87
beschleunigung,3.7,62.95,3,3984,36.61
beschleunigung,3.8,64.13,3,4059,38.37
beschleunigung,3.9,65.29,3,4133,40.17
beschleunigung,4.0,66.43,3,4205,42.00
beschleunigung,4.1,67.54,3,4276,43.87
beschleunigung,4.2,68.64,3,4345,45.76
beschleunigung,4.3,69.72,3,4414,47.68
beschleunigung,4.4,70.65,4,3406,49.63
beschleunigung,4.5,71.31,4,3438,51.61
beschleunigung,4.6,71.97,4,3470,53.60
beschleunigung,4.7,72.92,4,3514,55.61
beschleunigung,4.8,73.97,4,3565,57.65
beschleunigung,4.9,75.00,4,3615,59.72
beschleunigung,5.0,76.02,4,3664,61.82
beschleunigung,5.1,77.02,4,3712,63.95
beschleunigung,5.2,78.00,4,3760,66.10
beschleunigung,5.3,78.98,4,3807,68.28
beschleunigung,5.4,79.93,4,3853,70.49
beschleunigung,5.5,80.88,4,3898,72.72
beschleunigung,5.6,81.81,4,3944,74.98
beschleunigung,5.7,82.73,4,3988,77.27
beschleunigung,5.8,83.64,4,4032,79.58
beschleunigung,5.9,84.54,4,4075,81.92
beschleunigung,6.0,85.43,4,4118,84.28
beschleunigung,6.1,86.30,4,4160,86.67
beschleunigung,6.2,87.17,4,4202,89.08
beschleunigung,6.3,88.02,4,4244,91.51
beschleunigung,6.4,88.87,4,4284,93.97
beschleunigung,6.5,89.71,4,4325,96.45
beschleunigung,6.6,90.53,4,4365,98.96
beschleunigung,6.7,91.35,4,4404,101.48
beschleunigung,6.8,92.16,4,4443,104.03
beschleunigung,6.9,92.77,5,3407,106.60
beschleunigung,7.0,93.24,5,3424,109.19
beschleunigung,7.1,93.71,5,3441,111.78
beschleunigung,7.2,94.51,5,3470,114.40
beschleunigung,7.3,95.30,5,3499,117.04
beschleunigung,7.4,96.09,5,3528,119.70
beschleunigung,7.5,96.87,5,3557,122.38
beschleunigung,7.6,97.64,5,3585,125.08
beschleunigung,7.7,98.40,5,3613,127.80
beschleunigung,7.8,99.16,5,3641,130.55
beschleunigung,7.9,99.91,5,3668,133.31
beschleunigung,8.0,100.65,5,3696,136.10
beschleunigung,8.1,101.38,5,3723,138.91
beschleunigung,8.2,102.11,5,3749,141.73
beschleunigung,8.3,102.83,5,3776,144.58
beschleunigung,8.4,103.55,5,3802,147.45
beschleunigung,8.5,104.26,5,3828,150.34
beschleunigung,8.6,104.96,5,3854,153.24
beschleunigung,8.7,105.66,5,3880,156.17
beschleunigung,8.8,106.35,5,3905,159.11
beschleunigung,8.9,107.03,5,3930,162.08
beschleunigung,9.0,107.71,5,3955,165.06
beschleunigung,9.1,108.39,5,3980,168.06
beschleunigung,9.2,109.05,5,4005,171.08
beschleunigung,9.3,109.72,5,4029,174.12
beschleunigung,9.4,110.37,5,4053,177.18
beschleunigung,9.5,111.03,5,4077,180.26
beschleunigung,9.6,111.67,5,4101,183.35
beschleunigung,9.7,112.31,5,4124,186.46
beschleunigung,9.8,112.95,5,4148,189.59
beschleunigung,9.9,113.58,5,4171,192.74
beschleunigung,10.0,114.21,5,4194,195.90
beschleunigung,10.1,114.83,5,4217,199.09
beschleunigung,10.2,115.45,5,4240,202.28
beschleunigung,10.3,116.06,5,4262,205.50
beschleunigung,10.4,116.67,5,4285,208.73
beschleunigung,10.5,117.28,5,4307,211.98
beschleunigung,10.6,117.88,5,4329,215.25
beschleunigung,10.7,118.47,5,4351,218.53
beschleunigung,10.8,119.06,5,4372,221.83
beschleunigung,10.9,119.65,5,4394,225.15
beschleunigung,11.0,120.23,5,4415,228.48
beschleunigung,11.1,120.81,5,4437,231.83
beschleunigung,11.2,121.39,5,4458,235.19
beschleunigung,11.3,121.74,6,3407,238.57
beschleunigung,11.4,122.04,6,3415,241.96
beschleunigung,11.5,122.41,6,3425,245.35
beschleunigung,11.6,122.98,6,3441,248.76
beschleunigung,11.7,123.55,6,3457,252.19
beschleunigung,11.8,124.11,6,3473,255.63
beschleunigung,11.9,124.67,6,3488,259.08
beschleunigung,12.0,125.23,6,3504,262.55
beschleunigung,12.1,125.78,6,3519,266.04
beschleunigung,12.2,126.33,6,3535,269.54
beschleunigung,12.3,126.87,6,3550,273.06
beschleunigung,12.4,127.41,6,3565,276.59
beschleunigung,12.5,127.95,6,3580,280.14
beschleunigung,12.6,128.48,6,3595,283.70
beschleunigung,12.7,129.02,6,3610,287.28
beschleunigung,12.8,129.54,6,3625,290.87
beschleunigung,12.9,130.07,6,3639,294.48
beschleunigung,13.0,130.59,6,3654,298.10
beschleunigung,13.1,131.10,6,3669,301.73
beschleunigung,13.2,131.62,6,3683,305.38
beschleunigung,13.3,132.13,6,3697,309.05
beschleunigung,13.4,132.64,6,3711,312.73
beschleunigung,13.5,133.14,6,3726,316.42
beschleunigung,13.6,133.64,6,3740,320.12
beschleunigung,13.7,134.14,6,3754,323.84
beschleunigung,13.8,134.64,6,3767,327.58
beschleunigung,13.9,135.13,6,3781,331.32
beschleunigung,14.0,135.62,6,3795,335.08
beschleunigung,14.1,136.10,6,3809,338.86
beschleunigung,14.2,136.59,6,3822,342.65
beschleunigung,14.3,137.07,6,3836,346.45
beschleunigung,14.4,137.55,6,3849,350.26
beschleunigung,14.5,138.02,6,3862,354.09
beschleunigung,14.6,138.49,6,3875,357.93
beschleunigung,14.7,138.96,6,3889,361.79
beschleunigung,14.8,139.43,6,3902,365.65
beschleunigung,14.9,139.89,6,3915,369.53
beschleunigung,15.0,140.35,6,3928,373.43
beschleunigung,15.1,140.81,6,3940,377.33
beschleunigung,15.2,141.27,6,3953,381.25
beschleunigung,15.3,141.72,6,3966,385.18
beschleunigung,15.4,142.17,6,3979,389.12
beschleunigung,15.5,142.62,6,3991,393.08
beschleunigung,15.6,143.07,6,4004,397.05
beschleunigung,15.7,143.51,6,4016,401.03
beschleunigung,15.8,143.95,6,4028,405.02
beschleunigung,15.9,144.39,6,4041,409.03
beschleunigung,16.0,144.82,6,4053,413.05
beschleunigung,16.1,145.26,6,4065,417.08
beschleunigung,16.2,145.69,6,4077,421.12
beschleunigung,16.3,146.12,6,4089,425.17
beschleunigung,16.4,146.54,6,4101,429.24
beschleunigung,16.5,146.97,6,4113,433.31
beschleunigung,16.6,147.39,6,4125,437.40
beschleunigung,16.7,147.81,6,4136,441.50
beschleunigung,16.8,148.23,6,4148,445.61
beschleunigung,16.9,148.64,6,4160,449.74
beschleunigung,17.0,149.05,6,4171,453.87
beschleunigung,17.1,149.46,6,4183,458.02
beschleunigung,17.2,149.87,6,4194,462.18
beschleunigung,17.3,150.28,6,4205,466.35
beschleunigung,17.4,150.68,6,4217,470.53
beschleunigung,17.5,151.08,6,4228,474.72
beschleunigung,17.6,151.48,6,4239,478.92
beschleunigung,17.7,151.88,6,4250,483.13
beschleunigung,17.8,152.28,6,4261,487.36
beschleunigung,17.9,152.67,6,4272,491.60
beschleunigung,18.0,153.06,6,4283,495.84
beschleunigung,18.1,153.45,6,4294,500.10
beschleunigung,18.2,153.84,6,4305,504.37
beschleunigung,18.3,154.22,6,4316,508.65
beschleunigung,18.4,154.61,6,4327,512.94
beschleunigung,18.5,154.99,6,4337,517.24
beschleunigung,18.6,155.37,6,4348,521.55
beschleunigung,18.7,155.74,6,4359,525.87
beschleunigung,18.8,156.12,6,4369,530.20
beschleunigung,18.9,156.49,6,4380,534.54
beschleunigung,19.0,156.87,6,4390,538.90
beschleunigung,19.1,157.23,6,4400,543.26
beschleunigung,19.2,157.60,6,4411,547.63
beschleunigung,19.3,157.97,6,4421,552.02
beschleunigung,19.4,158.33,6,4431,556.41
beschleunigung,19.5,158.70,6,4441,560.81
beschleunigung,19.6,159.06,6,4451,565.23
beschleunigung,19.7,159.41,6,4461,569.65
beschleunigung,19.8,159.56,7,3410,574.08
beschleunigung,19.9,159.71,7,3413,578.52
beschleunigung,20.0,159.94,7,3418,582.95
beschleunigung,20.1,160.30,7,3425,587.40
beschleunigung,20.2,160.66,7,3433,591.86
beschleunigung,20.3,161.01,7,3440,596.33
beschleunigung,20.4,161.36,7,3448,600.81
beschleunigung,20.5,161.71,7,3455,605.29
beschleunigung,20.6,162.06,7,3463,609.79
beschleunigung,20.7,162.41,7,3470,614.30
beschleunigung,20.8,162.75,7,3478,618.82
beschleunigung,20.9,163.09,7,3485,623.34
beschleunigung,21.0,163.44,7,3492,627.88
beschleunigung,21.1,163.78,7,3499,632.42
beschleunigung,21.2,164.11,7,3507,636.98
beschleunigung,21.3,164.45,7,3514,641.54
beschleunigung,21.4,164.79,7,3521,646.11
beschleunigung,21.5,165.12,7,3528,650.70
beschleunigung,21.6,165.45,7,3535,655.29
beschleunigung,21.7,165.78,7,3542,659.89
beschleunigung,21.8,166.11,7,3549,664.50
beschleunigung,21.9,166.43,7,3556,669.12
beschleunigung,22.0,166.76,7,3563,673.74
beschleunigung,22.1,167.08,7,3570,678.38
beschleunigung,22.2,167.41,7,3577,683.03
beschleunigung,22.3,167.73,7,3584,687.68
beschleunigung,22.4,168.05,7,3591,692.35
beschleunigung,22.5,168.36,7,3598,697.02
beschleunigung,22.6,168.68,7,3604,701.70
beschleunigung,22.7,168.99,7,3611,706.39
beschleunigung,22.8,169.31,7,3618,711.09
beschleunigung,22.9,169.62,7,3624,715.80
beschleunigung,23.0,169.93,7,3631,720.51
beschleunigung,23.1,170.24,7,3638,725.24
beschleunigung,23.2,170.54,7,3644,729.97
beschleunigung,23.3,170.85,7,3651,734.71
beschleunigung,23.4,171.15,7,3657,739.46
beschleunigung,23.5,171.45,7,3664,744.22
beschleunigung,23.6,171.76,7,3670,748.99
beschleunigung,23.7,172.06,7,3676,753.77
beschleunigung,23.8,172.35,7,3683,758.55
beschleunigung,23.9,172.65,7,3689,763.34
beschleunigung,24.0,172.95,7,3696,768.14
beschleunigung,24.1,173.24,7,3702,772.95
beschleunigung,24.2,173.53,7,3708,777.77
beschleunigung,24.3,173.83,7,3714,782.59
beschleunigung,24.4,174.12,7,3721,787.43
beschleunigung,24.5,174.40,7,3727,792.27
beschleunigung,24.6,174.69,7,3733,797.11
beschleunigung,24.7,174.98,7,3739,801.97
beschleunigung,24.8,175.26,7,3745,806.84
beschleunigung,24.9,175.55,7,3751,811.71
beschleunigung,25.0,175.83,7,3757,816.59
beschleunigung,25.1,176.11,7,3763,821.48
beschleunigung,25.2,176.39,7,3769,826.37
beschleunigung,25.3,176.67,7,3775,831.28
beschleunigung,25.4,176.95,7,3781,836.19
beschleunigung,25.5,177.22,7,3787,841.11
beschleunigung,25.6,177.50,7,3793,846.04
beschleunigung,25.7,177.77,7,3799,850.97
beschleunigung,25.8,178.04,7,3804,855.91
beschleunigung,25.9,178.31,7,3810,860.86
beschleunigung,26.0,178.58,7,3816,865.82
beschleunigung,26.1,178.85,7,3822,870.78
beschleunigung,26.2,179.12,7,3827,875.76
beschleunigung,26.3,179.38,7,3833,880.74
beschleunigung,26.4,179.65,7,3839,885.72
beschleunigung,26.5,179.91,7,3844,890.72
beschleunigung,26.6,180.17,7,3850,895.72
beschleunigung,26.7,180.43,7,3856,900.73
beschleunigung,26.8,180.69,7,3861,905.74
beschleunigung,26.9,180.95,7,3867,910.77
beschleunigung,27.0,181.21,7,3872,915.80
beschleunigung,27.1,181.47,7,3878,920.83
beschleunigung,27.2,181.72,7,3883,925.88
beschleunigung,27.3,181.98,7,3889,930.93
beschleunigung,27.4,182.23,7,3894,935.99
beschleunigung,27.5,182.48,7,3899,941.05
beschleunigung,27.6,182.73,7,3905,946.13
beschleunigung,27.7,182.98,7,3910,951.21
beschleunigung,27.8,183.23,7,3915,956.29
beschleunigung,27.9,183.48,7,3921,961.39
beschleunigung,28.0,183.72,7,3926,966.49
beschleunigung,28.1,183.97,7,3931,971.59
beschleunigung,28.2,184.21,7,3936,976.71
beschleunigung,28.3,184.46,7,3942,981.83
beschleunigung,28.4,184.70,7,3947,986.96
beschleunigung,28.5,184.94,7,3952,992.09
beschleunigung,28.6,185.18,7,3957,997.23
beschleunigung,28.7,185.42,7,3962,1002.38
beschleunigung,28.8,185.66,7,3967,1007.53
beschleunigung,28.9,185.89,7,3972,1012.69
beschleunigung,29.0,186.13,7,3977,1017.86
beschleunigung,29.1,186.36,7,3982,1023.03
beschleunigung,29.2,186.60,7,3987,1028.22
beschleunigung,29.3,186.83,7,3992,1033.40
beschleunigung,29.4,187.06,7,3997,1038.59
beschleunigung,29.5,187.29,7,4002,1043.79
beschleunigung,29.6,187.52,7,4007,1049.00
beschleunigung,29.7,187.75,7,4012,1054.21
beschleunigung,29.8,187.98,7,4017,1059.43
beschleunigung,29.9,188.20,7,4022,1064.66
beschleunigung,30.0,188.43,7,4026,1069.89
beschleunigung,30.1,188.65,7,4031,1075.13
beschleunigung,30.2,188.87,7,4036,1080.37
beschleunigung,30.3,189.10,7,4041,1085.62
beschleunigung,30.4,189.32,7,4046,1090.87
beschleunigung,30.5,189.54,7,4050,1096.14
beschleunigung,30.6,189.76,7,4055,1101.41
beschleunigung,30.7,189.98,7,4060,1106.68
beschleunigung,30.8,190.20,7,4064,1111.96
beschleunigung,30.9,190.41,7,4069,1117.25
beschleunigung,31.0,190.63,7,4074,1122.54
beschleunigung,31.1,190.84,7,4078,1127.84
beschleunigung,31.2,191.06,7,4083,1133.14
beschleunigung,31.3,191.27,7,4087,1138.45
beschleunigung,31.4,191.48,7,4092,1143.77
beschleunigung,31.5,191.69,7,4096,1149.09
beschleunigung,31.6,191.90,7,4101,1154.42
beschleunigung,31.7,192.11,7,4105,1159.75
beschleunigung,31.8,192.32,7,4110,1165.09
beschleunigung,31.9,192.53,7,4114,1170.44
beschleunigung,32.0,192.73,7,4119,1175.79
beschleunigung,32.1,192.94,7,4123,1181.15
beschleunigung,32.2,193.15,7,4127,1186.51
beschleunigung,32.3,193.35,7,4132,1191.88
beschleunigung,32.4,193.55,7,4136,1197.25
beschleunigung,32.5,193.75,7,4140,1202.63
beschleunigung,32.6,193.96,7,4145,1208.01
beschleunigung,32.7,194.16,7,4149,1213.40
beschleunigung,32.8,194.36,7,4153,1218.80
beschleunigung,32.9,194.55,7,4157,1224.20
beschleunigung,33.0,194.75,7,4162,1229.61
beschleunigung,33.1,194.95,7,4166,1235.02
beschleunigung,33.2,195.15,7,4170,1240.44
beschleunigung,33.3,195.34,7,4174,1245.86
beschleunigung,33.4,195.53,7,4178,1251.29
beschleunigung,33.5,195.73,7,4183,1256.73
beschleunigung,33.6,195.92,7,4187,1262.17
beschleunigung,33.7,196.11,7,4191,1267.61
beschleunigung,33.8,196.30,7,4195,1273.06
beschleunigung,33.9,196.49,7,4199,1278.52
beschleunigung,34.0,196.68,7,4203,1283.98
beschleunigung,34.1,196.87,7,4207,1289.45
beschleunigung,34.2,197.06,7,4211,1294.92
beschleunigung,34.3,197.25,7,4215,1300.39
beschleunigung,34.4,197.43,7,4219,1305.88
beschleunigung,34.5,197.62,7,4223,1311.36
beschleunigung,34.6,197.80,7,4227,1316.86
beschleunigung,34.7,197.99,7,4231,1322.35
beschleunigung,34.8,198.17,7,4235,1327.86
beschleunigung,34.9,198.35,7,4239,1333.36
beschleunigung,35.0,198.54,7,4243,1338.88
beschleunigung,35.1,198.72,7,4246,1344.39
beschleunigung,35.2,198.90,7,4250,1349.92
beschleunigung,35.3,199.08,7,4254,1355.44
beschleunigung,35.4,199.25,7,4258,1360.98
beschleunigung,35.5,199.43,7,4262,1366.51
beschleunigung,35.6,199.61,7,4266,1372.06
beschleunigung,35.7,199.79,7,4269,1377.60
beschleunigung,35.8,199.96,7,4273,1383.16
vmax,0.0,0.00,1,0,0.00
vmax,0.1,1.43,1,1380,0.02
vmax,0.2,3.11,1,1380,0.09
vmax,0.3,4.97,1,1380,0.20
vmax,0.4,6.96,1,1380,0.37
vmax,0.5,9.04,1,1380,0.59
vmax,0.6,11.19,1,1380,0.88
vmax,0.7,13.38,1,1448,1.22
vmax,0.8,15.60,1,1692,1.62
vmax,0.9,17.85,1,1938,2.09
vmax,1.0,20.09,1,2185,2.62
vmax,1.1,22.31,1,2428,3.21
vmax,1.2,24.53,1,2672,3.87
vmax,1.3,26.75,1,2916,4.58
vmax,1.4,28.97,1,3159,5.36
vmax,1.5,31.16,1,3400,6.20
vmax,1.6,33.21,1,3626,7.09
vmax,1.7,35.14,1,3839,8.04
vmax,1.8,36.97,1,4040,9.05
vmax,1.9,38.70,1,4232,10.10
vmax,2.0,40.37,1,4415,11.20
vmax,2.1,41.67,2,3465,12.34
vmax,2.2,42.85,2,3563,13.52
vmax,2.3,44.08,2,3662,14.73
vmax,2.4,45.68,2,3797,15.97
vmax,2.5,47.23,2,3926,17.27
vmax,2.6,48.73,2,4052,18.60
vmax,2.7,50.19,2,4173,19.98
vmax,2.8,51.60,2,4291,21.39
vmax,2.9,52.97,2,4405,22.85
vmax,3.0,54.09,3,3424,24.34
vmax,3.1,54.98,3,3481,25.85
vmax,3.2,55.86,3,3536,27.39
vmax,3.3,57.16,3,3616,28.96
vmax,3.4,58.47,3,3700,30.57
vmax,3.5,59.75,3,3781,32.22
vmax,3.6,61.00,3,3860,33.89
vmax,3.7,62.22,3,3938,35.61
vmax,3.8,63.42,3,4014,37.35
vmax,3.9,64.59,3,4088,39.13
vmax,4.0,65.74,3,4161,40.94
vmax,4.1,66.87,3,4233,42.79
vmax,4.2,67.98,3,4304,44.66
vmax,4.3,69.07,3,4373,46.57
vmax,4.4,70.14,3,4441,48.50
vmax,4.5,70.91,4,3418,50.46
vmax,4.6,71.57,4,3450,52.44
vmax,4.7,72.29,4,3483,54.44
vmax,4.8,73.34,4,3535,56.46
vmax,4.9,74.38,4,3585,58.52
vmax,5.0,75.41,4,3634,60.60
vmax,5.1,76.42,4,3683,62.71
vmax,5.2,77.41,4,3731,64.85
vmax,5.3,78.39,4,3778,67.01
vmax,5.4,79.36,4,3825,69.20
vmax,5.5,80.31,4,3871,71.42
vmax,5.6,81.25,4,3917,73.67
vmax,5.7,82.18,4,3961,75.94
vmax,5.8,83.10,4,4006,78.23
vmax,5.9,84.00,4,4049,80.56
vmax,6.0,84.89,4,4092,82.90
vmax,6.1,85.78,4,4135,85.28
vmax,6.2,86.65,4,4177,87.67
vmax,6.3,87.51,4,4219,90.09
vmax,6.4,88.36,4,4260,92.53
vmax,6.5,89.20,4,4301,95.00
vmax,6.6,90.04,4,4341,97.49
vmax,6.7,90.86,4,4381,100.01
vmax,6.8,91.68,4,4420,102.54
vmax,6.9,92.48,4,4459,105.10
vmax,7.0,92.95,5,3414,107.68
vmax,7.1,93.42,5,3431,110.27
vmax,7.2,94.03,5,3452,112.87
vmax,7.3,94.83,5,3481,115.49
vmax,7.4,95.62,5,3511,118.14
vmax,7.5,96.40,5,3539,120.81
vmax,7.6,97.18,5,3568,123.50
vmax,7.7,97.95,5,3596,126.21
vmax,7.8,98.71,5,3624,128.94
vmax,7.9,99.46,5,3652,131.69
vmax,8.0,100.20,5,3679,134.47
vmax,8.1,100.94,5,3706,137.26
vmax,8.2,101.68,5,3733,140.08
vmax,8.3,102.40,5,3760,142.91
vmax,8.4,103.12,5,3786,145.77
vmax,8.5,103.83,5,3813,148.64
vmax,8.6,104.54,5,3839,151.54
vmax,8.7,105.24,5,3864,154.45
vmax,8.8,105.93,5,3890,157.38
vmax,8.9,106.62,5,3915,160.34
vmax,9.0,107.31,5,3940,163.31
vmax,9.1,107.98,5,3965,166.30
vmax,9.2,108.65,5,3990,169.31
vmax,9.3,109.32,5,4014,172.34
vmax,9.4,109.98,5,4039,175.39
vmax,9.5,110.63,5,4063,178.45
vmax,9.6,111.28,5,4087,181.53
vmax,9.7,111.93,5,4110,184.63
vmax,9.8,112.57,5,4134,187.75
vmax,9.9,113.20,5,4157,190.89
vmax,10.0,113.83,5,4180,194.04
vmax,10.1,114.46,5,4203,197.21
vmax,10.2,115.08,5,4226,200.40
vmax,10.3,115.70,5,4249,203.61
vmax,10.4,116.31,5,4271,206.83
vmax,10.5,116.91,5,4293,210.07
vmax,10.6,117.52,5,4316,213.33
vmax,10.7,118.11,5,4338,216.60
vmax,10.8,118.71,5,4359,219.89
vmax,10.9,119.30,5,4381,223.20
vmax,11.0,119.88,5,4403,226.52
vmax,11.1,120.46,5,4424,229.86
vmax,11.2,121.04,5,4445,233.21
vmax,11.3,121.55,6,3401,236.59
vmax,11.4,121.85,6,3410,239.97
vmax,11.5,122.16,6,3419,243.36
vmax,11.6,122.64,6,3431,246.76
vmax,11.7,123.21,6,3447,250.17
vmax,11.8,123.77,6,3463,253.60
vmax,11.9,124.34,6,3479,257.05
vmax,12.0,124.89,6,3495,260.51
vmax,12.1,125.45,6,3510,263.99
vmax,12.2,126.00,6,3526,267.48
vmax,12.3,126.55,6,3541,270.99
vmax,12.4,127.09,6,3556,274.51
vmax,12.5,127.63,6,3571,278.05
vmax,12.6,128.16,6,3586,281.60
vmax,12.7,128.70,6,3601,285.17
vmax,12.8,129.23,6,3616,288.76
vmax,12.9,129.75,6,3631,292.35
vmax,13.0,130.27,6,3645,295.96
vmax,13.1,130.79,6,3660,299.59
vmax,13.2,131.31,6,3674,303.23
vmax,13.3,131.82,6,3689,306.89
vmax,13.4,132.33,6,3703,310.56
vmax,13.5,132.84,6,3717,314.24
vmax,13.6,133.34,6,3731,317.94
vmax,13.7,133.84,6,3745,321.65
vmax,13.8,134.34,6,3759,325.37
vmax,13.9,134.83,6,3773,329.11
vmax,14.0,135.32,6,3787,332.87
vmax,14.1,135.81,6,3800,336.63
vmax,14.2,136.30,6,3814,340.41
vmax,14.3,136.78,6,3827,344.21
vmax,14.4,137.26,6,3841,348.01
vmax,14.5,137.74,6,3854,351.83
vmax,14.6,138.21,6,3868,355.67
vmax,14.7,138.68,6,3881,359.51
vmax,14.8,139.15,6,3894,363.37
vmax,14.9,139.61,6,3907,367.24
vmax,15.0,140.08,6,3920,371.13
vmax,15.1,140.54,6,3933,375.03
vmax,15.2,141.00,6,3946,378.94
vmax,15.3,141.45,6,3958,382.86
vmax,15.4,141.90,6,3971,386.80
vmax,15.5,142.35,6,3984,390.75
vmax,15.6,142.80,6,3996,394.71
vmax,15.7,143.24,6,4008,398.68
vmax,15.8,143.69,6,4021,402.67
vmax,15.9,144.13,6,4033,406.66
vmax,16.0,144.56,6,4045,410.67
vmax,16.1,145.00,6,4058,414.70
vmax,16.2,145.43,6,4070,418.73
vmax,16.3,145.86,6,4082,422.78
vmax,16.4,146.29,6,4094,426.83
vmax,16.5,146.71,6,4106,430.90
vmax,16.6,147.14,6,4118,434.99
vmax,16.7,147.56,6,4129,439.08
vmax,16.8,147.98,6,4141,443.18
vmax,16.9,148.39,6,4153,447.30
vmax,17.0,148.81,6,4164,451.43
vmax,17.1,149.22,6,4176,455.57
vmax,17.2,149.63,6,4187,459.72
vmax,17.3,150.03,6,4199,463.88
vmax,17.4,150.44,6,4210,468.06
vmax,17.5,150.84,6,4221,472.24
vmax,17.6,151.24,6,4233,476.44
vmax,17.7,151.64,6,4244,480.64
vmax,17.8,152.04,6,4255,484.86
vmax,17.9,152.43,6,4266,489.09
vmax,18.0,152.83,6,4277,493.33
vmax,18.1,153.22,6,4288,497.58
vmax,18.2,153.61,6,4299,501.85
vmax,18.3,153.99,6,4309,506.12
vmax,18.4,154.38,6,4320,510.40
vmax,18.5,154.76,6,4331,514.70
vmax,18.6,155.14,6,4342,519.00
vmax,18.7,155.52,6,4352,523.32
vmax,18.8,155.89,6,4363,527.64
vmax,18.9,156.27,6,4373,531.98
vmax,19.0,156.64,6,4384,536.32
vmax,19.1,157.01,6,4394,540.68
vmax,19.2,157.38,6,4404,545.05
vmax,19.3,157.75,6,4415,549.42
vmax,19.4,158.11,6,4425,553.81
vmax,19.5,158.48,6,4435,558.21
vmax,19.6,158.84,6,4445,562.62
vmax,19.7,159.20,6,4455,567.03
vmax,19.8,159.49,7,3408,571.46
vmax,19.9,159.64,7,3411,575.89
vmax,20.0,159.78,7,3414,580.33
vmax,20.1,160.09,7,3421,584.77
vmax,20.2,160.44,7,3428,589.23
vmax,20.3,160.80,7,3436,593.69
vmax,20.4,161.15,7,3443,598.16
vmax,20.5,161.50,7,3451,602.64
vmax,20.6,161.85,7,3458,607.13
vmax,20.7,162.20,7,3466,611.63
vmax,20.8,162.54,7,3473,616.14
vmax,20.9,162.89,7,3481,620.66
vmax,21.0,163.23,7,3488,625.19
vmax,21.1,163.57,7,3495,629.73
vmax,21.2,163.91,7,3502,634.28
vmax,21.3,164.25,7,3510,638.84
vmax,21.4,164.58,7,3517,643.41
vmax,21.5,164.92,7,3524,647.99
vmax,21.6,165.25,7,3531,652.57
vmax,21.7,165.58,7,3538,657.17
vmax,21.8,165.91,7,3545,661.77
vmax,21.9,166.24,7,3552,666.38
vmax,22.0,166.56,7,3559,671.01
vmax,22.1,166.89,7,3566,675.64
vmax,22.2,167.21,7,3573,680.28
vmax,22.3,167.53,7,3580,684.93
vmax,22.4,167.85,7,3587,689.59
vmax,22.5,168.17,7,3593,694.25
vmax,22.6,168.49,7,3600,698.93
vmax,22.7,168.80,7,3607,703.62
vmax,22.8,169.12,7,3614,708.31
vmax,22.9,169.43,7,3620,713.01
vmax,23.0,169.74,7,3627,717.72
vmax,23.1,170.05,7,3634,722.44
vmax,23.2,170.36,7,3640,727.17
vmax,23.3,170.66,7,3647,731.91
vmax,23.4,170.97,7,3653,736.65
vmax,23.5,171.27,7,3660,741.41
vmax,23.6,171.58,7,3666,746.17
vmax,23.7,171.88,7,3673,750.94
vmax,23.8,172.18,7,3679,755.72
vmax,23.9,172.47,7,3685,760.51
vmax,24.0,172.77,7,3692,765.30
vmax,24.1,173.06,7,3698,770.10
vmax,24.2,173.36,7,3704,774.92
vmax,24.3,173.65,7,3711,779.74
vmax,24.4,173.94,7,3717,784.56
vmax,24.5,174.23,7,3723,789.40
vmax,24.6,174.52,7,3729,794.24
vmax,24.7,174.81,7,3735,799.10
vmax,24.8,175.09,7,3741,803.96
vmax,24.9,175.38,7,3747,808.82
vmax,25.0,175.66,7,3754,813.70
vmax,25.1,175.94,7,3760,818.58
vmax,25.2,176.22,7,3766,823.48
vmax,25.3,176.50,7,3772,828.37
vmax,25.4,176.78,7,3777,833.28
vmax,25.5,177.06,7,3783,838.20
vmax,25.6,177.33,7,3789,843.12
vmax,25.7,177.60,7,3795,848.05
vmax,25.8,177.88,7,3801,852.99
vmax,25.9,178.15,7,3807,857.93
vmax,26.0,178.42,7,3813,862.88
vmax,26.1,178.69,7,3818,867.84
vmax,26.2,178.96,7,3824,872.81
vmax,26.3,179.22,7,3830,877.79
vmax,26.4,179.49,7,3835,882.77
vmax,26.5,179.75,7,3841,887.76
vmax,26.6,180.02,7,3847,892.76
vmax,26.7,180.28,7,3852,897.76
vmax,26.8,180.54,7,3858,902.77
vmax,26.9,180.80,7,3863,907.79
vmax,27.0,181.06,7,3869,912.82
vmax,27.1,181.31,7,3874,917.85
vmax,27.2,181.57,7,3880,922.89
vmax,27.3,181.82,7,3885,927.94
vmax,27.4,182.08,7,3891,932.99
vmax,27.5,182.33,7,3896,938.05
vmax,27.6,182.58,7,3902,943.12
vmax,27.7,182.83,7,3907,948.20
vmax,27.8,183.08,7,3912,953.28
vmax,27.9,183.33,7,3918,958.37
vmax,28.0,183.58,7,3923,963.47
vmax,28.1,183.82,7,3928,968.57
vmax,28.2,184.07,7,3933,973.68
vmax,28.3,184.31,7,3938,978.80
vmax,28.4,184.55,7,3944,983.92
vmax,28.5,184.79,7,3949,989.05
vmax,28.6,185.03,7,3954,994.19
vmax,28.7,185.27,7,3959,999.33
vmax,28.8,185.51,7,3964,1004.48
vmax,28.9,185.75,7,3969,1009.64
vmax,29.0,185.99,7,3974,1014.80
vmax,29.1,186.22,7,3979,1019.97
vmax,29.2,186.46,7,3984,1025.15
vmax,29.3,186.69,7,3989,1030.33
vmax,29.4,186.92,7,3994,1035.52
vmax,29.5,187.15,7,3999,1040.71
vmax,29.6,187.38,7,4004,1045.92
vmax,29.7,187.61,7,4009,1051.12
vmax,29.8,187.84,7,4014,1056.34
vmax,29.9,188.07,7,4019,1061.56
vmax,30.0,188.29,7,4024,1066.79
vmax,30.1,188.52,7,4028,1072.02
vmax,30.2,188.74,7,4033,1077.26
vmax,30.3,188.96,7,4038,1082.51
vmax,30.4,189.19,7,4043,1087.76
vmax,30.5,189.41,7,4047,1093.02
vmax,30.6,189.63,7,4052,1098.28
vmax,30.7,189.85,7,4057,1103.55
vmax,30.8,190.06,7,4062,1108.83
vmax,30.9,190.28,7,4066,1114.11
vmax,31.0,190.50,7,4071,1119.40
vmax,31.1,190.71,7,4075,1124.70
vmax,31.2,190.93,7,4080,1130.00
vmax,31.3,191.14,7,4085,1135.30
vmax,31.4,191.35,7,4089,1140.62
vmax,31.5,191.57,7,4094,1145.94
vmax,31.6,191.78,7,4098,1151.26
vmax,31.7,191.99,7,4103,1156.59
vmax,31.8,192.20,7,4107,1161.93
vmax,31.9,192.40,7,4112,1167.27
vmax,32.0,192.61,7,4116,1172.62
vmax,32.1,192.82,7,4120,1177.97
vmax,32.2,193.02,7,4125,1183.33
vmax,32.3,193.23,7,4129,1188.69
vmax,32.4,193.43,7,4133,1194.06
vmax,32.5,193.63,7,4138,1199.44
vmax,32.6,193.83,7,4142,1204.82
vmax,32.7,194.04,7,4146,1210.21
vmax,32.8,194.24,7,4151,1215.60
vmax,32.9,194.43,7,4155,1221.00
vmax,33.0,194.63,7,4159,1226.40
vmax,33.1,194.83,7,4163,1231.81
vmax,33.2,195.03,7,4168,1237.23
vmax,33.3,195.22,7,4172,1242.65
vmax,33.4,195.42,7,4176,1248.07
vmax,33.5,195.61,7,4180,1253.51
vmax,33.6,195.81,7,4184,1258.94
vmax,33.7,196.00,7,4188,1264.38
vmax,33.8,196.19,7,4192,1269.83
vmax,33.9,196.38,7,4197,1275.28
vmax,34.0,196.57,7,4201,1280.74
vmax,34.1,196.76,7,4205,1286.21
vmax,34.2,196.95,7,4209,1291.67
vmax,34.3,197.14,7,4213,1297.15
vmax,34.4,197.32,7,4217,1302.63
vmax,34.5,197.51,7,4221,1308.11
vmax,34.6,197.69,7,4225,1313.60
vmax,34.7,197.88,7,4229,1319.09
vmax,34.8,198.06,7,4232,1324.59
vmax,34.9,198.24,7,4236,1330.10
vmax,35.0,198.43,7,4240,1335.61
vmax,35.1,198.61,7,4244,1341.12
vmax,35.2,198.79,7,4248,1346.64
vmax,35.3,198.97,7,4252,1352.17
vmax,35.4,199.15,7,4256,1357.70
vmax,35.5,199.33,7,4259,1363.23
vmax,35.6,199.50,7,4263,1368.77
vmax,35.7,199.68,7,4267,1374.31
vmax,35.8,199.86,7,4271,1379.86
vmax,35.9,200.03,7,4275,1385.42
vmax,36.0,200.21,7,4278,1390.98
vmax,36.1,200.38,7,4282,1396.54
vmax,36.2,200.55,7,4286,1402.11
vmax,36.3,200.72,7,4289,1407.68
vmax,36.4,200.90,7,4293,1413.26
vmax,36.5,201.07,7,4297,1418.84
vmax,36.6,201.24,7,4300,1424.43
vmax,36.7,201.41,7,4304,1430.02
vmax,36.8,201.58,7,4308,1435.62
vmax,36.9,201.74,7,4311,1441.22
vmax,37.0,201.91,7,4315,1446.83
vmax,37.1,202.08,7,4318,1452.44
vmax,37.2,202.24,7,4322,1458.06
vmax,37.3,202.41,7,4325,1463.68
vmax,37.4,202.57,7,4329,1469.30
vmax,37.5,202.74,7,4332,1474.93
vmax,37.6,202.90,7,4336,1480.56
vmax,37.7,203.06,7,4339,1486.20
vmax,37.8,203.22,7,4343,1491.85
vmax,37.9,203.38,7,4346,1497.49
vmax,38.0,203.54,7,4350,1503.15
vmax,38.1,203.70,7,4353,1508.80
vmax,38.2,203.86,7,4357,1514.46
vmax,38.3,204.02,7,4360,1520.13
vmax,38.4,204.18,7,4363,1525.80
vmax,38.5,204.34,7,4367,1531.47
vmax,38.6,204.49,7,4370,1537.15
vmax,38.7,204.65,7,4373,1542.83
vmax,38.8,204.80,7,4377,1548.52
vmax,38.9,204.96,7,4380,1554.21
vmax,39.0,205.11,7,4383,1559.91
vmax,39.1,205.26,7,4386,1565.61
vmax,39.2,205.42,7,4390,1571.31
vmax,39.3,205.57,7,4393,1577.02
vmax,39.4,205.72,7,4396,1582.73
vmax,39.5,205.87,7,4399,1588.45
vmax,39.6,206.02,7,4403,1594.17
vmax,39.7,206.17,7,4406,1599.89
vmax,39.8,206.32,7,4409,1605.62
vmax,39.9,206.47,7,4412,1611.36
vmax,40.0,206.61,7,4415,1617.09
vmax,40.1,206.76,7,4418,1622.84
vmax,40.2,206.91,7,4422,1628.58
vmax,40.3,207.05,7,4425,1634.33
vmax,40.4,207.20,7,4428,1640.08
vmax,40.5,207.34,7,4431,1645.84
vmax,40.6,207.49,7,4434,1651.60
vmax,40.7,207.63,7,4437,1657.37
vmax,40.8,207.77,7,4440,1663.14
vmax,40.9,207.91,7,4443,1668.91
vmax,41.0,208.06,7,4446,1674.69
vmax,41.1,208.20,7,4449,1680.47
vmax,41.2,208.34,7,4452,1686.26
vmax,41.3,208.48,7,4455,1692.05
vmax,41.4,208.62,7,4458,1697.84
vmax,41.5,208.75,7,4461,1703.64
vmax,41.6,208.77,8,3436,1709.44
vmax,41.7,208.74,8,3435,1715.23
vmax,41.8,208.75,8,3435,1721.03
vmax,41.9,208.88,8,3437,1726.83
vmax,42.0,209.02,8,3440,1732.64
vmax,42.1,209.16,8,3442,1738.45
vmax,42.2,209.30,8,3444,1744.26
vmax,42.3,209.43,8,3447,1750.07
vmax,42.4,209.57,8,3449,1755.89
vmax,42.5,209.70,8,3451,1761.72
vmax,42.6,209.84,8,3453,1767.54
vmax,42.7,209.97,8,3455,1773.38
vmax,42.8,210.11,8,3458,1779.21
vmax,42.9,210.24,8,3460,1785.05
vmax,43.0,210.37,8,3462,1790.89
vmax,43.1,210.50,8,3464,1796.74
vmax,43.2,210.63,8,3466,1802.59
vmax,43.3,210.76,8,3468,1808.44
vmax,43.4,210.90,8,3471,1814.29
vmax,43.5,211.02,8,3473,1820.15
vmax,43.6,211.15,8,3475,1826.02
vmax,43.7,211.28,8,3477,1831.89
vmax,43.8,211.41,8,3479,1837.76
vmax,43.9,211.54,8,3481,1843.63
vmax,44.0,211.66,8,3483,1849.51
vmax,44.1,211.79,8,3485,1855.39
vmax,44.2,211.92,8,3487,1861.28
vmax,44.3,212.04,8,3489,1867.16
vmax,44.4,212.17,8,3492,1873.06
vmax,44.5,212.29,8,3494,1878.95
vmax,44.6,212.42,8,3496,1884.85
vmax,44.7,212.54,8,3498,1890.75
vmax,44.8,212.66,8,3500,1896.66
vmax,44.9,212.78,8,3502,1902.57
vmax,45.0,212.91,8,3504,1908.48
vmax,45.1,213.03,8,3506,1914.40
vmax,45.2,213.15,8,3508,1920.31
vmax,45.3,213.27,8,3510,1926.24
vmax,45.4,213.39,8,3512,1932.16
vmax,45.5,213.51,8,3514,1938.09
vmax,45.6,213.63,8,3516,1944.03
vmax,45.7,213.74,8,3517,1949.96
vmax,45.8,213.86,8,3519,1955.90
vmax,45.9,213.98,8,3521,1961.84
vmax,46.0,214.10,8,3523,1967.79
vmax,46.1,214.21,8,3525,1973.74
vmax,46.2,214.33,8,3527,1979.69
vmax,46.3,214.44,8,3529,1985.64
vmax,46.4,214.56,8,3531,1991.60
vmax,46.5,214.67,8,3533,1997.56
vmax,46.6,214.79,8,3535,2003.53
vmax,46.7,214.90,8,3537,2009.50
vmax,46.8,215.01,8,3538,2015.47
vmax,46.9,215.13,8,3540,2021.44
vmax,47.0,215.24,8,3542,2027.42
vmax,47.1,215.35,8,3544,2033.40
vmax,47.2,215.46,8,3546,2039.38
vmax,47.3,215.57,8,3548,2045.37
vmax,47.4,215.68,8,3549,2051.36
vmax,47.5,215.79,8,3551,2057.35
vmax,47.6,215.90,8,3553,2063.35
vmax,47.7,216.01,8,3555,2069.35
vmax,47.8,216.12,8,3557,2075.35
vmax,47.9,216.23,8,3558,2081.36
vmax,48.0,216.33,8,3560,2087.36
vmax,48.1,216.44,8,3562,2093.37
vmax,48.2,216.55,8,3564,2099.39
vmax,48.3,216.65,8,3565,2105.40
vmax,48.4,216.76,8,3567,2111.42
vmax,48.5,216.87,8,3569,2117.45
vmax,48.6,216.97,8,3571,2123.47
vmax,48.7,217.08,8,3572,2129.50
vmax,48.8,217.18,8,3574,2135.53
vmax,48.9,217.28,8,3576,2141.57
vmax,49.0,217.39,8,3578,2147.60
vmax,49.1,217.49,8,3579,2153.64
vmax,49.2,217.59,8,3581,2159.69
vmax,49.3,217.69,8,3583,2165.73
vmax,49.4,217.80,8,3584,2171.78
vmax,49.5,217.90,8,3586,2177.83
vmax,49.6,218.00,8,3588,2183.89
vmax,49.7,218.10,8,3589,2189.94
vmax,49.8,218.20,8,3591,2196.00
vmax,49.9,218.30,8,3592,2202.07
vmax,50.0,218.40,8,3594,2208.13
vmax,50.1,218.49,8,3596,2214.20
vmax,50.2,218.59,8,3597,2220.27
vmax,50.3,218.69,8,3599,2226.34
vmax,50.4,218.79,8,3601,2232.42
vmax,50.5,218.89,8,3602,2238.50
vmax,50.6,218.98,8,3604,2244.58
vmax,50.7,219.08,8,3605,2250.66
vmax,50.8,219.17,8,3607,2256.75
vmax,50.9,219.27,8,3609,2262.84
vmax,51.0,219.36,8,3610,2268.93
vmax,51.1,219.46,8,3612,2275.03
vmax,51.2,219.55,8,3613,2281.12
vmax,51.3,219.65,8,3615,2287.22
vmax,51.4,219.74,8,3616,2293.33
vmax,51.5,219.83,8,3618,2299.43
vmax,51.6,219.93,8,3619,2305.54
vmax,51.7,220.02,8,3621,2311.65
vmax,51.8,220.11,8,3622,2317.76
vmax,51.9,220.20,8,3624,2323.88
vmax,52.0,220.29,8,3625,2330.00
vmax,52.1,220.38,8,3627,2336.12
vmax,52.2,220.48,8,3628,2342.24
vmax,52.3,220.57,8,3630,2348.37
vmax,52.4,220.66,8,3631,2354.49
vmax,52.5,220.74,8,3633,2360.63
vmax,52.6,220.83,8,3634,2366.76
vmax,52.7,220.92,8,3636,2372.89
vmax,52.8,221.01,8,3637,2379.03
vmax,52.9,221.10,8,3639,2385.17
vmax,53.0,221.19,8,3640,2391.32
vmax,53.1,221.27,8,3641,2397.46
vmax,53.2,221.36,8,3643,2403.61
vmax,53.3,221.45,8,3644,2409.76
vmax,53.4,221.53,8,3646,2415.91
vmax,53.5,221.62,8,3647,2422.07
vmax,53.6,221.70,8,3649,2428.22
vmax,53.7,221.79,8,3650,2434.38
vmax,53.8,221.87,8,3651,2440.55
vmax,53.9,221.96,8,3653,2446.71
vmax,54.0,222.04,8,3654,2452.88
vmax,54.1,222.13,8,3656,2459.05
vmax,54.2,222.21,8,3657,2465.22
vmax,54.3,222.29,8,3658,2471.39
vmax,54.4,222.38,8,3660,2477.57
vmax,54.5,222.46,8,3661,2483.74
vmax,54.6,222.54,8,3662,2489.93
vmax,54.7,222.62,8,3664,2496.11
vmax,54.8,222.70,8,3665,2502.29
vmax,54.9,222.78,8,3666,2508.48
vmax,55.0,222.87,8,3668,2514.67
vmax,55.1,222.95,8,3669,2520.86
vmax,55.2,223.03,8,3670,2527.06
vmax,55.3,223.11,8,3672,2533.25
vmax,55.4,223.18,8,3673,2539.45
vmax,55.5,223.26,8,3674,2545.65
vmax,55.6,223.34,8,3676,2551.85
vmax,55.7,223.42,8,3677,2558.06
vmax,55.8,223.50,8,3678,2564.27
vmax,55.9,223.58,8,3679,2570.48
vmax,56.0,223.65,8,3681,2576.69
vmax,56.1,223.73,8,3682,2582.90
vmax,56.2,223.81,8,3683,2589.12
vmax,56.3,223.88,8,3684,2595.34
vmax,56.4,223.96,8,3686,2601.56
vmax,56.5,224.04,8,3687,2607.78
vmax,56.6,224.11,8,3688,2614.00
vmax,56.7,224.19,8,3689,2620.23
vmax,56.8,224.26,8,3691,2626.46
vmax,56.9,224.34,8,3692,2632.69
vmax,57.0,224.41,8,3693,2638.92
vmax,57.1,224.49,8,3694,2645.16
vmax,57.2,224.56,8,3696,2651.39
vmax,57.3,224.63,8,3697,2657.63
vmax,57.4,224.71,8,3698,2663.87
vmax,57.5,224.78,8,3699,2670.11
vmax,57.6,224.85,8,3700,2676.36
vmax,57.7,224.92,8,3702,2682.61
vmax,57.8,225.00,8,3703,2688.86
vmax,57.9,225.07,8,3704,2695.11
vmax,58.0,225.14,8,3705,2701.36
vmax,58.1,225.21,8,3706,2707.61
vmax,58.2,225.28,8,3707,2713.87
vmax,58.3,225.35,8,3709,2720.13
vmax,58.4,225.42,8,3710,2726.39
vmax,58.5,225.49,8,3711,2732.65
vmax,58.6,225.56,8,3712,2738.92
vmax,58.7,225.63,8,3713,2745.19
vmax,58.8,225.70,8,3714,2751.45
vmax,58.9,225.77,8,3715,2757.72
vmax,59.0,225.84,8,3717,2764.00
vmax,59.1,225.91,8,3718,2770.27
vmax,59.2,225.97,8,3719,2776.55
vmax,59.3,226.04,8,3720,2782.82
vmax,59.4,226.11,8,3721,2789.10
vmax,59.5,226.18,8,3722,2795.39
vmax,59.6,226.24,8,3723,2801.67
vmax,59.7,226.31,8,3724,2807.96
vmax,59.8,226.38,8,3725,2814.24
vmax,59.9,226.44,8,3727,2820.53
vmax,60.0,226.51,8,3728,2826.82
vmax,60.1,226.57,8,3729,2833.12
vmax,60.2,226.64,8,3730,2839.41
vmax,60.3,226.70,8,3731,2845.71
vmax,60.4,226.77,8,3732,2852.01
vmax,60.5,226.83,8,3733,2858.31
vmax,60.6,226.90,8,3734,2864.61
vmax,60.7,226.96,8,3735,2870.91
vmax,60.8,227.02,8,3736,2877.22
vmax,60.9,227.09,8,3737,2883.52
vmax,61.0,227.15,8,3738,2889.83
vmax,61.1,227.21,8,3739,2896.14
vmax,61.2,227.28,8,3740,2902.46
vmax,61.3,227.34,8,3741,2908.77
vmax,61.4,227.40,8,3742,2915.09
vmax,61.5,227.46,8,3743,2921.40
vmax,61.6,227.53,8,3744,2927.72
vmax,61.7,227.59,8,3745,2934.04
vmax,61.8,227.65,8,3746,2940.37
vmax,61.9,227.71,8,3747,2946.69
vmax,62.0,227.77,8,3748,2953.02
vmax,62.1,227.83,8,3749,2959.34
vmax,62.2,227.89,8,3750,2965.67
vmax,62.3,227.95,8,3751,2972.01
vmax,62.4,228.01,8,3752,2978.34
vmax,62.5,228.07,8,3753,2984.67
vmax,62.6,228.13,8,3754,2991.01
vmax,62.7,228.19,8,3755,2997.35
vmax,62.8,228.25,8,3756,3003.69
vmax,62.9,228.30,8,3757,3010.03
vmax,63.0,228.36,8,3758,3016.37
vmax,63.1,228.42,8,3759,3022.71
vmax,63.2,228.48,8,3760,3029.06
vmax,63.3,228.54,8,3761,3035.41
vmax,63.4,228.59,8,3762,3041.76
vmax,63.5,228.65,8,3763,3048.11
vmax,63.6,228.71,8,3764,3054.46
vmax,63.7,228.76,8,3765,3060.81
vmax,63.8,228.82,8,3766,3067.17
vmax,63.9,228.88,8,3767,3073.53
vmax,64.0,228.93,8,3768,3079.88
vmax,64.1,228.99,8,3768,3086.24
vmax,64.2,229.04,8,3769,3092.61
vmax,64.3,229.10,8,3770,3098.97
vmax,64.4,229.15,8,3771,3105.33
vmax,64.5,229.21,8,3772,3111.70
vmax,64.6,229.26,8,3773,3118.07
vmax,64.7,229.32,8,3774,3124.44
vmax,64.8,229.37,8,3775,3130.81
vmax,64.9,229.43,8,3776,3137.18
vmax,65.0,229.48,8,3777,3143.55
vmax,65.1,229.53,8,3777,3149.93
vmax,65.2,229.59,8,3778,3156.30
vmax,65.3,229.64,8,3779,3162.68
vmax,65.4,229.69,8,3780,3169.06
vmax,65.5,229.75,8,3781,3175.44
vmax,65.6,229.80,8,3782,3181.83
vmax,65.7,229.85,8,3783,3188.21
vmax,65.8,229.90,8,3784,3194.60
vmax,65.9,229.95,8,3784,3200.98
vmax,66.0,230.01,8,3785,3207.37
vmax,66.1,230.06,8,3786,3213.76
vmax,66.2,230.11,8,3787,3220.15
vmax,66.3,230.16,8,3788,3226.54
vmax,66.4,230.21,8,3789,3232.94
vmax,66.5,230.26,8,3789,3239.33
vmax,66.6,230.31,8,3790,3245.73
vmax,66.7,230.36,8,3791,3252.13
vmax,66.8,230.41,8,3792,3258.53
vmax,66.9,230.46,8,3793,3264.93
vmax,67.0,230.51,8,3794,3271.33
vmax,67.1,230.56,8,3794,3277.74
vmax,67.2,230.61,8,3795,3284.14
vmax,67.3,230.66,8,3796,3290.55
vmax,67.4,230.71,8,3797,3296.96
vmax,67.5,230.75,8,3798,3303.36
vmax,67.6,230.80,8,3798,3309.78
vmax,67.7,230.85,8,3799,3316.19
vmax,67.8,230.90,8,3800,3322.60
vmax,67.9,230.95,8,3801,3329.01
vmax,68.0,230.99,8,3801,3335.43
vmax,68.1,231.04,8,3802,3341.85
vmax,68.2,231.09,8,3803,3348.27
vmax,68.3,231.14,8,3804,3354.69
vmax,68.4,231.18,8,3805,3361.11
vmax,68.5,231.23,8,3805,3367.53
vmax,68.6,231.28,8,3806,3373.95
vmax,68.7,231.32,8,3807,3380.38
vmax,68.8,231.37,8,3808,3386.80
vmax,68.9,231.41,8,3808,3393.23
vmax,69.0,231.46,8,3809,3399.66
vmax,69.1,231.50,8,3810,3406.09
vmax,69.2,231.55,8,3811,3412.52
vmax,69.3,231.59,8,3811,3418.96
vmax,69.4,231.64,8,3812,3425.39
vmax,69.5,231.68,8,3813,3431.82
vmax,69.6,231.73,8,3814,3438.26
vmax,69.7,231.77,8,3814,3444.70
vmax,69.8,231.82,8,3815,3451.14
vmax,69.9,231.86,8,3816,3457.58
vmax,70.0,231.91,8,3817,3464.02
vmax,70.1,231.95,8,3817,3470.46
vmax,70.2,231.99,8,3818,3476.90
vmax,70.3,232.04,8,3819,3483.35
vmax,70.4,232.08,8,3819,3489.80
vmax,70.5,232.12,8,3820,3496.24
vmax,70.6,232.17,8,3821,3502.69
vmax,70.7,232.21,8,3821,3509.14
vmax,70.8,232.25,8,3822,3515.59
vmax,70.9,232.29,8,3823,3522.04
vmax,71.0,232.33,8,3824,3528.50
vmax,71.1,232.38,8,3824,3534.95
vmax,71.2,232.42,8,3825,3541.41
vmax,71.3,232.46,8,3826,3547.86
vmax,71.4,232.50,8,3826,3554.32
vmax,71.5,232.54,8,3827,3560.78
vmax,71.6,232.58,8,3828,3567.24
vmax,71.7,232.62,8,3828,3573.70
vmax,71.8,232.67,8,3829,3580.16
vmax,71.9,232.71,8,3830,3586.63
vmax,72.0,232.75,8,3830,3593.09
vmax,72.1,232.79,8,3831,3599.56
vmax,72.2,232.83,8,3832,3606.02
vmax,72.3,232.87,8,3832,3612.49
vmax,72.4,232.91,8,3833,3618.96
vmax,72.5,232.95,8,3834,3625.43
vmax,72.6,232.99,8,3834,3631.90
vmax,72.7,233.03,8,3835,3638.38
vmax,72.8,233.06,8,3836,3644.85
vmax,72.9,233.10,8,3836,3651.32
vmax,73.0,233.14,8,3837,3657.80
vmax,73.1,233.18,8,3837,3664.28
vmax,73.2,233.22,8,3838,3670.75
vmax,73.3,233.26,8,3839,3677.23
vmax,73.4,233.30,8,3839,3683.71
vmax,73.5,233.33,8,3840,3690.19
vmax,73.6,233.37,8,3841,3696.68
vmax,73.7,233.41,8,3841,3703.16
vmax,73.8,233.45,8,3842,3709.64
vmax,73.9,233.48,8,3842,3716.13
vmax,74.0,233.52,8,3843,3722.61
vmax,74.1,233.56,8,3844,3729.10
vmax,74.2,233.60,8,3844,3735.59
vmax,74.3,233.63,8,3845,3742.08
vmax,74.4,233.67,8,3846,3748.57
vmax,74.5,233.71,8,3846,3755.06
vmax,74.6,233.74,8,3847,3761.55
vmax,74.7,233.78,8,3847,3768.05
vmax,74.8,233.81,8,3848,3774.54
vmax,74.9,233.85,8,3849,3781.04
vmax,75.0,233.89,8,3849,3787.53
vmax,75.1,233.92,8,3850,3794.03
vmax,75.2,233.96,8,3850,3800.53
vmax,75.3,233.99,8,3851,3807.03
vmax,75.4,234.03,8,3851,3813.53
vmax,75.5,234.06,8,3852,3820.03
vmax,75.6,234.10,8,3853,3826.53
vmax,75.7,234.13,8,3853,3833.03
vmax,75.8,234.17,8,3854,3839.54
vmax,75.9,234.20,8,3854,3846.04
vmax,76.0,234.24,8,3855,3852.55
vmax,76.1,234.27,8,3855,3859.06
vmax,76.2,234.31,8,3856,3865.57
vmax,76.3,234.34,8,3857,3872.07
vmax,76.4,234.37,8,3857,3878.58
vmax,76.5,234.41,8,3858,3885.10
vmax,76.6,234.44,8,3858,3891.61
vmax,76.7,234.47,8,3859,3898.12
vmax,76.8,234.51,8,3859,3904.63
vmax,76.9,234.54,8,3860,3911.15
vmax,77.0,234.57,8,3860,3917.66
vmax,77.1,234.61,8,3861,3924.18
vmax,77.2,234.64,8,3861,3930.70
vmax,77.3,234.67,8,3862,3937.22
vmax,77.4,234.70,8,3863,3943.73
vmax,77.5,234.74,8,3863,3950.25
vmax,77.6,234.77,8,3864,3956.78
vmax,77.7,234.80,8,3864,3963.30
vmax,77.8,234.83,8,3865,3969.82
vmax,77.9,234.86,8,3865,3976.34
vmax,78.0,234.90,8,3866,3982.87
vmax,78.1,234.93,8,3866,3989.39
vmax,78.2,234.96,8,3867,3995.92
vmax,78.3,234.99,8,3867,4002.45
vmax,78.4,235.02,8,3868,4008.97
vmax,78.5,235.05,8,3868,4015.50
vmax,78.6,235.08,8,3869,4022.03
vmax,78.7,235.12,8,3869,4028.56
vmax,78.8,235.15,8,3870,4035.10
vmax,78.9,235.18,8,3870,4041.63
vmax,79.0,235.21,8,3871,4048.16
vmax,79.1,235.24,8,3871,4054.69
vmax,79.2,235.27,8,3872,4061.23
vmax,79.3,235.30,8,3872,4067.76
vmax,79.4,235.33,8,3873,4074.30
vmax,79.5,235.36,8,3873,4080.84
vmax,79.6,235.39,8,3874,4087.38
vmax,79.7,235.42,8,3874,4093.92
vmax,79.8,235.45,8,3875,4100.46
vmax,79.9,235.48,8,3875,4107.00
vmax,80.0,235.50,8,3876,4113.54
vmax,80.1,235.53,8,3876,4120.08
vmax,80.2,235.56,8,3877,4126.62
vmax,80.3,235.59,8,3877,4133.17
vmax,80.4,235.62,8,3878,4139.71
vmax,80.5,235.65,8,3878,4146.26
vmax,80.6,235.68,8,3879,4152.80
vmax,80.7,235.71,8,3879,4159.35
vmax,80.8,235.73,8,3880,4165.90
vmax,80.9,235.76,8,3880,4172.45
vmax,81.0,235.79,8,3880,4179.00
vmax,81.1,235.82,8,3881,4185.55
vmax,81.2,235.85,8,3881,4192.10
vmax,81.3,235.87,8,3882,4198.65
vmax,81.4,235.90,8,3882,4205.20
vmax,81.5,235.93,8,3883,4211.75
vmax,81.6,235.96,8,3883,4218.31
vmax,81.7,235.98,8,3884,4224.86
vmax,81.8,236.01,8,3884,4231.42
vmax,81.9,236.04,8,3885,4237.97
vmax,82.0,236.07,8,3885,4244.53
vmax,82.1,236.09,8,3885,4251.09
vmax,82.2,236.12,8,3886,4257.65
vmax,82.3,236.15,8,3886,4264.21
vmax,82.4,236.17,8,3887,4270.77
vmax,82.5,236.20,8,3887,4277.33
vmax,82.6,236.23,8,3888,4283.89
vmax,82.7,236.25,8,3888,4290.45
vmax,82.8,236.28,8,3888,4297.01
vmax,82.9,236.30,8,3889,4303.58
vmax,83.0,236.33,8,3889,4310.14
vmax,83.1,236.36,8,3890,4316.71
vmax,83.2,236.38,8,3890,4323.27
vmax,83.3,236.41,8,3891,4329.84
vmax,83.4,236.43,8,3891,4336.41
vmax,83.5,236.46,8,3891,4342.98
vmax,83.6,236.48,8,3892,4349.54
vmax,83.7,236.51,8,3892,4356.11
vmax,83.8,236.53,8,3893,4362.68
vmax,83.9,236.56,8,3893,4369.25
vmax,84.0,236.58,8,3893,4375.83
vmax,84.1,236.61,8,3894,4382.40
vmax,84.2,236.63,8,3894,4388.97
vmax,84.3,236.66,8,3895,4395.54
vmax,84.4,236.68,8,3895,4402.12
vmax,84.5,236.71,8,3896,4408.69
vmax,84.6,236.73,8,3896,4415.27
vmax,84.7,236.75,8,3896,4421.84
vmax,84.8,236.78,8,3897,4428.42
vmax,84.9,236.80,8,3897,4435.00
vmax,85.0,236.83,8,3898,4441.58
vmax,85.1,236.85,8,3898,4448.16
vmax,85.2,236.87,8,3898,4454.74
vmax,85.3,236.90,8,3899,4461.32
vmax,85.4,236.92,8,3899,4467.90
vmax,85.5,236.95,8,3899,4474.48
vmax,85.6,236.97,8,3900,4481.06
vmax,85.7,236.99,8,3900,4487.64
vmax,85.8,237.01,8,3901,4494.23
vmax,85.9,237.04,8,3901,4500.81
vmax,86.0,237.06,8,3901,4507.40
vmax,86.1,237.08,8,3902,4513.98
vmax,86.2,237.11,8,3902,4520.57
vmax,86.3,237.13,8,3902,4527.15
vmax,86.4,237.15,8,3903,4533.74
vmax,86.5,237.17,8,3903,4540.33
vmax,86.6,237.20,8,3904,4546.92
vmax,86.7,237.22,8,3904,4553.51
vmax,86.8,237.24,8,3904,4560.10
vmax,86.9,237.26,8,3905,4566.69
vmax,87.0,237.29,8,3905,4573.28
vmax,87.1,237.31,8,3905,4579.87
vmax,87.2,237.33,8,3906,4586.46
vmax,87.3,237.35,8,3906,4593.05
vmax,87.4,237.37,8,3906,4599.65
vmax,87.5,237.39,8,3907,4606.24
vmax,87.6,237.42,8,3907,4612.84
vmax,87.7,237.44,8,3908,4619.43
vmax,87.8,237.46,8,3908,4626.03
vmax,87.9,237.48,8,3908,4632.62
vmax,88.0,237.50,8,3909,4639.22
vmax,88.1,237.52,8,3909,4645.82
vmax,88.2,237.54,8,3909,4652.42
vmax,88.3,237.56,8,3910,4659.01
vmax,88.4,237.59,8,3910,4665.61
vmax,88.5,237.61,8,3910,4672.21
vmax,88.6,237.63,8,3911,4678.81
vmax,88.7,237.65,8,3911,4685.42
vmax,88.8,237.67,8,3911,4692.02
vmax,88.9,237.69,8,3912,4698.62
vmax,89.0,237.71,8,3912,4705.22
vmax,89.1,237.73,8,3912,4711.83
vmax,89.2,237.75,8,3913,4718.43
vmax,89.3,237.77,8,3913,4725.03
vmax,89.4,237.79,8,3913,4731.64
vmax,89.5,237.81,8,3914,4738.24
vmax,89.6,237.83,8,3914,4744.85
vmax,89.7,237.85,8,3914,4751.46
vmax,89.8,237.87,8,3915,4758.06
vmax,89.9,237.89,8,3915,4764.67
vmax,90.0,237.91,8,3915,4771.28
vmax,90.1,237.93,8,3916,4777.89
vmax,90.2,237.95,8,3916,4784.50
vmax,90.3,237.97,8,3916,4791.11
vmax,90.4,237.98,8,3917,4797.72
vmax,90.5,238.00,8,3917,4804.33
vmax,90.6,238.02,8,3917,4810.94
vmax,90.7,238.04,8,3918,4817.55
vmax,90.8,238.06,8,3918,4824.17
vmax,90.9,238.08,8,3918,4830.78
vmax,91.0,238.10,8,3918,4837.39
vmax,91.1,238.12,8,3919,4844.01
vmax,91.2,238.14,8,3919,4850.62
vmax,91.3,238.15,8,3919,4857.24
vmax,91.4,238.17,8,3920,4863.85
vmax,91.5,238.19,8,3920,4870.47
vmax,91.6,238.21,8,3920,4877.08
vmax,91.7,238.23,8,3921,4883.70
vmax,91.8,238.25,8,3921,4890.32
vmax,91.9,238.26,8,3921,4896.94
vmax,92.0,238.28,8,3921,4903.56
vmax,92.1,238.30,8,3922,4910.18
vmax,92.2,238.32,8,3922,4916.80
vmax,92.3,238.34,8,3922,4923.42
vmax,92.4,238.35,8,3923,4930.04
vmax,92.5,238.37,8,3923,4936.66
vmax,92.6,238.39,8,3923,4943.28
vmax,92.7,238.41,8,3924,4949.90
vmax,92.8,238.42,8,3924,4956.52
vmax,92.9,238.44,8,3924,4963.15
vmax,93.0,238.46,8,3924,4969.77
vmax,93.1,238.48,8,3925,4976.39
vmax,93.2,238.49,8,3925,4983.02
vmax,93.3,238.51,8,3925,4989.64
vmax,93.4,238.53,8,3925,4996.27
vmax,93.5,238.54,8,3926,5002.90
vmax,93.6,238.56,8,3926,5009.52
vmax,93.7,238.58,8,3926,5016.15
vmax,93.8,238.59,8,3927,5022.78
vmax,93.9,238.61,8,3927,5029.40
vmax,94.0,238.63,8,3927,5036.03
vmax,94.1,238.64,8,3927,5042.66
vmax,94.2,238.66,8,3928,5049.29
vmax,94.3,238.68,8,3928,5055.92
vmax,94.4,238.69,8,3928,5062.55
vmax,94.5,238.71,8,3928,5069.18
vmax,94.6,238.73,8,3929,5075.81
vmax,94.7,238.74,8,3929,5082.44
vmax,94.8,238.76,8,3929,5089.08
vmax,94.9,238.77,8,3930,5095.71
vmax,95.0,238.79,8,3930,5102.34
vmax,95.1,238.81,8,3930,5108.97
vmax,95.2,238.82,8,3930,5115.61
vmax,95.3,238.84,8,3931,5122.24
vmax,95.4,238.85,8,3931,5128.88
vmax,95.5,238.87,8,3931,5135.51
vmax,95.6,238.88,8,3931,5142.15
vmax,95.7,238.90,8,3932,5148.78
vmax,95.8,238.92,8,3932,5155.42
vmax,95.9,238.93,8,3932,5162.06
vmax,96.0,238.95,8,3932,5168.69
vmax,96.1,238.96,8,3933,5175.33
vmax,96.2,238.98,8,3933,5181.97
vmax,96.3,238.99,8,3933,5188.61
vmax,96.4,239.01,8,3933,5195.25
vmax,96.5,239.02,8,3934,5201.89
vmax,96.6,239.04,8,3934,5208.53
vmax,96.7,239.05,8,3934,5215.17
vmax,96.8,239.07,8,3934,5221.81
vmax,96.9,239.08,8,3935,5228.45
vmax,97.0,239.10,8,3935,5235.09
vmax,97.1,239.11,8,3935,5241.73
vmax,97.2,239.13,8,3935,5248.37
vmax,97.3,239.14,8,3936,5255.02
vmax,97.4,239.15,8,3936,5261.66
vmax,97.5,239.17,8,3936,5268.30
vmax,97.6,239.18,8,3936,5274.95
vmax,97.7,239.20,8,3937,5281.59
vmax,97.8,239.21,8,3937,5288.23
vmax,97.9,239.23,8,3937,5294.88
vmax,98.0,239.24,8,3937,5301.52
vmax,98.1,239.25,8,3937,5308.17
vmax,98.2,239.27,8,3938,5314.82
vmax,98.3,239.28,8,3938,5321.46
vmax,98.4,239.30,8,3938,5328.11
vmax,98.5,239.31,8,3938,5334.76
vmax,98.6,239.32,8,3939,5341.41
vmax,98.7,239.34,8,3939,5348.05
vmax,98.8,239.35,8,3939,5354.70
vmax,98.9,239.37,8,3939,5361.35
vmax,99.0,239.38,8,3940,5368.00
vmax,99.1,239.39,8,3940,5374.65
vmax,99.2,239.41,8,3940,5381.30
vmax,99.3,239.42,8,3940,5387.95
vmax,99.4,239.43,8,3940,5394.60
vmax,99.5,239.45,8,3941,5401.25
vmax,99.6,239.46,8,3941,5407.90
vmax,99.7,239.47,8,3941,5414.56
vmax,99.8,239.49,8,3941,5421.21
vmax,99.9,239.50,8,3941,5427.86
vmax,100.0,239.51,8,3942,5434.51
vmax,100.1,239.52,8,3942,5441.17
vmax,100.2,239.54,8,3942,5447.82
vmax,100.3,239.55,8,3942,5454.47
vmax,100.4,239.56,8,3943,5461.13
vmax,100.5,239.58,8,3943,5467.78
vmax,100.6,239.59,8,3943,5474.44
vmax,100.7,239.60,8,3943,5481.09
vmax,100.8,239.61,8,3943,5487.75
vmax,100.9,239.63,8,3944,5494.41
vmax,101.0,239.64,8,3944,5501.06
vmax,101.1,239.65,8,3944,5507.72
vmax,101.2,239.66,8,3944,5514.38
vmax,101.3,239.68,8,3944,5521.03
vmax,101.4,239.69,8,3945,5527.69
vmax,101.5,239.70,8,3945,5534.35
vmax,101.6,239.71,8,3945,5541.01
vmax,101.7,239.73,8,3945,5547.67
vmax,101.8,239.74,8,3945,5554.33
vmax,101.9,239.75,8,3946,5560.99
vmax,102.0,239.76,8,3946,5567.65
vmax,102.1,239.77,8,3946,5574.31
vmax,102.2,239.79,8,3946,5580.97
vmax,102.3,239.80,8,3946,5587.63
vmax,102.4,239.81,8,3947,5594.29
vmax,102.5,239.82,8,3947,5600.95
vmax,102.6,239.83,8,3947,5607.61
vmax,102.7,239.85,8,3947,5614.27
vmax,102.8,239.86,8,3947,5620.94
vmax,102.9,239.87,8,3948,5627.60
vmax,103.0,239.88,8,3948,5634.26
vmax,103.1,239.89,8,3948,5640.93
vmax,103.2,239.90,8,3948,5647.59
vmax,103.3,239.91,8,3948,5654.25
vmax,103.4,239.93,8,3949,5660.92
vmax,103.5,239.94,8,3949,5667.58
vmax,103.6,239.95,8,3949,5674.25
vmax,103.7,239.96,8,3949,5680.91
vmax,103.8,239.97,8,3949,5687.58
vmax,103.9,239.98,8,3949,5694.25
vmax,104.0,239.99,8,3950,5700.91
vmax,104.1,240.00,8,3950,5707.58
vmax,104.2,240.02,8,3950,5714.25
vmax,104.3,240.03,8,3950,5720.91
vmax,104.4,240.04,8,3950,5727.58
vmax,104.5,240.05,8,3951,5734.25
vmax,104.6,240.06,8,3951,5740.92
vmax,104.7,240.07,8,3951,5747.59
vmax,104.8,240.08,8,3951,5754.25
vmax,104.9,240.09,8,3951,5760.92
vmax,105.0,240.10,8,3951,5767.59
vmax,105.1,240.11,8,3952,5774.26
vmax,105.2,240.12,8,3952,5780.93
vmax,105.3,240.13,8,3952,5787.60
vmax,105.4,240.14,8,3952,5794.27
vmax,105.5,240.15,8,3952,5800.94
vmax,105.6,240.16,8,3952,5807.61
vmax,105.7,240.18,8,3953,5814.29
vmax,105.8,240.19,8,3953,5820.96
vmax,105.9,240.20,8,3953,5827.63
vmax,106.0,240.21,8,3953,5834.30
vmax,106.1,240.22,8,3953,5840.97
vmax,106.2,240.23,8,3953,5847.65
vmax,106.3,240.24,8,3954,5854.32
vmax,106.4,240.25,8,3954,5860.99
vmax,106.5,240.26,8,3954,5867.67
vmax,106.6,240.27,8,3954,5874.34
vmax,106.7,240.28,8,3954,5881.02
vmax,106.8,240.29,8,3954,5887.69
vmax,106.9,240.30,8,3955,5894.36
vmax,107.0,240.31,8,3955,5901.04
vmax,107.1,240.32,8,3955,5907.72
vmax,107.2,240.33,8,3955,5914.39
vmax,107.3,240.34,8,3955,5921.07
vmax,107.4,240.35,8,3955,5927.74
vmax,107.5,240.36,8,3956,5934.42
vmax,107.6,240.36,8,3956,5941.10
vmax,107.7,240.37,8,3956,5947.77
vmax,107.8,240.38,8,3956,5954.45
vmax,107.9,240.39,8,3956,5961.13
vmax,108.0,240.40,8,3956,5967.81
vmax,108.1,240.41,8,3957,5974.48
vmax,108.2,240.42,8,3957,5981.16
vmax,108.3,240.43,8,3957,5987.84
vmax,108.4,240.44,8,3957,5994.52
vmax,108.5,240.45,8,3957,6001.20
vmax,108.6,240.46,8,3957,6007.88
vmax,108.7,240.47,8,3957,6014.56
vmax,108.8,240.48,8,3958,6021.24
vmax,108.9,240.49,8,3958,6027.92
vmax,109.0,240.50,8,3958,6034.60
vmax,109.1,240.50,8,3958,6041.28
vmax,109.2,240.51,8,3958,6047.96
vmax,109.3,240.52,8,3958,6054.64
vmax,109.4,240.53,8,3958,6061.32
vmax,109.5,240.54,8,3959,6068.00
vmax,109.6,240.55,8,3959,6074.68
vmax,109.7,240.56,8,3959,6081.37
vmax,109.8,240.57,8,3959,6088.05
vmax,109.9,240.58,8,3959,6094.73
vmax,110.0,240.58,8,3959,6101.41
vmax,110.1,240.59,8,3959,6108.10
vmax,110.2,240.60,8,3960,6114.78
vmax,110.3,240.61,8,3960,6121.46
vmax,110.4,240.62,8,3960,6128.15
vmax,110.5,240.63,8,3960,6134.83
vmax,110.6,240.64,8,3960,6141.52
vmax,110.7,240.64,8,3960,6148.20
vmax,110.8,240.65,8,3960,6154.88
vmax,110.9,240.66,8,3961,6161.57
vmax,111.0,240.67,8,3961,6168.25
vmax,111.1,240.68,8,3961,6174.94
vmax,111.2,240.69,8,3961,6181.63
vmax,111.3,240.69,8,3961,6188.31
vmax,111.4,240.70,8,3961,6195.00
vmax,111.5,240.71,8,3961,6201.68
vmax,111.6,240.72,8,3962,6208.37
vmax,111.7,240.73,8,3962,6215.06
vmax,111.8,240.74,8,3962,6221.74
vmax,111.9,240.74,8,3962,6228.43
vmax,112.0,240.75,8,3962,6235.12
vmax,112.1,240.76,8,3962,6241.81
vmax,112.2,240.77,8,3962,6248.49
vmax,112.3,240.78,8,3962,6255.18
vmax,112.4,240.78,8,3963,6261.87
vmax,112.5,240.79,8,3963,6268.56
vmax,112.6,240.80,8,3963,6275.25
vmax,112.7,240.81,8,3963,6281.94
vmax,112.8,240.81,8,3963,6288.63
vmax,112.9,240.82,8,3963,6295.32
vmax,113.0,240.83,8,3963,6302.00
vmax,113.1,240.84,8,3964,6308.69
vmax,113.2,240.85,8,3964,6315.38
vmax,113.3,240.85,8,3964,6322.07
vmax,113.4,240.86,8,3964,6328.77
vmax,113.5,240.87,8,3964,6335.46
vmax,113.6,240.88,8,3964,6342.15
vmax,113.7,240.88,8,3964,6348.84
vmax,113.8,240.89,8,3964,6355.53
vmax,113.9,240.90,8,3965,6362.22
vmax,114.0,240.91,8,3965,6368.91
vmax,114.1,240.91,8,3965,6375.60
vmax,114.2,240.92,8,3965,6382.30
vmax,114.3,240.93,8,3965,6388.99
vmax,114.4,240.94,8,3965,6395.68
vmax,114.5,240.94,8,3965,6402.37
vmax,114.6,240.95,8,3965,6409.07
vmax,114.7,240.96,8,3965,6415.76
vmax,114.8,240.96,8,3966,6422.45
vmax,114.9,240.97,8,3966,6429.15
vmax,115.0,240.98,8,3966,6435.84
vmax,115.1,240.99,8,3966,6442.54
vmax,115.2,240.99,8,3966,6449.23
vmax,115.3,241.00,8,3966,6455.92
vmax,115.4,241.01,8,3966,6462.62
vmax,115.5,241.01,8,3966,6469.31
vmax,115.6,241.02,8,3967,6476.01
vmax,115.7,241.03,8,3967,6482.70
vmax,115.8,241.03,8,3967,6489.40
vmax,115.9,241.04,8,3967,6496.09
vmax,116.0,241.05,8,3967,6502.79
vmax,116.1,241.05,8,3967,6509.49
vmax,116.2,241.06,8,3967,6516.18
vmax,116.3,241.07,8,3967,6522.88
vmax,116.4,241.08,8,3967,6529.57
vmax,116.5,241.08,8,3968,6536.27
vmax,116.6,241.09,8,3968,6542.97
vmax,116.7,241.10,8,3968,6549.66
vmax,116.8,241.10,8,3968,6556.36
vmax,116.9,241.11,8,3968,6563.06
vmax,117.0,241.11,8,3968,6569.76
vmax,117.1,241.12,8,3968,6576.45
vmax,117.2,241.13,8,3968,6583.15
vmax,117.3,241.13,8,3968,6589.85
vmax,117.4,241.14,8,3969,6596.55
vmax,117.5,241.15,8,3969,6603.25
vmax,117.6,241.15,8,3969,6609.95
vmax,117.7,241.16,8,3969,6616.64
vmax,117.8,241.17,8,3969,6623.34
vmax,117.9,241.17,8,3969,6630.04
vmax,118.0,241.18,8,3969,6636.74
vmax,118.1,241.19,8,3969,6643.44
vmax,118.2,241.19,8,3969,6650.14
vmax,118.3,241.20,8,3969,6656.84
vmax,118.4,241.20,8,3970,6663.54
vmax,118.5,241.21,8,3970,6670.24
vmax,118.6,241.22,8,3970,6676.94
vmax,118.7,241.22,8,3970,6683.64
vmax,118.8,241.23,8,3970,6690.34
vmax,118.9,241.24,8,3970,6697.04
vmax,119.0,241.24,8,3970,6703.74
vmax,119.1,241.25,8,3970,6710.45
vmax,119.2,241.25,8,3970,6717.15
vmax,119.3,241.26,8,3970,6723.85
vmax,119.4,241.27,8,3971,6730.55
vmax,119.5,241.27,8,3971,6737.25
vmax,119.6,241.28,8,3971,6743.95
vmax,119.7,241.28,8,3971,6750.66
vmax,119.8,241.29,8,3971,6757.36
vmax,119.9,241.29,8,3971,6764.06
vmax,120.0,241.30,8,3971,6770.76
vmax,120.1,241.31,8,3971,6777.47
vmax,120.2,241.31,8,3971,6784.17
vmax,120.3,241.32,8,3971,6790.87
vmax,120.4,241.32,8,3972,6797.58
vmax,120.5,241.33,8,3972,6804.28
vmax,120.6,241.33,8,3972,6810.98
vmax,120.7,241.34,8,3972,6817.69
vmax,120.8,241.35,8,3972,6824.39
vmax,120.9,241.35,8,3972,6831.10
vmax,121.0,241.36,8,3972,6837.80
vmax,121.1,241.36,8,3972,6844.50
vmax,121.2,241.37,8,3972,6851.21
vmax,121.3,241.37,8,3972,6857.91
vmax,121.4,241.38,8,3972,6864.62
vmax,121.5,241.39,8,3973,6871.32
vmax,121.6,241.39,8,3973,6878.03
vmax,121.7,241.40,8,3973,6884.73
vmax,121.8,241.40,8,3973,6891.44
vmax,121.9,241.41,8,3973,6898.15
vmax,122.0,241.41,8,3973,6904.85
vmax,122.1,241.42,8,3973,6911.56
vmax,122.2,241.42,8,3973,6918.26
vmax,122.3,241.43,8,3973,6924.97
vmax,122.4,241.43,8,3973,6931.68
vmax,122.5,241.44,8,3973,6938.38
vmax,122.6,241.44,8,3974,6945.09
vmax,122.7,241.45,8,3974,6951.80
vmax,122.8,241.45,8,3974,6958.50
vmax,122.9,241.46,8,3974,6965.21
vmax,123.0,241.46,8,3974,6971.92
vmax,123.1,241.47,8,3974,6978.63
vmax,123.2,241.48,8,3974,6985.33
vmax,123.3,241.48,8,3974,6992.04
vmax,123.4,241.49,8,3974,6998.75
vmax,123.5,241.49,8,3974,7005.46
vmax,123.6,241.50,8,3974,7012.16
vmax,123.7,241.50,8,3974,7018.87
vmax,123.8,241.51,8,3975,7025.58
vmax,123.9,241.51,8,3975,7032.29
vmax,124.0,241.52,8,3975,7039.00
vmax,124.1,241.52,8,3975,7045.71
vmax,124.2,241.53,8,3975,7052.42
vmax,124.3,241.53,8,3975,7059.13
vmax,124.4,241.54,8,3975,7065.84
vmax,124.5,241.54,8,3975,7072.54
vmax,124.6,241.54,8,3975,7079.25
vmax,124.7,241.55,8,3975,7085.96
vmax,124.8,241.55,8,3975,7092.67
vmax,124.9,241.56,8,3975,7099.38
vmax,125.0,241.56,8,3975,7106.09
vmax,125.1,241.57,8,3976,7112.80
vmax,125.2,241.57,8,3976,7119.51
vmax,125.3,241.58,8,3976,7126.22
vmax,125.4,241.58,8,3976,7132.93
vmax,125.5,241.59,8,3976,7139.65
vmax,125.6,241.59,8,3976,7146.36
vmax,125.7,241.60,8,3976,7153.07
vmax,125.8,241.60,8,3976,7159.78
vmax,125.9,241.61,8,3976,7166.49
vmax,126.0,241.61,8,3976,7173.20
vmax,126.1,241.62,8,3976,7179.91
vmax,126.2,241.62,8,3976,7186.62
vmax,126.3,241.62,8,3976,7193.34
vmax,126.4,241.63,8,3977,7200.05
vmax,126.5,241.63,8,3977,7206.76
vmax,126.6,241.64,8,3977,7213.47
vmax,126.7,241.64,8,3977,7220.18
vmax,126.8,241.65,8,3977,7226.90
vmax,126.9,241.65,8,3977,7233.61
vmax,127.0,241.66,8,3977,7240.32
vmax,127.1,241.66,8,3977,7247.03
vmax,127.2,241.66,8,3977,7253.75
vmax,127.3,241.67,8,3977,7260.46
vmax,127.4,241.67,8,3977,7267.17
vmax,127.5,241.68,8,3977,7273.89
vmax,127.6,241.68,8,3977,7280.60
vmax,127.7,241.69,8,3977,7287.31
vmax,127.8,241.69,8,3978,7294.03
vmax,127.9,241.69,8,3978,7300.74
vmax,128.0,241.70,8,3978,7307.45
vmax,128.1,241.70,8,3978,7314.17
vmax,128.2,241.71,8,3978,7320.88
vmax,128.3,241.71,8,3978,7327.60
vmax,128.4,241.72,8,3978,7334.31
vmax,128.5,241.72,8,3978,7341.02
vmax,128.6,241.72,8,3978,7347.74
vmax,128.7,241.73,8,3978,7354.45
vmax,128.8,241.73,8,3978,7361.17
vmax,128.9,241.74,8,3978,7367.88
vmax,129.0,241.74,8,3978,7374.60
vmax,129.1,241.74,8,3978,7381.31
vmax,129.2,241.75,8,3979,7388.03
vmax,129.3,241.75,8,3979,7394.74
vmax,129.4,241.76,8,3979,7401.46
vmax,129.5,241.76,8,3979,7408.17
vmax,129.6,241.76,8,3979,7414.89
vmax,129.7,241.77,8,3979,7421.61
vmax,129.8,241.77,8,3979,7428.32
vmax,129.9,241.78,8,3979,7435.04
vmax,130.0,241.78,8,3979,7441.75
vmax,130.1,241.78,8,3979,7448.47
vmax,130.2,241.79,8,3979,7455.19
vmax,130.3,241.79,8,3979,7461.90
vmax,130.4,241.79,8,3979,7468.62
vmax,130.5,241.80,8,3979,7475.34
vmax,130.6,241.80,8,3979,7482.05
vmax,130.7,241.81,8,3979,7488.77
vmax,130.8,241.81,8,3980,7495.49
vmax,130.9,241.81,8,3980,7502.20
vmax,131.0,241.82,8,3980,7508.92
vmax,131.1,241.82,8,3980,7515.64
vmax,131.2,241.82,8,3980,7522.35
vmax,131.3,241.83,8,3980,7529.07
vmax,131.4,241.83,8,3980,7535.79
vmax,131.5,241.84,8,3980,7542.51
vmax,131.6,241.84,8,3980,7549.22
vmax,131.7,241.84,8,3980,7555.94
vmax,131.8,241.85,8,3980,7562.66
vmax,131.9,241.85,8,3980,7569.38
vmax,132.0,241.85,8,3980,7576.10
vmax,132.1,241.86,8,3980,7582.81
vmax,132.2,241.86,8,3980,7589.53
vmax,132.3,241.86,8,3980,7596.25
vmax,132.4,241.87,8,3980,7602.97
vmax,132.5,241.87,8,3981,7609.69
vmax,132.6,241.88,8,3981,7616.41
vmax,132.7,241.88,8,3981,7623.13
vmax,132.8,241.88,8,3981,7629.84
vmax,132.9,241.89,8,3981,7636.56
vmax,133.0,241.89,8,3981,7643.28
vmax,133.1,241.89,8,3981,7650.00
vmax,133.2,241.90,8,3981,7656.72
vmax,133.3,241.90,8,3981,7663.44
vmax,133.4,241.90,8,3981,7670.16
vmax,133.5,241.91,8,3981,7676.88
vmax,133.6,241.91,8,3981,7683.60
vmax,133.7,241.91,8,3981,7690.32
vmax,133.8,241.92,8,3981,7697.04
vmax,133.9,241.92,8,3981,7703.76
vmax,134.0,241.92,8,3981,7710.48
vmax,134.1,241.93,8,3981,7717.20
vmax,134.2,241.93,8,3981,7723.92
vmax,134.3,241.93,8,3982,7730.64
vmax,134.4,241.94,8,3982,7737.36
vmax,134.5,241.94,8,3982,7744.08
bremsen_100,0.0,100.00,8,0,0.00
bremsen_100,0.1,96.77,8,1598,2.74
bremsen_100,0.2,92.75,8,1532,5.36
bremsen_100,0.3,88.75,8,1466,7.88
bremsen_100,0.4,84.77,8,1401,10.29
bremsen_100,0.5,80.80,8,1335,12.58
bremsen_100,0.6,76.84,7,1649,14.77
bremsen_100,0.7,72.89,7,1565,16.84
bremsen_100,0.8,68.94,7,1480,18.81
bremsen_100,0.9,64.99,7,1396,20.66
bremsen_100,1.0,61.05,7,1312,22.41
bremsen_100,1.1,57.11,6,1608,24.04
bremsen_100,1.2,53.17,6,1497,25.57
bremsen_100,1.3,49.23,6,1387,26.99
bremsen_100,1.4,45.30,5,1676,28.30
bremsen_100,1.5,41.37,5,1532,29.50
bremsen_100,1.6,37.44,5,1388,30.59
bremsen_100,1.7,33.51,4,1633,31.57
bremsen_100,1.8,29.58,4,1443,32.44
bremsen_100,1.9,25.66,3,1647,33.20
bremsen_100,2.0,21.74,3,1399,33.86
bremsen_100,2.1,17.81,2,1512,34.40
bremsen_100,2.2,13.89,1,1560,34.84
bremsen_100,2.3,9.97,1,1130,35.16
bremsen_100,2.4,6.05,1,699,35.38
bremsen_100,2.5,2.12,1,598,35.49
bremsen_100,2.6,0.00,1,598,35.50
kreisfahrt,0.0,18.00,1,0,0.00
kreisfahrt,0.1,17.67,1,1941,0.49
kreisfahrt,0.2,17.63,1,1934,0.98
kreisfahrt,0.3,17.67,1,1938,1.48
kreisfahrt,0.4,17.71,1,1943,1.97
kreisfahrt,0.5,17.75,1,1948,2.46
kreisfahrt,0.6,17.80,1,1953,2.95
kreisfahrt,0.7,17.85,1,1959,3.45
kreisfahrt,0.8,17.90,1,1964,3.95
kreisfahrt,0.9,17.96,1,1970,4.44
kreisfahrt,1.0,18.01,1,1976,4.94
kreisfahrt,1.1,18.06,1,1982,5.45
kreisfahrt,1.2,18.12,1,1988,5.95
kreisfahrt,1.3,18.17,1,1994,6.45
kreisfahrt,1.4,18.23,1,2000,6.96
kreisfahrt,1.5,18.28,1,2006,7.47
kreisfahrt,1.6,18.34,1,2012,7.98
kreisfahrt,1.7,18.40,1,2018,8.49
kreisfahrt,1.8,18.45,1,2024,9.00
kreisfahrt,1.9,18.51,1,2031,9.51
kreisfahrt,2.0,18.56,1,2037,10.03
kreisfahrt,2.1,18.62,1,2043,10.54
kreisfahrt,2.2,18.68,1,2049,11.06
kreisfahrt,2.3,18.73,1,2055,11.58
kreisfahrt,2.4,18.78,1,2061,12.10
kreisfahrt,2.5,18.84,1,2067,12.63
kreisfahrt,2.6,18.89,1,2073,13.15
kreisfahrt,2.7,18.95,1,2079,13.68
kreisfahrt,2.8,19.00,1,2085,14.20
kreisfahrt,2.9,19.05,1,2090,14.73
kreisfahrt,3.0,19.11,1,2096,15.26
kreisfahrt,3.1,19.16,1,2102,15.80
kreisfahrt,3.2,19.21,1,2108,16.33
kreisfahrt,3.3,19.26,1,2113,16.86
kreisfahrt,3.4,19.31,1,2119,17.40
kreisfahrt,3.5,19.36,1,2124,17.94
kreisfahrt,3.6,19.42,1,2130,18.48
kreisfahrt,3.7,19.47,1,2136,19.02
kreisfahrt,3.8,19.52,1,2141,19.56
kreisfahrt,3.9,19.56,1,2147,20.10
kreisfahrt,4.0,19.61,1,2152,20.65
kreisfahrt,4.1,19.66,1,2157,21.19
kreisfahrt,4.2,19.71,1,2163,21.74
kreisfahrt,4.3,19.76,1,2168,22.29
kreisfahrt,4.4,19.81,1,2173,22.84
kreisfahrt,4.5,19.86,1,2179,23.39
kreisfahrt,4.6,19.90,1,2184,23.94
kreisfahrt,4.7,19.95,1,2189,24.50
kreisfahrt,4.8,20.00,1,2194,25.05
kreisfahrt,4.9,20.05,1,2199,25.61
kreisfahrt,5.0,20.09,1,2205,26.17
kreisfahrt,5.1,20.14,1,2210,26.72
kreisfahrt,5.2,20.19,1,2215,27.29
kreisfahrt,5.3,20.23,1,2220,27.85
kreisfahrt,5.4,20.28,1,2225,28.41
kreisfahrt,5.5,20.33,1,2230,28.97
kreisfahrt,5.6,20.37,1,2235,29.54
kreisfahrt,5.7,20.42,1,2240,30.11
kreisfahrt,5.8,20.46,1,2245,30.68
kreisfahrt,5.9,20.51,1,2250,31.24
kreisfahrt,6.0,20.55,1,2255,31.82
kreisfahrt,6.1,20.60,1,2260,32.39
kreisfahrt,6.2,20.64,1,2265,32.96
kreisfahrt,6.3,20.69,1,2270,33.54
kreisfahrt,6.4,20.73,1,2275,34.11
kreisfahrt,6.5,20.78,1,2280,34.69
kreisfahrt,6.6,20.82,1,2285,35.27
kreisfahrt,6.7,20.87,1,2290,35.85
kreisfahrt,6.8,20.91,1,2294,36.43
kreisfahrt,6.9,20.96,1,2299,37.01
kreisfahrt,7.0,21.00,1,2304,37.59
kreisfahrt,7.1,21.05,1,2309,38.18
kreisfahrt,7.2,21.09,1,2314,38.76
kreisfahrt,7.3,21.13,1,2319,39.35
kreisfahrt,7.4,21.18,1,2324,39.94
kreisfahrt,7.5,21.22,1,2328,40.53
kreisfahrt,7.6,21.27,1,2333,41.12
kreisfahrt,7.7,21.31,1,2338,41.71
kreisfahrt,7.8,21.35,1,2343,42.30
kreisfahrt,7.9,21.40,1,2348,42.90
kreisfahrt,8.0,21.44,1,2353,43.49
kreisfahrt,8.1,21.49,1,2357,44.09
kreisfahrt,8.2,21.53,1,2362,44.68
kreisfahrt,8.3,21.57,1,2367,45.28
kreisfahrt,8.4,21.62,1,2372,45.88
kreisfahrt,8.5,21.66,1,2377,46.49
kreisfahrt,8.6,21.70,1,2381,47.09
kreisfahrt,8.7,21.75,1,2386,47.69
kreisfahrt,8.8,21.79,1,2391,48.30
kreisfahrt,8.9,21.84,1,2396,48.90
kreisfahrt,9.0,21.88,1,2401,49.51
kreisfahrt,9.1,21.92,1,2405,50.12
kreisfahrt,9.2,21.97,1,2410,50.73
kreisfahrt,9.3,22.01,1,2415,51.34
kreisfahrt,9.4,22.05,1,2420,51.95
kreisfahrt,9.5,22.10,1,2424,52.57
kreisfahrt,9.6,22.14,1,2429,53.18
kreisfahrt,9.7,22.18,1,2434,53.80
kreisfahrt,9.8,22.23,1,2439,54.42
kreisfahrt,9.9,22.27,1,2443,55.03
kreisfahrt,10.0,22.31,1,2448,55.65
kreisfahrt,10.1,22.36,1,2453,56.27
kreisfahrt,10.2,22.40,1,2458,56.90
kreisfahrt,10.3,22.44,1,2462,57.52
kreisfahrt,10.4,22.49,1,2467,58.14
kreisfahrt,10.5,22.53,1,2472,58.77
kreisfahrt,10.6,22.57,1,2477,59.40
kreisfahrt,10.7,22.62,1,2482,60.02
kreisfahrt,10.8,22.66,1,2486,60.65
kreisfahrt,10.9,22.70,1,2491,61.28
kreisfahrt,11.0,22.75,1,2496,61.92
kreisfahrt,11.1,22.79,1,2501,62.55
kreisfahrt,11.2,22.83,1,2505,63.18
kreisfahrt,11.3,22.88,1,2510,63.82
kreisfahrt,11.4,22.92,1,2515,64.46
kreisfahrt,11.5,22.96,1,2520,65.09
kreisfahrt,11.6,23.01,1,2524,65.73
kreisfahrt,11.7,23.05,1,2529,66.37
kreisfahrt,11.8,23.09,1,2534,67.01
kreisfahrt,11.9,23.14,1,2539,67.66
kreisfahrt,12.0,23.18,1,2543,68.30
kreisfahrt,12.1,23.22,1,2548,68.94
kreisfahrt,12.2,23.27,1,2553,69.59
kreisfahrt,12.3,23.31,1,2557,70.24
kreisfahrt,12.4,23.35,1,2562,70.89
kreisfahrt,12.5,23.40,1,2567,71.54
kreisfahrt,12.6,23.44,1,2572,72.19
kreisfahrt,12.7,23.48,1,2576,72.84
kreisfahrt,12.8,23.53,1,2581,73.49
kreisfahrt,12.9,23.57,1,2586,74.15
kreisfahrt,13.0,23.61,1,2591,74.80
kreisfahrt,13.1,23.66,1,2595,75.46
kreisfahrt,13.2,23.70,1,2600,76.12
kreisfahrt,13.3,23.74,1,2605,76.78
kreisfahrt,13.4,23.79,1,2610,77.44
kreisfahrt,13.5,23.83,1,2614,78.10
kreisfahrt,13.6,23.87,1,2619,78.76
kreisfahrt,13.7,23.91,1,2624,79.43
kreisfahrt,13.8,23.96,1,2629,80.09
kreisfahrt,13.9,24.00,1,2633,80.76
kreisfahrt,14.0,24.04,1,2638,81.43
kreisfahrt,14.1,24.09,1,2643,82.09
kreisfahrt,14.2,24.13,1,2648,82.77
kreisfahrt,14.3,24.17,1,2652,83.44
kreisfahrt,14.4,24.22,1,2657,84.11
kreisfahrt,14.5,24.26,1,2662,84.78
kreisfahrt,14.6,24.30,1,2667,85.46
kreisfahrt,14.7,24.35,1,2671,86.13
kreisfahrt,14.8,24.39,1,2676,86.81
kreisfahrt,14.9,24.43,1,2681,87.49
kreisfahrt,15.0,24.48,1,2686,88.17
kreisfahrt,15.1,24.52,1,2690,88.85
kreisfahrt,15.2,24.56,1,2695,89.53
kreisfahrt,15.3,24.61,1,2700,90.22
kreisfahrt,15.4,24.65,1,2704,90.90
kreisfahrt,15.5,24.69,1,2709,91.59
kreisfahrt,15.6,24.74,1,2714,92.27
kreisfahrt,15.7,24.78,1,2719,92.96
kreisfahrt,15.8,24.82,1,2723,93.65
kreisfahrt,15.9,24.87,1,2728,94.34
kreisfahrt,16.0,24.91,1,2733,95.03
kreisfahrt,16.1,24.95,1,2738,95.73
kreisfahrt,16.2,24.99,1,2742,96.42
kreisfahrt,16.3,25.04,1,2747,97.12
kreisfahrt,16.4,25.08,1,2752,97.81
kreisfahrt,16.5,25.12,1,2757,98.51
kreisfahrt,16.6,25.17,1,2761,99.21
kreisfahrt,16.7,25.21,1,2766,99.91
kreisfahrt,16.8,25.25,1,2771,100.61
kreisfahrt,16.9,25.30,1,2776,101.31
kreisfahrt,17.0,25.34,1,2780,102.02
kreisfahrt,17.1,25.38,1,2785,102.72
kreisfahrt,17.2,25.43,1,2790,103.43
kreisfahrt,17.3,25.47,1,2795,104.13
kreisfahrt,17.4,25.51,1,2799,104.84
kreisfahrt,17.5,25.56,1,2804,105.55
kreisfahrt,17.6,25.60,1,2809,106.26
kreisfahrt,17.7,25.64,1,2813,106.98
kreisfahrt,17.8,25.69,1,2818,107.69
kreisfahrt,17.9,25.73,1,2823,108.40
kreisfahrt,18.0,25.77,1,2828,109.12
kreisfahrt,18.1,25.82,1,2832,109.84
kreisfahrt,18.2,25.86,1,2837,110.55
kreisfahrt,18.3,25.90,1,2842,111.27
kreisfahrt,18.4,25.94,1,2847,111.99
kreisfahrt,18.5,25.99,1,2851,112.72
kreisfahrt,18.6,26.03,1,2856,113.44
kreisfahrt,18.7,26.07,1,2861,114.16
kreisfahrt,18.8,26.08,2,2174,114.89
kreisfahrt,18.9,26.08,2,2174,115.61
kreisfahrt,19.0,26.10,2,2175,116.34
kreisfahrt,19.1,26.14,2,2179,117.06
kreisfahrt,19.2,26.19,2,2182,117.79
kreisfahrt,19.3,26.23,2,2186,118.52
kreisfahrt,19.4,26.27,2,2189,119.25
kreisfahrt,19.5,26.31,2,2193,119.98
kreisfahrt,19.6,26.36,2,2197,120.71
kreisfahrt,19.7,26.40,2,2200,121.45
kreisfahrt,19.8,26.45,2,2204,122.18
kreisfahrt,19.9,26.49,2,2208,122.92
kreisfahrt,20.0,26.54,2,2212,123.65
kreisfahrt,20.1,26.58,2,2215,124.39
kreisfahrt,20.2,26.63,2,2219,125.13
kreisfahrt,20.3,26.68,2,2223,125.87
kreisfahrt,20.4,26.72,2,2227,126.61
kreisfahrt,20.5,26.77,2,2231,127.36
kreisfahrt,20.6,26.81,2,2235,128.10
kreisfahrt,20.7,26.86,2,2238,128.85
kreisfahrt,20.8,26.91,2,2242,129.59
kreisfahrt,20.9,26.95,2,2246,130.34
kreisfahrt,21.0,27.00,2,2250,131.09
kreisfahrt,21.1,27.04,2,2254,131.84
kreisfahrt,21.2,27.09,2,2258,132.60
kreisfahrt,21.3,27.14,2,2261,133.35
kreisfahrt,21.4,27.18,2,2265,134.10
kreisfahrt,21.5,27.23,2,2269,134.86
kreisfahrt,21.6,27.27,2,2273,135.62
kreisfahrt,21.7,27.32,2,2277,136.38
kreisfahrt,21.8,27.36,2,2280,137.14
kreisfahrt,21.9,27.41,2,2284,137.90
kreisfahrt,22.0,27.45,2,2288,138.66
kreisfahrt,22.1,27.50,2,2292,139.42
kreisfahrt,22.2,27.55,2,2296,140.19
kreisfahrt,22.3,27.59,2,2299,140.96
kreisfahrt,22.4,27.64,2,2303,141.72
kreisfahrt,22.5,27.68,2,2307,142.49
kreisfahrt,22.6,27.73,2,2311,143.26
kreisfahrt,22.7,27.77,2,2314,144.03
kreisfahrt,22.8,27.82,2,2318,144.81
kreisfahrt,22.9,27.86,2,2322,145.58
kreisfahrt,23.0,27.90,2,2326,146.35
kreisfahrt,23.1,27.95,2,2329,147.13
kreisfahrt,23.2,27.99,2,2333,147.91
kreisfahrt,23.3,28.04,2,2337,148.69
kreisfahrt,23.4,28.08,2,2340,149.47
kreisfahrt,23.5,28.13,2,2344,150.25
kreisfahrt,23.6,28.17,2,2348,151.03
kreisfahrt,23.7,28.22,2,2351,151.81
kreisfahrt,23.8,28.26,2,2355,152.60
kreisfahrt,23.9,28.30,2,2359,153.38
kreisfahrt,24.0,28.35,2,2362,154.17
kreisfahrt,24.1,28.39,2,2366,154.96
kreisfahrt,24.2,28.44,2,2370,155.75
kreisfahrt,24.3,28.48,2,2373,156.54
kreisfahrt,24.4,28.52,2,2377,157.33
kreisfahrt,24.5,28.57,2,2381,158.13
kreisfahrt,24.6,28.61,2,2384,158.92
kreisfahrt,24.7,28.66,2,2388,159.72
kreisfahrt,24.8,28.70,2,2392,160.51
kreisfahrt,24.9,28.74,2,2395,161.31
kreisfahrt,25.0,28.79,2,2399,162.11
kreisfahrt,25.1,28.83,2,2403,162.91
kreisfahrt,25.2,28.87,2,2406,163.71
kreisfahrt,25.3,28.92,2,2410,164.52
kreisfahrt,25.4,28.96,2,2414,165.32
kreisfahrt,25.5,29.00,2,2417,166.13
kreisfahrt,25.6,29.05,2,2421,166.93
kreisfahrt,25.7,29.09,2,2424,167.74
kreisfahrt,25.8,29.13,2,2428,168.55
kreisfahrt,25.9,29.18,2,2432,169.36
kreisfahrt,26.0,29.22,2,2435,170.17
kreisfahrt,26.1,29.27,2,2439,170.99
kreisfahrt,26.2,29.31,2,2443,171.80
kreisfahrt,26.3,29.35,2,2446,172.61
kreisfahrt,26.4,29.40,2,2450,173.43
kreisfahrt,26.5,29.44,2,2453,174.25
kreisfahrt,26.6,29.48,2,2457,175.07
kreisfahrt,26.7,29.53,2,2461,175.89
kreisfahrt,26.8,29.57,2,2464,176.71
kreisfahrt,26.9,29.61,2,2468,177.53
kreisfahrt,27.0,29.66,2,2471,178.35
kreisfahrt,27.1,29.70,2,2475,179.18
kreisfahrt,27.2,29.74,2,2479,180.01
kreisfahrt,27.3,29.79,2,2482,180.83
kreisfahrt,27.4,29.83,2,2486,181.66
kreisfahrt,27.5,29.87,2,2490,182.49
kreisfahrt,27.6,29.92,2,2493,183.32
kreisfahrt,27.7,29.96,2,2497,184.15
kreisfahrt,27.8,30.00,2,2500,184.99
kreisfahrt,27.9,30.04,2,2504,185.82
kreisfahrt,28.0,30.09,2,2508,186.66
kreisfahrt,28.1,30.13,2,2511,187.49
kreisfahrt,28.2,30.17,2,2515,188.33
kreisfahrt,28.3,30.22,2,2518,189.17
kreisfahrt,28.4,30.26,2,2522,190.01
kreisfahrt,28.5,30.30,2,2526,190.85
kreisfahrt,28.6,30.35,2,2529,191.70
kreisfahrt,28.7,30.39,2,2533,192.54
kreisfahrt,28.8,30.43,2,2536,193.39
kreisfahrt,28.9,30.48,2,2540,194.23
kreisfahrt,29.0,30.52,2,2544,195.08
kreisfahrt,29.1,30.56,2,2547,195.93
kreisfahrt,29.2,30.61,2,2551,196.78
kreisfahrt,29.3,30.65,2,2554,197.63
kreisfahrt,29.4,30.69,2,2558,198.48
kreisfahrt,29.5,30.74,2,2562,199.34
kreisfahrt,29.6,30.78,2,2565,200.19
kreisfahrt,29.7,30.82,2,2569,201.05
kreisfahrt,29.8,30.87,2,2572,201.90
kreisfahrt,29.9,30.91,2,2576,202.76
kreisfahrt,30.0,30.95,2,2580,203.62
kreisfahrt,30.1,31.00,2,2583,204.48
kreisfahrt,30.2,31.04,2,2587,205.34
kreisfahrt,30.3,31.08,2,2590,206.21
kreisfahrt,30.4,31.13,2,2594,207.07
kreisfahrt,30.5,31.17,2,2598,207.94
kreisfahrt,30.6,31.21,2,2601,208.81
kreisfahrt,30.7,31.25,2,2605,209.67
kreisfahrt,30.8,31.30,2,2608,210.54
kreisfahrt,30.9,31.34,2,2612,211.41
kreisfahrt,31.0,31.38,2,2616,212.28
kreisfahrt,31.1,31.43,2,2619,213.16
kreisfahrt,31.2,31.47,2,2623,214.03
kreisfahrt,31.3,31.51,2,2626,214.91
kreisfahrt,31.4,31.56,2,2630,215.78
kreisfahrt,31.5,31.60,2,2634,216.66
kreisfahrt,31.6,31.64,2,2637,217.54
kreisfahrt,31.7,31.69,2,2641,218.42
kreisfahrt,31.8,31.73,2,2644,219.30
kreisfahrt,31.9,31.77,2,2648,220.18
kreisfahrt,32.0,31.82,2,2652,221.07
kreisfahrt,32.1,31.86,2,2655,221.95
kreisfahrt,32.2,31.90,2,2659,222.84
kreisfahrt,32.3,31.95,2,2662,223.72
kreisfahrt,32.4,31.99,2,2666,224.61
kreisfahrt,32.5,32.03,2,2670,225.50
kreisfahrt,32.6,32.07,2,2673,226.39
kreisfahrt,32.7,32.12,2,2677,227.29
kreisfahrt,32.8,32.16,2,2680,228.18
kreisfahrt,32.9,32.20,2,2684,229.07
kreisfahrt,33.0,32.25,2,2688,229.97
kreisfahrt,33.1,32.29,2,2691,230.87
kreisfahrt,33.2,32.33,2,2695,231.76
kreisfahrt,33.3,32.38,2,2698,232.66
kreisfahrt,33.4,32.42,2,2702,233.56
kreisfahrt,33.5,32.46,2,2706,234.47
kreisfahrt,33.6,32.51,2,2709,235.37
kreisfahrt,33.7,32.55,2,2713,236.27
kreisfahrt,33.8,32.59,2,2716,237.18
kreisfahrt,33.9,32.64,2,2720,238.08
kreisfahrt,34.0,32.68,2,2724,238.99
kreisfahrt,34.1,32.72,2,2727,239.90
kreisfahrt,34.2,32.77,2,2731,240.81
kreisfahrt,34.3,32.81,2,2734,241.72
kreisfahrt,34.4,32.85,2,2738,242.63
kreisfahrt,34.5,32.90,2,2741,243.55
kreisfahrt,34.6,32.94,2,2745,244.46
kreisfahrt,34.7,32.98,2,2749,245.38
kreisfahrt,34.8,33.02,2,2752,246.30
kreisfahrt,34.9,33.07,2,2756,247.21
kreisfahrt,35.0,33.11,2,2759,248.13
kreisfahrt,35.1,33.15,2,2763,249.05
kreisfahrt,35.2,33.20,2,2767,249.98
kreisfahrt,35.3,33.24,2,2770,250.90
kreisfahrt,35.4,33.28,2,2774,251.82
kreisfahrt,35.5,33.33,2,2777,252.75
kreisfahrt,35.6,33.37,2,2781,253.68
kreisfahrt,35.7,33.41,2,2785,254.60
kreisfahrt,35.8,33.46,2,2788,255.53
kreisfahrt,35.9,33.50,2,2792,256.46
kreisfahrt,36.0,33.54,2,2795,257.40
kreisfahrt,36.1,33.59,2,2799,258.33
kreisfahrt,36.2,33.63,2,2803,259.26
kreisfahrt,36.3,33.67,2,2806,260.20
kreisfahrt,36.4,33.72,2,2810,261.13
kreisfahrt,36.5,33.76,2,2813,262.07
kreisfahrt,36.6,33.80,2,2817,263.01
kreisfahrt,36.7,33.84,2,2821,263.95
kreisfahrt,36.8,33.89,2,2824,264.89
kreisfahrt,36.9,33.93,2,2828,265.83
kreisfahrt,37.0,33.97,2,2831,266.78
kreisfahrt,37.1,34.02,2,2835,267.72
kreisfahrt,37.2,34.06,2,2839,268.67
kreisfahrt,37.3,34.10,2,2842,269.62
kreisfahrt,37.4,34.15,2,2846,270.56
kreisfahrt,37.5,34.19,2,2849,271.51
kreisfahrt,37.6,34.23,2,2853,272.46
kreisfahrt,37.7,34.28,2,2857,273.42
kreisfahrt,37.8,34.32,2,2860,274.37
kreisfahrt,37.9,34.36,2,2864,275.32
kreisfahrt,38.0,34.41,2,2867,276.28
kreisfahrt,38.1,34.45,2,2871,277.24
kreisfahrt,38.2,34.49,2,2875,278.19
kreisfahrt,38.3,34.54,2,2878,279.15
kreisfahrt,38.4,34.58,2,2882,280.11
kreisfahrt,38.5,34.62,2,2885,281.08
kreisfahrt,38.6,34.67,2,2889,282.04
kreisfahrt,38.7,34.71,2,2893,283.00
kreisfahrt,38.8,34.75,2,2896,283.97
kreisfahrt,38.9,34.75,3,2203,284.93
kreisfahrt,39.0,34.75,3,2203,285.90
kreisfahrt,39.1,34.76,3,2203,286.86
kreisfahrt,39.2,34.80,3,2206,287.83
kreisfahrt,39.3,34.84,3,2208,288.80
kreisfahrt,39.4,34.88,3,2211,289.77
kreisfahrt,39.5,34.92,3,2213,290.74
kreisfahrt,39.6,34.96,3,2216,291.71
kreisfahrt,39.7,35.00,3,2218,292.68
kreisfahrt,39.8,35.04,3,2221,293.65
kreisfahrt,39.9,35.09,3,2224,294.63
kreisfahrt,40.0,35.13,3,2227,295.60
kreisfahrt,40.1,35.17,3,2229,296.58
kreisfahrt,40.2,35.22,3,2232,297.56
kreisfahrt,40.3,35.26,3,2235,298.54
kreisfahrt,40.4,35.31,3,2238,299.52
kreisfahrt,40.5,35.36,3,2241,300.50
kreisfahrt,40.6,35.40,3,2244,301.48
kreisfahrt,40.7,35.45,3,2247,302.47
kreisfahrt,40.8,35.50,3,2250,303.45
kreisfahrt,40.9,35.54,3,2253,304.44
kreisfahrt,41.0,35.59,3,2256,305.43
kreisfahrt,41.1,35.63,3,2259,306.42
kreisfahrt,41.2,35.68,3,2262,307.41
kreisfahrt,41.3,35.73,3,2265,308.40
kreisfahrt,41.4,35.78,3,2268,309.40
kreisfahrt,41.5,35.82,3,2271,310.39
kreisfahrt,41.6,35.87,3,2273,311.39
kreisfahrt,41.7,35.92,3,2276,312.38
kreisfahrt,41.8,35.96,3,2279,313.38
kreisfahrt,41.9,36.01,3,2282,314.38
kreisfahrt,42.0,36.06,3,2285,315.38
kreisfahrt,42.1,36.10,3,2288,316.39
kreisfahrt,42.2,36.15,3,2291,317.39
kreisfahrt,42.3,36.19,3,2294,318.40
kreisfahrt,42.4,36.24,3,2297,319.40
kreisfahrt,42.5,36.29,3,2300,320.41
kreisfahrt,42.6,36.33,3,2303,321.42
kreisfahrt,42.7,36.38,3,2306,322.43
kreisfahrt,42.8,36.43,3,2309,323.44
kreisfahrt,42.9,36.47,3,2312,324.45
kreisfahrt,43.0,36.52,3,2315,325.47
kreisfahrt,43.1,36.56,3,2317,326.48
kreisfahrt,43.2,36.61,3,2320,327.50
kreisfahrt,43.3,36.65,3,2323,328.52
kreisfahrt,43.4,36.70,3,2326,329.54
kreisfahrt,43.5,36.74,3,2329,330.56
kreisfahrt,43.6,36.79,3,2332,331.58
kreisfahrt,43.7,36.83,3,2335,332.60
kreisfahrt,43.8,36.88,3,2338,333.63
kreisfahrt,43.9,36.92,3,2340,334.65
kreisfahrt,44.0,36.97,3,2343,335.68
kreisfahrt,44.1,37.01,3,2346,336.71
kreisfahrt,44.2,37.06,3,2349,337.74
kreisfahrt,44.3,37.10,3,2352,338.77
kreisfahrt,44.4,37.15,3,2355,339.80
kreisfahrt,44.5,37.19,3,2357,340.83
kreisfahrt,44.6,37.24,3,2360,341.87
kreisfahrt,44.7,37.28,3,2363,342.90
kreisfahrt,44.8,37.32,3,2366,343.94
kreisfahrt,44.9,37.37,3,2369,344.98
kreisfahrt,45.0,37.41,3,2371,346.01
kreisfahrt,45.1,37.46,3,2374,347.05
kreisfahrt,45.2,37.50,3,2377,348.10
kreisfahrt,45.3,37.54,3,2380,349.14
kreisfahrt,45.4,37.59,3,2383,350.18
kreisfahrt,45.5,37.63,3,2385,351.23
kreisfahrt,45.6,37.68,3,2388,352.27
kreisfahrt,45.7,37.72,3,2391,353.32
kreisfahrt,45.8,37.76,3,2394,354.37
kreisfahrt,45.9,37.81,3,2396,355.42
kreisfahrt,46.0,37.85,3,2399,356.47
kreisfahrt,46.1,37.89,3,2402,357.52
kreisfahrt,46.2,37.94,3,2405,358.58
kreisfahrt,46.3,37.98,3,2407,359.63
kreisfahrt,46.4,38.03,3,2410,360.69
kreisfahrt,46.5,38.07,3,2413,361.75
kreisfahrt,46.6,38.11,3,2416,362.80
kreisfahrt,46.7,38.16,3,2418,363.86
kreisfahrt,46.8,38.20,3,2421,364.93
kreisfahrt,46.9,38.24,3,2424,365.99
kreisfahrt,47.0,38.29,3,2427,367.05
kreisfahrt,47.1,38.33,3,2429,368.12
kreisfahrt,47.2,38.37,3,2432,369.18
kreisfahrt,47.3,38.42,3,2435,370.25
kreisfahrt,47.4,38.46,3,2438,371.32
kreisfahrt,47.5,38.50,3,2440,372.39
kreisfahrt,47.6,38.55,3,2443,373.46
kreisfahrt,47.7,38.59,3,2446,374.53
kreisfahrt,47.8,38.63,3,2449,375.60
kreisfahrt,47.9,38.68,3,2451,376.67
kreisfahrt,48.0,38.72,3,2454,377.75
kreisfahrt,48.1,38.76,3,2457,378.83
kreisfahrt,48.2,38.81,3,2460,379.90
kreisfahrt,48.3,38.85,3,2462,380.98
kreisfahrt,48.4,38.89,3,2465,382.06
kreisfahrt,48.5,38.94,3,2468,383.15
kreisfahrt,48.6,38.98,3,2471,384.23
kreisfahrt,48.7,39.02,3,2473,385.31
kreisfahrt,48.8,39.06,3,2476,386.40
kreisfahrt,48.9,39.11,3,2479,387.48
kreisfahrt,49.0,39.15,3,2482,388.57
kreisfahrt,49.1,39.19,3,2484,389.66
kreisfahrt,49.2,39.24,3,2487,390.75
kreisfahrt,49.3,39.28,3,2490,391.84
kreisfahrt,49.4,39.32,3,2492,392.93
kreisfahrt,49.5,39.37,3,2495,394.02
kreisfahrt,49.6,39.41,3,2498,395.12
kreisfahrt,49.7,39.45,3,2501,396.21
kreisfahrt,49.8,39.50,3,2503,397.31
kreisfahrt,49.9,39.54,3,2506,398.41
kreisfahrt,50.0,39.58,3,2509,399.51
kreisfahrt,50.1,39.63,3,2512,400.61
kreisfahrt,50.2,39.67,3,2514,401.71
kreisfahrt,50.3,39.71,3,2517,402.81
kreisfahrt,50.4,39.76,3,2520,403.92
kreisfahrt,50.5,39.80,3,2523,405.02
kreisfahrt,50.6,39.84,3,2525,406.13
kreisfahrt,50.7,39.88,3,2528,407.24
kreisfahrt,50.8,39.93,3,2531,408.35
kreisfahrt,50.9,39.97,3,2534,409.46
kreisfahrt,51.0,40.01,3,2536,410.57
kreisfahrt,51.1,40.06,3,2539,411.68
kreisfahrt,51.2,40.10,3,2542,412.79
kreisfahrt,51.3,40.14,3,2544,413.91
kreisfahrt,51.4,40.19,3,2547,415.03
kreisfahrt,51.5,40.23,3,2550,416.14
kreisfahrt,51.6,40.27,3,2553,417.26
kreisfahrt,51.7,40.32,3,2555,418.38
kreisfahrt,51.8,40.36,3,2558,419.50
kreisfahrt,51.9,40.40,3,2561,420.62
kreisfahrt,52.0,40.45,3,2564,421.75
kreisfahrt,52.1,40.49,3,2566,422.87
kreisfahrt,52.2,40.53,3,2569,424.00
kreisfahrt,52.3,40.57,3,2572,425.12
kreisfahrt,52.4,40.62,3,2575,426.25
kreisfahrt,52.5,40.66,3,2577,427.38
kreisfahrt,52.6,40.70,3,2580,428.51
kreisfahrt,52.7,40.75,3,2583,429.64
kreisfahrt,52.8,40.79,3,2585,430.78
kreisfahrt,52.9,40.83,3,2588,431.91
kreisfahrt,53.0,40.88,3,2591,433.05
kreisfahrt,53.1,40.92,3,2594,434.18
kreisfahrt,53.2,40.96,3,2596,435.32
kreisfahrt,53.3,41.01,3,2599,436.46
kreisfahrt,53.4,41.05,3,2602,437.60
kreisfahrt,53.5,41.09,3,2605,438.74
kreisfahrt,53.6,41.14,3,2607,439.88
kreisfahrt,53.7,41.18,3,2610,441.03
kreisfahrt,53.8,41.22,3,2613,442.17
kreisfahrt,53.9,41.26,3,2616,443.32
kreisfahrt,54.0,41.31,3,2618,444.46
kreisfahrt,54.1,41.35,3,2621,445.61
kreisfahrt,54.2,41.39,3,2624,446.76
kreisfahrt,54.3,41.44,3,2626,447.91
kreisfahrt,54.4,41.48,3,2629,449.07
kreisfahrt,54.5,41.52,3,2632,450.22
kreisfahrt,54.6,41.57,3,2635,451.37
kreisfahrt,54.7,41.61,3,2637,452.53
kreisfahrt,54.8,41.65,3,2640,453.69
kreisfahrt,54.9,41.70,3,2643,454.84
kreisfahrt,55.0,41.74,3,2646,456.00
kreisfahrt,55.1,41.78,3,2648,457.16
kreisfahrt,55.2,41.83,3,2651,458.32
kreisfahrt,55.3,41.87,3,2654,459.49
kreisfahrt,55.4,41.91,3,2657,460.65
kreisfahrt,55.5,41.96,3,2659,461.82
kreisfahrt,55.6,42.00,3,2662,462.98
kreisfahrt,55.7,42.04,3,2665,464.15
kreisfahrt,55.8,42.08,3,2667,465.32
kreisfahrt,55.9,42.13,3,2670,466.49
kreisfahrt,56.0,42.17,3,2673,467.66
kreisfahrt,56.1,42.21,3,2676,468.83
kreisfahrt,56.2,42.26,3,2678,470.01
kreisfahrt,56.3,42.30,3,2681,471.18
kreisfahrt,56.4,42.34,3,2684,472.36
kreisfahrt,56.5,42.39,3,2687,473.53
kreisfahrt,56.6,42.43,3,2689,474.71
kreisfahrt,56.7,42.47,3,2692,475.89
kreisfahrt,56.8,42.52,3,2695,477.07
kreisfahrt,56.9,42.56,3,2698,478.26
kreisfahrt,57.0,42.60,3,2700,479.44
kreisfahrt,57.1,42.65,3,2703,480.62
kreisfahrt,57.2,42.69,3,2706,481.81
kreisfahrt,57.3,42.73,3,2709,482.99
kreisfahrt,57.4,42.77,3,2711,484.18
kreisfahrt,57.5,42.82,3,2714,485.37
kreisfahrt,57.6,42.86,3,2717,486.56
kreisfahrt,57.7,42.90,3,2719,487.75
kreisfahrt,57.8,42.95,3,2722,488.95
kreisfahrt,57.9,42.99,3,2725,490.14
kreisfahrt,58.0,43.03,3,2728,491.34
kreisfahrt,58.1,43.08,3,2730,492.53
kreisfahrt,58.2,43.12,3,2733,493.73
kreisfahrt,58.3,43.16,3,2736,494.93
kreisfahrt,58.4,43.21,3,2739,496.13
kreisfahrt,58.5,43.25,3,2741,497.33
kreisfahrt,58.6,43.29,3,2744,498.53
kreisfahrt,58.7,43.34,3,2747,499.74
kreisfahrt,58.8,43.38,3,2750,500.94
kreisfahrt,58.9,43.42,3,2752,502.15
kreisfahrt,59.0,43.46,3,2755,503.35
kreisfahrt,59.1,43.51,3,2758,504.56
kreisfahrt,59.2,43.55,3,2760,505.77
kreisfahrt,59.3,43.59,3,2763,506.98
kreisfahrt,59.4,43.64,3,2766,508.19
kreisfahrt,59.5,43.68,3,2769,509.41
kreisfahrt,59.6,43.72,3,2771,510.62
kreisfahrt,59.7,43.77,3,2774,511.84
kreisfahrt,59.8,43.81,3,2777,513.05
kreisfahrt,59.9,43.85,3,2780,514.27
kreisfahrt,60.0,43.90,3,2782,515.49
kreisfahrt,60.1,43.94,3,2785,516.71
kreisfahrt,60.2,43.98,3,2788,517.93
kreisfahrt,60.3,44.03,3,2791,519.15
kreisfahrt,60.4,44.07,3,2793,520.38
kreisfahrt,60.5,44.11,3,2796,521.60
kreisfahrt,60.6,44.15,3,2799,522.83
kreisfahrt,60.7,44.20,3,2801,524.06
kreisfahrt,60.8,44.24,3,2804,525.29
kreisfahrt,60.9,44.28,3,2807,526.52
kreisfahrt,61.0,44.33,3,2810,527.75
kreisfahrt,61.1,44.37,3,2812,528.98
kreisfahrt,61.2,44.41,3,2815,530.21
kreisfahrt,61.3,44.46,3,2818,531.45
kreisfahrt,61.4,44.50,3,2821,532.68
kreisfahrt,61.5,44.54,3,2823,533.92
kreisfahrt,61.6,44.59,3,2826,535.16
kreisfahrt,61.7,44.63,3,2829,536.40
kreisfahrt,61.8,44.67,3,2832,537.64
kreisfahrt,61.9,44.72,3,2834,538.88
kreisfahrt,62.0,44.76,3,2837,540.12
kreisfahrt,62.1,44.80,3,2840,541.37
kreisfahrt,62.2,44.84,3,2842,542.61
kreisfahrt,62.3,44.89,3,2845,543.86
kreisfahrt,62.4,44.93,3,2848,545.11
kreisfahrt,62.5,44.97,3,2851,546.36
kreisfahrt,62.6,45.02,3,2853,547.61
kreisfahrt,62.7,45.06,3,2856,548.86
kreisfahrt,62.8,45.10,3,2859,550.11
kreisfahrt,62.9,45.15,3,2862,551.36
kreisfahrt,63.0,45.19,3,2864,552.62
kreisfahrt,63.1,45.23,3,2867,553.88
kreisfahrt,63.2,45.28,3,2870,555.13
kreisfahrt,63.3,45.32,3,2873,556.39
kreisfahrt,63.4,45.36,3,2875,557.65
kreisfahrt,63.5,45.41,3,2878,558.91
kreisfahrt,63.6,45.45,3,2881,560.17
kreisfahrt,63.7,45.49,3,2883,561.44
kreisfahrt,63.8,45.53,3,2886,562.70
kreisfahrt,63.9,45.58,3,2889,563.97
kreisfahrt,64.0,45.62,3,2892,565.24
kreisfahrt,64.1,45.66,3,2894,566.50
kreisfahrt,64.2,45.71,3,2897,567.77
kreisfahrt,64.3,45.75,3,2900,569.04
kreisfahrt,64.4,45.79,3,2903,570.32
kreisfahrt,64.5,45.84,3,2905,571.59
kreisfahrt,64.6,45.88,3,2908,572.86
kreisfahrt,64.7,45.92,3,2911,574.14
kreisfahrt,64.8,45.97,3,2914,575.41
kreisfahrt,64.9,46.01,3,2916,576.69
kreisfahrt,65.0,46.05,3,2919,577.97
kreisfahrt,65.1,46.10,3,2922,579.25
kreisfahrt,65.2,46.14,3,2924,580.53
kreisfahrt,65.3,46.18,3,2927,581.81
kreisfahrt,65.4,46.22,3,2930,583.10
kreisfahrt,65.5,46.27,3,2933,584.38
kreisfahrt,65.6,46.31,3,2935,585.67
kreisfahrt,65.7,46.35,3,2938,586.96
kreisfahrt,65.8,46.40,3,2941,588.25
kreisfahrt,65.9,46.44,3,2944,589.54
kreisfahrt,66.0,46.48,3,2946,590.83
kreisfahrt,66.1,46.53,3,2949,592.12
kreisfahrt,66.2,46.57,3,2952,593.41
kreisfahrt,66.3,46.61,3,2955,594.71
kreisfahrt,66.4,46.66,3,2957,596.00
kreisfahrt,66.5,46.70,3,2960,597.30
kreisfahrt,66.6,46.74,3,2963,598.60
kreisfahrt,66.7,46.79,3,2965,599.90
kreisfahrt,66.8,46.83,3,2968,601.20
kreisfahrt,66.9,46.87,3,2971,602.50
kreisfahrt,67.0,46.91,3,2974,603.80
kreisfahrt,67.1,46.89,4,2263,605.10
kreisfahrt,67.2,46.88,4,2262,606.41
kreisfahrt,67.3,46.88,4,2262,607.71
kreisfahrt,67.4,46.92,4,2263,609.01
kreisfahrt,67.5,46.95,4,2265,610.32
kreisfahrt,67.6,46.98,4,2267,611.62
kreisfahrt,67.7,47.02,4,2269,612.93
kreisfahrt,67.8,47.06,4,2270,614.23
kreisfahrt,67.9,47.10,4,2272,615.54
kreisfahrt,68.0,47.14,4,2274,616.85
kreisfahrt,68.1,47.18,4,2276,618.16
kreisfahrt,68.2,47.22,4,2278,619.47
kreisfahrt,68.3,47.27,4,2280,620.79
kreisfahrt,68.4,47.31,4,2282,622.10
kreisfahrt,68.5,47.36,4,2285,623.41
kreisfahrt,68.6,47.40,4,2287,624.73
kreisfahrt,68.7,47.45,4,2289,626.05
kreisfahrt,68.8,47.49,4,2291,627.37
kreisfahrt,68.9,47.54,4,2293,628.69
kreisfahrt,69.0,47.59,4,2296,630.01
kreisfahrt,69.1,47.63,4,2298,631.33
kreisfahrt,69.2,47.68,4,2300,632.66
kreisfahrt,69.3,47.73,4,2303,633.98
kreisfahrt,69.4,47.77,4,2305,635.31
kreisfahrt,69.5,47.82,4,2307,636.64
kreisfahrt,69.6,47.87,4,2309,637.97
kreisfahrt,69.7,47.92,4,2312,639.30
kreisfahrt,69.8,47.97,4,2314,640.63
kreisfahrt,69.9,48.02,4,2316,641.96
kreisfahrt,70.0,48.06,4,2319,643.30
kreisfahrt,70.1,48.11,4,2321,644.63
kreisfahrt,70.2,48.16,4,2323,645.97
kreisfahrt,70.3,48.21,4,2326,647.31
kreisfahrt,70.4,48.26,4,2328,648.65
kreisfahrt,70.5,48.30,4,2330,649.99
kreisfahrt,70.6,48.35,4,2333,651.33
kreisfahrt,70.7,48.40,4,2335,652.68
kreisfahrt,70.8,48.45,4,2337,654.02
kreisfahrt,70.9,48.50,4,2340,655.37
kreisfahrt,71.0,48.54,4,2342,656.72
kreisfahrt,71.1,48.59,4,2344,658.07
kreisfahrt,71.2,48.64,4,2347,659.42
kreisfahrt,71.3,48.68,4,2349,660.77
kreisfahrt,71.4,48.73,4,2351,662.12
kreisfahrt,71.5,48.78,4,2353,663.48
kreisfahrt,71.6,48.83,4,2356,664.83
kreisfahrt,71.7,48.87,4,2358,666.19
kreisfahrt,71.8,48.92,4,2360,667.55
kreisfahrt,71.9,48.97,4,2362,668.91
kreisfahrt,72.0,49.01,4,2365,670.27
kreisfahrt,72.1,49.06,4,2367,671.63
kreisfahrt,72.2,49.10,4,2369,672.99
kreisfahrt,72.3,49.15,4,2371,674.36
kreisfahrt,72.4,49.20,4,2373,675.73
kreisfahrt,72.5,49.24,4,2376,677.09
kreisfahrt,72.6,49.29,4,2378,678.46
kreisfahrt,72.7,49.33,4,2380,679.83
kreisfahrt,72.8,49.38,4,2382,681.20
kreisfahrt,72.9,49.42,4,2384,682.58
kreisfahrt,73.0,49.47,4,2387,683.95
kreisfahrt,73.1,49.51,4,2389,685.32
kreisfahrt,73.2,49.56,4,2391,686.70
kreisfahrt,73.3,49.60,4,2393,688.08
kreisfahrt,73.4,49.65,4,2395,689.46
kreisfahrt,73.5,49.69,4,2397,690.84
kreisfahrt,73.6,49.74,4,2400,692.22
kreisfahrt,73.7,49.78,4,2402,693.60
kreisfahrt,73.8,49.82,4,2404,694.98
kreisfahrt,73.9,49.87,4,2406,696.37
kreisfahrt,74.0,49.91,4,2408,697.75
kreisfahrt,74.1,49.96,4,2410,699.14
kreisfahrt,74.2,50.00,4,2412,700.53
kreisfahrt,74.3,50.05,4,2414,701.92
kreisfahrt,74.4,50.09,4,2417,703.31
kreisfahrt,74.5,50.13,4,2419,704.70
kreisfahrt,74.6,50.18,4,2421,706.10
kreisfahrt,74.7,50.22,4,2423,707.49
kreisfahrt,74.8,50.26,4,2425,708.89
kreisfahrt,74.9,50.31,4,2427,710.28
kreisfahrt,75.0,50.35,4,2429,711.68
kreisfahrt,75.1,50.40,4,2431,713.08
kreisfahrt,75.2,50.44,4,2433,714.48
kreisfahrt,75.3,50.48,4,2436,715.88
kreisfahrt,75.4,50.53,4,2438,717.29
kreisfahrt,75.5,50.57,4,2440,718.69
kreisfahrt,75.6,50.61,4,2442,720.10
kreisfahrt,75.7,50.66,4,2444,721.50
kreisfahrt,75.8,50.70,4,2446,722.91
kreisfahrt,75.9,50.74,4,2448,724.32
kreisfahrt,76.0,50.79,4,2450,725.73
kreisfahrt,76.1,50.83,4,2452,727.14
kreisfahrt,76.2,50.87,4,2454,728.56
kreisfahrt,76.3,50.92,4,2456,729.97
kreisfahrt,76.4,50.96,4,2459,731.39
kreisfahrt,76.5,51.00,4,2461,732.80
kreisfahrt,76.6,51.05,4,2463,734.22
kreisfahrt,76.7,51.09,4,2465,735.64
kreisfahrt,76.8,51.13,4,2467,737.06
kreisfahrt,76.9,51.17,4,2469,738.48
kreisfahrt,77.0,51.22,4,2471,739.90
kreisfahrt,77.1,51.26,4,2473,741.32
kreisfahrt,77.2,51.30,4,2475,742.75
kreisfahrt,77.3,51.35,4,2477,744.18
kreisfahrt,77.4,51.39,4,2479,745.60
kreisfahrt,77.5,51.43,4,2481,747.03
kreisfahrt,77.6,51.48,4,2483,748.46
kreisfahrt,77.7,51.52,4,2486,749.89
kreisfahrt,77.8,51.56,4,2488,751.32
kreisfahrt,77.9,51.61,4,2490,752.76
kreisfahrt,78.0,51.65,4,2492,754.19
kreisfahrt,78.1,51.69,4,2494,755.63
kreisfahrt,78.2,51.73,4,2496,757.06
kreisfahrt,78.3,51.78,4,2498,758.50
kreisfahrt,78.4,51.82,4,2500,759.94
kreisfahrt,78.5,51.86,4,2502,761.38
kreisfahrt,78.6,51.91,4,2504,762.82
kreisfahrt,78.7,51.95,4,2506,764.26
kreisfahrt,78.8,51.99,4,2508,765.71
kreisfahrt,78.9,52.04,4,2510,767.15
kreisfahrt,79.0,52.08,4,2513,768.60
kreisfahrt,79.1,52.12,4,2515,770.05
kreisfahrt,79.2,52.16,4,2517,771.49
kreisfahrt,79.3,52.21,4,2519,772.94
kreisfahrt,79.4,52.25,4,2521,774.40
kreisfahrt,79.5,52.29,4,2523,775.85
kreisfahrt,79.6,52.34,4,2525,777.30
kreisfahrt,79.7,52.38,4,2527,778.76
kreisfahrt,79.8,52.42,4,2529,780.21
kreisfahrt,79.9,52.47,4,2531,781.67
kreisfahrt,80.0,52.51,4,2533,783.13
kreisfahrt,80.1,52.55,4,2535,784.59
kreisfahrt,80.2,52.59,4,2537,786.05
kreisfahrt,80.3,52.64,4,2540,787.51
kreisfahrt,80.4,52.68,4,2542,788.97
kreisfahrt,80.5,52.72,4,2544,790.44
kreisfahrt,80.6,52.77,4,2546,791.90
kreisfahrt,80.7,52.81,4,2548,793.37
kreisfahrt,80.8,52.85,4,2550,794.83
kreisfahrt,80.9,52.90,4,2552,796.30
kreisfahrt,81.0,52.94,4,2554,797.77
kreisfahrt,81.1,52.98,4,2556,799.24
kreisfahrt,81.2,53.02,4,2558,800.72
kreisfahrt,81.3,53.07,4,2560,802.19
kreisfahrt,81.4,53.11,4,2562,803.67
kreisfahrt,81.5,53.15,4,2564,805.14
kreisfahrt,81.6,53.20,4,2566,806.62
kreisfahrt,81.7,53.24,4,2569,808.10
kreisfahrt,81.8,53.28,4,2571,809.58
kreisfahrt,81.9,53.33,4,2573,811.06
kreisfahrt,82.0,53.37,4,2575,812.54
kreisfahrt,82.1,53.41,4,2577,814.02
kreisfahrt,82.2,53.46,4,2579,815.51
kreisfahrt,82.3,53.50,4,2581,816.99
kreisfahrt,82.4,53.54,4,2583,818.48
kreisfahrt,82.5,53.58,4,2585,819.97
kreisfahrt,82.6,53.63,4,2587,821.46
kreisfahrt,82.7,53.67,4,2589,822.95
kreisfahrt,82.8,53.71,4,2591,824.44
kreisfahrt,82.9,53.76,4,2593,825.93
kreisfahrt,83.0,53.80,4,2596,827.43
kreisfahrt,83.1,53.84,4,2598,828.92
kreisfahrt,83.2,53.89,4,2600,830.42
kreisfahrt,83.3,53.93,4,2602,831.92
kreisfahrt,83.4,53.97,4,2604,833.41
kreisfahrt,83.5,54.01,4,2606,834.91
kreisfahrt,83.6,54.06,4,2608,836.42
kreisfahrt,83.7,54.10,4,2610,837.92
kreisfahrt,83.8,54.14,4,2612,839.42
kreisfahrt,83.9,54.19,4,2614,840.93
kreisfahrt,84.0,54.23,4,2616,842.43
kreisfahrt,84.1,54.27,4,2618,843.94
kreisfahrt,84.2,54.32,4,2620,845.45
kreisfahrt,84.3,54.36,4,2623,846.96
kreisfahrt,84.4,54.40,4,2625,848.47
kreisfahrt,84.5,54.44,4,2627,849.98
kreisfahrt,84.6,54.49,4,2629,851.49
kreisfahrt,84.7,54.53,4,2631,853.01
kreisfahrt,84.8,54.57,4,2633,854.52
kreisfahrt,84.9,54.62,4,2635,856.04
kreisfahrt,85.0,54.66,4,2637,857.56
kreisfahrt,85.1,54.70,4,2639,859.08
kreisfahrt,85.2,54.75,4,2641,860.60
kreisfahrt,85.3,54.79,4,2643,862.12
kreisfahrt,85.4,54.83,4,2645,863.64
kreisfahrt,85.5,54.87,4,2647,865.16
kreisfahrt,85.6,54.92,4,2650,866.69
kreisfahrt,85.7,54.96,4,2652,868.21
kreisfahrt,85.8,55.00,4,2654,869.74
kreisfahrt,85.9,55.05,4,2656,871.27
kreisfahrt,86.0,55.09,4,2658,872.80
kreisfahrt,86.1,55.13,4,2660,874.33
kreisfahrt,86.2,55.18,4,2662,875.86
kreisfahrt,86.3,55.22,4,2664,877.40
kreisfahrt,86.4,55.26,4,2666,878.93
kreisfahrt,86.5,55.30,4,2668,880.47
kreisfahrt,86.6,55.35,4,2670,882.00
kreisfahrt,86.7,55.39,4,2672,883.54
kreisfahrt,86.8,55.43,4,2674,885.08
kreisfahrt,86.9,55.48,4,2676,886.62
kreisfahrt,87.0,55.52,4,2679,888.16
kreisfahrt,87.1,55.56,4,2681,889.71
kreisfahrt,87.2,55.61,4,2683,891.25
kreisfahrt,87.3,55.65,4,2685,892.80
kreisfahrt,87.4,55.69,4,2687,894.34
kreisfahrt,87.5,55.73,4,2689,895.89
kreisfahrt,87.6,55.78,4,2691,897.44
kreisfahrt,87.7,55.82,4,2693,898.99
kreisfahrt,87.8,55.86,4,2695,900.54
kreisfahrt,87.9,55.91,4,2697,902.09
kreisfahrt,88.0,55.95,4,2699,903.65
kreisfahrt,88.1,55.99,4,2701,905.20
kreisfahrt,88.2,56.04,4,2703,906.76
kreisfahrt,88.3,56.08,4,2706,908.32
kreisfahrt,88.4,56.12,4,2708,909.87
kreisfahrt,88.5,56.16,4,2710,911.43
kreisfahrt,88.6,56.21,4,2712,912.99
kreisfahrt,88.7,56.25,4,2714,914.56
kreisfahrt,88.8,56.29,4,2716,916.12
kreisfahrt,88.9,56.34,4,2718,917.68
kreisfahrt,89.0,56.38,4,2720,919.25
kreisfahrt,89.1,56.42,4,2722,920.82
kreisfahrt,89.2,56.47,4,2724,922.38
kreisfahrt,89.3,56.51,4,2726,923.95
kreisfahrt,89.4,56.55,4,2728,925.52
kreisfahrt,89.5,56.59,4,2730,927.10
kreisfahrt,89.6,56.64,4,2732,928.67
kreisfahrt,89.7,56.68,4,2735,930.24
kreisfahrt,89.8,56.72,4,2737,931.82
kreisfahrt,89.9,56.77,4,2739,933.39
kreisfahrt,90.0,56.81,4,2741,934.97
kreisfahrt,90.1,56.85,4,2743,936.55
kreisfahrt,90.2,56.90,4,2745,938.13
kreisfahrt,90.3,56.94,4,2747,939.71
kreisfahrt,90.4,56.98,4,2749,941.29
kreisfahrt,90.5,57.02,4,2751,942.88
kreisfahrt,90.6,57.07,4,2753,944.46
kreisfahrt,90.7,57.11,4,2755,946.05
kreisfahrt,90.8,57.15,4,2757,947.63
kreisfahrt,90.9,57.20,4,2759,949.22
kreisfahrt,91.0,57.24,4,2762,950.81
kreisfahrt,91.1,57.28,4,2764,952.40
kreisfahrt,91.2,57.32,4,2766,953.99
kreisfahrt,91.3,57.37,4,2768,955.59
kreisfahrt,91.4,57.41,4,2770,957.18
kreisfahrt,91.5,57.45,4,2772,958.78
kreisfahrt,91.6,57.50,4,2774,960.37
kreisfahrt,91.7,57.54,4,2776,961.97
kreisfahrt,91.8,57.58,4,2778,963.57
kreisfahrt,91.9,57.63,4,2780,965.17
kreisfahrt,92.0,57.67,4,2782,966.77
kreisfahrt,92.1,57.71,4,2784,968.37
kreisfahrt,92.2,57.75,4,2786,969.98
kreisfahrt,92.3,57.80,4,2788,971.58
kreisfahrt,92.4,57.84,4,2791,973.19
kreisfahrt,92.5,57.88,4,2793,974.80
kreisfahrt,92.6,57.93,4,2795,976.41
kreisfahrt,92.7,57.97,4,2797,978.01
kreisfahrt,92.8,58.01,4,2799,979.63
kreisfahrt,92.9,58.05,4,2801,981.24
kreisfahrt,93.0,58.10,4,2803,982.85
kreisfahrt,93.1,58.14,4,2805,984.47
kreisfahrt,93.2,58.18,4,2807,986.08
kreisfahrt,93.3,58.23,4,2809,987.70
kreisfahrt,93.4,58.27,4,2811,989.32
kreisfahrt,93.5,58.31,4,2813,990.94
kreisfahrt,93.6,58.36,4,2815,992.56
kreisfahrt,93.7,58.40,4,2817,994.18
kreisfahrt,93.8,58.44,4,2820,995.80
kreisfahrt,93.9,58.48,4,2822,997.42
kreisfahrt,94.0,58.53,4,2824,999.05
kreisfahrt,94.1,58.57,4,2826,1000.68
kreisfahrt,94.2,58.61,4,2828,1002.30
kreisfahrt,94.3,58.66,4,2830,1003.93
kreisfahrt,94.4,58.70,4,2832,1005.56
kreisfahrt,94.5,58.74,4,2834,1007.19
kreisfahrt,94.6,58.78,4,2836,1008.83
kreisfahrt,94.7,58.83,4,2838,1010.46
kreisfahrt,94.8,58.87,4,2840,1012.09
kreisfahrt,94.9,58.91,4,2842,1013.73
kreisfahrt,95.0,58.96,4,2844,1015.37
kreisfahrt,95.1,59.00,4,2846,1017.01
kreisfahrt,95.2,59.04,4,2849,1018.65
kreisfahrt,95.3,59.08,4,2851,1020.29
kreisfahrt,95.4,59.13,4,2853,1021.93
kreisfahrt,95.5,59.17,4,2855,1023.57
kreisfahrt,95.6,59.21,4,2857,1025.22
kreisfahrt,95.7,59.26,4,2859,1026.86
kreisfahrt,95.8,59.30,4,2861,1028.51
kreisfahrt,95.9,59.34,4,2863,1030.16
kreisfahrt,96.0,59.39,4,2865,1031.80
kreisfahrt,96.1,59.43,4,2867,1033.45
kreisfahrt,96.2,59.47,4,2869,1035.11
kreisfahrt,96.3,59.51,4,2871,1036.76
kreisfahrt,96.4,59.56,4,2873,1038.41
kreisfahrt,96.5,59.60,4,2875,1040.07
kreisfahrt,96.6,59.64,4,2877,1041.72
kreisfahrt,96.7,59.69,4,2880,1043.38
kreisfahrt,96.8,59.73,4,2882,1045.04
kreisfahrt,96.9,59.77,4,2884,1046.70
kreisfahrt,97.0,59.81,4,2886,1048.36
kreisfahrt,97.1,59.86,4,2888,1050.02
kreisfahrt,97.2,59.90,4,2890,1051.69
kreisfahrt,97.3,59.94,4,2892,1053.35
kreisfahrt,97.4,59.99,4,2894,1055.02
kreisfahrt,97.5,60.03,4,2896,1056.68
kreisfahrt,97.6,60.07,4,2898,1058.35
kreisfahrt,97.7,60.11,4,2900,1060.02
kreisfahrt,97.8,60.16,4,2902,1061.69
kreisfahrt,97.9,60.20,4,2904,1063.36
kreisfahrt,98.0,60.24,4,2906,1065.04
kreisfahrt,98.1,60.29,4,2908,1066.71
kreisfahrt,98.2,60.33,4,2911,1068.38
kreisfahrt,98.3,60.37,4,2913,1070.06
kreisfahrt,98.4,60.41,4,2915,1071.74
kreisfahrt,98.5,60.46,4,2917,1073.42
kreisfahrt,98.6,60.50,4,2919,1075.10
kreisfahrt,98.7,60.54,4,2921,1076.78
kreisfahrt,98.8,60.59,4,2923,1078.46
kreisfahrt,98.9,60.63,4,2925,1080.14
kreisfahrt,99.0,60.67,4,2927,1081.83
kreisfahrt,99.1,60.71,4,2929,1083.52
kreisfahrt,99.2,60.76,4,2931,1085.20
kreisfahrt,99.3,60.80,4,2933,1086.89
kreisfahrt,99.4,60.84,4,2935,1088.58
kreisfahrt,99.5,60.88,4,2937,1090.27
kreisfahrt,99.6,60.93,4,2939,1091.96
kreisfahrt,99.7,60.97,4,2942,1093.66
kreisfahrt,99.8,61.01,4,2944,1095.35
kreisfahrt,99.9,61.06,4,2946,1097.05
kreisfahrt,100.0,61.10,4,2948,1098.74
kreisfahrt,100.1,61.14,4,2950,1100.44
kreisfahrt,100.2,61.18,4,2952,1102.14
kreisfahrt,100.3,61.23,4,2954,1103.84
kreisfahrt,100.4,61.27,4,2956,1105.54
kreisfahrt,100.5,61.31,4,2958,1107.24
kreisfahrt,100.6,61.36,4,2960,1108.95
kreisfahrt,100.7,61.40,4,2962,1110.65
kreisfahrt,100.8,61.44,4,2964,1112.36
kreisfahrt,100.9,61.48,4,2966,1114.07
kreisfahrt,101.0,61.53,4,2968,1115.77
kreisfahrt,101.1,61.57,4,2970,1117.48
kreisfahrt,101.2,61.61,4,2973,1119.19
kreisfahrt,101.3,61.65,4,2975,1120.91
kreisfahrt,101.4,61.70,4,2977,1122.62
kreisfahrt,101.5,61.74,4,2979,1124.33
kreisfahrt,101.6,61.78,4,2981,1126.05
kreisfahrt,101.7,61.83,4,2983,1127.77
kreisfahrt,101.8,61.87,4,2985,1129.48
kreisfahrt,101.9,61.91,4,2987,1131.20
kreisfahrt,102.0,61.95,4,2989,1132.92
kreisfahrt,102.1,62.00,4,2991,1134.65
kreisfahrt,102.2,62.04,4,2993,1136.37
kreisfahrt,102.3,62.08,4,2995,1138.09
kreisfahrt,102.4,62.12,4,2997,1139.82
kreisfahrt,102.5,62.17,4,2999,1141.54
kreisfahrt,102.6,62.21,4,3001,1143.27
kreisfahrt,102.7,62.25,4,3003,1145.00
kreisfahrt,102.8,62.30,4,3005,1146.73
kreisfahrt,102.9,62.34,4,3008,1148.46
kreisfahrt,103.0,62.38,4,3010,1150.19
kreisfahrt,103.1,62.42,4,3012,1151.93
kreisfahrt,103.2,62.47,4,3014,1153.66
kreisfahrt,103.3,62.51,4,3016,1155.40
kreisfahrt,103.4,62.55,4,3018,1157.13
kreisfahrt,103.5,62.59,4,3020,1158.87
kreisfahrt,103.6,62.64,4,3022,1160.61
kreisfahrt,103.7,62.68,4,3024,1162.35
kreisfahrt,103.8,62.72,4,3026,1164.09
kreisfahrt,103.9,62.76,4,3028,1165.84
kreisfahrt,104.0,62.81,4,3030,1167.58
kreisfahrt,104.1,62.85,4,3032,1169.33
kreisfahrt,104.2,62.89,4,3034,1171.07
kreisfahrt,104.3,62.94,4,3036,1172.82
kreisfahrt,104.4,62.98,4,3038,1174.57
kreisfahrt,104.5,63.02,4,3040,1176.32
kreisfahrt,104.6,63.06,4,3043,1178.07
kreisfahrt,104.7,63.11,4,3045,1179.82
kreisfahrt,104.8,63.15,4,3047,1181.58
kreisfahrt,104.9,63.19,4,3049,1183.33
kreisfahrt,105.0,63.23,4,3051,1185.09
kreisfahrt,105.1,63.28,4,3053,1186.85
kreisfahrt,105.2,63.32,4,3055,1188.60
kreisfahrt,105.3,63.36,4,3057,1190.36
kreisfahrt,105.4,63.40,4,3059,1192.12
kreisfahrt,105.5,63.45,4,3061,1193.89
kreisfahrt,105.6,63.49,4,3063,1195.65
kreisfahrt,105.7,63.53,4,3065,1197.41
kreisfahrt,105.8,63.57,4,3067,1199.18
kreisfahrt,105.9,63.62,4,3069,1200.95
kreisfahrt,106.0,63.66,4,3071,1202.71
kreisfahrt,106.1,63.70,4,3073,1204.48
kreisfahrt,106.2,63.74,4,3075,1206.25
kreisfahrt,106.3,63.79,4,3077,1208.02
kreisfahrt,106.4,63.83,4,3079,1209.80
kreisfahrt,106.5,63.87,4,3082,1211.57
kreisfahrt,106.6,63.91,4,3084,1213.35
kreisfahrt,106.7,63.96,4,3086,1215.12
kreisfahrt,106.8,64.00,4,3088,1216.90
kreisfahrt,106.9,64.04,4,3090,1218.68
kreisfahrt,107.0,64.08,4,3092,1220.46
kreisfahrt,107.1,64.13,4,3094,1222.24
kreisfahrt,107.2,64.17,4,3096,1224.02
kreisfahrt,107.3,64.21,4,3098,1225.80
kreisfahrt,107.4,64.25,4,3100,1227.59
kreisfahrt,107.5,64.30,4,3102,1229.37
kreisfahrt,107.6,64.34,4,3104,1231.16
kreisfahrt,107.7,64.38,4,3106,1232.95
kreisfahrt,107.8,64.42,4,3108,1234.74
kreisfahrt,107.9,64.47,4,3110,1236.53
kreisfahrt,108.0,64.51,4,3112,1238.32
kreisfahrt,108.1,64.55,4,3114,1240.11
kreisfahrt,108.2,64.59,4,3116,1241.91
kreisfahrt,108.3,64.63,4,3118,1243.70
kreisfahrt,108.4,64.68,4,3120,1245.50
kreisfahrt,108.5,64.72,4,3122,1247.29
kreisfahrt,108.6,64.76,4,3124,1249.09
kreisfahrt,108.7,64.80,4,3127,1250.89
kreisfahrt,108.8,64.85,4,3129,1252.69
kreisfahrt,108.9,64.89,4,3131,1254.50
kreisfahrt,109.0,64.93,4,3133,1256.30
kreisfahrt,109.1,64.97,4,3135,1258.10
kreisfahrt,109.2,65.02,4,3137,1259.91
kreisfahrt,109.3,65.06,4,3139,1261.72
kreisfahrt,109.4,65.10,4,3141,1263.52
kreisfahrt,109.5,65.14,4,3143,1265.33
kreisfahrt,109.6,65.18,4,3145,1267.14
kreisfahrt,109.7,65.23,4,3147,1268.96
kreisfahrt,109.8,65.27,4,3149,1270.77
kreisfahrt,109.9,65.31,4,3151,1272.58
kreisfahrt,110.0,65.35,4,3153,1274.40
kreisfahrt,110.1,65.39,4,3155,1276.21
kreisfahrt,110.2,65.44,4,3157,1278.03
kreisfahrt,110.3,65.48,4,3159,1279.85
kreisfahrt,110.4,65.52,4,3161,1281.67
kreisfahrt,110.5,65.56,4,3163,1283.49
kreisfahrt,110.6,65.60,4,3165,1285.31
kreisfahrt,110.7,65.64,4,3167,1287.13
kreisfahrt,110.8,65.68,4,3169,1288.96
kreisfahrt,110.9,65.72,4,3171,1290.78
kreisfahrt,111.0,65.76,4,3173,1292.61
kreisfahrt,111.1,65.81,4,3175,1294.44
kreisfahrt,111.2,65.85,4,3177,1296.27
kreisfahrt,111.3,65.89,4,3179,1298.10
kreisfahrt,111.4,65.93,4,3181,1299.93
kreisfahrt,111.5,65.97,4,3183,1301.76
kreisfahrt,111.6,66.01,4,3185,1303.59
kreisfahrt,111.7,66.05,4,3187,1305.43
kreisfahrt,111.8,66.09,4,3189,1307.26
kreisfahrt,111.9,66.13,4,3191,1309.10
kreisfahrt,112.0,66.17,4,3193,1310.94
kreisfahrt,112.1,66.21,4,3195,1312.78
kreisfahrt,112.2,66.26,4,3197,1314.62
kreisfahrt,112.3,66.30,4,3199,1316.46
kreisfahrt,112.4,66.34,4,3201,1318.30
kreisfahrt,112.5,66.38,4,3202,1320.15
kreisfahrt,112.6,66.42,4,3204,1321.99
kreisfahrt,112.7,66.46,4,3206,1323.84
kreisfahrt,112.8,66.50,4,3208,1325.69
kreisfahrt,112.9,66.54,4,3210,1327.53
kreisfahrt,113.0,66.58,4,3212,1329.38
kreisfahrt,113.1,66.62,4,3214,1331.23
kreisfahrt,113.2,66.66,4,3216,1333.09
kreisfahrt,113.3,66.70,4,3218,1334.94
kreisfahrt,113.4,66.75,4,3220,1336.79
kreisfahrt,113.5,66.79,4,3222,1338.65
kreisfahrt,113.6,66.83,4,3224,1340.50
kreisfahrt,113.7,66.87,4,3226,1342.36
kreisfahrt,113.8,66.91,4,3228,1344.22
kreisfahrt,113.9,66.95,4,3230,1346.08
kreisfahrt,114.0,66.99,4,3232,1347.94
kreisfahrt,114.1,67.03,4,3234,1349.80
kreisfahrt,114.2,67.07,4,3236,1351.67
kreisfahrt,114.3,67.11,4,3238,1353.53
kreisfahrt,114.4,67.15,4,3240,1355.40
kreisfahrt,114.5,67.19,4,3242,1357.26
kreisfahrt,114.6,67.23,4,3244,1359.13
kreisfahrt,114.7,67.27,4,3246,1361.00
kreisfahrt,114.8,67.31,4,3248,1362.87
kreisfahrt,114.9,67.35,4,3250,1364.74
kreisfahrt,115.0,67.39,4,3252,1366.61
kreisfahrt,115.1,67.43,4,3253,1368.49
kreisfahrt,115.2,67.48,4,3255,1370.36
kreisfahrt,115.3,67.52,4,3257,1372.24
kreisfahrt,115.4,67.56,4,3259,1374.11
kreisfahrt,115.5,67.60,4,3261,1375.99
kreisfahrt,115.6,67.64,4,3263,1377.87
kreisfahrt,115.7,67.68,4,3265,1379.75
kreisfahrt,115.8,67.72,4,3267,1381.63
kreisfahrt,115.9,67.76,4,3269,1383.52
kreisfahrt,116.0,67.80,4,3271,1385.40
kreisfahrt,116.1,67.84,4,3273,1387.28
kreisfahrt,116.2,67.88,4,3275,1389.17
kreisfahrt,116.3,67.92,4,3277,1391.06
kreisfahrt,116.4,67.95,4,3279,1392.94
kreisfahrt,116.5,67.99,4,3280,1394.83
kreisfahrt,116.6,68.03,4,3282,1396.72
kreisfahrt,116.7,68.07,4,3284,1398.62
kreisfahrt,116.8,68.11,4,3286,1400.51
kreisfahrt,116.9,68.15,4,3288,1402.40
kreisfahrt,117.0,68.19,4,3290,1404.30
kreisfahrt,117.1,68.23,4,3292,1406.19
kreisfahrt,117.2,68.27,4,3294,1408.09
kreisfahrt,117.3,68.31,4,3296,1409.99
kreisfahrt,117.4,68.35,4,3297,1411.89
kreisfahrt,117.5,68.39,4,3299,1413.79
kreisfahrt,117.6,68.43,4,3301,1415.69
kreisfahrt,117.7,68.46,4,3303,1417.59
kreisfahrt,117.8,68.50,4,3305,1419.50
kreisfahrt,117.9,68.54,4,3307,1421.40
kreisfahrt,118.0,68.58,4,3309,1423.31
kreisfahrt,118.1,68.62,4,3311,1425.22
kreisfahrt,118.2,68.66,4,3312,1427.12
kreisfahrt,118.3,68.69,4,3314,1429.03
kreisfahrt,118.4,68.73,4,3316,1430.94
kreisfahrt,118.5,68.77,4,3318,1432.85
kreisfahrt,118.6,68.81,4,3320,1434.77
kreisfahrt,118.7,68.85,4,3322,1436.68
kreisfahrt,118.8,68.88,4,3323,1438.60
kreisfahrt,118.9,68.92,4,3325,1440.51
kreisfahrt,119.0,68.96,4,3327,1442.43
kreisfahrt,119.1,69.00,4,3329,1444.35
kreisfahrt,119.2,69.04,4,3331,1446.27
kreisfahrt,119.3,69.07,4,3333,1448.19
kreisfahrt,119.4,69.11,4,3334,1450.11
kreisfahrt,119.5,69.15,4,3336,1452.03
kreisfahrt,119.6,69.19,4,3338,1453.95
kreisfahrt,119.7,69.23,4,3340,1455.88
kreisfahrt,119.8,69.26,4,3342,1457.80
kreisfahrt,119.9,69.30,4,3344,1459.73
kreisfahrt,120.0,69.34,4,3345,1461.66
kreisfahrt,120.1,69.38,4,3347,1463.59
kreisfahrt,120.2,69.42,4,3349,1465.52
kreisfahrt,120.3,69.45,4,3351,1467.45
kreisfahrt,120.4,69.49,4,3353,1469.38
kreisfahrt,120.5,69.53,4,3355,1471.31
kreisfahrt,120.6,69.57,4,3356,1473.25
kreisfahrt,120.7,69.61,4,3358,1475.18
kreisfahrt,120.8,69.65,4,3360,1477.12
kreisfahrt,120.9,69.69,4,3362,1479.06
kreisfahrt,121.0,69.73,4,3364,1481.00
kreisfahrt,121.1,69.77,4,3366,1482.94
kreisfahrt,121.2,69.81,4,3368,1484.88
kreisfahrt,121.3,69.85,4,3370,1486.82
kreisfahrt,121.4,69.89,4,3372,1488.76
kreisfahrt,121.5,69.93,4,3374,1490.71
kreisfahrt,121.6,69.97,4,3376,1492.65
kreisfahrt,121.7,70.01,4,3377,1494.60
kreisfahrt,121.8,70.05,4,3379,1496.54
kreisfahrt,121.9,70.09,4,3381,1498.49
kreisfahrt,122.0,70.13,4,3383,1500.44
kreisfahrt,122.1,70.17,4,3385,1502.39
kreisfahrt,122.2,70.21,4,3387,1504.35
kreisfahrt,122.3,70.24,4,3389,1506.30
kreisfahrt,122.4,70.28,4,3391,1508.25
kreisfahrt,122.5,70.32,4,3393,1510.21
kreisfahrt,122.6,70.36,4,3395,1512.16
kreisfahrt,122.7,70.40,4,3396,1514.12
kreisfahrt,122.8,70.43,4,3398,1516.08
